dataset	group_mode	thr_drop	thr_bio	beta	precision_bio	recall_bio	f1_bio	fbeta_bio	mse	mse_dropout	mse_biozero	mse_non_zero	n_total	n_dropout	n_biozero	n_non_zero	n_obs_zero	n_pred_bio
dataset_2_types_equal	none	0.8200000000000001	0.17999999999999994	2.0	0.4367360874018436	0.8786921280395659	0.5834701696770662	0.7307876876671008	2.998046875	7.472414970397949	0.121307872235775	0.0	92300	36914	7279	48107	44193	14645
dataset_3_types_unequal	none	0.8200000000000001	0.17999999999999994	2.0	0.4585168099531698	0.8561733228921953	0.5972051527151896	0.7296185073962852	2.3020410537719727	6.350451946258545	0.1438266783952713	0.0	92600	33394	7662	51544	41056	14307
dataset_4_types_rare	none	0.8200000000000001	0.17999999999999994	2.0	0.40702020475597206	0.9183573698362258	0.5640505949029764	0.7339467463712908	5.055944442749023	9.345686912536621	0.08164262771606445	0.0	93200	50349	8182	34669	58531	18461
dataset_multibatch_dropout	none	0.8200000000000001	0.17999999999999994	2.0	0.5117295925981197	0.9443174620659268	0.6637631505085992	0.8077517407731954	4.640682220458984	9.265715599060059	0.05568253621459007	0.0	291600	145828	36313	109459	182141	67010
