dataset	mse	mse_std	mse_dropout	mse_dropout_std	mse_biozero	mse_biozero_std	mse_non_zero	mse_non_zero_std	runtime_sec	runtime_sec_std	n_repeats	n_total	n_dropout	n_biozero	n_non_zero	error
dataset_2_types_equal	4.666422367095947	0.0	6.421853542327881	0.0	0.04104185476899147	0.0	4.024233341217041	0.0	125.93767176702386	0.0	1	21920000	10830882	2985456	8103662	
dataset_3_types_unequal	4.428680419921875	0.0	5.828924655914307	0.0	0.04894578829407692	0.0	4.229171276092529	0.0	113.30352923797909	0.0	1	21880000	10423230	2944613	8512157	
dataset_4_types_rare	4.8245720863342285	0.0	6.2019524574279785	0.0	0.05378204211592674	0.0	4.723743438720703	0.0	108.97851941396948	0.0	1	21900000	10864415	2966119	8069466	
dataset_multibatch_dropout	4.203480243682861	0.0	5.461514949798584	0.0	0.04552736133337021	0.0	4.15529203414917	0.0	105.68134679697687	0.0	1	21940000	10369961	3038645	8531394	
