dataset	mse	mse_std	mse_dropout	mse_dropout_std	mse_biozero	mse_biozero_std	mse_non_zero	mse_non_zero_std	runtime_sec	runtime_sec_std	n_repeats	n_total	n_dropout	n_biozero	n_non_zero	error
dataset_2_types_equal	4.697958326339721	0.027495169207950605	6.46213731765747	0.02757702073650099	0.04040118455886841	0.0003122378957213872	4.0559464454650875	0.04039800068229379	113.23184961617808	4.888051757012969	10	21920000	10830882	2985456	8103662	
dataset_3_types_unequal	4.3837744235992435	0.01864906962807461	5.784011459350586	0.017504398392612027	0.04888249710202217	0.000678542072298873	4.168740892410279	0.03283055758580755	109.53106726391124	2.5609842128636533	10	21880000	10423230	2944613	8512157	
dataset_4_types_rare	4.860599088668823	0.026691284092484176	6.241292572021484	0.030574092930552476	0.052964283525943755	0.00032637330764856263	4.7688438415527346	0.03696549560301296	111.21663987871143	1.8872481203063192	10	21900000	10864415	2966119	8069466	
dataset_multibatch_dropout	4.230993270874023	0.041568814942951504	5.509591341018677	0.03689049977469358	0.045087883993983266	0.0004012451359009581	4.167752933502197	0.06637399229292032	123.79705432380433	15.159518778368659	10	21940000	10369961	3038645	8531394	
