dataset	ARI	ARI_std	NMI	NMI_std	PS	PS_std	runtime_sec	runtime_sec_std	n_repeats	n_cells	n_genes	label_source	error
blakeley_top1000hvg	0.051640000000000005	0.06770689034359798	0.14107999999999998	0.056323946949765516	0.57334	0.036505725578325376	2.8987738132476806	3.0546937469495377	5	30	1000	cell_type1	
darmanis_top1000hvg	0.61686	0.010865219740069685	0.7823599999999999	0.007332666636360877	0.87522	0.006216268977449454	9.928077602386475	0.248160660870531	5	420	1000	cell_type1	
deng_top1000hvg	0.5523999999999999	0.12287929036253421	0.67412	0.02405061329779347	0.7708999999999999	0.04769585935906807	7.161544275283814	0.2921945440797078	5	268	1000	cell_type1	
pollen_top1000hvg	0.7066799999999999	0.06538338473954981	0.7896000000000001	0.03303952178830683	0.7712600000000001	0.03431782335754991	8.089361476898194	0.30477547218217604	5	299	1000	cell_type1	
usoskin_top1000hvg	0.93584	0.03106763589332155	0.90872	0.030607303050089237	0.9643200000000001	0.018240394732570893	12.788922595977784	0.10123466944519824	5	622	1000	cell_type1	
