dataset	ASW	ASW_std	ARI	ARI_std	NMI	NMI_std	PS	PS_std	runtime_sec	runtime_sec_std	n_repeats	n_cells	n_genes	label_source	error
blakeley_top1000hvg	0.52232	0.02429067722398861	0.91648	0.09843087422145554	0.89366	0.11923566161178457	0.9400000000000001	0.08300268067960213	2.614448976516724	3.368732666131914	5	30	1000	cell_type1	
darmanis_top1000hvg	0.41684	0.004531335344023858	0.69142	0.030404226679854915	0.7982199999999999	0.008919753359818865	0.8823599999999999	0.011628542471006422	7.706408977508545	0.22106713033524505	5	420	1000	cell_type1	
deng_top1000hvg	0.53648	0.015674086895254825	0.55796	0.006499846152025452	0.77902	0.0068790987781831075	0.8507	0.0	5.256933927536011	0.20559684311221882	5	268	1000	cell_type1	
pollen_top1000hvg	0.61494	0.023892007031641373	0.80902	0.010224089201488807	0.8795400000000001	0.0031635423183513645	0.89632	0.006280684676052494	5.4531091213226315	0.040698935645149335	5	299	1000	cell_type1	
usoskin_top1000hvg	0.38212	0.005308201201913885	0.87736	0.011301902494712997	0.8331799999999999	0.013035413303765998	0.93056	0.005839349278815233	10.876191806793212	0.18272483372387208	5	622	1000	cell_type1	
