dataset	mse	mse_std	mse_dropout	mse_dropout_std	mse_biozero	mse_biozero_std	mse_non_zero	mse_non_zero_std	runtime_sec	runtime_sec_std	n_repeats	n_total	n_dropout	n_biozero	n_non_zero	error
dataset_2_types_equal	0.4087078124284744	0.0022595517042207328	0.5217170655727387	0.004200081514923368	1.0738121747970581	0.019802781919646194	0.0	0.0	172.6864528872946	3.0729710414546445	10	10950000	5432695	1528220	3989085	
dataset_3_types_unequal	0.4125756472349167	0.0021881969178642355	0.501091742515564	0.0013700626998277676	1.2366945385932921	0.01352693897108023	0.0	0.0	173.6169935456128	0.8962427493360403	10	10940000	5229749	1530688	4179563	
dataset_4_types_rare	0.43209643065929415	0.001676830846592555	0.5434227526187897	0.003584304512145864	1.1507049560546876	0.018261304121461527	0.0	0.0	170.4565330031037	1.7535782677622445	10	10960000	5449791	1541869	3968340	
dataset_multibatch_dropout	0.40365739166736603	0.0012946709358700658	0.5036680668592453	0.004088024233519798	1.1516106963157653	0.015486681064316173	0.0	0.0	173.77502093999647	1.925873603369256	10	10970000	5215158	1564255	4190587	
