dataset	mse	mse_std	mse_dropout	mse_dropout_std	mse_biozero	mse_biozero_std	mse_non_zero	mse_non_zero_std	runtime_sec	runtime_sec_std	n_repeats	n_total	n_dropout	n_biozero	n_non_zero	error
dataset_2_types_equal	4.934923123693	0	9.98344226648276	0	0.0147480750890993	0	0	0	63.14	0	1	21920000	10830882	2985456	8103662	NA
dataset_3_types_unequal	4.73595469427365	0	9.92877437164877	0	0.0450958468589698	0	0	0	111.864	0	1	21880000	10423230	2944613	8512157	NA
dataset_4_types_rare	4.36603210593658	0	8.79938426888024	0	0.00537425451393601	0	0	0	111.804	0	1	21900000	10864415	2966119	8069466	NA
dataset_multibatch_dropout	4.40452508968214	0	9.31792818325389	0	0.00287253248699301	0	0	0	127.569	0	1	21940000	10369961	3038645	8531394	NA
