dataset	mse	mse_std	mse_dropout	mse_dropout_std	mse_biozero	mse_biozero_std	mse_non_zero	mse_non_zero_std	runtime_sec	runtime_sec_std	n_repeats	n_total	n_dropout	n_biozero	n_non_zero	error
dataset_2_types_equal	4.93299654136463	0.00255842333293921	9.97948542509709	0.00524337197219625	0.0149575564893061	0.000243511216153929	0	0	301.8912	3.23665772055063	5	21920000	10830882	2985456	8103662	NA
dataset_3_types_unequal	4.77317446801375	0.0443069741555538	10.0065715810825	0.0926967926121272	0.046274420120656	0.0011302434833265	0	0	524.1398	14.504067264047	5	21880000	10423230	2944613	8512157	NA
dataset_4_types_rare	4.40857292055493	0.0765974116073234	8.88505693154178	0.154177704977411	0.00566435711324662	0.000858687320420375	0	0	561.5232	3.29844390584384	5	21900000	10864415	2966119	8069466	NA
dataset_multibatch_dropout	4.40209272856064	0.00440164371743754	9.31280025772476	0.00932474558366835	0.00281013123471856	4.20685136149203e-05	0	0	588.2862	9.39625663229762	5	21940000	10369961	3038645	8531394	NA
