dataset	mse	mse_std	mse_dropout	mse_dropout_std	mse_biozero	mse_biozero_std	mse_non_zero	mse_non_zero_std	runtime_sec	runtime_sec_std	n_repeats	n_total	n_dropout	n_biozero	n_non_zero	error
dataset_2_types_equal	0.3832953780889511	0.0008556280891934424	0.5029146552085877	0.002170529367909049	0.989740401506424	0.009765182352084336	0.0	0.0	346.09869054260196	5.3244912649207645	10	21920000	10830882	2985456	8103662	
dataset_3_types_unequal	0.38510311841964723	0.0015031292496649259	0.48721344769001007	0.00226796447699646	1.1368950963020326	0.008895903329263613	0.0	0.0	350.07525997388876	1.1696678499330357	10	21880000	10423230	2944613	8512157	
dataset_4_types_rare	0.40426312685012816	0.001353322817638046	0.5187670052051544	0.002111602638119709	1.0846709609031677	0.008174787246373452	0.0	0.0	350.447156808112	1.4717740628238387	10	21900000	10864415	2966119	8069466	
dataset_multibatch_dropout	0.3861755639314651	0.0014064619771287192	0.48883968889713286	0.002380519382742786	1.1200530529022217	0.016672595673366743	0.0	0.0	351.9299330023117	2.0271303722959884	10	21940000	10369961	3038645	8531394	
