dataset	mse	mse_std	mse_dropout	mse_dropout_std	mse_biozero	mse_biozero_std	mse_non_zero	mse_non_zero_std	runtime_sec	runtime_sec_std	n_repeats	n_total	n_dropout	n_biozero	n_non_zero	error
dataset_2_types_equal	4.75879976438856	0	9.58199801421545	0	0.0123129813404904	0	0	0	5.4748	0.801781045201522	10	5455000	2708148	794605	1952247	NA
dataset_3_types_unequal	4.75591237290521	0.00656844832159163	9.8699137050089	0.0136002198575149	0.0426813762102568	0.000389004858993647	0	0	10.0208	0.454134781755372	10	5445000	2620323	786783	2037894	NA
dataset_4_types_rare	4.29559851028332	0.0236831353070978	8.61357077514537	0.0472163412161513	0.00528885599071642	0.00107730652408588	0	0	14.0851	0.727797354274449	10	5470000	2727398	810789	1931813	NA
dataset_multibatch_dropout	4.17390275139341	0.00472379674343397	8.76309148511823	0.00990829700286309	0.00367616728951786	0.000247063716919219	0	0	9.71320000000001	0.381226325312293	10	5470000	2605049	806639	2058312	NA
