dataset	mse	mse_std	mse_dropout	mse_dropout_std	mse_biozero	mse_biozero_std	mse_non_zero	mse_non_zero_std	runtime_sec	runtime_sec_std	n_repeats	n_total	n_dropout	n_biozero	n_non_zero	error
dataset_2_types_equal	4.81705707560193	0	9.70564328546043	0	0.0124165559517793	0	0	0	18.551	0	1	10950000	5432695	1528220	3989085	NA
dataset_3_types_unequal	4.68705127177254	0	9.79220820383846	0	0.0428237834069783	0	0	0	32.112	0	1	10940000	5229749	1530688	4179563	NA
dataset_4_types_rare	4.12921903152346	0	8.30329847104207	0	0.0032423686436899	0	0	0	44.682	0	1	10960000	5449791	1541869	3968340	NA
dataset_multibatch_dropout	4.24333433753082	0	8.92509473483609	0	0.00230044051284924	0	0	0	37.338	0	1	10970000	5215158	1564255	4190587	NA
