dataset	mse	mse_std	mse_dropout	mse_dropout_std	mse_biozero	mse_biozero_std	mse_non_zero	mse_non_zero_std	runtime_sec	runtime_sec_std	n_repeats	n_total	n_dropout	n_biozero	n_non_zero	error
dataset_2_types_equal	4.8159768954996	0.000986065013686739	9.70341764264304	0.00203172462672021	0.0125888259687493	0.000157260290460451	0	0	82.2736	2.5456961326914	5	10950000	5432695	1528220	3989085	NA
dataset_3_types_unequal	4.71333086522026	0.0285831123599182	9.84694402936381	0.0597949069075748	0.0436365705410538	0.000245236572231064	0	0	167.1504	2.05650827861206	5	10940000	5229749	1530688	4179563	NA
dataset_4_types_rare	4.14019137543284	0.0168632305200847	8.32508190477903	0.0337937232401407	0.00424227727278518	0.000504201525497356	0	0	229.7456	6.35355981320704	5	10960000	5449791	1541869	3968340	NA
dataset_multibatch_dropout	4.24486032864928	0.00777086869831837	8.92827256753603	0.016348707426975	0.00240734312258434	3.71262580422855e-05	0	0	184.2996	1.53229706649846	5	10970000	5215158	1564255	4190587	NA
