cell_id	label	batch
AAACATACACCCAA-1	CD8+ Cytotoxic T	gem_group_1
AAACATACTAACCG-1	CD19+ B	gem_group_1
AAACATACTGGATC-1	CD4+/CD25 T Reg	gem_group_1
AAACCGTGCGATAC-1	CD8+ Cytotoxic T	gem_group_1
AAACGCACGGTACT-1	CD56+ NK	gem_group_1
AAACGCTGGCTAAC-1	CD56+ NK	gem_group_1
AAACGCTGTCGCTC-1	CD4+/CD25 T Reg	gem_group_1
AAACGGCTGGGAGT-1	CD8+/CD45RA+ Naive Cytotoxic	gem_group_1
AAACGGCTTGAGGG-1	CD8+/CD45RA+ Naive Cytotoxic	gem_group_1
AAACGGCTTGCACA-1	CD8+ Cytotoxic T	gem_group_1
AAACTTGACCAGTA-1	CD56+ NK	gem_group_1
AAACTTGACCTAAG-1	CD56+ NK	gem_group_1
AAAGACGAAAACAG-1	CD8+ Cytotoxic T	gem_group_1
AAAGACGAAGTCGT-1	CD56+ NK	gem_group_1
AAAGACGACAGAAA-1	CD4+/CD45RO+ Memory	gem_group_1
AAAGACGATCAGAC-1	CD4+/CD45RA+/CD25- Naive T	gem_group_1
AAAGACGATTCACT-1	CD19+ B	gem_group_1
AAAGATCTAATCGC-1	CD56+ NK	gem_group_1
AAAGATCTTCAGGT-1	CD8+ Cytotoxic T	gem_group_1
AAAGCCTGCCGCTT-1	CD8+ Cytotoxic T	gem_group_1
AAAGCCTGGAAACA-1	CD56+ NK	gem_group_1
AAAGGCCTGCTTCC-1	CD8+/CD45RA+ Naive Cytotoxic	gem_group_1
AAAGTTTGCCCTCA-1	CD8+/CD45RA+ Naive Cytotoxic	gem_group_1
AAAGTTTGCTCTCG-1	CD4+/CD25 T Reg	gem_group_1
AAATACTGCTTACT-1	CD4+/CD25 T Reg	gem_group_1
AAATACTGTTGCAG-1	CD8+ Cytotoxic T	gem_group_1
AAATCTGACATCAG-1	CD8+ Cytotoxic T	gem_group_1
AAATCTGACCCTCA-1	CD8+/CD45RA+ Naive Cytotoxic	gem_group_1
AAATCTGAGTCAAC-1	CD8+ Cytotoxic T	gem_group_1
AAATGGGAACGTAC-1	CD56+ NK	gem_group_1
AAATGTTGACGGTT-1	CD19+ B	gem_group_1
AAATGTTGGCAAGG-1	CD8+/CD45RA+ Naive Cytotoxic	gem_group_1
AAATGTTGGCGAAG-1	CD8+ Cytotoxic T	gem_group_1
AAATTCGACCATGA-1	CD4+/CD45RA+/CD25- Naive T	gem_group_1
AAATTCGACGTACA-1	CD4+/CD45RO+ Memory	gem_group_1
AAATTGACATCTTC-1	CD8+/CD45RA+ Naive Cytotoxic	gem_group_1
AAATTGACGAGCTT-1	CD34+	gem_group_1
AAATTGACTGGCAT-1	CD8+ Cytotoxic T	gem_group_1
AACAAACTTCCTTA-1	CD56+ NK	gem_group_1
AACAAACTTTTCTG-1	CD8+/CD45RA+ Naive Cytotoxic	gem_group_1
AACAATACTACGCA-1	CD56+ NK	gem_group_1
AACAATACTGAGGG-1	CD8+/CD45RA+ Naive Cytotoxic	gem_group_1
AACACGTGAGATGA-1	CD8+ Cytotoxic T	gem_group_1
AACACGTGCTTGTT-1	CD8+ Cytotoxic T	gem_group_1
AACAGAGACTCGCT-1	CD8+/CD45RA+ Naive Cytotoxic	gem_group_1
AACAGCACGAGACG-1	CD14+ Monocyte	gem_group_1
AACATTGAAGTGCT-1	CD19+ B	gem_group_1
AACCACGAGCCTTC-1	CD19+ B	gem_group_1
AACCAGTGATCACG-1	CD4+/CD25 T Reg	gem_group_1
AACCAGTGGCGAGA-1	CD4+/CD25 T Reg	gem_group_1
AACCAGTGGCTGAT-1	CD8+/CD45RA+ Naive Cytotoxic	gem_group_1
AACCAGTGTCCCAC-1	CD56+ NK	gem_group_1
AACCCAGAACCACA-1	CD19+ B	gem_group_1
AACCCAGACCGTTC-1	CD56+ NK	gem_group_1
AACCTACTACACGT-1	CD8+/CD45RA+ Naive Cytotoxic	gem_group_1
AACCTACTGTCAAC-1	CD8+ Cytotoxic T	gem_group_1
AACGCCCTACAGCT-1	CD8+ Cytotoxic T	gem_group_1
AACGCCCTGAGGCA-1	CD4+/CD45RA+/CD25- Naive T	gem_group_1
AACGGTACACCTTT-1	CD19+ B	gem_group_1
AACGGTACAGCTAC-1	CD56+ NK	gem_group_1
AACGGTACTGCTGA-1	CD19+ B	gem_group_1
AACGGTTGAGAGGC-1	CD14+ Monocyte	gem_group_1
AACGTGTGAAAAGC-1	CD8+ Cytotoxic T	gem_group_1
AACGTGTGCCAACA-1	CD19+ B	gem_group_1
AACGTGTGGTAGCT-1	CD8+/CD45RA+ Naive Cytotoxic	gem_group_1
AACGTTCTATCTTC-1	CD4+/CD45RO+ Memory	gem_group_1
AACGTTCTGACGAG-1	CD4+/CD45RA+/CD25- Naive T	gem_group_1
AACTACCTCCTGTC-1	CD56+ NK	gem_group_1
AACTACCTTGACCA-1	CD8+/CD45RA+ Naive Cytotoxic	gem_group_1
AACTCGGACTGATG-1	CD8+ Cytotoxic T	gem_group_1
AACTCTTGAAGCCT-1	Dendritic	gem_group_1
AACTTGCTAACGTC-1	CD19+ B	gem_group_1
AAGAACGACTAGCA-1	CD8+ Cytotoxic T	gem_group_1
AAGAGATGGGAGTG-1	CD4+/CD25 T Reg	gem_group_1
AAGAGATGGTAGGG-1	CD8+/CD45RA+ Naive Cytotoxic	gem_group_1
AAGATGGATAAAGG-1	CD8+ Cytotoxic T	gem_group_1
AAGATGGATCCGTC-1	CD8+ Cytotoxic T	gem_group_1
AAGATGGATTCGGA-1	CD8+/CD45RA+ Naive Cytotoxic	gem_group_1
AAGATTACCTGCTC-1	CD8+ Cytotoxic T	gem_group_1
AAGCAAGAGACAGG-1	CD8+ Cytotoxic T	gem_group_1
AAGCAAGATACTCT-1	CD4+/CD25 T Reg	gem_group_1
AAGCAAGATAGACC-1	CD4+/CD45RO+ Memory	gem_group_1
AAGCACTGGGAGTG-1	CD56+ NK	gem_group_1
AAGCCTGAACGGTT-1	CD8+/CD45RA+ Naive Cytotoxic	gem_group_1
AAGCCTGATCCGAA-1	CD8+/CD45RA+ Naive Cytotoxic	gem_group_1
AAGCGACTTCCTCG-1	CD8+/CD45RA+ Naive Cytotoxic	gem_group_1
AAGCGTACGTGTAC-1	CD8+ Cytotoxic T	gem_group_1
AAGCGTACTTGACG-1	CD19+ B	gem_group_1
AAGGCTTGGCCAAT-1	CD4+/CD25 T Reg	gem_group_1
AAGGCTTGTGAAGA-1	CD4+/CD25 T Reg	gem_group_1
AAGGTCTGCTGTCC-1	CD56+ NK	gem_group_1
AAGGTGCTCACTCC-1	CD8+/CD45RA+ Naive Cytotoxic	gem_group_1
AAGGTGCTTGCCCT-1	CD8+/CD45RA+ Naive Cytotoxic	gem_group_1
AAGTAACTGGTAGG-1	CD8+ Cytotoxic T	gem_group_1
AAGTAACTGGTCAT-1	CD8+/CD45RA+ Naive Cytotoxic	gem_group_1
AAGTAACTTTCTTG-1	CD8+ Cytotoxic T	gem_group_1
AAGTATACATACCG-1	CD56+ NK	gem_group_1
AAGTCCGATTGAGC-1	CD8+ Cytotoxic T	gem_group_1
AAGTGGCTAACGAA-1	CD8+ Cytotoxic T	gem_group_1
AAGTTATGAGAGTA-1	CD8+/CD45RA+ Naive Cytotoxic	gem_group_1
AAGTTCCTTGCGTA-1	CD8+/CD45RA+ Naive Cytotoxic	gem_group_1
AATAACACACACCA-1	CD4+/CD45RA+/CD25- Naive T	gem_group_1
AATAACACATCTCT-1	CD8+ Cytotoxic T	gem_group_1
AATAAGCTGTGTCA-1	CD4+/CD25 T Reg	gem_group_1
AATAAGCTTTGAGC-1	CD14+ Monocyte	gem_group_1
AATAAGCTTTTGGG-1	CD8+/CD45RA+ Naive Cytotoxic	gem_group_1
AATACCCTAGGTTC-1	CD8+ Cytotoxic T	gem_group_1
AATACTGACTGCTC-1	CD8+ Cytotoxic T	gem_group_1
AATACTGAGTAAGA-1	CD8+/CD45RA+ Naive Cytotoxic	gem_group_1
AATAGGGAGCGTTA-1	CD8+/CD45RA+ Naive Cytotoxic	gem_group_1
AATAGGGATGACCA-1	CD8+ Cytotoxic T	gem_group_1
AATATCGAGATACC-1	CD8+/CD45RA+ Naive Cytotoxic	gem_group_1
AATATCGAGTCCTC-1	Dendritic	gem_group_1
AATATCGAGTTCTT-1	CD8+ Cytotoxic T	gem_group_1
AATCAAACGCGTTA-1	CD56+ NK	gem_group_1
AATCCGGACTACTT-1	CD8+/CD45RA+ Naive Cytotoxic	gem_group_1
AATCCTACTGAGCT-1	CD8+ Cytotoxic T	gem_group_1
AATCCTTGTCGACA-1	Dendritic	gem_group_1
AATCGGTGTGAGCT-1	Dendritic	gem_group_1
AATCTAGAGACGTT-1	CD8+/CD45RA+ Naive Cytotoxic	gem_group_1
AATCTCACTTCCGC-1	CD4+/CD25 T Reg	gem_group_1
AATCTCTGTGAGCT-1	CD14+ Monocyte	gem_group_1
AATGAGGATTGCAG-1	CD4+/CD25 T Reg	gem_group_1
AATGATACCGTGAT-1	CD56+ NK	gem_group_1
AATGATACTGTCCC-1	CD56+ NK	gem_group_1
AATGCGTGGCCCTT-1	CD4+/CD45RO+ Memory	gem_group_1
AATGTCCTACCTAG-1	CD8+/CD45RA+ Naive Cytotoxic	gem_group_1
AATTGATGCCTTCG-1	CD14+ Monocyte	gem_group_1
ACAAAGGAGGCATT-1	CD8+/CD45RA+ Naive Cytotoxic	gem_group_1
ACAAAGGATCTGGA-1	CD8+/CD45RA+ Naive Cytotoxic	gem_group_1
ACAACCGATACGAC-1	CD56+ NK	gem_group_1
ACAAGAGATAAAGG-1	CD56+ NK	gem_group_1
ACAAGCACCAGAAA-1	CD8+ Cytotoxic T	gem_group_1
ACAAGCACGTATGC-1	CD19+ B	gem_group_1
ACAATCCTGCTGAT-1	Dendritic	gem_group_1
ACAATCCTGTTCGA-1	CD8+ Cytotoxic T	gem_group_1
ACAATTGAAAGATG-1	CD56+ NK	gem_group_1
ACAATTGATAGAGA-1	CD4+/CD45RO+ Memory	gem_group_1
ACACCAGAACCTTT-1	CD8+/CD45RA+ Naive Cytotoxic	gem_group_1
ACACCAGAGTAGCT-1	CD8+ Cytotoxic T	gem_group_1
ACACCCTGGACGAG-1	CD8+/CD45RA+ Naive Cytotoxic	gem_group_1
ACACGAACGGAGTG-1	Dendritic	gem_group_1
ACAGACACATTGGC-1	CD8+ Cytotoxic T	gem_group_1
ACAGCAACATCACG-1	CD8+ Cytotoxic T	gem_group_1
ACAGCAACCGCATA-1	CD8+ Cytotoxic T	gem_group_1
ACAGCAACGTGCTA-1	CD8+/CD45RA+ Naive Cytotoxic	gem_group_1
ACAGGTACGTTGGT-1	CD4+/CD25 T Reg	gem_group_1
ACAGTCGATGACCA-1	CD8+ Cytotoxic T	gem_group_1
ACAGTCGATGTTTC-1	CD8+ Cytotoxic T	gem_group_1
ACAGTGACTACTTC-1	CD56+ NK	gem_group_1
ACAGTGTGCATGAC-1	CD8+/CD45RA+ Naive Cytotoxic	gem_group_1
ACAGTGTGTGGGAG-1	CD56+ NK	gem_group_1
ACAGTTCTAGTCGT-1	CD8+/CD45RA+ Naive Cytotoxic	gem_group_1
ACAGTTCTTTCTCA-1	CD8+ Cytotoxic T	gem_group_1
ACCAACGAATACCG-1	CD8+ Cytotoxic T	gem_group_1
ACCACAGATACTCT-1	CD8+/CD45RA+ Naive Cytotoxic	gem_group_1
ACCACAGATGAACC-1	CD8+ Cytotoxic T	gem_group_1
ACCACCTGAGGTTC-1	CD19+ B	gem_group_1
ACCACCTGTAAAGG-1	CD19+ B	gem_group_1
ACCACGCTCTGATG-1	CD4+/CD25 T Reg	gem_group_1
ACCAGCCTGAGGCA-1	CD8+ Cytotoxic T	gem_group_1
ACCAGCCTTCTTCA-1	CD8+/CD45RA+ Naive Cytotoxic	gem_group_1
ACCAGTGACTTAGG-1	CD8+ Cytotoxic T	gem_group_1
ACCATTTGTTGACG-1	CD8+/CD45RA+ Naive Cytotoxic	gem_group_1
ACCCAAGACCGAAT-1	CD56+ NK	gem_group_1
ACCCAGCTATTGGC-1	CD56+ NK	gem_group_1
ACCCAGCTCGCATA-1	CD8+/CD45RA+ Naive Cytotoxic	gem_group_1
ACCCGTACAAAGTG-1	CD8+/CD45RA+ Naive Cytotoxic	gem_group_1
ACCCGTACCGCCTT-1	CD8+ Cytotoxic T	gem_group_1
ACCCGTACGCATCA-1	CD56+ NK	gem_group_1
ACCCGTACTAGCGT-1	CD56+ NK	gem_group_1
ACCCTCGAGTGAGG-1	Dendritic	gem_group_1
ACCGCGGAAACCAC-1	CD19+ B	gem_group_1
ACCGTGCTAACTGC-1	CD8+ Cytotoxic T	gem_group_1
ACCGTGCTTTCTAC-1	CD8+/CD45RA+ Naive Cytotoxic	gem_group_1
ACCTCGTGTTGCAG-1	CD8+/CD45RA+ Naive Cytotoxic	gem_group_1
ACGAACACAACCGT-1	CD4+/CD45RO+ Memory	gem_group_1
ACGAACACTGCCAA-1	CD8+/CD45RA+ Naive Cytotoxic	gem_group_1
ACGAACTGGTCCTC-1	CD8+ Cytotoxic T	gem_group_1
ACGAAGCTCCTTCG-1	CD4+/CD45RA+/CD25- Naive T	gem_group_1
ACGACCCTTGAGCT-1	CD8+ Cytotoxic T	gem_group_1
ACGAGTACTCTAGG-1	CD8+ Cytotoxic T	gem_group_1
ACGATGACGAGGGT-1	CD8+/CD45RA+ Naive Cytotoxic	gem_group_1
ACGATGACGCCCTT-1	CD8+/CD45RA+ Naive Cytotoxic	gem_group_1
ACGATTCTCGTAAC-1	CD56+ NK	gem_group_1
ACGCCGGACTGTTT-1	CD4+/CD25 T Reg	gem_group_1
ACGCCTTGCAGGAG-1	CD4+/CD25 T Reg	gem_group_1
ACGCTCACTTCAGG-1	CD8+/CD45RA+ Naive Cytotoxic	gem_group_1
ACGCTGCTTCTGGA-1	CD56+ NK	gem_group_1
ACGGAACTCCTCGT-1	CD4+/CD25 T Reg	gem_group_1
ACGGAACTCTTATC-1	CD56+ NK	gem_group_1
ACGGAGGAGGACAG-1	CD56+ NK	gem_group_1
ACGGATTGCTTGAG-1	CD56+ NK	gem_group_1
ACGGCGTGACCAAC-1	CD8+ Cytotoxic T	gem_group_1
ACGGCTCTATCTCT-1	CD8+/CD45RA+ Naive Cytotoxic	gem_group_1
ACGGCTCTCAGGAG-1	CD19+ B	gem_group_1
ACGGTAACTCGTAG-1	CD8+ Cytotoxic T	gem_group_1
ACGGTCCTAACGTC-1	CD8+ Cytotoxic T	gem_group_1
ACGGTCCTTCGCTC-1	CD19+ B	gem_group_1
ACGTAGACTTGGTG-1	CD4+/CD25 T Reg	gem_group_1
ACGTCAGAAAGCCT-1	CD19+ B	gem_group_1
ACGTGATGTACTTC-1	CD8+/CD45RA+ Naive Cytotoxic	gem_group_1
ACGTGCCTCCACCT-1	CD8+/CD45RA+ Naive Cytotoxic	gem_group_1
ACGTTACTCTACCC-1	CD8+ Cytotoxic T	gem_group_1
ACTAAAACCAGTCA-1	CD19+ B	gem_group_1
ACTAAAACTCGCAA-1	CD8+ Cytotoxic T	gem_group_1
ACTAAAACTGAACC-1	CD56+ NK	gem_group_1
ACTACGGACGGTAT-1	CD4+/CD25 T Reg	gem_group_1
ACTACTACCTCGAA-1	CD56+ NK	gem_group_1
ACTACTACGTAGGG-1	CD8+ Cytotoxic T	gem_group_1
ACTAGGTGAGACTC-1	CD19+ B	gem_group_1
ACTAGGTGTGGGAG-1	CD4+/CD25 T Reg	gem_group_1
ACTCCCGACTTACT-1	CD8+ Cytotoxic T	gem_group_1
ACTCCCGACTTCTA-1	CD4+/CD45RO+ Memory	gem_group_1
ACTCCTCTACGGAG-1	CD8+ Cytotoxic T	gem_group_1
ACTCCTCTCGATAC-1	CD4+/CD45RO+ Memory	gem_group_1
ACTCGAGAATGCCA-1	CD14+ Monocyte	gem_group_1
ACTCGCACAACCGT-1	CD56+ NK	gem_group_1
ACTCTATGTGTTTC-1	CD56+ NK	gem_group_1
ACTGAGACAACCGT-1	CD19+ B	gem_group_1
ACTGCCACACCATG-1	CD8+/CD45RA+ Naive Cytotoxic	gem_group_1
ACTGCCACGCTTCC-1	CD56+ NK	gem_group_1
ACTGCCACGTATGC-1	CD14+ Monocyte	gem_group_1
ACTGCCTGAAAACG-1	CD8+ Cytotoxic T	gem_group_1
ACTGCCTGCCTAAG-1	CD8+ Cytotoxic T	gem_group_1
ACTGCCTGCTTTAC-1	CD4+/CD45RA+/CD25- Naive T	gem_group_1
ACTGCCTGTCGCAA-1	CD56+ NK	gem_group_1
ACTGCCTGTCTCAT-1	CD19+ B	gem_group_1
ACTGGCCTATCTTC-1	CD4+/CD45RO+ Memory	gem_group_1
ACTGTGGAATTGGC-1	CD8+/CD45RA+ Naive Cytotoxic	gem_group_1
ACTGTGGAGTCGTA-1	CD14+ Monocyte	gem_group_1
ACTGTTACAAGAAC-1	CD14+ Monocyte	gem_group_1
ACTTCAACACAGCT-1	CD4+/CD25 T Reg	gem_group_1
ACTTCAACCTTGAG-1	CD8+/CD45RA+ Naive Cytotoxic	gem_group_1
ACTTCTGATGTTCT-1	CD19+ B	gem_group_1
ACTTGGGACCACCT-1	CD8+/CD45RA+ Naive Cytotoxic	gem_group_1
ACTTGGGACCATAG-1	CD8+/CD45RA+ Naive Cytotoxic	gem_group_1
ACTTTGTGAAGATG-1	CD4+/CD45RO+ Memory	gem_group_1
ACTTTGTGTGGGAG-1	CD4+/CD45RO+ Memory	gem_group_1
AGAAACGAATCGAC-1	CD8+/CD45RA+ Naive Cytotoxic	gem_group_1
AGAAACGATTACTC-1	CD19+ B	gem_group_1
AGAACGCTTAGAGA-1	CD8+/CD45RA+ Naive Cytotoxic	gem_group_1
AGAATACTACGGAG-1	CD8+ Cytotoxic T	gem_group_1
AGAATACTCTACGA-1	CD4+/CD25 T Reg	gem_group_1
AGAATGGAACCTGA-1	CD8+/CD45RA+ Naive Cytotoxic	gem_group_1
AGAATTTGGGAACG-1	CD19+ B	gem_group_1
AGACCTGACTATTC-1	CD8+/CD45RA+ Naive Cytotoxic	gem_group_1
AGACCTGATTCTAC-1	CD8+/CD45RA+ Naive Cytotoxic	gem_group_1
AGACTCGAACGTAC-1	CD8+ Cytotoxic T	gem_group_1
AGACTTCTCCTAAG-1	CD56+ NK	gem_group_1
AGACTTCTGACAGG-1	CD19+ B	gem_group_1
AGACTTCTTTCCCG-1	CD56+ NK	gem_group_1
AGAGAAACAGGTTC-1	CD4+/CD45RO+ Memory	gem_group_1
AGAGAAACTGTCTT-1	CD56+ NK	gem_group_1
AGAGAATGGTCGAT-1	CD8+ Cytotoxic T	gem_group_1
AGAGCGGAAGGTCT-1	CD8+/CD45RA+ Naive Cytotoxic	gem_group_1
AGAGCGGACCTATT-1	Dendritic	gem_group_1
AGAGCTACAACTGC-1	CD8+/CD45RA+ Naive Cytotoxic	gem_group_1
AGAGCTACGGGTGA-1	CD8+/CD45RA+ Naive Cytotoxic	gem_group_1
AGAGCTACTCCTAT-1	CD8+ Cytotoxic T	gem_group_1
AGAGGTCTCCAATG-1	CD56+ NK	gem_group_1
AGAGGTCTGTTTGG-1	CD8+/CD45RA+ Naive Cytotoxic	gem_group_1
AGAGTCACGCTAAC-1	CD4+/CD45RO+ Memory	gem_group_1
AGAGTCACGTTCGA-1	CD19+ B	gem_group_1
AGAGTCTGATCGTG-1	CD8+ Cytotoxic T	gem_group_1
AGAGTCTGCATTGG-1	CD56+ NK	gem_group_1
AGAGTGCTGCAGTT-1	CD19+ B	gem_group_1
AGATATACCTCAAG-1	CD8+/CD45RA+ Naive Cytotoxic	gem_group_1
AGATATTGACCACA-1	CD4+/CD45RO+ Memory	gem_group_1
AGATCTCTTACGCA-1	CD8+/CD45RA+ Naive Cytotoxic	gem_group_1
AGCAACACCCATAG-1	CD8+ Cytotoxic T	gem_group_1
AGCAACACCTCTTA-1	CD19+ B	gem_group_1
AGCAACACTAACCG-1	CD8+ Cytotoxic T	gem_group_1
AGCAACACTCGACA-1	CD8+ Cytotoxic T	gem_group_1
AGCAAGCTAGTCTG-1	CD14+ Monocyte	gem_group_1
AGCAAGCTATGCCA-1	CD8+ Cytotoxic T	gem_group_1
AGCAAGCTGACGAG-1	CD19+ B	gem_group_1
AGCACAACGCGAGA-1	CD4+/CD25 T Reg	gem_group_1
AGCACTGACCGATA-1	CD8+ Cytotoxic T	gem_group_1
AGCACTGATGTGCA-1	CD8+ Cytotoxic T	gem_group_1
AGCATTCTTGTCAG-1	CD56+ NK	gem_group_1
AGCCAATGGTAGCT-1	CD8+ Cytotoxic T	gem_group_1
AGCCACCTAGGGTG-1	CD56+ NK	gem_group_1
AGCCACCTTAAGGA-1	CD8+/CD45RA+ Naive Cytotoxic	gem_group_1
AGCCGGACTGGTGT-1	CD8+ Cytotoxic T	gem_group_1
AGCCGGTGACCCAA-1	CD56+ NK	gem_group_1
AGCCGGTGTCTCCG-1	CD8+/CD45RA+ Naive Cytotoxic	gem_group_1
AGCCTCTGTCAGTG-1	CD8+ Cytotoxic T	gem_group_1
AGCGATTGAGTCTG-1	CD14+ Monocyte	gem_group_1
AGCGATTGGGTATC-1	CD56+ NK	gem_group_1
AGCGCCGAAGCGTT-1	CD4+/CD25 T Reg	gem_group_1
AGCGCCGACCACCT-1	CD8+ Cytotoxic T	gem_group_1
AGCGCTCTTTCCCG-1	CD8+ Cytotoxic T	gem_group_1
AGCGGCACAGGTCT-1	CD56+ NK	gem_group_1
AGCGGCACCTCTCG-1	CD4+/CD25 T Reg	gem_group_1
AGCGGCACCTTCTA-1	CD8+ Cytotoxic T	gem_group_1
AGCGGCACTCCCGT-1	CD8+ Cytotoxic T	gem_group_1
AGCGGCTGGGTTTG-1	CD8+ Cytotoxic T	gem_group_1
AGCGGGCTCGACTA-1	CD4+/CD25 T Reg	gem_group_1
AGCGTAACTCGTGA-1	CD8+ Cytotoxic T	gem_group_1
AGCTCGCTTGAGAA-1	CD19+ B	gem_group_1
AGCTGAACCCCAAA-1	CD8+ Cytotoxic T	gem_group_1
AGCTGAACTGGTAC-1	CD8+ Cytotoxic T	gem_group_1
AGCTGTGATGCACA-1	CD4+/CD45RO+ Memory	gem_group_1
AGGAAATGACGTTG-1	Dendritic	gem_group_1
AGGAAATGCGTTAG-1	CD8+ Cytotoxic T	gem_group_1
AGGAACCTACGGTT-1	CD56+ NK	gem_group_1
AGGAACCTGGACGA-1	CD8+ Cytotoxic T	gem_group_1
AGGAACCTGTCACA-1	CD8+/CD45RA+ Naive Cytotoxic	gem_group_1
AGGAATGAACGGAG-1	CD8+/CD45RA+ Naive Cytotoxic	gem_group_1
AGGACACTCGATAC-1	CD19+ B	gem_group_1
AGGACACTGATGAA-1	CD4+/CD45RO+ Memory	gem_group_1
AGGACTTGGACACT-1	CD56+ NK	gem_group_1
AGGAGTCTACTGTG-1	CD4+/CD25 T Reg	gem_group_1
AGGATGCTCAGCTA-1	CD8+ Cytotoxic T	gem_group_1
AGGATGCTGAGGGT-1	CD8+ Cytotoxic T	gem_group_1
AGGCAACTTTCTAC-1	CD8+/CD45RA+ Naive Cytotoxic	gem_group_1
AGGCAGGATGCGTA-1	Dendritic	gem_group_1
AGGCAGGATTGGCA-1	CD8+/CD45RA+ Naive Cytotoxic	gem_group_1
AGGCCTCTTGACCA-1	CD56+ NK	gem_group_1
AGGCTAACGAGAGC-1	CD8+/CD45RA+ Naive Cytotoxic	gem_group_1
AGGGACGACGAGAG-1	CD14+ Monocyte	gem_group_1
AGGGCCACTCGCAA-1	CD8+/CD45RA+ Naive Cytotoxic	gem_group_1
AGGGCCTGCGAATC-1	CD4+/CD25 T Reg	gem_group_1
AGGGCGCTACGACT-1	CD14+ Monocyte	gem_group_1
AGGGCGCTCAGAGG-1	CD8+ Cytotoxic T	gem_group_1
AGGGCGCTGCTTAG-1	CD56+ NK	gem_group_1
AGGGTGGACTTGTT-1	CD8+ Cytotoxic T	gem_group_1
AGGTCATGCTCAAG-1	CD19+ B	gem_group_1
AGGTCATGTGTCTT-1	CD8+ Cytotoxic T	gem_group_1
AGGTCTGAGTGTCA-1	CD8+/CD45RA+ Naive Cytotoxic	gem_group_1
AGGTGGGATGCAAC-1	CD19+ B	gem_group_1
AGGTGTTGACAGTC-1	CD56+ NK	gem_group_1
AGGTTCGAAAACAG-1	CD56+ NK	gem_group_1
AGTAAGGAACACAC-1	CD8+/CD45RA+ Naive Cytotoxic	gem_group_1
AGTAAGGAGGTGGA-1	CD19+ B	gem_group_1
AGTAATACAGATGA-1	CD4+/CD25 T Reg	gem_group_1
AGTAATTGGAGACG-1	CD8+/CD45RA+ Naive Cytotoxic	gem_group_1
AGTAATTGGCGAAG-1	CD8+ Cytotoxic T	gem_group_1
AGTACTCTCCGTTC-1	CD14+ Monocyte	gem_group_1
AGTACTCTTACGAC-1	CD8+/CD45RA+ Naive Cytotoxic	gem_group_1
AGTAGGCTGGTATC-1	CD8+ Cytotoxic T	gem_group_1
AGTAGGCTTTTCTG-1	CD8+/CD45RA+ Naive Cytotoxic	gem_group_1
AGTATAACTAACGC-1	CD14+ Monocyte	gem_group_1
AGTATCCTACTGTG-1	CD56+ NK	gem_group_1
AGTCACGAAATGCC-1	CD14+ Monocyte	gem_group_1
AGTCACGACGCATA-1	CD19+ B	gem_group_1
AGTCACGACTTCTA-1	CD8+ Cytotoxic T	gem_group_1
AGTCACGAGTGTAC-1	CD8+ Cytotoxic T	gem_group_1
AGTCACGATGTGGT-1	CD4+/CD45RA+/CD25- Naive T	gem_group_1
AGTCGAACAGCACT-1	CD8+/CD45RA+ Naive Cytotoxic	gem_group_1
AGTCGCCTTCCTAT-1	CD56+ NK	gem_group_1
AGTCTACTAGAAGT-1	CD8+/CD45RA+ Naive Cytotoxic	gem_group_1
AGTCTACTGTCGTA-1	CD8+/CD45RA+ Naive Cytotoxic	gem_group_1
AGTCTACTTCACGA-1	CD56+ NK	gem_group_1
AGTCTACTTTGGTG-1	CD8+ Cytotoxic T	gem_group_1
AGTCTTACACCTTT-1	CD8+/CD45RA+ Naive Cytotoxic	gem_group_1
AGTCTTACAGTTCG-1	CD8+ Cytotoxic T	gem_group_1
AGTGAAGATGTAGC-1	CD8+/CD45RA+ Naive Cytotoxic	gem_group_1
AGTGACTGGGGAGT-1	CD8+ Cytotoxic T	gem_group_1
AGTGTGACACCTCC-1	CD8+/CD45RA+ Naive Cytotoxic	gem_group_1
AGTGTGACAGAGAT-1	CD8+/CD45RA+ Naive Cytotoxic	gem_group_1
AGTGTGACTGACTG-1	CD56+ NK	gem_group_1
AGTGTTCTCTGGTA-1	CD8+ Cytotoxic T	gem_group_1
AGTTAAACGTGCAT-1	CD4+/CD45RO+ Memory	gem_group_1
AGTTAAACTCCTGC-1	CD8+ Cytotoxic T	gem_group_1
AGTTTAGAGCCAAT-1	CD8+/CD45RA+ Naive Cytotoxic	gem_group_1
AGTTTCACACTGTG-1	CD4+/CD45RA+/CD25- Naive T	gem_group_1
AGTTTCACCTTCGC-1	CD8+/CD45RA+ Naive Cytotoxic	gem_group_1
AGTTTCACGAAGGC-1	CD8+ Cytotoxic T	gem_group_1
AGTTTGCTATTCTC-1	CD56+ NK	gem_group_1
ATAAACACGCTGAT-1	CD8+ Cytotoxic T	gem_group_1
ATAAACACTAACCG-1	CD56+ NK	gem_group_1
ATAACAACCAGGAG-1	CD8+/CD45RA+ Naive Cytotoxic	gem_group_1
ATAACAACCTCTAT-1	CD14+ Monocyte	gem_group_1
ATAACAACCTGTCC-1	CD8+ Cytotoxic T	gem_group_1
ATAACATGTTTCGT-1	CD8+ Cytotoxic T	gem_group_1
ATAACCCTCCTCAC-1	CD19+ B	gem_group_1
ATAACCCTTCTACT-1	CD8+/CD45RA+ Naive Cytotoxic	gem_group_1
ATAACCCTTTGCTT-1	CD8+/CD45RA+ Naive Cytotoxic	gem_group_1
ATAAGTACATCGTG-1	CD19+ B	gem_group_1
ATAAGTTGCATTTC-1	CD56+ NK	gem_group_1
ATACCGGACGCTAA-1	CD4+/CD25 T Reg	gem_group_1
ATACCTTGAACCGT-1	CD56+ NK	gem_group_1
ATACCTTGAGTCTG-1	CD56+ NK	gem_group_1
ATACCTTGGGAGCA-1	CD8+ Cytotoxic T	gem_group_1
ATACGGACAGAGTA-1	CD4+/CD25 T Reg	gem_group_1
ATACGGACCCTTGC-1	CD8+/CD45RA+ Naive Cytotoxic	gem_group_1
ATACGGACCTCGCT-1	CD4+/CD25 T Reg	gem_group_1
ATACGGACTATTCC-1	CD8+/CD45RA+ Naive Cytotoxic	gem_group_1
ATACGTCTACCCAA-1	CD8+/CD45RA+ Naive Cytotoxic	gem_group_1
ATACTCTGCATGAC-1	CD4+/CD25 T Reg	gem_group_1
ATAGAACTCCAATG-1	CD8+ Cytotoxic T	gem_group_1
ATAGATACAGAACA-1	CD4+/CD45RO+ Memory	gem_group_1
ATAGATACCCCTAC-1	CD4+/CD45RO+ Memory	gem_group_1
ATAGATTGATCACG-1	CD8+ Cytotoxic T	gem_group_1
ATAGATTGCTTACT-1	CD8+/CD45RA+ Naive Cytotoxic	gem_group_1
ATAGCCGAGGTGTT-1	CD14+ Monocyte	gem_group_1
ATAGCGTGCACTGA-1	CD8+ Cytotoxic T	gem_group_1
ATAGGAGACGTCTC-1	CD8+/CD45RA+ Naive Cytotoxic	gem_group_1
ATAGGAGACTTGTT-1	CD8+/CD45RA+ Naive Cytotoxic	gem_group_1
ATAGGAGATGGGAG-1	CD19+ B	gem_group_1
ATAGTCCTGGATTC-1	CD4+/CD45RA+/CD25- Naive T	gem_group_1
ATATACGATCTTTG-1	CD8+ Cytotoxic T	gem_group_1
ATATACGATGGTGT-1	CD4+/CD25 T Reg	gem_group_1
ATATAGTGACCGAT-1	CD8+/CD45RA+ Naive Cytotoxic	gem_group_1
ATATAGTGGCCAAT-1	CD8+ Cytotoxic T	gem_group_1
ATATGAACCAGATC-1	CD56+ NK	gem_group_1
ATATGCCTGGACAG-1	CD8+/CD45RA+ Naive Cytotoxic	gem_group_1
ATCACACTAAGCAA-1	CD19+ B	gem_group_1
ATCACACTGGAAAT-1	CD8+/CD45RA+ Naive Cytotoxic	gem_group_1
ATCACACTTATTCC-1	CD14+ Monocyte	gem_group_1
ATCACGGACATGAC-1	CD8+/CD45RA+ Naive Cytotoxic	gem_group_1
ATCACGGACCTTTA-1	CD14+ Monocyte	gem_group_1
ATCACGGATGGAAA-1	CD8+/CD45RA+ Naive Cytotoxic	gem_group_1
ATCACTACCAACCA-1	CD4+ T Helper2	gem_group_1
ATCACTTGAAGCCT-1	CD56+ NK	gem_group_1
ATCATCTGGACACT-1	CD4+/CD45RO+ Memory	gem_group_1
ATCATGCTACGTTG-1	CD8+/CD45RA+ Naive Cytotoxic	gem_group_1
ATCATGCTGACAAA-1	CD8+/CD45RA+ Naive Cytotoxic	gem_group_1
ATCCAGGATGAAGA-1	CD56+ NK	gem_group_1
ATCCATACATACCG-1	CD8+ Cytotoxic T	gem_group_1
ATCCATACCCATAG-1	CD56+ NK	gem_group_1
ATCCGCACCTGCTC-1	CD8+ Cytotoxic T	gem_group_1
ATCCTAACGCCCTT-1	CD8+ Cytotoxic T	gem_group_1
ATCGCAGAATCTTC-1	CD4+/CD45RO+ Memory	gem_group_1
ATCGCAGAGTTCAG-1	CD8+ Cytotoxic T	gem_group_1
ATCGCCACCTTCGC-1	CD19+ B	gem_group_1
ATCGCCACTGGAAA-1	CD14+ Monocyte	gem_group_1
ATCGCGCTAGCACT-1	CD8+ Cytotoxic T	gem_group_1
ATCGCGCTCTGAAC-1	CD8+/CD45RA+ Naive Cytotoxic	gem_group_1
ATCGCGCTTGTCGA-1	CD14+ Monocyte	gem_group_1
ATCGGAACCCCAAA-1	CD8+ Cytotoxic T	gem_group_1
ATCGGTGACCGTTC-1	CD8+/CD45RA+ Naive Cytotoxic	gem_group_1
ATCGTTTGTCTTAC-1	CD4+/CD25 T Reg	gem_group_1
ATCTACTGAGGTCT-1	CD8+ Cytotoxic T	gem_group_1
ATCTACTGATACCG-1	CD56+ NK	gem_group_1
ATCTACTGCACAAC-1	CD56+ NK	gem_group_1
ATCTACTGGCATCA-1	CD56+ NK	gem_group_1
ATCTGGGATCCGTC-1	CD8+/CD45RA+ Naive Cytotoxic	gem_group_1
ATCTTTCTACTAGC-1	CD8+/CD45RA+ Naive Cytotoxic	gem_group_1
ATCTTTCTCAACTG-1	CD4+/CD45RO+ Memory	gem_group_1
ATCTTTCTTACTTC-1	CD56+ NK	gem_group_1
ATGAAGGAACGACT-1	Dendritic	gem_group_1
ATGAGAGAATGACC-1	CD8+/CD45RA+ Naive Cytotoxic	gem_group_1
ATGAGCACCGAGTT-1	CD19+ B	gem_group_1
ATGAGCACTGACCA-1	CD8+/CD45RA+ Naive Cytotoxic	gem_group_1
ATGCACGAATTCCT-1	CD56+ NK	gem_group_1
ATGCACGATGACTG-1	CD8+ Cytotoxic T	gem_group_1
ATGCAGACCTACTT-1	CD4+/CD45RO+ Memory	gem_group_1
ATGCAGACGGAGCA-1	CD19+ B	gem_group_1
ATGCAGACGTACGT-1	CD14+ Monocyte	gem_group_1
ATGCAGACTTTGCT-1	CD56+ NK	gem_group_1
ATGCAGTGTTACTC-1	CD8+/CD45RA+ Naive Cytotoxic	gem_group_1
ATGCCAGATAGCCA-1	CD8+/CD45RA+ Naive Cytotoxic	gem_group_1
ATGCGATGGGTTTG-1	CD8+ Cytotoxic T	gem_group_1
ATGCGCCTCTGTTT-1	CD8+ Cytotoxic T	gem_group_1
ATGCGCCTGTACGT-1	CD56+ NK	gem_group_1
ATGCGCCTTCGTGA-1	CD56+ NK	gem_group_1
ATGGACACCGAGAG-1	CD56+ NK	gem_group_1
ATGGACACTCGCTC-1	CD8+/CD45RA+ Naive Cytotoxic	gem_group_1
ATGGACACTCGTTT-1	Dendritic	gem_group_1
ATGGTGACACGTAC-1	CD8+/CD45RA+ Naive Cytotoxic	gem_group_1
ATGGTGACATGCCA-1	CD8+/CD45RA+ Naive Cytotoxic	gem_group_1
ATGGTGACATTCTC-1	CD56+ NK	gem_group_1
ATGGTGACCTACGA-1	CD56+ NK	gem_group_1
ATGTCACTGCATAC-1	CD8+ Cytotoxic T	gem_group_1
ATGTCACTGTCTAG-1	CD8+/CD45RA+ Naive Cytotoxic	gem_group_1
ATGTTGCTGGTACT-1	CD56+ NK	gem_group_1
ATTAACGACACACA-1	CD56+ NK	gem_group_1
ATTAACGAGTCTAG-1	CD8+ Cytotoxic T	gem_group_1
ATTACCACCCTCCA-1	CD4+/CD45RO+ Memory	gem_group_1
ATTACCACGCGAAG-1	CD8+/CD45RA+ Naive Cytotoxic	gem_group_1
ATTACCTGCGTAGT-1	CD4+/CD25 T Reg	gem_group_1
ATTAGATGGACACT-1	CD8+ Cytotoxic T	gem_group_1
ATTATGGACTGCTC-1	CD4+/CD25 T Reg	gem_group_1
ATTCAAGAACGTGT-1	CD14+ Monocyte	gem_group_1
ATTCAAGATGAAGA-1	CD56+ NK	gem_group_1
ATTCAGCTAAAAGC-1	CD19+ B	gem_group_1
ATTCAGCTTGTCAG-1	CD8+ Cytotoxic T	gem_group_1
ATTCCATGAAGAGT-1	CD19+ B	gem_group_1
ATTCCATGTCGCAA-1	CD8+/CD45RA+ Naive Cytotoxic	gem_group_1
ATTCGGGAGGGCAA-1	CD56+ NK	gem_group_1
ATTCTGACTCGTTT-1	CD4+/CD25 T Reg	gem_group_1
ATTCTGACTGAGCT-1	CD8+/CD45RA+ Naive Cytotoxic	gem_group_1
ATTGAATGGCAAGG-1	CD14+ Monocyte	gem_group_1
ATTGATGAATGCCA-1	CD8+ Cytotoxic T	gem_group_1
ATTGCACTAGATCC-1	CD19+ B	gem_group_1
ATTGCGGATCTGGA-1	CD8+ Cytotoxic T	gem_group_1
ATTGCTTGTTGGTG-1	CD56+ NK	gem_group_1
ATTGGGTGTACGCA-1	CD8+ Cytotoxic T	gem_group_1
ATTGGTCTCTTCCG-1	CD4+/CD45RO+ Memory	gem_group_1
ATTGGTCTGCCTTC-1	CD8+/CD45RA+ Naive Cytotoxic	gem_group_1
ATTGGTCTTAGTCG-1	CD19+ B	gem_group_1
ATTGTAGACCCTAC-1	CD8+/CD45RA+ Naive Cytotoxic	gem_group_1
ATTGTCTGCCAACA-1	CD56+ NK	gem_group_1
ATTGTCTGTAGAGA-1	CD8+ Cytotoxic T	gem_group_1
ATTTAGGAGTTGGT-1	CD8+ Cytotoxic T	gem_group_1
ATTTCCGAATGGTC-1	CD8+/CD45RA+ Naive Cytotoxic	gem_group_1
ATTTCCGAATTTCC-1	CD14+ Monocyte	gem_group_1
ATTTCCGAGGAACG-1	CD8+ Cytotoxic T	gem_group_1
ATTTCCGAGTAAAG-1	CD8+/CD45RA+ Naive Cytotoxic	gem_group_1
ATTTCCGATTGGCA-1	CD8+/CD45RA+ Naive Cytotoxic	gem_group_1
ATTTCGTGGTGCTA-1	CD8+ Cytotoxic T	gem_group_1
ATTTCTCTGTGCTA-1	CD8+/CD45RA+ Naive Cytotoxic	gem_group_1
ATTTGCACCACCAA-1	CD8+/CD45RA+ Naive Cytotoxic	gem_group_1
CAAACTCTAGCCAT-1	CD8+/CD45RA+ Naive Cytotoxic	gem_group_1
CAAACTCTGGTAGG-1	CD4+/CD25 T Reg	gem_group_1
CAAACTCTTCTTCA-1	CD4+/CD45RA+/CD25- Naive T	gem_group_1
CAAAGCTGTCCTTA-1	CD8+/CD45RA+ Naive Cytotoxic	gem_group_1
CAAATATGGAGCAG-1	CD8+/CD45RA+ Naive Cytotoxic	gem_group_1
CAAATATGGTCTAG-1	CD8+ Cytotoxic T	gem_group_1
CAACCAGAGCAGAG-1	CD19+ B	gem_group_1
CAACGTGATGTCCC-1	CD4+/CD25 T Reg	gem_group_1
CAAGAAGACTGGAT-1	CD8+ Cytotoxic T	gem_group_1
CAAGAAGATCATTC-1	CD4+/CD45RO+ Memory	gem_group_1
CAAGACACTCCTCG-1	CD8+ Cytotoxic T	gem_group_1
CAAGCATGGTTCTT-1	CD8+ Cytotoxic T	gem_group_1
CAAGCTGATCCAGA-1	CD8+ Cytotoxic T	gem_group_1
CAAGGACTTTATCC-1	CD14+ Monocyte	gem_group_1
CAAGGTTGGATAGA-1	CD8+ Cytotoxic T	gem_group_1
CAAGTCGAAGCAAA-1	CD14+ Monocyte	gem_group_1
CAAGTCGACTTGTT-1	CD4+/CD45RA+/CD25- Naive T	gem_group_1
CAAGTCGATTGTCT-1	CD8+/CD45RA+ Naive Cytotoxic	gem_group_1
CAAGTTCTATTGGC-1	CD8+/CD45RA+ Naive Cytotoxic	gem_group_1
CAAGTTCTGTCGAT-1	CD8+/CD45RA+ Naive Cytotoxic	gem_group_1
CAATAAACGTACGT-1	CD8+/CD45RA+ Naive Cytotoxic	gem_group_1
CAATAAACTAAAGG-1	CD34+	gem_group_1
CAATCTACTGCTTT-1	CD8+/CD45RA+ Naive Cytotoxic	gem_group_1
CAATGGACCAGTCA-1	CD4+/CD45RA+/CD25- Naive T	gem_group_1
CAATGGACGACGTT-1	CD4+/CD45RA+/CD25- Naive T	gem_group_1
CAATGGACTTGCAG-1	CD8+/CD45RA+ Naive Cytotoxic	gem_group_1
CAATTCACGGGAGT-1	CD8+ Cytotoxic T	gem_group_1
CAATTCACGGGTGA-1	CD8+ Cytotoxic T	gem_group_1
CACAACGATTATCC-1	CD56+ NK	gem_group_1
CACAATCTGGTGAG-1	CD8+/CD45RA+ Naive Cytotoxic	gem_group_1
CACAGAACCCACCT-1	CD14+ Monocyte	gem_group_1
CACAGATGCTTCTA-1	Dendritic	gem_group_1
CACAGTGAAAGAGT-1	CD8+ Cytotoxic T	gem_group_1
CACCACTGTACGCA-1	CD56+ NK	gem_group_1
CACCCATGCGCATA-1	CD19+ B	gem_group_1
CACCCATGCTTATC-1	Dendritic	gem_group_1
CACCCATGCTTGTT-1	CD8+/CD45RA+ Naive Cytotoxic	gem_group_1
CACCGGGAATTCCT-1	CD8+/CD45RA+ Naive Cytotoxic	gem_group_1
CACCGTTGGTCTTT-1	CD8+/CD45RA+ Naive Cytotoxic	gem_group_1
CACCGTTGTCCTCG-1	CD8+ Cytotoxic T	gem_group_1
CACCTGACCGCATA-1	CD8+/CD45RA+ Naive Cytotoxic	gem_group_1
CACCTGACGATGAA-1	CD4+/CD45RO+ Memory	gem_group_1
CACCTGACTTGCGA-1	CD8+ Cytotoxic T	gem_group_1
CACGAAACAAGATG-1	CD4+/CD45RA+/CD25- Naive T	gem_group_1
CACGAAACAGCACT-1	CD19+ B	gem_group_1
CACGAAACGCTATG-1	CD19+ B	gem_group_1
CACGACCTTATGCG-1	CD8+/CD45RA+ Naive Cytotoxic	gem_group_1
CACGATGAGACAAA-1	CD8+/CD45RA+ Naive Cytotoxic	gem_group_1
CACGCTACCCATAG-1	CD8+/CD45RA+ Naive Cytotoxic	gem_group_1
CACGGGACTTCACT-1	CD8+/CD45RA+ Naive Cytotoxic	gem_group_1
CACTAACTCGAGTT-1	CD8+/CD45RA+ Naive Cytotoxic	gem_group_1
CACTAGGACCGATA-1	CD56+ NK	gem_group_1
CACTCCGAATGGTC-1	CD8+/CD45RA+ Naive Cytotoxic	gem_group_1
CACTCTCTCGTAAC-1	CD8+ Cytotoxic T	gem_group_1
CACTGAGAAACCTG-1	CD4+ T Helper2	gem_group_1
CACTGAGAGACAGG-1	CD4+/CD45RO+ Memory	gem_group_1
CACTGAGAGGAAGC-1	CD4+/CD25 T Reg	gem_group_1
CACTGCACAGCAAA-1	CD8+ Cytotoxic T	gem_group_1
CACTGCTGGAGGAC-1	CD8+ Cytotoxic T	gem_group_1
CACTTAACCAGTCA-1	CD8+/CD45RA+ Naive Cytotoxic	gem_group_1
CACTTAACGGACAG-1	CD56+ NK	gem_group_1
CACTTAACTTCCAT-1	CD8+ Cytotoxic T	gem_group_1
CACTTATGGCGAAG-1	CD8+ Cytotoxic T	gem_group_1
CACTTATGTTGTCT-1	CD8+/CD45RA+ Naive Cytotoxic	gem_group_1
CAGAAGCTAGCGGA-1	CD8+ Cytotoxic T	gem_group_1
CAGAGGGACGTACA-1	CD8+/CD45RA+ Naive Cytotoxic	gem_group_1
CAGAGGGATCTATC-1	CD56+ NK	gem_group_1
CAGAGGGATGCTTT-1	CD4+/CD25 T Reg	gem_group_1
CAGCAATGGTTGTG-1	CD14+ Monocyte	gem_group_1
CAGCACCTCAGATC-1	CD8+/CD45RA+ Naive Cytotoxic	gem_group_1
CAGCATGAAGCGTT-1	CD4+/CD45RO+ Memory	gem_group_1
CAGCATGAATACCG-1	CD8+ Cytotoxic T	gem_group_1
CAGCATGAGCGTTA-1	CD8+ Cytotoxic T	gem_group_1
CAGCCTTGCGCAAT-1	CD8+ Cytotoxic T	gem_group_1
CAGCGGACCATTCT-1	CD8+/CD45RA+ Naive Cytotoxic	gem_group_1
CAGCGGACTTGCTT-1	CD8+/CD45RA+ Naive Cytotoxic	gem_group_1
CAGCGTCTCCTCAC-1	CD8+/CD45RA+ Naive Cytotoxic	gem_group_1
CAGCTCACGGCGAA-1	CD8+/CD45RA+ Naive Cytotoxic	gem_group_1
CAGCTCTGCGAGAG-1	Dendritic	gem_group_1
CAGCTCTGTACAGC-1	CD4+/CD25 T Reg	gem_group_1
CAGGAACTAATGCC-1	CD8+/CD45RA+ Naive Cytotoxic	gem_group_1
CAGGCCGACTTGCC-1	CD56+ NK	gem_group_1
CAGGGCACGTCACA-1	CD8+ Cytotoxic T	gem_group_1
CAGGTAACGTTTGG-1	CD8+ Cytotoxic T	gem_group_1
CAGGTTGACAACCA-1	CD19+ B	gem_group_1
CAGGTTGAGGTGGA-1	CD8+ Cytotoxic T	gem_group_1
CAGGTTGATTGCAG-1	CD34+	gem_group_1
CAGTCAGATGTGGT-1	Dendritic	gem_group_1
CAGTTACTCACAAC-1	CD8+ Cytotoxic T	gem_group_1
CAGTTACTCACTAG-1	CD8+/CD45RA+ Naive Cytotoxic	gem_group_1
CAGTTGGACTGGTA-1	CD4+/CD45RO+ Memory	gem_group_1
CATAACCTAACGAA-1	CD4+/CD25 T Reg	gem_group_1
CATATAGACACCAA-1	CD8+/CD45RA+ Naive Cytotoxic	gem_group_1
CATATAGACCCGTT-1	CD8+/CD45RA+ Naive Cytotoxic	gem_group_1
CATCAGGACGTAAC-1	CD8+ Cytotoxic T	gem_group_1
CATCCCGAGAATCC-1	CD56+ NK	gem_group_1
CATCCCGATCTCAT-1	Dendritic	gem_group_1
CATCGGCTGTAGCT-1	CD8+ Cytotoxic T	gem_group_1
CATCGGCTTTGGTG-1	CD8+/CD45RA+ Naive Cytotoxic	gem_group_1
CATCTTGAGATGAA-1	CD4+/CD25 T Reg	gem_group_1
CATGCCACCTTGAG-1	CD56+ NK	gem_group_1
CATGTACTAACCGT-1	CD56+ NK	gem_group_1
CATGTACTCTCTCG-1	CD8+/CD45RA+ Naive Cytotoxic	gem_group_1
CATTAGCTCGTCTC-1	CD19+ B	gem_group_1
CATTCCCTCCACAA-1	CD56+ NK	gem_group_1
CATTGTACAACGGG-1	CD8+ Cytotoxic T	gem_group_1
CATTGTACGCAGTT-1	CD8+/CD45RA+ Naive Cytotoxic	gem_group_1
CATTGTACGTGAGG-1	CD8+ Cytotoxic T	gem_group_1
CCAAAGTGTAGCCA-1	CD4+/CD45RA+/CD25- Naive T	gem_group_1
CCAAAGTGTGCATG-1	CD56+ NK	gem_group_1
CCAATTTGCTCCCA-1	CD8+ Cytotoxic T	gem_group_1
CCACCTGAAACGGG-1	CD56+ NK	gem_group_1
CCACTGACGCATAC-1	CD4+/CD45RA+/CD25- Naive T	gem_group_1
CCACTGACTAGCCA-1	CD4+/CD45RO+ Memory	gem_group_1
CCACTTCTTTGCAG-1	CD56+ NK	gem_group_1
CCAGAAACGTGAGG-1	CD14+ Monocyte	gem_group_1
CCAGACCTACTGGT-1	CD8+ Cytotoxic T	gem_group_1
CCAGACCTTCACCC-1	CD8+/CD45RA+ Naive Cytotoxic	gem_group_1
CCAGATGAAGCACT-1	CD4+/CD25 T Reg	gem_group_1
CCAGATGAATCGAC-1	CD8+/CD45RA+ Naive Cytotoxic	gem_group_1
CCAGCTACAACCTG-1	CD8+/CD45RA+ Naive Cytotoxic	gem_group_1
CCAGCTACCTAGTG-1	CD4+/CD25 T Reg	gem_group_1
CCAGCTACTCCTGC-1	CD8+/CD45RA+ Naive Cytotoxic	gem_group_1
CCAGGTCTATGTGC-1	CD8+/CD45RA+ Naive Cytotoxic	gem_group_1
CCAGGTCTGAGACG-1	CD8+/CD45RA+ Naive Cytotoxic	gem_group_1
CCAGGTCTTCTATC-1	CD8+ Cytotoxic T	gem_group_1
CCAGGTCTTTCTTG-1	CD4+/CD45RA+/CD25- Naive T	gem_group_1
CCAGTCACTCAGAC-1	CD8+ Cytotoxic T	gem_group_1
CCAGTCTGCCGAAT-1	CD8+ Cytotoxic T	gem_group_1
CCATAGGAAGCACT-1	CD4+/CD25 T Reg	gem_group_1
CCATATACCCGATA-1	CD8+/CD45RA+ Naive Cytotoxic	gem_group_1
CCATCGTGGACAGG-1	CD8+/CD45RA+ Naive Cytotoxic	gem_group_1
CCATTAACACCTAG-1	CD4+/CD25 T Reg	gem_group_1
CCATTAACACTACG-1	CD8+ Cytotoxic T	gem_group_1
CCATTAACCTAGTG-1	CD19+ B	gem_group_1
CCATTAACTGGAAA-1	CD4+/CD25 T Reg	gem_group_1
CCCAAAGACTGTTT-1	CD8+/CD45RA+ Naive Cytotoxic	gem_group_1
CCCAAAGATGGATC-1	CD8+ Cytotoxic T	gem_group_1
CCCAACACAGCCTA-1	CD8+/CD45RA+ Naive Cytotoxic	gem_group_1
CCCAACACCTGGTA-1	CD8+/CD45RA+ Naive Cytotoxic	gem_group_1
CCCAACTGAGTAGA-1	CD8+ Cytotoxic T	gem_group_1
CCCAACTGATGTGC-1	CD8+ Cytotoxic T	gem_group_1
CCCAGTTGTCTCTA-1	CD8+/CD45RA+ Naive Cytotoxic	gem_group_1
CCCATCGAATGCTG-1	CD14+ Monocyte	gem_group_1
CCCATCGACCTTTA-1	CD8+/CD45RA+ Naive Cytotoxic	gem_group_1
CCCATCGAGCAGTT-1	CD8+ Cytotoxic T	gem_group_1
CCCATGTGGTCCTC-1	CD4+/CD25 T Reg	gem_group_1
CCCGAACTTCAGAC-1	CD56+ NK	gem_group_1
CCCTAGTGACGGTT-1	CD4+/CD25 T Reg	gem_group_1
CCCTAGTGGTAAAG-1	CD4+/CD25 T Reg	gem_group_1
CCCTCAGATTGTCT-1	CD8+/CD45RA+ Naive Cytotoxic	gem_group_1
CCCTGAACTACGAC-1	CD8+ Cytotoxic T	gem_group_1
CCCTTACTTCTCTA-1	CD56+ NK	gem_group_1
CCGAAAACACCTCC-1	CD8+/CD45RA+ Naive Cytotoxic	gem_group_1
CCGACTACCTTATC-1	CD8+ Cytotoxic T	gem_group_1
CCGATAGACTGTGA-1	CD8+/CD45RA+ Naive Cytotoxic	gem_group_1
CCGCGAGATATCGG-1	CD4+/CD45RA+/CD25- Naive T	gem_group_1
CCGCTATGGTACGT-1	CD19+ B	gem_group_1
CCGGAGACCTGCTC-1	CD8+ Cytotoxic T	gem_group_1
CCGGTACTAGTCGT-1	CD56+ NK	gem_group_1
CCGTACACAAGTAG-1	CD8+ Cytotoxic T	gem_group_1
CCGTACACGAATAG-1	CD8+/CD45RA+ Naive Cytotoxic	gem_group_1
CCTAAGGAATAAGG-1	CD56+ NK	gem_group_1
CCTAAGGACTCAAG-1	CD8+ Cytotoxic T	gem_group_1
CCTAAGGATAGTCG-1	CD8+ Cytotoxic T	gem_group_1
CCTAGAGAACGTTG-1	CD19+ B	gem_group_1
CCTAGAGACGCAAT-1	CD8+ Cytotoxic T	gem_group_1
CCTATTGACGAGTT-1	CD8+/CD45RA+ Naive Cytotoxic	gem_group_1
CCTCGAACAACTGC-1	CD8+ Cytotoxic T	gem_group_1
CCTCGAACTTCCCG-1	CD4+/CD25 T Reg	gem_group_1
CCTGCAACACAGCT-1	CD8+ Cytotoxic T	gem_group_1
CCTGCAACCCAAGT-1	CD8+/CD45RA+ Naive Cytotoxic	gem_group_1
CCTGCAACGTTCAG-1	CD14+ Monocyte	gem_group_1
CCTTAATGCGGGAA-1	CD4+/CD25 T Reg	gem_group_1
CCTTAATGTAAAGG-1	CD56+ NK	gem_group_1
CCTTAATGTTAGGC-1	CD56+ NK	gem_group_1
CCTTTAGAAGAACA-1	CD8+ Cytotoxic T	gem_group_1
CCTTTAGAAGTTCG-1	CD8+/CD45RA+ Naive Cytotoxic	gem_group_1
CCTTTAGAATTCCT-1	CD8+ Cytotoxic T	gem_group_1
CGAAGACTCTAGAC-1	Dendritic	gem_group_1
CGAAGGGAACCTTT-1	CD4+/CD25 T Reg	gem_group_1
CGAAGGGAAGGCGA-1	CD8+/CD45RA+ Naive Cytotoxic	gem_group_1
CGAAGGGACAGGAG-1	CD8+ Cytotoxic T	gem_group_1
CGAAGGGAGAGAGC-1	CD34+	gem_group_1
CGAAGGGATGCTAG-1	CD56+ NK	gem_group_1
CGAAGTACACACAC-1	CD14+ Monocyte	gem_group_1
CGACAAACGGCATT-1	CD8+ Cytotoxic T	gem_group_1
CGACCGGAAGCACT-1	CD8+/CD45RA+ Naive Cytotoxic	gem_group_1
CGACCGGACACTAG-1	CD56+ NK	gem_group_1
CGACCGGAGACAAA-1	CD8+ Cytotoxic T	gem_group_1
CGACCTTGGTACGT-1	CD8+ Cytotoxic T	gem_group_1
CGACGTCTTCTAGG-1	CD56+ NK	gem_group_1
CGACTCTGCAACTG-1	CD56+ NK	gem_group_1
CGACTGCTTGAAGA-1	CD56+ NK	gem_group_1
CGAGATTGTGCCCT-1	CD8+ Cytotoxic T	gem_group_1
CGAGCGTGAGTGTC-1	CD8+ Cytotoxic T	gem_group_1
CGAGGAGACTTCTA-1	CD56+ NK	gem_group_1
CGAGGCACACCTTT-1	CD4+/CD25 T Reg	gem_group_1
CGAGGCTGACGTAC-1	CD8+ Cytotoxic T	gem_group_1
CGAGGGCTCGAATC-1	CD4+/CD25 T Reg	gem_group_1
CGAGGGCTGAATCC-1	CD4+/CD25 T Reg	gem_group_1
CGAGTATGAACTGC-1	Dendritic	gem_group_1
CGATAGACGACACT-1	CD4+/CD45RO+ Memory	gem_group_1
CGATAGACTCGCAA-1	CD4+/CD25 T Reg	gem_group_1
CGATCAGAGACACT-1	CD8+ Cytotoxic T	gem_group_1
CGATCCACACCCTC-1	CD4+/CD45RO+ Memory	gem_group_1
CGCACTACATAAGG-1	CD8+/CD45RA+ Naive Cytotoxic	gem_group_1
CGCAGGACTAGACC-1	CD8+/CD45RA+ Naive Cytotoxic	gem_group_1
CGCCGAGAGTCACA-1	CD8+ Cytotoxic T	gem_group_1
CGCCGAGATGGCAT-1	CD8+ Cytotoxic T	gem_group_1
CGCCTAACTATTCC-1	CD56+ NK	gem_group_1
CGCGATCTCAGTCA-1	CD56+ NK	gem_group_1
CGCGATCTCCTGTC-1	CD19+ B	gem_group_1
CGCGATCTGGGAGT-1	CD4+/CD25 T Reg	gem_group_1
CGCGGATGACTTTC-1	CD8+/CD45RA+ Naive Cytotoxic	gem_group_1
CGCGGATGGTTCTT-1	CD14+ Monocyte	gem_group_1
CGCTAAGATTCCGC-1	CD8+ Cytotoxic T	gem_group_1
CGCTACACTCTATC-1	CD4+/CD45RO+ Memory	gem_group_1
CGCTACTGAGAAGT-1	CD8+ Cytotoxic T	gem_group_1
CGCTACTGCTAGCA-1	CD8+/CD45RA+ Naive Cytotoxic	gem_group_1
CGCTCATGGCATAC-1	CD8+/CD45RA+ Naive Cytotoxic	gem_group_1
CGGACCGACAGGAG-1	CD19+ B	gem_group_1
CGGACCGACCTCCA-1	CD19+ B	gem_group_1
CGGAGGCTCCAGTA-1	CD8+/CD45RA+ Naive Cytotoxic	gem_group_1
CGGAGGCTCTGTTT-1	CD19+ B	gem_group_1
CGGAGGCTTCTTTG-1	CD56+ NK	gem_group_1
CGGATAACCACTGA-1	CD8+/CD45RA+ Naive Cytotoxic	gem_group_1
CGGATAACCCGAAT-1	CD19+ B	gem_group_1
CGGATAACCTTGAG-1	CD8+ Cytotoxic T	gem_group_1
CGGATATGGGTCAT-1	CD56+ NK	gem_group_1
CGGATATGTCTATC-1	CD8+ Cytotoxic T	gem_group_1
CGGCACGAGGAAAT-1	CD8+/CD45RA+ Naive Cytotoxic	gem_group_1
CGGCATCTCTTGGA-1	CD14+ Monocyte	gem_group_1
CGGCATCTGGCAAG-1	Dendritic	gem_group_1
CGGCATCTGTCACA-1	CD8+ Cytotoxic T	gem_group_1
CGGCCAGACTAGAC-1	CD8+/CD45RA+ Naive Cytotoxic	gem_group_1
CGGCCAGACTCAGA-1	CD19+ B	gem_group_1
CGGCCAGAGCAGAG-1	CD56+ NK	gem_group_1
CGGCGAACGTGTAC-1	CD8+ Cytotoxic T	gem_group_1
CGGCGAACTCTTAC-1	CD14+ Monocyte	gem_group_1
CGGCGATGTCGACA-1	CD56+ NK	gem_group_1
CGGGACTGGGTGTT-1	CD8+ Cytotoxic T	gem_group_1
CGGTAAACACCAAC-1	CD8+ Cytotoxic T	gem_group_1
CGGTAAACACTACG-1	CD8+ Cytotoxic T	gem_group_1
CGGTACCTTTGCTT-1	CD4+/CD45RA+/CD25- Naive T	gem_group_1
CGGTCACTCCCGTT-1	CD19+ B	gem_group_1
CGGTCACTTGTCCC-1	CD56+ NK	gem_group_1
CGTAACGATGTGGT-1	CD8+ Cytotoxic T	gem_group_1
CGTACAGATGCTAG-1	CD56+ NK	gem_group_1
CGTACCACGACAAA-1	CD8+ Cytotoxic T	gem_group_1
CGTACCTGAGTACC-1	CD8+ Cytotoxic T	gem_group_1
CGTACCTGGCTGAT-1	CD14+ Monocyte	gem_group_1
CGTAGCCTAACGGG-1	CD8+/CD45RA+ Naive Cytotoxic	gem_group_1
CGTAGCCTGGCAAG-1	CD8+ Cytotoxic T	gem_group_1
CGTAGCCTTCAGAC-1	CD8+/CD45RA+ Naive Cytotoxic	gem_group_1
CGTAGCCTTCCGTC-1	CD4+/CD45RA+/CD25- Naive T	gem_group_1
CGTCAAGAACCTTT-1	CD56+ NK	gem_group_1
CGTCAAGACATTTC-1	CD8+ Cytotoxic T	gem_group_1
CGTCAAGATCGCCT-1	Dendritic	gem_group_1
CGTCCAACTCCTAT-1	CD8+ Cytotoxic T	gem_group_1
CGTCCATGCCTTGC-1	CD8+/CD45RA+ Naive Cytotoxic	gem_group_1
CGTCCATGCGAATC-1	Dendritic	gem_group_1
CGTCGACTAGCTCA-1	CD8+/CD45RA+ Naive Cytotoxic	gem_group_1
CGTGAAACCAGGAG-1	CD8+/CD45RA+ Naive Cytotoxic	gem_group_1
CGTGATGAGAGGCA-1	CD8+ Cytotoxic T	gem_group_1
CGTGATGAGTACCA-1	CD14+ Monocyte	gem_group_1
CGTGATGATCCGAA-1	CD8+/CD45RA+ Naive Cytotoxic	gem_group_1
CGTGCACTCGAACT-1	CD8+/CD45RA+ Naive Cytotoxic	gem_group_1
CGTGTAGAAACCAC-1	CD56+ NK	gem_group_1
CGTGTAGACTATGG-1	CD8+ Cytotoxic T	gem_group_1
CGTTAACTACAGCT-1	CD8+ Cytotoxic T	gem_group_1
CGTTAACTAGCAAA-1	CD8+/CD45RA+ Naive Cytotoxic	gem_group_1
CGTTAACTAGTCTG-1	CD8+ Cytotoxic T	gem_group_1
CGTTAACTCTATTC-1	CD8+ Cytotoxic T	gem_group_1
CGTTTAACACGTGT-1	CD4+/CD25 T Reg	gem_group_1
CTAACACTGTAGCT-1	CD8+/CD45RA+ Naive Cytotoxic	gem_group_1
CTAACGGACCGCTT-1	CD8+/CD45RA+ Naive Cytotoxic	gem_group_1
CTAACTACCAGTTG-1	CD8+ Cytotoxic T	gem_group_1
CTAAGGACGCCTTC-1	CD8+/CD45RA+ Naive Cytotoxic	gem_group_1
CTAAGGTGTCCCAC-1	CD8+ Cytotoxic T	gem_group_1
CTAAGGTGTGATGC-1	CD4+/CD25 T Reg	gem_group_1
CTAATAGAGATAAG-1	CD4+/CD25 T Reg	gem_group_1
CTAATGCTACCCTC-1	CD8+/CD45RA+ Naive Cytotoxic	gem_group_1
CTACGCACACACTG-1	CD8+ Cytotoxic T	gem_group_1
CTACGCACCACAAC-1	CD8+/CD45RA+ Naive Cytotoxic	gem_group_1
CTACGCACCACTTT-1	CD8+ Cytotoxic T	gem_group_1
CTACTATGTCTTTG-1	CD19+ B	gem_group_1
CTACTCCTACGCAT-1	CD8+ Cytotoxic T	gem_group_1
CTAGAGACCAACCA-1	CD8+ Cytotoxic T	gem_group_1
CTAGAGACGAGGGT-1	CD56+ NK	gem_group_1
CTAGAGACGGTACT-1	CD8+/CD45RA+ Naive Cytotoxic	gem_group_1
CTAGAGACGTAAAG-1	CD8+/CD45RA+ Naive Cytotoxic	gem_group_1
CTAGGCCTACTACG-1	CD4+/CD25 T Reg	gem_group_1
CTAGGCCTATCGTG-1	CD8+/CD45RA+ Naive Cytotoxic	gem_group_1
CTAGGCCTGCCATA-1	CD4+/CD45RO+ Memory	gem_group_1
CTAGGCCTTACAGC-1	CD8+ Cytotoxic T	gem_group_1
CTAGGCCTTATGGC-1	CD4+/CD45RA+/CD25- Naive T	gem_group_1
CTAGGTGACCTATT-1	CD19+ B	gem_group_1
CTAGGTGAGACGAG-1	CD56+ NK	gem_group_1
CTAGGTGATACGAC-1	CD8+/CD45RA+ Naive Cytotoxic	gem_group_1
CTAGGTGATATGGC-1	CD8+ Cytotoxic T	gem_group_1
CTAGTTACGTCTAG-1	CD8+ Cytotoxic T	gem_group_1
CTAGTTACTACGAC-1	CD8+/CD45RA+ Naive Cytotoxic	gem_group_1
CTAGTTTGCGCTAA-1	CD4+/CD25 T Reg	gem_group_1
CTAGTTTGGAAAGT-1	CD14+ Monocyte	gem_group_1
CTATACTGTGTCCC-1	CD8+/CD45RA+ Naive Cytotoxic	gem_group_1
CTATAGCTCATGCA-1	CD56+ NK	gem_group_1
CTATAGCTGACTAC-1	CD8+/CD45RA+ Naive Cytotoxic	gem_group_1
CTATCAACCGTCTC-1	CD8+ Cytotoxic T	gem_group_1
CTATGACTTACTCT-1	CD4+/CD45RO+ Memory	gem_group_1
CTATGTACAGCTCA-1	CD4+/CD25 T Reg	gem_group_1
CTATGTTGTTGGCA-1	CD56+ NK	gem_group_1
CTATTGACCAGCTA-1	CD56+ NK	gem_group_1
CTATTGACCTCATT-1	CD8+/CD45RA+ Naive Cytotoxic	gem_group_1
CTATTGTGGGAAGC-1	CD19+ B	gem_group_1
CTATTGTGGGATCT-1	CD19+ B	gem_group_1
CTCAGAGACGAATC-1	CD8+ Cytotoxic T	gem_group_1
CTCAGAGACTGAGT-1	CD8+/CD45RA+ Naive Cytotoxic	gem_group_1
CTCAGGCTAGTGCT-1	CD56+ NK	gem_group_1
CTCATTGATAGCGT-1	CD8+/CD45RA+ Naive Cytotoxic	gem_group_1
CTCCACGAAGTCGT-1	CD8+ Cytotoxic T	gem_group_1
CTCCACGACTCTAT-1	CD8+ Cytotoxic T	gem_group_1
CTCCACGATCATTC-1	CD8+ Cytotoxic T	gem_group_1
CTCCATCTCGGAGA-1	CD4+/CD25 T Reg	gem_group_1
CTCCGAACAGATGA-1	CD14+ Monocyte	gem_group_1
CTCCTACTCATACG-1	CD14+ Monocyte	gem_group_1
CTCGAAGAGAGAGC-1	CD8+/CD45RA+ Naive Cytotoxic	gem_group_1
CTCGAAGATACGAC-1	CD56+ NK	gem_group_1
CTCGACACATAAGG-1	CD4+/CD25 T Reg	gem_group_1
CTCGACACCAGAAA-1	CD8+/CD45RA+ Naive Cytotoxic	gem_group_1
CTCGACACCCTTCG-1	CD8+ Cytotoxic T	gem_group_1
CTCGACTGAGAGGC-1	CD8+ Cytotoxic T	gem_group_1
CTCGAGCTATGTCG-1	CD8+ Cytotoxic T	gem_group_1
CTCGCATGGCCCTT-1	CD8+/CD45RA+ Naive Cytotoxic	gem_group_1
CTGAACGATCTTTG-1	CD4+/CD45RO+ Memory	gem_group_1
CTGAACGATTACTC-1	CD8+/CD45RA+ Naive Cytotoxic	gem_group_1
CTGACAGAAGATCC-1	CD14+ Monocyte	gem_group_1
CTGACAGATAGAAG-1	CD56+ NK	gem_group_1
CTGACCACAAACGA-1	CD4+/CD25 T Reg	gem_group_1
CTGACCACGTAGGG-1	CD8+ Cytotoxic T	gem_group_1
CTGAGAACCGTTAG-1	CD19+ B	gem_group_1
CTGAGAACTCTATC-1	CD56+ NK	gem_group_1
CTGATACTCTCAGA-1	CD8+/CD45RA+ Naive Cytotoxic	gem_group_1
CTGATGGACTGAGT-1	CD19+ B	gem_group_1
CTGATGGATCCAAG-1	CD8+ Cytotoxic T	gem_group_1
CTGATTTGCAGTCA-1	CD8+/CD45RA+ Naive Cytotoxic	gem_group_1
CTGCAGCTACTGGT-1	CD8+/CD45RA+ Naive Cytotoxic	gem_group_1
CTGCAGCTAGGTTC-1	CD8+ Cytotoxic T	gem_group_1
CTGCAGCTCCGAAT-1	CD8+/CD45RA+ Naive Cytotoxic	gem_group_1
CTGCCAACAAGGTA-1	CD8+ Cytotoxic T	gem_group_1
CTGGAAACTCTCAT-1	CD8+ Cytotoxic T	gem_group_1
CTGTAACTCCCTCA-1	CD8+ Cytotoxic T	gem_group_1
CTGTAACTTAACGC-1	CD14+ Monocyte	gem_group_1
CTGTGAGAACCCAA-1	CD8+ Cytotoxic T	gem_group_1
CTTAAAGAAAGGGC-1	CD8+/CD45RA+ Naive Cytotoxic	gem_group_1
CTTAAGCTAACCTG-1	CD19+ B	gem_group_1
CTTAAGCTTTCAGG-1	CD8+ Cytotoxic T	gem_group_1
CTTACAACCAATCG-1	CD8+ Cytotoxic T	gem_group_1
CTTACAACGGACTT-1	CD8+ Cytotoxic T	gem_group_1
CTTACATGGCGGAA-1	CD8+ Cytotoxic T	gem_group_1
CTTACTGAAGCGTT-1	CD19+ B	gem_group_1
CTTAGACTTGACTG-1	CD56+ NK	gem_group_1
CTTCATGAACAGTC-1	CD19+ B	gem_group_1
CTTCATGATCAGTG-1	CD4+/CD25 T Reg	gem_group_1
CTTCTAGAAATGCC-1	CD56+ NK	gem_group_1
CTTCTAGATAAGGA-1	CD56+ NK	gem_group_1
CTTGAGGACGAATC-1	CD4+/CD45RO+ Memory	gem_group_1
CTTGTATGAGTCTG-1	CD8+/CD45RA+ Naive Cytotoxic	gem_group_1
CTTGTATGATACCG-1	CD8+/CD45RA+ Naive Cytotoxic	gem_group_1
CTTGTATGGGGAGT-1	CD4+/CD25 T Reg	gem_group_1
CTTTACGACCTTCG-1	CD8+ Cytotoxic T	gem_group_1
CTTTAGACGCATCA-1	CD8+ Cytotoxic T	gem_group_1
CTTTAGTGAGTTCG-1	CD8+/CD45RA+ Naive Cytotoxic	gem_group_1
CTTTAGTGGGTAGG-1	CD56+ NK	gem_group_1
CTTTCAGACTGGTA-1	CD4+/CD45RO+ Memory	gem_group_1
CTTTCAGATTTACC-1	CD4+/CD25 T Reg	gem_group_1
GAAACAGAAGTGTC-1	CD14+ Monocyte	gem_group_1
GAAACAGACGAGTT-1	CD19+ B	gem_group_1
GAAACCTGGCGGAA-1	CD56+ NK	gem_group_1
GAAAGATGAAGTGA-1	CD8+ Cytotoxic T	gem_group_1
GAAAGATGACCTTT-1	CD56+ NK	gem_group_1
GAAAGATGAGATCC-1	CD8+/CD45RA+ Naive Cytotoxic	gem_group_1
GAAAGATGGACTAC-1	CD4+/CD25 T Reg	gem_group_1
GAAAGATGGGTTCA-1	CD14+ Monocyte	gem_group_1
GAAAGATGTGCTTT-1	CD8+ Cytotoxic T	gem_group_1
GAAAGCCTATCTCT-1	CD4+/CD25 T Reg	gem_group_1
GAAAGTGATCCTTA-1	CD8+/CD45RA+ Naive Cytotoxic	gem_group_1
GAACCAACAAGGCG-1	CD8+ Cytotoxic T	gem_group_1
GAACCAACGCGAGA-1	CD8+/CD45RA+ Naive Cytotoxic	gem_group_1
GAAGATGATGCTTT-1	CD8+/CD45RA+ Naive Cytotoxic	gem_group_1
GAAGCGGATACAGC-1	CD8+ Cytotoxic T	gem_group_1
GAAGCTTGTCGTTT-1	CD4+/CD25 T Reg	gem_group_1
GAAGGGTGCTGAAC-1	CD56+ NK	gem_group_1
GAAGTAGAAGGCGA-1	CD8+/CD45RA+ Naive Cytotoxic	gem_group_1
GAAGTAGAGACGGA-1	CD8+ Cytotoxic T	gem_group_1
GAAGTAGAGAGAGC-1	CD56+ NK	gem_group_1
GAAGTCACTGGAAA-1	CD8+ Cytotoxic T	gem_group_1
GAAGTCTGCATTCT-1	CD8+/CD45RA+ Naive Cytotoxic	gem_group_1
GAAGTGCTCTTGCC-1	CD14+ Monocyte	gem_group_1
GAATGCACGCTGAT-1	CD56+ NK	gem_group_1
GAATGCTGTAGCCA-1	CD56+ NK	gem_group_1
GAATGCTGTGAGCT-1	CD19+ B	gem_group_1
GAATGCTGTGCAAC-1	CD8+/CD45RA+ Naive Cytotoxic	gem_group_1
GACAACACTCGTAG-1	CD4+/CD25 T Reg	gem_group_1
GACAGGGACGATAC-1	CD56+ NK	gem_group_1
GACAGTACTGTTTC-1	CD8+ Cytotoxic T	gem_group_1
GACAGTTGCCCTTG-1	CD19+ B	gem_group_1
GACATTCTTATTCC-1	CD34+	gem_group_1
GACCAAACCCCTTG-1	CD4+/CD25 T Reg	gem_group_1
GACCATGAGAGGTG-1	CD4+/CD25 T Reg	gem_group_1
GACCCTACTGCCCT-1	CD8+ Cytotoxic T	gem_group_1
GACCTCACCTGCTC-1	CD8+ Cytotoxic T	gem_group_1
GACGAACTATCGAC-1	CD14+ Monocyte	gem_group_1
GACGAACTGTACGT-1	CD8+ Cytotoxic T	gem_group_1
GACGAACTTAAGGA-1	CD8+ Cytotoxic T	gem_group_1
GACGAGGAAAGCCT-1	CD8+/CD45RA+ Naive Cytotoxic	gem_group_1
GACGAGGAAGTCAC-1	CD4+/CD45RO+ Memory	gem_group_1
GACGAGGACTCAGA-1	CD8+ Cytotoxic T	gem_group_1
GACGAGGACTTACT-1	CD56+ NK	gem_group_1
GACGAGGATGGCAT-1	CD8+ Cytotoxic T	gem_group_1
GACGGCACTCTACT-1	CD4+/CD25 T Reg	gem_group_1
GACGTAACCTGTCC-1	CD8+ Cytotoxic T	gem_group_1
GACGTAACGCCATA-1	CD8+/CD45RA+ Naive Cytotoxic	gem_group_1
GACGTAACTCTATC-1	CD4+/CD25 T Reg	gem_group_1
GACGTATGAAGGGC-1	CD8+ Cytotoxic T	gem_group_1
GACGTATGGCGTAT-1	CD4+/CD45RO+ Memory	gem_group_1
GACTCCTGGGGACA-1	CD4+/CD25 T Reg	gem_group_1
GACTGAACAGTGTC-1	CD19+ B	gem_group_1
GACTGAACATTGGC-1	CD8+/CD45RA+ Naive Cytotoxic	gem_group_1
GACTGAACCTAGCA-1	CD8+/CD45RA+ Naive Cytotoxic	gem_group_1
GACTGTGAGGACTT-1	CD8+ Cytotoxic T	gem_group_1
GACTGTGAGGTGAG-1	CD8+ Cytotoxic T	gem_group_1
GAGAGGTGTGAGCT-1	CD8+/CD45RA+ Naive Cytotoxic	gem_group_1
GAGATCACGCAGAG-1	CD8+/CD45RA+ Naive Cytotoxic	gem_group_1
GAGCAGGAGTTTCT-1	CD8+ Cytotoxic T	gem_group_1
GAGCAGGATAGAGA-1	CD56+ NK	gem_group_1
GAGCGAGAAAGCAA-1	CD8+/CD45RA+ Naive Cytotoxic	gem_group_1
GAGCGAGAGGATCT-1	CD8+ Cytotoxic T	gem_group_1
GAGCGAGAGGGTGA-1	CD56+ NK	gem_group_1
GAGCGAGATGACCA-1	CD8+/CD45RA+ Naive Cytotoxic	gem_group_1
GAGCGGCTAAAACG-1	CD8+ Cytotoxic T	gem_group_1
GAGCGGCTTAACCG-1	CD8+/CD45RA+ Naive Cytotoxic	gem_group_1
GAGCGGCTTGTCTT-1	CD56+ NK	gem_group_1
GAGCTCCTAGATGA-1	CD8+/CD45RA+ Naive Cytotoxic	gem_group_1
GAGGACGAGGATCT-1	CD4+/CD25 T Reg	gem_group_1
GAGGATCTCAGGAG-1	CD56+ NK	gem_group_1
GAGGATCTGGAGGT-1	CD14+ Monocyte	gem_group_1
GAGGATCTGGATCT-1	CD8+ Cytotoxic T	gem_group_1
GAGGATCTTAGTCG-1	CD56+ NK	gem_group_1
GAGGATCTTTCGGA-1	CD8+ Cytotoxic T	gem_group_1
GAGGCAGACCCTTG-1	Dendritic	gem_group_1
GAGGCAGATACGAC-1	CD8+ Cytotoxic T	gem_group_1
GAGGCCACGGGACA-1	CD14+ Monocyte	gem_group_1
GAGGCCACGTGCTA-1	CD56+ NK	gem_group_1
GAGGGTGAAGTTCG-1	CD8+ Cytotoxic T	gem_group_1
GAGGTACTCTTGGA-1	CD8+ Cytotoxic T	gem_group_1
GAGGTGGAGGACAG-1	CD8+/CD45RA+ Naive Cytotoxic	gem_group_1
GAGGTGGATCATTC-1	CD14+ Monocyte	gem_group_1
GAGGTGGATGTCTT-1	CD8+/CD45RA+ Naive Cytotoxic	gem_group_1
GAGGTTACAGGTCT-1	CD8+/CD45RA+ Naive Cytotoxic	gem_group_1
GAGGTTTGCCAATG-1	CD56+ NK	gem_group_1
GAGGTTTGGTTGCA-1	CD56+ NK	gem_group_1
GAGTAAGACGTAAC-1	CD8+ Cytotoxic T	gem_group_1
GAGTACTGTGTAGC-1	CD8+ Cytotoxic T	gem_group_1
GAGTCTGACATTCT-1	CD4+/CD25 T Reg	gem_group_1
GAGTGACTAAGTGA-1	CD8+/CD45RA+ Naive Cytotoxic	gem_group_1
GAGTGACTGCTGAT-1	CD8+ Cytotoxic T	gem_group_1
GAGTGGGAGACAGG-1	CD56+ NK	gem_group_1
GAGTGGGAGAGGAC-1	CD4+/CD25 T Reg	gem_group_1
GAGTGTTGCCAATG-1	CD4+/CD25 T Reg	gem_group_1
GAGTTGTGACTAGC-1	CD4+/CD45RO+ Memory	gem_group_1
GATAATACTGCCAA-1	CD8+ Cytotoxic T	gem_group_1
GATACTCTCGTGTA-1	CD19+ B	gem_group_1
GATAGAGAAGCATC-1	CD8+/CD45RA+ Naive Cytotoxic	gem_group_1
GATAGAGAGGTCAT-1	CD8+ Cytotoxic T	gem_group_1
GATAGCACGATAGA-1	CD8+ Cytotoxic T	gem_group_1
GATATAACTCCTCG-1	CD8+/CD45RA+ Naive Cytotoxic	gem_group_1
GATATATGGTAAAG-1	CD8+ Cytotoxic T	gem_group_1
GATATCCTGCAGTT-1	CD8+/CD45RA+ Naive Cytotoxic	gem_group_1
GATCATCTTTCAGG-1	CD4+/CD25 T Reg	gem_group_1
GATCATCTTTGTGG-1	CD8+ Cytotoxic T	gem_group_1
GATCCCTGGATACC-1	CD19+ B	gem_group_1
GATCCGCTGTCATG-1	CD8+ Cytotoxic T	gem_group_1
GATCCGCTGTGAGG-1	CD56+ NK	gem_group_1
GATCGTGAACCTCC-1	CD8+/CD45RA+ Naive Cytotoxic	gem_group_1
GATCTACTTGGTGT-1	CD19+ B	gem_group_1
GATCTTACGTCGAT-1	CD8+/CD45RA+ Naive Cytotoxic	gem_group_1
GATCTTTGCTACGA-1	CD4+/CD45RO+ Memory	gem_group_1
GATGACACCATTTC-1	CD56+ NK	gem_group_1
GATGCAACCAGAAA-1	CD19+ B	gem_group_1
GATGCATGCTCAAG-1	CD8+/CD45RA+ Naive Cytotoxic	gem_group_1
GATGCCCTCGAGTT-1	CD19+ B	gem_group_1
GATTCTACCCGTTC-1	CD8+ Cytotoxic T	gem_group_1
GATTCTTGAAGTAG-1	CD14+ Monocyte	gem_group_1
GATTGGACATTGGC-1	CD56+ NK	gem_group_1
GATTGGACCAGGAG-1	CD8+/CD45RA+ Naive Cytotoxic	gem_group_1
GATTGGTGCTACCC-1	CD14+ Monocyte	gem_group_1
GATTGGTGGAACCT-1	CD8+/CD45RA+ Naive Cytotoxic	gem_group_1
GATTTAGAAGCGGA-1	CD8+/CD45RA+ Naive Cytotoxic	gem_group_1
GATTTGCTAGGTCT-1	CD19+ B	gem_group_1
GATTTGCTCGTAAC-1	CD4+/CD25 T Reg	gem_group_1
GCAACTGATGAACC-1	CD8+ Cytotoxic T	gem_group_1
GCAACTGATGGAAA-1	CD8+ Cytotoxic T	gem_group_1
GCAAGACTAGGCGA-1	CD8+/CD45RA+ Naive Cytotoxic	gem_group_1
GCAAGACTTCCGTC-1	CD8+ Cytotoxic T	gem_group_1
GCAAGACTTCTAGG-1	CD8+ Cytotoxic T	gem_group_1
GCAATTCTATCGTG-1	CD8+ Cytotoxic T	gem_group_1
GCAATTCTCTGGAT-1	CD8+ Cytotoxic T	gem_group_1
GCAATTCTGACGAG-1	Dendritic	gem_group_1
GCAATTCTTCGACA-1	Dendritic	gem_group_1
GCACAAACAACAGA-1	CD19+ B	gem_group_1
GCACAAACGGTGTT-1	CD8+ Cytotoxic T	gem_group_1
GCACAATGCCGTTC-1	CD8+/CD45RA+ Naive Cytotoxic	gem_group_1
GCACAATGGCTCCT-1	CD8+/CD45RA+ Naive Cytotoxic	gem_group_1
GCACAATGTCGCCT-1	CD8+ Cytotoxic T	gem_group_1
GCACACCTAAACGA-1	CD8+ Cytotoxic T	gem_group_1
GCACACCTAACAGA-1	CD8+ Cytotoxic T	gem_group_1
GCACCACTTTGCGA-1	CD8+/CD45RA+ Naive Cytotoxic	gem_group_1
GCACCTACAGGTTC-1	CD56+ NK	gem_group_1
GCACCTACCATCAG-1	CD8+/CD45RA+ Naive Cytotoxic	gem_group_1
GCACGGACCAGCTA-1	CD8+/CD45RA+ Naive Cytotoxic	gem_group_1
GCACGGACTCTTTG-1	CD4+/CD45RA+/CD25- Naive T	gem_group_1
GCACGGTGAGATGA-1	CD8+/CD45RA+ Naive Cytotoxic	gem_group_1
GCACGGTGGCATAC-1	CD8+ Cytotoxic T	gem_group_1
GCACGTCTCATTTC-1	CD19+ B	gem_group_1
GCACGTCTGCGAGA-1	CD8+ Cytotoxic T	gem_group_1
GCACTGCTGGGCAA-1	CD56+ NK	gem_group_1
GCAGATACACACTG-1	CD8+ Cytotoxic T	gem_group_1
GCAGCCGATGAAGA-1	CD8+/CD45RA+ Naive Cytotoxic	gem_group_1
GCAGCCGATTTGGG-1	CD56+ NK	gem_group_1
GCAGCGTGATGGTC-1	CD8+/CD45RA+ Naive Cytotoxic	gem_group_1
GCAGCGTGCCAACA-1	CD14+ Monocyte	gem_group_1
GCAGCTCTTTCCGC-1	CD8+/CD45RA+ Naive Cytotoxic	gem_group_1
GCAGGCACGGAACG-1	CD19+ B	gem_group_1
GCAGGGCTGGAAGC-1	CD4+/CD45RO+ Memory	gem_group_1
GCAGTCCTCCTTCG-1	CD4+/CD45RO+ Memory	gem_group_1
GCAGTCCTTGCCAA-1	CD56+ NK	gem_group_1
GCATGATGAGCGTT-1	CD4+/CD25 T Reg	gem_group_1
GCATGTGACGTACA-1	CD4+/CD45RA+/CD25- Naive T	gem_group_1
GCATGTGAGCGAGA-1	CD8+ Cytotoxic T	gem_group_1
GCATGTGAGTCGAT-1	CD56+ NK	gem_group_1
GCATGTGATTCTAC-1	CD4+/CD25 T Reg	gem_group_1
GCATTGGAAGAGTA-1	CD8+/CD45RA+ Naive Cytotoxic	gem_group_1
GCATTGGAAGTAGA-1	CD8+/CD45RA+ Naive Cytotoxic	gem_group_1
GCATTGGATGCTAG-1	CD8+/CD45RA+ Naive Cytotoxic	gem_group_1
GCCAAATGGACAGG-1	CD56+ NK	gem_group_1
GCCAACCTATCGAC-1	CD8+/CD45RA+ Naive Cytotoxic	gem_group_1
GCCAACCTGGGACA-1	CD8+/CD45RA+ Naive Cytotoxic	gem_group_1
GCCACGGAATGTCG-1	CD8+/CD45RA+ Naive Cytotoxic	gem_group_1
GCCACTACCATGCA-1	CD8+ Cytotoxic T	gem_group_1
GCCATCACAAGGCG-1	CD8+/CD45RA+ Naive Cytotoxic	gem_group_1
GCCATCACCATTTC-1	CD8+ Cytotoxic T	gem_group_1
GCCCAACTGGCATT-1	CD4+/CD25 T Reg	gem_group_1
GCCCAACTTGCATG-1	CD56+ NK	gem_group_1
GCCCAGGAAGCTAC-1	CD19+ B	gem_group_1
GCCCAGGAGACGTT-1	CD8+/CD45RA+ Naive Cytotoxic	gem_group_1
GCCCATACAACAGA-1	CD19+ B	gem_group_1
GCCCATACGGAAAT-1	CD56+ NK	gem_group_1
GCCGACGACCTTCG-1	CD8+/CD45RA+ Naive Cytotoxic	gem_group_1
GCCGAGTGTCGCCT-1	CD8+/CD45RA+ Naive Cytotoxic	gem_group_1
GCCGTACTCTAAGC-1	CD8+ Cytotoxic T	gem_group_1
GCCTAGCTCTGAAC-1	CD4+/CD45RO+ Memory	gem_group_1
GCCTAGCTTAACCG-1	CD4+/CD25 T Reg	gem_group_1
GCCTCAACCTGAAC-1	CD4+/CD25 T Reg	gem_group_1
GCCTGACTACGGTT-1	CD8+ Cytotoxic T	gem_group_1
GCGAGAGATGGCAT-1	CD8+/CD45RA+ Naive Cytotoxic	gem_group_1
GCGAGAGATTCCAT-1	CD56+ NK	gem_group_1
GCGAGAGATTTCTG-1	CD56+ NK	gem_group_1
GCGAGCACCATACG-1	CD8+ Cytotoxic T	gem_group_1
GCGATATGCTGTGA-1	CD56+ NK	gem_group_1
GCGCACGAACCAAC-1	CD56+ NK	gem_group_1
GCGGCAACCTTCTA-1	CD8+/CD45RA+ Naive Cytotoxic	gem_group_1
GCGGGACTAATCGC-1	CD8+ Cytotoxic T	gem_group_1
GCGGGACTTGGGAG-1	CD8+/CD45RA+ Naive Cytotoxic	gem_group_1
GCTACAGATTTGTC-1	CD19+ B	gem_group_1
GCTACCTGACCATG-1	CD8+/CD45RA+ Naive Cytotoxic	gem_group_1
GCTACGCTGTATCG-1	CD4+/CD45RA+/CD25- Naive T	gem_group_1
GCTATACTCATTTC-1	CD8+ Cytotoxic T	gem_group_1
GCTATACTGCGTTA-1	CD8+/CD45RA+ Naive Cytotoxic	gem_group_1
GCTATACTTTGCGA-1	CD19+ B	gem_group_1
GCTCACTGTGGAGG-1	CD56+ NK	gem_group_1
GCTCCATGCTTGCC-1	CD8+ Cytotoxic T	gem_group_1
GCTGATGAATGCTG-1	CD4+/CD25 T Reg	gem_group_1
GCTTGAGAGAGGGT-1	CD4+/CD45RO+ Memory	gem_group_1
GGAACACTCTTGAG-1	Dendritic	gem_group_1
GGAACTTGAGGGTG-1	CD8+/CD45RA+ Naive Cytotoxic	gem_group_1
GGAACTTGTGGTCA-1	CD14+ Monocyte	gem_group_1
GGAAGGACTCCCAC-1	Dendritic	gem_group_1
GGAAGGTGATCAGC-1	CD19+ B	gem_group_1
GGAAGGTGCTAGTG-1	CD4+/CD25 T Reg	gem_group_1
GGAATGCTCATTCT-1	CD4+/CD45RA+/CD25- Naive T	gem_group_1
GGACAACTCCGTAA-1	CD56+ NK	gem_group_1
GGACAGGAGGTAGG-1	CD8+ Cytotoxic T	gem_group_1
GGACAGGATGTCAG-1	CD8+/CD45RA+ Naive Cytotoxic	gem_group_1
GGACAGGATTCTGT-1	CD8+/CD45RA+ Naive Cytotoxic	gem_group_1
GGACCCGACGTCTC-1	CD56+ NK	gem_group_1
GGACCCGATCACGA-1	CD8+/CD45RA+ Naive Cytotoxic	gem_group_1
GGACCGTGACTAGC-1	CD8+ Cytotoxic T	gem_group_1
GGACCTCTCAGCTA-1	CD4+/CD25 T Reg	gem_group_1
GGACGAGAGCGATT-1	CD56+ NK	gem_group_1
GGACGAGATCACCC-1	CD8+/CD45RA+ Naive Cytotoxic	gem_group_1
GGACGCACACACAC-1	CD19+ B	gem_group_1
GGACGCACGTTAGC-1	CD4+/CD45RO+ Memory	gem_group_1
GGACGCACTTGTCT-1	CD4+/CD25 T Reg	gem_group_1
GGAGACGAGCCTTC-1	CD8+ Cytotoxic T	gem_group_1
GGAGAGACCCGTTC-1	CD56+ NK	gem_group_1
GGAGAGACTCTTCA-1	CD14+ Monocyte	gem_group_1
GGAGCCACTTCACT-1	CD4+/CD45RO+ Memory	gem_group_1
GGAGCGCTTTGTCT-1	CD8+ Cytotoxic T	gem_group_1
GGAGGATGGGATCT-1	CD4+/CD25 T Reg	gem_group_1
GGAGGATGGGGAGT-1	CD8+ Cytotoxic T	gem_group_1
GGAGGTGAACTCTT-1	CD56+ NK	gem_group_1
GGAGGTGAGGGAGT-1	CD14+ Monocyte	gem_group_1
GGAGTTACCGAGAG-1	CD56+ NK	gem_group_1
GGAGTTACCTGTTT-1	CD8+/CD45RA+ Naive Cytotoxic	gem_group_1
GGAGTTACGAGGAC-1	CD8+ Cytotoxic T	gem_group_1
GGAGTTTGCTGCTC-1	CD8+/CD45RA+ Naive Cytotoxic	gem_group_1
GGAGTTTGTGTGGT-1	CD4+/CD25 T Reg	gem_group_1
GGATAGCTGGAGCA-1	CD8+ Cytotoxic T	gem_group_1
GGATAGCTTAGAGA-1	CD8+ Cytotoxic T	gem_group_1
GGATGTTGCTTGGA-1	Dendritic	gem_group_1
GGATGTTGGCCCTT-1	CD8+/CD45RA+ Naive Cytotoxic	gem_group_1
GGATGTTGTCACGA-1	CD8+ Cytotoxic T	gem_group_1
GGATTGTGGACAAA-1	CD4+/CD45RO+ Memory	gem_group_1
GGATTTCTATACCG-1	CD8+ Cytotoxic T	gem_group_1
GGATTTCTTCTGGA-1	CD8+/CD45RA+ Naive Cytotoxic	gem_group_1
GGCAAGGATCCTCG-1	CD56+ NK	gem_group_1
GGCCAGACACGGAG-1	CD8+ Cytotoxic T	gem_group_1
GGCCGAACAGTGCT-1	CD56+ NK	gem_group_1
GGCCGAACGTACAC-1	CD19+ B	gem_group_1
GGCCGATGCAGGAG-1	CD8+ Cytotoxic T	gem_group_1
GGCGACACAGTTCG-1	CD8+ Cytotoxic T	gem_group_1
GGCGACACGGTAGG-1	CD4+/CD25 T Reg	gem_group_1
GGCGACACTGCATG-1	CD8+/CD45RA+ Naive Cytotoxic	gem_group_1
GGCGACTGGCCTTC-1	CD8+/CD45RA+ Naive Cytotoxic	gem_group_1
GGCTAAACGTATCG-1	CD56+ NK	gem_group_1
GGCTACCTAGGTCT-1	CD19+ B	gem_group_1
GGCTCACTCAATCG-1	CD4+/CD25 T Reg	gem_group_1
GGGAAGTGCTCTTA-1	CD19+ B	gem_group_1
GGGACCACGCGATT-1	CD8+/CD45RA+ Naive Cytotoxic	gem_group_1
GGGACCTGAGCGGA-1	CD4+/CD25 T Reg	gem_group_1
GGGACCTGTGTTTC-1	CD8+ Cytotoxic T	gem_group_1
GGGATGGACTTGGA-1	CD19+ B	gem_group_1
GGGATGGAGGGAGT-1	CD19+ B	gem_group_1
GGGATGGAGTCTGA-1	CD19+ B	gem_group_1
GGGATTACCGTTAG-1	CD8+ Cytotoxic T	gem_group_1
GGGCAAGACGTAAC-1	CD4+/CD45RO+ Memory	gem_group_1
GGGCACACCTTCTA-1	CD8+ Cytotoxic T	gem_group_1
GGGCAGCTCTTCTA-1	CD8+ Cytotoxic T	gem_group_1
GGGCAGCTGAATAG-1	CD8+/CD45RA+ Naive Cytotoxic	gem_group_1
GGGCCAACCTTACT-1	CD8+/CD45RA+ Naive Cytotoxic	gem_group_1
GGGCCATGTTTCAC-1	CD8+/CD45RA+ Naive Cytotoxic	gem_group_1
GGGTAACTTAGACC-1	CD8+ Cytotoxic T	gem_group_1
GGGTTAACGTGAGG-1	CD4+/CD25 T Reg	gem_group_1
GGGTTATGACTGGT-1	CD8+ Cytotoxic T	gem_group_1
GGGTTATGCCCTCA-1	CD8+ Cytotoxic T	gem_group_1
GGTAAAGAAAAGCA-1	CD19+ B	gem_group_1
GGTACAACATGCCA-1	CD8+/CD45RA+ Naive Cytotoxic	gem_group_1
GGTACAACTTGACG-1	CD4+/CD45RO+ Memory	gem_group_1
GGTACATGACGTGT-1	CD8+/CD45RA+ Naive Cytotoxic	gem_group_1
GGTAGTACGGCATT-1	CD8+/CD45RA+ Naive Cytotoxic	gem_group_1
GGTATCGACTCGAA-1	Dendritic	gem_group_1
GGTATGACCGACTA-1	CD19+ B	gem_group_1
GGTATGACTTCTCA-1	CD56+ NK	gem_group_1
GGTCAAACACTGTG-1	CD4+/CD25 T Reg	gem_group_1
GGTCTAGAAACGGG-1	CD4+/CD45RO+ Memory	gem_group_1
GGTCTAGAGGAGGT-1	CD8+/CD45RA+ Naive Cytotoxic	gem_group_1
GGTCTAGATAACCG-1	CD4+/CD25 T Reg	gem_group_1
GGTGATACACAGTC-1	CD8+ Cytotoxic T	gem_group_1
GGTGGAGACGCCTT-1	CD8+/CD45RA+ Naive Cytotoxic	gem_group_1
GGTGGAGACTTATC-1	CD8+ Cytotoxic T	gem_group_1
GGTTGAACTCGACA-1	CD8+/CD45RA+ Naive Cytotoxic	gem_group_1
GGTTGAACTGCATG-1	CD8+/CD45RA+ Naive Cytotoxic	gem_group_1
GGTTTACTAGTGCT-1	CD56+ NK	gem_group_1
GGTTTACTTCTCTA-1	CD8+/CD45RA+ Naive Cytotoxic	gem_group_1
GTAAGCACCGACAT-1	CD8+/CD45RA+ Naive Cytotoxic	gem_group_1
GTAAGCTGGTTGAC-1	CD8+/CD45RA+ Naive Cytotoxic	gem_group_1
GTAATAACCTCAAG-1	CD4+/CD25 T Reg	gem_group_1
GTAATAACTCCAAG-1	CD8+ Cytotoxic T	gem_group_1
GTAATATGTCGTGA-1	CD8+ Cytotoxic T	gem_group_1
GTACAGTGATACCG-1	CD4+/CD25 T Reg	gem_group_1
GTACAGTGCTGTTT-1	CD19+ B	gem_group_1
GTACGAACACGCAT-1	CD4+/CD25 T Reg	gem_group_1
GTACGAACTTCTCA-1	CD8+ Cytotoxic T	gem_group_1
GTACGTGATTCGGA-1	CD4+/CD45RO+ Memory	gem_group_1
GTACTACTGACGGA-1	CD4+/CD45RO+ Memory	gem_group_1
GTACTACTGTTAGC-1	CD4+/CD25 T Reg	gem_group_1
GTAGACTGCTATTC-1	CD56+ NK	gem_group_1
GTAGACTGGGGCAA-1	CD8+/CD45RA+ Naive Cytotoxic	gem_group_1
GTAGCATGAGATCC-1	CD4+/CD25 T Reg	gem_group_1
GTAGCATGGGTCTA-1	CD14+ Monocyte	gem_group_1
GTAGCATGTGTCAG-1	CD4+/CD45RO+ Memory	gem_group_1
GTAGCTGAGTTTCT-1	CD8+ Cytotoxic T	gem_group_1
GTAGTCGAGGTTTG-1	CD8+/CD45RA+ Naive Cytotoxic	gem_group_1
GTAGTGACGCATAC-1	CD8+ Cytotoxic T	gem_group_1
GTAGTGACGTAAAG-1	CD14+ Monocyte	gem_group_1
GTAGTGTGATGTGC-1	CD4+/CD45RO+ Memory	gem_group_1
GTATTAGAGACAAA-1	CD8+ Cytotoxic T	gem_group_1
GTATTCACCACAAC-1	CD8+ Cytotoxic T	gem_group_1
GTCAATCTAGAATG-1	CD8+/CD45RA+ Naive Cytotoxic	gem_group_1
GTCAATCTCTGTAG-1	CD8+ Cytotoxic T	gem_group_1
GTCAATCTTGGTAC-1	CD8+/CD45RA+ Naive Cytotoxic	gem_group_1
GTCACAGAAGGGTG-1	CD56+ NK	gem_group_1
GTCACAGACTCGCT-1	CD8+/CD45RA+ Naive Cytotoxic	gem_group_1
GTCACCTGAGCCAT-1	CD8+/CD45RA+ Naive Cytotoxic	gem_group_1
GTCACCTGTATCGG-1	CD4+/CD25 T Reg	gem_group_1
GTCATACTGAAGGC-1	CD56+ NK	gem_group_1
GTCCAAGAAGTAGA-1	CD8+/CD45RA+ Naive Cytotoxic	gem_group_1
GTCCACACCTTCTA-1	CD8+/CD45RA+ Naive Cytotoxic	gem_group_1
GTCCACACGCATCA-1	CD8+ Cytotoxic T	gem_group_1
GTCCAGCTGGAGGT-1	CD8+/CD45RA+ Naive Cytotoxic	gem_group_1
GTCCCATGTATGGC-1	CD8+/CD45RA+ Naive Cytotoxic	gem_group_1
GTCGACCTATCACG-1	CD4+/CD25 T Reg	gem_group_1
GTCTAACTGGGACA-1	CD8+ Cytotoxic T	gem_group_1
GTCTAGGACGGAGA-1	CD8+ Cytotoxic T	gem_group_1
GTCTGAGAATCGGT-1	CD4+/CD25 T Reg	gem_group_1
GTGAACACTAGCGT-1	CD4+/CD25 T Reg	gem_group_1
GTGACAACAGACTC-1	CD8+/CD45RA+ Naive Cytotoxic	gem_group_1
GTGACAACTGCTGA-1	CD8+/CD45RA+ Naive Cytotoxic	gem_group_1
GTGACCCTTAGAAG-1	Dendritic	gem_group_1
GTGACCCTTGTCAG-1	CD8+/CD45RA+ Naive Cytotoxic	gem_group_1
GTGATCGAGGAGTG-1	CD4+/CD25 T Reg	gem_group_1
GTGATGACCTGTCC-1	CD56+ NK	gem_group_1
GTGATTCTAACCAC-1	CD4+/CD45RO+ Memory	gem_group_1
GTGCAAACATCTCT-1	CD14+ Monocyte	gem_group_1
GTGCCACTCGATAC-1	CD8+/CD45RA+ Naive Cytotoxic	gem_group_1
GTGCTAGAGCGAGA-1	CD8+/CD45RA+ Naive Cytotoxic	gem_group_1
GTGGAGGAGTGTAC-1	CD8+/CD45RA+ Naive Cytotoxic	gem_group_1
GTGGATTGGTGTTG-1	CD14+ Monocyte	gem_group_1
GTGGTAACCACTCC-1	CD8+ Cytotoxic T	gem_group_1
GTGGTAACGCCTTC-1	CD8+/CD45RA+ Naive Cytotoxic	gem_group_1
GTGTACGACTATTC-1	CD4+/CD25 T Reg	gem_group_1
GTGTACGATAAGGA-1	CD56+ NK	gem_group_1
GTGTAGTGCCGATA-1	CD8+ Cytotoxic T	gem_group_1
GTGTATCTGGTGGA-1	CD19+ B	gem_group_1
GTGTCAGACAACTG-1	CD8+/CD45RA+ Naive Cytotoxic	gem_group_1
GTGTGATGAACGAA-1	CD8+/CD45RA+ Naive Cytotoxic	gem_group_1
GTTAAAACAGCGTT-1	CD8+ Cytotoxic T	gem_group_1
GTTAAAACCCACAA-1	CD8+ Cytotoxic T	gem_group_1
GTTAAAACTAAGGA-1	CD4+/CD25 T Reg	gem_group_1
GTTAAATGTGGCAT-1	CD56+ NK	gem_group_1
GTTACGGACCGCTT-1	CD14+ Monocyte	gem_group_1
GTTACTACGTTGTG-1	CD8+/CD45RA+ Naive Cytotoxic	gem_group_1
GTTAGGTGTGACAC-1	CD56+ NK	gem_group_1
GTTATAGACTTGGA-1	CD56+ NK	gem_group_1
GTTATCTGTTTGGG-1	CD4+/CD25 T Reg	gem_group_1
GTTCATACCGGAGA-1	CD14+ Monocyte	gem_group_1
GTTCATACTTACTC-1	CD4+/CD45RO+ Memory	gem_group_1
GTTGACGACTATTC-1	CD8+/CD45RA+ Naive Cytotoxic	gem_group_1
GTTGACGATGCTGA-1	CD8+ Cytotoxic T	gem_group_1
GTTGACGATTTGGG-1	CD56+ NK	gem_group_1
GTTGGATGTTCGTT-1	CD4+/CD25 T Reg	gem_group_1
GTTGTACTAAGTGA-1	CD8+ Cytotoxic T	gem_group_1
GTTTAAGATAAAGG-1	CD8+/CD45RA+ Naive Cytotoxic	gem_group_1
TAAACAACGAGCTT-1	CD4+/CD45RO+ Memory	gem_group_1
TAAAGACTTGCGTA-1	CD8+/CD45RA+ Naive Cytotoxic	gem_group_1
TAAAGTTGTAGACC-1	CD8+/CD45RA+ Naive Cytotoxic	gem_group_1
TAAAGTTGTGAAGA-1	CD19+ B	gem_group_1
TAAATCGAGCCCTT-1	CD56+ NK	gem_group_1
TAACACCTCTGGAT-1	CD8+ Cytotoxic T	gem_group_1
TAACCGGACCAGTA-1	CD8+ Cytotoxic T	gem_group_1
TAACCGGAGAGACG-1	CD14+ Monocyte	gem_group_1
TAACTCACCCAGTA-1	CD8+/CD45RA+ Naive Cytotoxic	gem_group_1
TAACTCACCGCCTT-1	CD8+ Cytotoxic T	gem_group_1
TAACTCACGGACAG-1	CD34+	gem_group_1
TAAGAGGAGCTAAC-1	CD19+ B	gem_group_1
TAAGCGTGTTCCGC-1	CD8+/CD45RA+ Naive Cytotoxic	gem_group_1
TAAGCTCTTAGAGA-1	CD4+/CD45RO+ Memory	gem_group_1
TAAGGCTGAGAGTA-1	CD8+ Cytotoxic T	gem_group_1
TAAGGGCTGGGCAA-1	CD8+/CD45RA+ Naive Cytotoxic	gem_group_1
TAAGGGCTGTATGC-1	CD19+ B	gem_group_1
TAAGTCCTCATTGG-1	CD14+ Monocyte	gem_group_1
TAATCGCTCACAAC-1	CD8+/CD45RA+ Naive Cytotoxic	gem_group_1
TAATCGCTCTATGG-1	CD14+ Monocyte	gem_group_1
TAATCGCTGATAAG-1	CD8+ Cytotoxic T	gem_group_1
TAATGAACTAACGC-1	CD56+ NK	gem_group_1
TAATGTGAGCTAAC-1	CD8+ Cytotoxic T	gem_group_1
TACAAATGACCCAA-1	CD8+ Cytotoxic T	gem_group_1
TACAATGAAGGTTC-1	CD19+ B	gem_group_1
TACAATGATTAGGC-1	CD8+ Cytotoxic T	gem_group_1
TACAATGATTATCC-1	CD19+ B	gem_group_1
TACACACTAGAACA-1	CD8+/CD45RA+ Naive Cytotoxic	gem_group_1
TACATCACCGCTAA-1	CD8+/CD45RA+ Naive Cytotoxic	gem_group_1
TACATCACTCGTTT-1	CD8+/CD45RA+ Naive Cytotoxic	gem_group_1
TACCATTGGCTTAG-1	CD8+/CD45RA+ Naive Cytotoxic	gem_group_1
TACCGAGAACCCTC-1	CD4+/CD25 T Reg	gem_group_1
TACCGAGATTACCT-1	CD14+ Monocyte	gem_group_1
TACGACGAAAGTAG-1	CD56+ NK	gem_group_1
TACGAGACGAATCC-1	CD8+/CD45RA+ Naive Cytotoxic	gem_group_1
TACGCCACATCTTC-1	CD8+ Cytotoxic T	gem_group_1
TACGCCACCCATAG-1	Dendritic	gem_group_1
TACGCGCTCTTGCC-1	CD4+/CD45RO+ Memory	gem_group_1
TACGCGCTTATGGC-1	Dendritic	gem_group_1
TACGCGCTTCCGTC-1	CD8+ Cytotoxic T	gem_group_1
TACGGAACGTTTCT-1	CD56+ NK	gem_group_1
TACGTACTCGGGAA-1	CD8+/CD45RA+ Naive Cytotoxic	gem_group_1
TACGTACTGGTATC-1	CD8+/CD45RA+ Naive Cytotoxic	gem_group_1
TACTACACTACGCA-1	CD14+ Monocyte	gem_group_1
TACTCAACGCGATT-1	CD19+ B	gem_group_1
TACTCAACTTCTGT-1	CD8+/CD45RA+ Naive Cytotoxic	gem_group_1
TACTCCCTTGTGCA-1	CD8+/CD45RA+ Naive Cytotoxic	gem_group_1
TACTCTGAACTCTT-1	CD56+ NK	gem_group_1
TACTCTGACGTAGT-1	Dendritic	gem_group_1
TACTCTGATTTCGT-1	CD4+/CD45RO+ Memory	gem_group_1
TACTGGGAACTGTG-1	CD4+/CD25 T Reg	gem_group_1
TACTGGGACCTCGT-1	CD8+ Cytotoxic T	gem_group_1
TACTTGACCCGAAT-1	CD4+/CD25 T Reg	gem_group_1
TACTTGACCTTCTA-1	CD4+/CD25 T Reg	gem_group_1
TACTTTCTAGACTC-1	CD8+ Cytotoxic T	gem_group_1
TAGAAACTCTTTAC-1	CD56+ NK	gem_group_1
TAGAAACTGAGGCA-1	CD8+ Cytotoxic T	gem_group_1
TAGAATACAAAAGC-1	CD8+/CD45RA+ Naive Cytotoxic	gem_group_1
TAGAATACCTTGTT-1	CD4+/CD25 T Reg	gem_group_1
TAGAATACTTGAGC-1	CD8+ Cytotoxic T	gem_group_1
TAGACGTGAGCACT-1	CD8+/CD45RA+ Naive Cytotoxic	gem_group_1
TAGACGTGCTGAGT-1	CD8+/CD45RA+ Naive Cytotoxic	gem_group_1
TAGACGTGGTACGT-1	CD8+/CD45RA+ Naive Cytotoxic	gem_group_1
TAGAGAGAAAAGTG-1	CD8+/CD45RA+ Naive Cytotoxic	gem_group_1
TAGAGAGAAGTTCG-1	CD8+/CD45RA+ Naive Cytotoxic	gem_group_1
TAGAGAGACTTTAC-1	CD14+ Monocyte	gem_group_1
TAGAGCACAAAACG-1	CD8+/CD45RA+ Naive Cytotoxic	gem_group_1
TAGAGCACGCTTCC-1	CD8+/CD45RA+ Naive Cytotoxic	gem_group_1
TAGATCCTACCGAT-1	CD56+ NK	gem_group_1
TAGATTGATCGCAA-1	CD8+/CD45RA+ Naive Cytotoxic	gem_group_1
TAGCATCTTCTAGG-1	CD4+/CD25 T Reg	gem_group_1
TAGCATCTTCTCTA-1	CD56+ NK	gem_group_1
TAGCCCACGTTAGC-1	CD8+/CD45RA+ Naive Cytotoxic	gem_group_1
TAGCCCTGCTGGAT-1	CD4+/CD45RA+/CD25- Naive T	gem_group_1
TAGCCCTGGTCTAG-1	CD14+ Monocyte	gem_group_1
TAGCGATGACGCAT-1	CD56+ NK	gem_group_1
TAGCGATGAGGAGC-1	CD8+ Cytotoxic T	gem_group_1
TAGGACTGACGGTT-1	CD8+ Cytotoxic T	gem_group_1
TAGGACTGGGCGAA-1	CD8+/CD45RA+ Naive Cytotoxic	gem_group_1
TAGGCATGGCTTAG-1	CD8+/CD45RA+ Naive Cytotoxic	gem_group_1
TAGGCTGACAATCG-1	CD56+ NK	gem_group_1
TAGGCTGAGGACAG-1	CD4+/CD25 T Reg	gem_group_1
TAGGGACTATCGAC-1	CD4+/CD45RO+ Memory	gem_group_1
TAGGTCGAATGCCA-1	CD56+ NK	gem_group_1
TAGGTCGAATTTCC-1	CD19+ B	gem_group_1
TAGGTGACGACAAA-1	CD4+/CD25 T Reg	gem_group_1
TAGGTTCTCTCGCT-1	CD8+/CD45RA+ Naive Cytotoxic	gem_group_1
TAGTAATGTCTCTA-1	CD19+ B	gem_group_1
TAGTATGAATCAGC-1	CD8+/CD45RA+ Naive Cytotoxic	gem_group_1
TAGTCACTCTACGA-1	Dendritic	gem_group_1
TAGTCACTCTGTTT-1	CD8+ Cytotoxic T	gem_group_1
TAGTCACTTTCGTT-1	CD4+/CD25 T Reg	gem_group_1
TAGTCGGAACCCAA-1	Dendritic	gem_group_1
TAGTCGGACAAAGA-1	CD8+ Cytotoxic T	gem_group_1
TAGTCGGATGCCAA-1	CD8+ Cytotoxic T	gem_group_1
TAGTGGTGATCTCT-1	CD8+ Cytotoxic T	gem_group_1
TAGTTAGACGCATA-1	Dendritic	gem_group_1
TATAAGACTCGCAA-1	CD4+/CD45RO+ Memory	gem_group_1
TATAAGTGTCGATG-1	CD8+ Cytotoxic T	gem_group_1
TATACCACCCGAAT-1	CD8+/CD45RA+ Naive Cytotoxic	gem_group_1
TATAGATGGTGTTG-1	CD8+/CD45RA+ Naive Cytotoxic	gem_group_1
TATAGCCTGATAAG-1	CD8+/CD45RA+ Naive Cytotoxic	gem_group_1
TATCACTGGCTGAT-1	CD8+/CD45RA+ Naive Cytotoxic	gem_group_1
TATCAGCTAGGCGA-1	CD8+/CD45RA+ Naive Cytotoxic	gem_group_1
TATCAGCTCCACAA-1	CD4+/CD45RO+ Memory	gem_group_1
TATCCTGAGAGCAG-1	CD56+ NK	gem_group_1
TATCTCGATCGACA-1	CD8+/CD45RA+ Naive Cytotoxic	gem_group_1
TATCTGACCTAGAC-1	CD8+/CD45RA+ Naive Cytotoxic	gem_group_1
TATCTGACGACGAG-1	CD56+ NK	gem_group_1
TATGAATGCGCAAT-1	CD8+ Cytotoxic T	gem_group_1
TATGAATGTGGAGG-1	CD8+/CD45RA+ Naive Cytotoxic	gem_group_1
TATGCGGATACGCA-1	CD19+ B	gem_group_1
TATGGGACCCATAG-1	Dendritic	gem_group_1
TATGTGCTCCGCTT-1	CD4+/CD45RO+ Memory	gem_group_1
TATTGCTGAGTACC-1	CD8+ Cytotoxic T	gem_group_1
TATTGCTGGAGATA-1	CD4+/CD45RO+ Memory	gem_group_1
TATTGCTGTAAGGA-1	CD8+ Cytotoxic T	gem_group_1
TATTGCTGTTCGTT-1	CD56+ NK	gem_group_1
TCAACACTTGTCTT-1	CD8+ Cytotoxic T	gem_group_1
TCAAGGTGAAGAGT-1	CD8+/CD45RA+ Naive Cytotoxic	gem_group_1
TCAATAGAAAAAGC-1	CD8+ Cytotoxic T	gem_group_1
TCACATACCGATAC-1	CD14+ Monocyte	gem_group_1
TCACCCGAGGTGGA-1	CD8+ Cytotoxic T	gem_group_1
TCACCTCTGAGGAC-1	CD4+/CD45RA+/CD25- Naive T	gem_group_1
TCAGACGAAAAACG-1	CD8+ Cytotoxic T	gem_group_1
TCAGAGACGTGCAT-1	CD14+ Monocyte	gem_group_1
TCAGCGCTCTTGGA-1	CD8+ Cytotoxic T	gem_group_1
TCAGCGCTGAGAGC-1	CD56+ NK	gem_group_1
TCAGGATGTAAGCC-1	CD4+/CD25 T Reg	gem_group_1
TCAGTACTACCCAA-1	CD8+/CD45RA+ Naive Cytotoxic	gem_group_1
TCAGTACTATACCG-1	CD8+/CD45RA+ Naive Cytotoxic	gem_group_1
TCAGTACTTGCTGA-1	CD4+/CD45RA+/CD25- Naive T	gem_group_1
TCAGTTACCGATAC-1	CD8+ Cytotoxic T	gem_group_1
TCAGTTACTCAGGT-1	CD8+/CD45RA+ Naive Cytotoxic	gem_group_1
TCAGTTACTGCTTT-1	CD8+ Cytotoxic T	gem_group_1
TCATCATGATCGTG-1	CD56+ NK	gem_group_1
TCATCCCTGTGTCA-1	CD19+ B	gem_group_1
TCATGTACATCGAC-1	CD8+ Cytotoxic T	gem_group_1
TCATTCGATACTGG-1	CD8+/CD45RA+ Naive Cytotoxic	gem_group_1
TCATTCGATCTTTG-1	CD8+ Cytotoxic T	gem_group_1
TCATTGACGTCATG-1	CD8+ Cytotoxic T	gem_group_1
TCATTGACTGGTAC-1	CD4+/CD25 T Reg	gem_group_1
TCCAGAGAGGCGAA-1	CD8+ Cytotoxic T	gem_group_1
TCCCAGACTCGCTC-1	CD8+ Cytotoxic T	gem_group_1
TCCCATCTTGACCA-1	CD8+/CD45RA+ Naive Cytotoxic	gem_group_1
TCCCATCTTTCTTG-1	CD8+ Cytotoxic T	gem_group_1
TCCCGAACACCTGA-1	CD4+/CD25 T Reg	gem_group_1
TCCCGAACCTGCAA-1	CD8+/CD45RA+ Naive Cytotoxic	gem_group_1
TCCGAAGATCCTAT-1	CD4+/CD45RO+ Memory	gem_group_1
TCCGAAGATTGCTT-1	CD8+/CD45RA+ Naive Cytotoxic	gem_group_1
TCCGAGCTCGAATC-1	CD8+/CD45RA+ Naive Cytotoxic	gem_group_1
TCCGGACTACCTAG-1	CD8+/CD45RA+ Naive Cytotoxic	gem_group_1
TCCGGACTCCTTTA-1	CD19+ B	gem_group_1
TCCGGACTTTGCTT-1	CD8+ Cytotoxic T	gem_group_1
TCCTAAACAACCGT-1	CD14+ Monocyte	gem_group_1
TCCTAAACGTGCAT-1	CD56+ NK	gem_group_1
TCCTAATGCTCTAT-1	CD56+ NK	gem_group_1
TCCTACCTCTGTTT-1	CD8+ Cytotoxic T	gem_group_1
TCCTATGAGACAGG-1	CD8+/CD45RA+ Naive Cytotoxic	gem_group_1
TCCTATGAGCAGAG-1	CD8+/CD45RA+ Naive Cytotoxic	gem_group_1
TCGAATCTTGTGAC-1	CD4+/CD45RA+/CD25- Naive T	gem_group_1
TCGAGAACTCAGGT-1	CD8+ Cytotoxic T	gem_group_1
TCGAGAACTTGACG-1	CD8+/CD45RA+ Naive Cytotoxic	gem_group_1
TCGAGCCTCATCAG-1	CD4+/CD25 T Reg	gem_group_1
TCGAGCCTGACAAA-1	CD34+	gem_group_1
TCGATTTGCTCCCA-1	CD8+/CD45RA+ Naive Cytotoxic	gem_group_1
TCGCACTGAGCGTT-1	CD8+/CD45RA+ Naive Cytotoxic	gem_group_1
TCGGACCTTGCATG-1	CD8+/CD45RA+ Naive Cytotoxic	gem_group_1
TCGGCACTCGAGTT-1	CD4+/CD45RA+/CD25- Naive T	gem_group_1
TCGGCACTCTTCGC-1	CD8+ Cytotoxic T	gem_group_1
TCGGTAGACCATGA-1	CD56+ NK	gem_group_1
TCGGTAGAGTCACA-1	CD8+/CD45RA+ Naive Cytotoxic	gem_group_1
TCTAACACGGAGCA-1	CD56+ NK	gem_group_1
TCTAACTGAGACTC-1	CD8+ Cytotoxic T	gem_group_1
TCTACAACCCAACA-1	CD19+ B	gem_group_1
TCTACAACGACGTT-1	CD8+ Cytotoxic T	gem_group_1
TCTACAACTTACCT-1	CD19+ B	gem_group_1
TCTAGACTGTCTTT-1	CD19+ B	gem_group_1
TCTAGACTTTTACC-1	CD4+/CD45RA+/CD25- Naive T	gem_group_1
TCTCTAGAAGATGA-1	CD8+ Cytotoxic T	gem_group_1
TCTCTAGACCCTCA-1	CD8+ Cytotoxic T	gem_group_1
TCTCTAGAGAGGCA-1	CD19+ B	gem_group_1
TCTCTAGATATCTC-1	CD8+/CD45RA+ Naive Cytotoxic	gem_group_1
TCTCTAGATCTTTG-1	CD8+ Cytotoxic T	gem_group_1
TCTGATACACCTGA-1	CD8+/CD45RA+ Naive Cytotoxic	gem_group_1
TCTGATACAGTCGT-1	CD8+/CD45RA+ Naive Cytotoxic	gem_group_1
TCTGATACGATAGA-1	CD19+ B	gem_group_1
TCTGATACTGCACA-1	Dendritic	gem_group_1
TCTGATACTTAGGC-1	CD8+ Cytotoxic T	gem_group_1
TCTGATACTTCTGT-1	CD8+ Cytotoxic T	gem_group_1
TCTTACGAGCTGTA-1	Dendritic	gem_group_1
TCTTCAGAGGTAGG-1	CD19+ B	gem_group_1
TCTTGATGTTGCTT-1	CD8+ Cytotoxic T	gem_group_1
TGAACCGACTCTCG-1	CD56+ NK	gem_group_1
TGAAGCACCTATTC-1	CD8+ Cytotoxic T	gem_group_1
TGAAGCTGTGAGCT-1	CD8+/CD45RA+ Naive Cytotoxic	gem_group_1
TGACACGAAGAAGT-1	CD56+ NK	gem_group_1
TGACACGAAGAATG-1	CD4+/CD25 T Reg	gem_group_1
TGACACGAGCATCA-1	CD8+/CD45RA+ Naive Cytotoxic	gem_group_1
TGACACGATAGCGT-1	CD19+ B	gem_group_1
TGACCAGACGACTA-1	CD56+ NK	gem_group_1
TGACCAGATGCGTA-1	CD4+/CD45RO+ Memory	gem_group_1
TGACGATGACCTAG-1	CD4+/CD45RO+ Memory	gem_group_1
TGACGATGTGGATC-1	CD56+ NK	gem_group_1
TGACGCCTCTAGTG-1	CD8+ Cytotoxic T	gem_group_1
TGACTGGACAAAGA-1	CD8+ Cytotoxic T	gem_group_1
TGACTTACAACCAC-1	CD8+ Cytotoxic T	gem_group_1
TGACTTACCGTAGT-1	CD8+ Cytotoxic T	gem_group_1
TGAGACACCCCGTT-1	CD56+ NK	gem_group_1
TGAGACACGGACAG-1	CD8+/CD45RA+ Naive Cytotoxic	gem_group_1
TGAGCAACCATTGG-1	CD4+/CD45RO+ Memory	gem_group_1
TGAGCTGAAACCGT-1	CD19+ B	gem_group_1
TGAGCTGAGCTACA-1	CD8+/CD45RA+ Naive Cytotoxic	gem_group_1
TGAGTGACACCGAT-1	CD8+/CD45RA+ Naive Cytotoxic	gem_group_1
TGATAAACATGACC-1	CD4+/CD25 T Reg	gem_group_1
TGATACCTTCCCAC-1	CD14+ Monocyte	gem_group_1
TGATCACTATGACC-1	CD8+ Cytotoxic T	gem_group_1
TGATCGGATAGAGA-1	CD8+/CD45RA+ Naive Cytotoxic	gem_group_1
TGATCGGATTACCT-1	CD14+ Monocyte	gem_group_1
TGATTAGAATTGGC-1	CD8+ Cytotoxic T	gem_group_1
TGATTAGATGTTCT-1	CD8+ Cytotoxic T	gem_group_1
TGCAACGACACAAC-1	CD8+ Cytotoxic T	gem_group_1
TGCAACGAGGTTCA-1	CD14+ Monocyte	gem_group_1
TGCAAGACAAAAGC-1	CD56+ NK	gem_group_1
TGCACAGACACTTT-1	CD8+ Cytotoxic T	gem_group_1
TGCACGCTCAAAGA-1	CD8+ Cytotoxic T	gem_group_1
TGCAGATGCTGTAG-1	CD8+/CD45RA+ Naive Cytotoxic	gem_group_1
TGCCAAGAGGTTTG-1	CD8+ Cytotoxic T	gem_group_1
TGCCACTGGGTGGA-1	CD8+/CD45RA+ Naive Cytotoxic	gem_group_1
TGCCAGCTTCTACT-1	CD56+ NK	gem_group_1
TGCGAAACAGAATG-1	CD56+ NK	gem_group_1
TGCGAAACCACTCC-1	CD8+ Cytotoxic T	gem_group_1
TGCGATGATTACTC-1	CD56+ NK	gem_group_1
TGCGTAGAAAGGTA-1	CD8+/CD45RA+ Naive Cytotoxic	gem_group_1
TGCGTAGATTCTGT-1	CD8+/CD45RA+ Naive Cytotoxic	gem_group_1
TGCTAGGAAAGGTA-1	CD14+ Monocyte	gem_group_1
TGCTAGGAGAGCAG-1	CD4+/CD25 T Reg	gem_group_1
TGCTAGGATGAGCT-1	CD4+/CD25 T Reg	gem_group_1
TGCTATACAGAGGC-1	CD8+ Cytotoxic T	gem_group_1
TGCTGAGACCAGTA-1	CD56+ NK	gem_group_1
TGCTGAGAGTTGTG-1	CD19+ B	gem_group_1
TGCTGAGAGTTTCT-1	CD14+ Monocyte	gem_group_1
TGGAAAGAAAGATG-1	CD4+/CD45RA+/CD25- Naive T	gem_group_1
TGGAAAGACCGTAA-1	CD4+/CD45RO+ Memory	gem_group_1
TGGAAAGATGGAAA-1	CD8+ Cytotoxic T	gem_group_1
TGGAACTGTTGCTT-1	CD19+ B	gem_group_1
TGGACTGAGAGCTT-1	CD4+/CD45RO+ Memory	gem_group_1
TGGAGGGACTTCCG-1	CD4+/CD25 T Reg	gem_group_1
TGGAGGGAGAGCTT-1	CD4+/CD45RA+/CD25- Naive T	gem_group_1
TGGATCGAGTACCA-1	CD8+ Cytotoxic T	gem_group_1
TGGATGTGGAACCT-1	Dendritic	gem_group_1
TGGATGTGGCGTAT-1	CD8+/CD45RA+ Naive Cytotoxic	gem_group_1
TGGATGTGTCAGTG-1	CD8+/CD45RA+ Naive Cytotoxic	gem_group_1
TGGCAATGATAAGG-1	CD8+ Cytotoxic T	gem_group_1
TGGCACCTAGAATG-1	CD8+/CD45RA+ Naive Cytotoxic	gem_group_1
TGGCACCTGAGACG-1	CD8+ Cytotoxic T	gem_group_1
TGGTAGACCCTTCG-1	CD8+/CD45RA+ Naive Cytotoxic	gem_group_1
TGGTAGTGGCAAGG-1	CD8+ Cytotoxic T	gem_group_1
TGGTCAGAAAACGA-1	CD8+ Cytotoxic T	gem_group_1
TGGTCAGATTTACC-1	CD8+/CD45RA+ Naive Cytotoxic	gem_group_1
TGGTTACTGTGTTG-1	CD8+/CD45RA+ Naive Cytotoxic	gem_group_1
TGTAAAACGGTCTA-1	CD4+/CD45RA+/CD25- Naive T	gem_group_1
TGTAACCTCTCTAT-1	CD4+/CD25 T Reg	gem_group_1
TGTAATGAAGATCC-1	CD8+ Cytotoxic T	gem_group_1
TGTAATGAGAGCTT-1	CD8+/CD45RA+ Naive Cytotoxic	gem_group_1
TGTACTTGCCTTTA-1	CD8+/CD45RA+ Naive Cytotoxic	gem_group_1
TGTACTTGTTCAGG-1	CD8+/CD45RA+ Naive Cytotoxic	gem_group_1
TGTAGGTGACCTCC-1	CD56+ NK	gem_group_1
TGTATGCTAAGATG-1	CD8+ Cytotoxic T	gem_group_1
TGTATGCTGGAACG-1	CD56+ NK	gem_group_1
TGTCAGGAGGGCAA-1	CD4+/CD45RO+ Memory	gem_group_1
TGTCAGGATCTCCG-1	CD8+ Cytotoxic T	gem_group_1
TGTCTAACCAAAGA-1	CD8+/CD45RA+ Naive Cytotoxic	gem_group_1
TGTCTAACCGAATC-1	CD56+ NK	gem_group_1
TGTGACGATTGCGA-1	CD8+ Cytotoxic T	gem_group_1
TGTGAGACCTCAAG-1	CD19+ B	gem_group_1
TGTGAGACCTCATT-1	CD56+ NK	gem_group_1
TGTGAGACTTTCTG-1	CD19+ B	gem_group_1
TGTGAGTGTCTTAC-1	CD14+ Monocyte	gem_group_1
TGTGATCTGAGCAG-1	CD14+ Monocyte	gem_group_1
TGTGATCTTTACCT-1	CD8+ Cytotoxic T	gem_group_1
TGTGGATGAAGGCG-1	CD8+/CD45RA+ Naive Cytotoxic	gem_group_1
TGTTAAGATCCTCG-1	CD14+ Monocyte	gem_group_1
TTAACCACAGTGCT-1	CD56+ NK	gem_group_1
TTAACCACTGTCAG-1	CD8+/CD45RA+ Naive Cytotoxic	gem_group_1
TTACAGCTGTGCAT-1	CD8+ Cytotoxic T	gem_group_1
TTACCATGAAACAG-1	CD8+/CD45RA+ Naive Cytotoxic	gem_group_1
TTACCATGGTTACG-1	CD8+/CD45RA+ Naive Cytotoxic	gem_group_1
TTACGACTTAGAGA-1	CD56+ NK	gem_group_1
TTACGTACCCCACT-1	CD19+ B	gem_group_1
TTACGTACCTGCTC-1	CD8+/CD45RA+ Naive Cytotoxic	gem_group_1
TTACGTACGGGCAA-1	CD4+/CD25 T Reg	gem_group_1
TTAGAATGATTGGC-1	CD8+/CD45RA+ Naive Cytotoxic	gem_group_1
TTAGCTACCATGAC-1	CD4+/CD45RO+ Memory	gem_group_1
TTAGGGACCCAATG-1	CD8+ Cytotoxic T	gem_group_1
TTAGGGACTAAAGG-1	CD8+ Cytotoxic T	gem_group_1
TTAGGTCTCTGAGT-1	CD19+ B	gem_group_1
TTAGTCTGGAGGAC-1	CD56+ NK	gem_group_1
TTATGAGACAACTG-1	CD56+ NK	gem_group_1
TTATGAGATCCGAA-1	CD8+ Cytotoxic T	gem_group_1
TTATGAGATCCGTC-1	CD8+ Cytotoxic T	gem_group_1
TTATGGCTAAGGCG-1	CD19+ B	gem_group_1
TTATGGCTCCTACC-1	CD8+/CD45RA+ Naive Cytotoxic	gem_group_1
TTATTCCTCTTCCG-1	CD4+/CD45RO+ Memory	gem_group_1
TTCAACACCTAGTG-1	Dendritic	gem_group_1
TTCAAGCTACGACT-1	CD8+/CD45RA+ Naive Cytotoxic	gem_group_1
TTCAAGCTCAGAGG-1	CD56+ NK	gem_group_1
TTCACCCTCCTCGT-1	CD8+/CD45RA+ Naive Cytotoxic	gem_group_1
TTCAGACTCCCAAA-1	CD8+ Cytotoxic T	gem_group_1
TTCAGTTGCGCTAA-1	CD4+/CD45RA+/CD25- Naive T	gem_group_1
TTCATGACCATTTC-1	Dendritic	gem_group_1
TTCCAAACCCCGTT-1	CD8+/CD45RA+ Naive Cytotoxic	gem_group_1
TTCCAAACTTCTGT-1	CD8+ Cytotoxic T	gem_group_1
TTCCATGAACACGT-1	CD8+/CD45RA+ Naive Cytotoxic	gem_group_1
TTCCATGATGACCA-1	CD19+ B	gem_group_1
TTCCATGATGTTCT-1	CD8+/CD45RA+ Naive Cytotoxic	gem_group_1
TTCCCACTACCTTT-1	CD8+/CD45RA+ Naive Cytotoxic	gem_group_1
TTCCCACTTGTTTC-1	CD19+ B	gem_group_1
TTCCTAGACTGCTC-1	CD8+ Cytotoxic T	gem_group_1
TTCCTAGACTTGGA-1	CD8+ Cytotoxic T	gem_group_1
TTCCTAGAGTACGT-1	CD19+ B	gem_group_1
TTCCTAGAGTTCTT-1	CD19+ B	gem_group_1
TTCGATTGGCATAC-1	CD8+/CD45RA+ Naive Cytotoxic	gem_group_1
TTCGGAGATGCCCT-1	CD8+ Cytotoxic T	gem_group_1
TTCTACGACAGAAA-1	CD8+/CD45RA+ Naive Cytotoxic	gem_group_1
TTCTAGTGTTTGCT-1	CD4+/CD25 T Reg	gem_group_1
TTCTCAGAGAACCT-1	CD19+ B	gem_group_1
TTCTGATGCCAACA-1	CD4+/CD45RA+/CD25- Naive T	gem_group_1
TTCTTACTGAATCC-1	CD8+ Cytotoxic T	gem_group_1
TTCTTACTGTATGC-1	CD4+/CD45RO+ Memory	gem_group_1
TTGAACCTATTCTC-1	CD8+ Cytotoxic T	gem_group_1
TTGAACCTTCTCTA-1	CD8+ Cytotoxic T	gem_group_1
TTGAATGACATGGT-1	CD8+/CD45RA+ Naive Cytotoxic	gem_group_1
TTGACACTTAGCCA-1	CD8+/CD45RA+ Naive Cytotoxic	gem_group_1
TTGACACTTCTTCA-1	CD8+/CD45RA+ Naive Cytotoxic	gem_group_1
TTGACACTTGAGCT-1	CD8+ Cytotoxic T	gem_group_1
TTGATCTGTCGCTC-1	CD4+/CD25 T Reg	gem_group_1
TTGCTAACAGAATG-1	CD8+ Cytotoxic T	gem_group_1
TTGCTAACTTCATC-1	CD8+ Cytotoxic T	gem_group_1
TTGCTATGTCCAAG-1	CD4+/CD25 T Reg	gem_group_1
TTGGAGACTCAAGC-1	CD8+ Cytotoxic T	gem_group_1
TTGGTACTGCTTCC-1	CD8+/CD45RA+ Naive Cytotoxic	gem_group_1
TTGGTACTTGAACC-1	CD8+ Cytotoxic T	gem_group_1
TTGGTACTTTCTAC-1	CD8+/CD45RA+ Naive Cytotoxic	gem_group_1
TTGTAGCTCTGAAC-1	CD8+/CD45RA+ Naive Cytotoxic	gem_group_1
TTGTAGCTGCTGAT-1	CD4+/CD45RA+/CD25- Naive T	gem_group_1
TTGTCATGTTCGTT-1	CD8+/CD45RA+ Naive Cytotoxic	gem_group_1
TTGTCATGTTGTCT-1	CD14+ Monocyte	gem_group_1
TTTAGAGACTCCAC-1	CD19+ B	gem_group_1
TTTAGAGACTTGAG-1	CD8+/CD45RA+ Naive Cytotoxic	gem_group_1
TTTAGCTGTTTACC-1	CD4+/CD45RA+/CD25- Naive T	gem_group_1
TTTATCCTCTCTTA-1	CD4+/CD25 T Reg	gem_group_1
TTTCAGTGCTAGAC-1	CD8+ Cytotoxic T	gem_group_1
TTTCAGTGGTATCG-1	CD8+ Cytotoxic T	gem_group_1
TTTCGAACAAGGTA-1	CD8+/CD45RA+ Naive Cytotoxic	gem_group_1
TTTCGAACAGGCGA-1	CD8+/CD45RA+ Naive Cytotoxic	gem_group_1
TTTCGAACGGTGTT-1	CD4+/CD45RO+ Memory	gem_group_1
TTTCTACTAGCTAC-1	CD8+ Cytotoxic T	gem_group_1
TTTCTACTGGTGAG-1	CD19+ B	gem_group_1
TTTCTACTGTAAGA-1	CD4+/CD25 T Reg	gem_group_1
TTTGACTGCTTCGC-1	CD14+ Monocyte	gem_group_1
AAACATTGTACGAC-2	CD8+/CD45RA+ Naive Cytotoxic	gem_group_2
AAACCGTGCAGGAG-2	CD19+ B	gem_group_2
AAACGCACCCTCGT-2	CD8+ Cytotoxic T	gem_group_2
AAACGCACTGCCCT-2	CD8+ Cytotoxic T	gem_group_2
AAACGGCTATGCTG-2	CD56+ NK	gem_group_2
AAACGGCTCGTCTC-2	CD19+ B	gem_group_2
AAAGACGAATGGTC-2	CD4+/CD25 T Reg	gem_group_2
AAAGACGATTACTC-2	CD8+ Cytotoxic T	gem_group_2
AAAGAGACTTCCCG-2	CD8+ Cytotoxic T	gem_group_2
AAAGCAGATTATCC-2	CD19+ B	gem_group_2
AAAGCCTGGATACC-2	CD8+/CD45RA+ Naive Cytotoxic	gem_group_2
AAAGGCCTCCTATT-2	CD8+/CD45RA+ Naive Cytotoxic	gem_group_2
AAATCATGCCCGTT-2	CD8+/CD45RA+ Naive Cytotoxic	gem_group_2
AAATCATGCTAAGC-2	Dendritic	gem_group_2
AAATCATGGCAGAG-2	CD8+/CD45RA+ Naive Cytotoxic	gem_group_2
AAATCCCTGGTCAT-2	CD19+ B	gem_group_2
AAATCTGATAGAAG-2	CD8+ Cytotoxic T	gem_group_2
AAATGGGAGACAAA-2	CD8+ Cytotoxic T	gem_group_2
AAATGTTGTTCATC-2	CD8+/CD45RA+ Naive Cytotoxic	gem_group_2
AAATTCGAAAAGTG-2	CD8+/CD45RA+ Naive Cytotoxic	gem_group_2
AAATTGACTACGAC-2	CD8+ Cytotoxic T	gem_group_2
AACAATACCAGTTG-2	Dendritic	gem_group_2
AACAGCACAGTGCT-2	CD8+/CD45RA+ Naive Cytotoxic	gem_group_2
AACAGCACCTACTT-2	CD19+ B	gem_group_2
AACCACGACATACG-2	CD8+/CD45RA+ Naive Cytotoxic	gem_group_2
AACCAGTGACTACG-2	CD8+/CD45RA+ Naive Cytotoxic	gem_group_2
AACCGATGCTGTTT-2	CD8+ Cytotoxic T	gem_group_2
AACCGATGGGAAGC-2	CD8+/CD45RA+ Naive Cytotoxic	gem_group_2
AACCTACTTGACAC-2	CD8+/CD45RA+ Naive Cytotoxic	gem_group_2
AACCTTACCACTAG-2	CD8+/CD45RA+ Naive Cytotoxic	gem_group_2
AACGCAACCAGTCA-2	CD8+/CD45RA+ Naive Cytotoxic	gem_group_2
AACGCAACGGAAGC-2	CD8+/CD45RA+ Naive Cytotoxic	gem_group_2
AACGCAACGTTCGA-2	CD8+ Cytotoxic T	gem_group_2
AACGCATGCCGAAT-2	CD56+ NK	gem_group_2
AACGCATGGCTAAC-2	CD56+ NK	gem_group_2
AACGCCCTTAGTCG-2	CD8+ Cytotoxic T	gem_group_2
AACGTCGATTTACC-2	CD8+ Cytotoxic T	gem_group_2
AACTACCTTCTACT-2	CD8+ Cytotoxic T	gem_group_2
AACTCACTCCTTTA-2	CD4+/CD25 T Reg	gem_group_2
AACTCACTGACAGG-2	CD8+ Cytotoxic T	gem_group_2
AACTCACTGAGCTT-2	CD8+ Cytotoxic T	gem_group_2
AACTCACTTGTCTT-2	CD4+/CD25 T Reg	gem_group_2
AACTCGGACCTATT-2	CD56+ NK	gem_group_2
AACTCTTGGGTGAG-2	CD4+/CD25 T Reg	gem_group_2
AACTGTCTCGATAC-2	CD8+ Cytotoxic T	gem_group_2
AACTGTCTGGACGA-2	Dendritic	gem_group_2
AACTGTCTTAGCCA-2	CD8+/CD45RA+ Naive Cytotoxic	gem_group_2
AACTTGCTTTTGGG-2	CD8+/CD45RA+ Naive Cytotoxic	gem_group_2
AAGAACGACGTACA-2	CD14+ Monocyte	gem_group_2
AAGAATCTTGGTGT-2	CD8+ Cytotoxic T	gem_group_2
AAGACAGATAAGGA-2	CD19+ B	gem_group_2
AAGAGATGGGGCAA-2	CD4+/CD45RO+ Memory	gem_group_2
AAGATGGAGGAACG-2	Dendritic	gem_group_2
AAGATGGATACTTC-2	CD8+/CD45RA+ Naive Cytotoxic	gem_group_2
AAGATTACGGTTAC-2	CD4+/CD25 T Reg	gem_group_2
AAGCAAGAACACTG-2	CD19+ B	gem_group_2
AAGCAAGACGGAGA-2	CD4+/CD25 T Reg	gem_group_2
AAGCAAGATCTCCG-2	CD19+ B	gem_group_2
AAGCCAACAGCGTT-2	CD4+/CD45RO+ Memory	gem_group_2
AAGCCAACTTGACG-2	CD19+ B	gem_group_2
AAGCCTGACTGATG-2	CD8+/CD45RA+ Naive Cytotoxic	gem_group_2
AAGCCTGATTCGCC-2	CD8+/CD45RA+ Naive Cytotoxic	gem_group_2
AAGCGTACTGAGGG-2	CD8+/CD45RA+ Naive Cytotoxic	gem_group_2
AAGGCTTGCCTACC-2	CD8+ Cytotoxic T	gem_group_2
AAGGCTTGTAGAAG-2	CD8+ Cytotoxic T	gem_group_2
AAGGTCACACTTTC-2	CD8+/CD45RA+ Naive Cytotoxic	gem_group_2
AAGGTCACGAGGAC-2	CD56+ NK	gem_group_2
AAGGTCACTTTGTC-2	CD56+ NK	gem_group_2
AAGGTCTGCACAAC-2	CD4+ T Helper2	gem_group_2
AAGGTCTGCCCGTT-2	CD8+/CD45RA+ Naive Cytotoxic	gem_group_2
AAGGTGCTCCAATG-2	CD8+/CD45RA+ Naive Cytotoxic	gem_group_2
AAGTAACTACGCAT-2	CD19+ B	gem_group_2
AAGTAACTGCGAAG-2	CD8+ Cytotoxic T	gem_group_2
AAGTAGGATGTCAG-2	CD8+ Cytotoxic T	gem_group_2
AAGTCCGACGCTAA-2	CD8+ Cytotoxic T	gem_group_2
AAGTCTCTTAAAGG-2	CD56+ NK	gem_group_2
AATAACACTTTGTC-2	CD19+ B	gem_group_2
AATAAGCTACACAC-2	CD4+/CD25 T Reg	gem_group_2
AATAAGCTCATCAG-2	CD56+ NK	gem_group_2
AATACCCTACTCAG-2	CD4+/CD25 T Reg	gem_group_2
AATACTGACTTCCG-2	CD8+/CD45RA+ Naive Cytotoxic	gem_group_2
AATACTGATATCTC-2	CD4+/CD45RA+/CD25- Naive T	gem_group_2
AATAGGGAGGATCT-2	CD19+ B	gem_group_2
AATAGGGAGGTAAA-2	CD8+ Cytotoxic T	gem_group_2
AATATCGACTTGTT-2	CD8+ Cytotoxic T	gem_group_2
AATCAAACCCTATT-2	CD4+/CD45RO+ Memory	gem_group_2
AATCCGGAAAGGTA-2	CD8+ Cytotoxic T	gem_group_2
AATCCGGATACAGC-2	CD8+ Cytotoxic T	gem_group_2
AATCCTACGTTCTT-2	CD8+ Cytotoxic T	gem_group_2
AATCCTTGTCTATC-2	Dendritic	gem_group_2
AATCGGTGTCCTTA-2	CD4+/CD25 T Reg	gem_group_2
AATCTCACACCGAT-2	CD4+/CD25 T Reg	gem_group_2
AATCTCACTGAGAA-2	CD56+ NK	gem_group_2
AATCTCACTGATGC-2	CD8+ Cytotoxic T	gem_group_2
AATCTCACTGTCTT-2	CD8+ Cytotoxic T	gem_group_2
AATCTCTGAGTGTC-2	CD19+ B	gem_group_2
AATGAGGATGTGCA-2	CD19+ B	gem_group_2
AATGTAACGTCGAT-2	CD56+ NK	gem_group_2
AATGTAACTCTTTG-2	CD19+ B	gem_group_2
AATGTTGAGGCAAG-2	CD8+/CD45RA+ Naive Cytotoxic	gem_group_2
AATTACGAGTAGCT-2	CD8+ Cytotoxic T	gem_group_2
AATTGATGAAGCAA-2	CD8+ Cytotoxic T	gem_group_2
AATTGTGAGAATGA-2	CD8+ Cytotoxic T	gem_group_2
AATTGTGATCATTC-2	CD4+/CD25 T Reg	gem_group_2
ACAAATTGGCTGAT-2	CD56+ NK	gem_group_2
ACAAATTGGGTGTT-2	CD8+ Cytotoxic T	gem_group_2
ACAACCGATATGGC-2	CD4+/CD25 T Reg	gem_group_2
ACAAGCACCACACA-2	CD8+/CD45RA+ Naive Cytotoxic	gem_group_2
ACAATCCTAGTGCT-2	CD4+/CD25 T Reg	gem_group_2
ACAATCCTTCGTTT-2	CD4+/CD45RO+ Memory	gem_group_2
ACACAGACAAGGCG-2	CD4+/CD25 T Reg	gem_group_2
ACACAGACGCGGAA-2	CD4+/CD25 T Reg	gem_group_2
ACACAGACGGAAGC-2	CD8+ Cytotoxic T	gem_group_2
ACACAGACTCTGGA-2	CD8+ Cytotoxic T	gem_group_2
ACACATCTCCTCCA-2	CD8+ Cytotoxic T	gem_group_2
ACACATCTTGTTTC-2	CD4+/CD45RA+/CD25- Naive T	gem_group_2
ACACGAACGGGAGT-2	CD34+	gem_group_2
ACACGAACGTTACG-2	CD4+/CD45RA+/CD25- Naive T	gem_group_2
ACACGAACTCGCCT-2	CD8+ Cytotoxic T	gem_group_2
ACACGAACTTCACT-2	CD56+ NK	gem_group_2
ACAGGTACAAGTGA-2	CD19+ B	gem_group_2
ACAGGTACACCGAT-2	CD19+ B	gem_group_2
ACAGGTACGTCCTC-2	CD4+/CD45RO+ Memory	gem_group_2
ACAGGTACTACGCA-2	CD8+ Cytotoxic T	gem_group_2
ACAGTCGAATGCTG-2	CD8+ Cytotoxic T	gem_group_2
ACAGTCGACTGACA-2	CD8+/CD45RA+ Naive Cytotoxic	gem_group_2
ACAGTGACCATCAG-2	CD8+ Cytotoxic T	gem_group_2
ACATCACTCAGAAA-2	CD4+/CD25 T Reg	gem_group_2
ACATCACTCCCTCA-2	CD8+/CD45RA+ Naive Cytotoxic	gem_group_2
ACATCACTGGACAG-2	CD8+ Cytotoxic T	gem_group_2
ACATTCTGCTTTAC-2	CD8+/CD45RA+ Naive Cytotoxic	gem_group_2
ACCAACGAAAGCAA-2	CD8+ Cytotoxic T	gem_group_2
ACCACAGACTCCAC-2	CD56+ NK	gem_group_2
ACCACGCTGCAGTT-2	CD8+ Cytotoxic T	gem_group_2
ACCACGCTTTACCT-2	CD8+ Cytotoxic T	gem_group_2
ACCATTACGGAAGC-2	CD8+ Cytotoxic T	gem_group_2
ACCATTACTACTCT-2	CD8+ Cytotoxic T	gem_group_2
ACCATTTGAGAGGC-2	CD4+/CD25 T Reg	gem_group_2
ACCCGTACGAACCT-2	CD19+ B	gem_group_2
ACCCGTACGGCAAG-2	CD8+/CD45RA+ Naive Cytotoxic	gem_group_2
ACCCGTACGTTGAC-2	CD8+ Cytotoxic T	gem_group_2
ACCCTCGAAAGTGA-2	CD8+ Cytotoxic T	gem_group_2
ACCGAAACTAGACC-2	CD8+ Cytotoxic T	gem_group_2
ACCGCGGACGTAAC-2	CD8+/CD45RA+ Naive Cytotoxic	gem_group_2
ACCGCGGATTCGTT-2	CD56+ NK	gem_group_2
ACCTATTGGAAAGT-2	CD8+/CD45RA+ Naive Cytotoxic	gem_group_2
ACCTCGTGTGAGGG-2	CD4+/CD45RO+ Memory	gem_group_2
ACCTCGTGTTTGTC-2	CD8+ Cytotoxic T	gem_group_2
ACCTGGCTCCAATG-2	CD8+ Cytotoxic T	gem_group_2
ACCTGGCTCCGATA-2	CD56+ NK	gem_group_2
ACCTTTGAGACAGG-2	CD14+ Monocyte	gem_group_2
ACGAACACAGAGTA-2	CD4+/CD25 T Reg	gem_group_2
ACGAACACGCTGTA-2	CD8+ Cytotoxic T	gem_group_2
ACGAACTGCAACTG-2	CD8+/CD45RA+ Naive Cytotoxic	gem_group_2
ACGAAGCTTGAACC-2	CD8+/CD45RA+ Naive Cytotoxic	gem_group_2
ACGACAACGGTTAC-2	CD56+ NK	gem_group_2
ACGATCGATTTCAC-2	CD19+ B	gem_group_2
ACGATGACACTAGC-2	CD8+ Cytotoxic T	gem_group_2
ACGATGACCTGTAG-2	CD8+/CD45RA+ Naive Cytotoxic	gem_group_2
ACGCAATGCGTTGA-2	CD14+ Monocyte	gem_group_2
ACGCACCTTGTCGA-2	CD8+ Cytotoxic T	gem_group_2
ACGCCGGACTTGGA-2	CD8+ Cytotoxic T	gem_group_2
ACGCTGCTCGTGTA-2	CD56+ NK	gem_group_2
ACGCTGCTTTCGGA-2	CD8+/CD45RA+ Naive Cytotoxic	gem_group_2
ACGGAACTGAATAG-2	CD8+ Cytotoxic T	gem_group_2
ACGGAACTTTACCT-2	CD4+/CD25 T Reg	gem_group_2
ACGGAGGATACGAC-2	CD8+ Cytotoxic T	gem_group_2
ACGGATTGGTACAC-2	CD56+ NK	gem_group_2
ACGGCGTGACGTGT-2	CD8+ Cytotoxic T	gem_group_2
ACGGGAGACAGGAG-2	CD8+/CD45RA+ Naive Cytotoxic	gem_group_2
ACGGGAGATTCTAC-2	CD4+/CD45RO+ Memory	gem_group_2
ACGGTATGCATTTC-2	CD4+/CD25 T Reg	gem_group_2
ACGGTATGCTGTTT-2	CD19+ B	gem_group_2
ACGTAGACCCTTTA-2	CD8+/CD45RA+ Naive Cytotoxic	gem_group_2
ACGTGATGGTCATG-2	CD56+ NK	gem_group_2
ACGTGATGTGTCCC-2	CD8+ Cytotoxic T	gem_group_2
ACGTGCCTGAGACG-2	CD8+/CD45RA+ Naive Cytotoxic	gem_group_2
ACGTTACTGTCTGA-2	Dendritic	gem_group_2
ACTACTACTACTCT-2	CD8+ Cytotoxic T	gem_group_2
ACTAGGTGCTACCC-2	CD14+ Monocyte	gem_group_2
ACTATCACGGCAAG-2	CD19+ B	gem_group_2
ACTATCACTGCATG-2	CD8+ Cytotoxic T	gem_group_2
ACTATCACTGTGGT-2	CD8+ Cytotoxic T	gem_group_2
ACTCAGGATTCGTT-2	CD8+/CD45RA+ Naive Cytotoxic	gem_group_2
ACTCCCGAATCTCT-2	CD56+ NK	gem_group_2
ACTCCTCTTCCTCG-2	CD8+/CD45RA+ Naive Cytotoxic	gem_group_2
ACTCCTCTTCTCCG-2	CD56+ NK	gem_group_2
ACTCGAGAAGCATC-2	CD56+ NK	gem_group_2
ACTCGCACGCATCA-2	CD19+ B	gem_group_2
ACTCTCCTGCATAC-2	CD4+/CD25 T Reg	gem_group_2
ACTCTCCTTTCGTT-2	CD56+ NK	gem_group_2
ACTGAGACACCTCC-2	Dendritic	gem_group_2
ACTGAGACCATGCA-2	CD8+ Cytotoxic T	gem_group_2
ACTGAGACGTTTGG-2	CD56+ NK	gem_group_2
ACTGCCACACCTAG-2	CD8+/CD45RA+ Naive Cytotoxic	gem_group_2
ACTGCCTGAGCTAC-2	CD56+ NK	gem_group_2
ACTGCCTGCGGGAA-2	CD8+ Cytotoxic T	gem_group_2
ACTGTTACCCGATA-2	CD4+/CD25 T Reg	gem_group_2
ACTTAAGACTTAGG-2	CD8+ Cytotoxic T	gem_group_2
ACTTAAGAGAGCAG-2	CD8+/CD45RA+ Naive Cytotoxic	gem_group_2
ACTTAGCTATGTCG-2	CD56+ NK	gem_group_2
ACTTCTGATACTGG-2	CD8+/CD45RA+ Naive Cytotoxic	gem_group_2
ACTTGACTTAAGCC-2	CD8+/CD45RA+ Naive Cytotoxic	gem_group_2
ACTTGGGACTAAGC-2	CD4+/CD45RO+ Memory	gem_group_2
ACTTGGGATGAGAA-2	CD4+/CD25 T Reg	gem_group_2
AGAACAGAACACCA-2	CD8+ Cytotoxic T	gem_group_2
AGAACGCTCTATGG-2	CD14+ Monocyte	gem_group_2
AGAATACTCAATCG-2	CD8+ Cytotoxic T	gem_group_2
AGAATACTTCTCAT-2	CD19+ B	gem_group_2
AGACACACCCGTTC-2	CD8+ Cytotoxic T	gem_group_2
AGACCTGAACTGGT-2	CD8+ Cytotoxic T	gem_group_2
AGACCTGATGACTG-2	CD8+/CD45RA+ Naive Cytotoxic	gem_group_2
AGACGTACCTGGTA-2	CD56+ NK	gem_group_2
AGACTCGACTTCCG-2	CD8+ Cytotoxic T	gem_group_2
AGACTCGATTCGGA-2	CD8+ Cytotoxic T	gem_group_2
AGACTGACGCCTTC-2	Dendritic	gem_group_2
AGACTGACGTGTCA-2	CD56+ NK	gem_group_2
AGAGAAACCGGAGA-2	CD4+/CD45RO+ Memory	gem_group_2
AGAGAAACTGACAC-2	CD8+ Cytotoxic T	gem_group_2
AGAGATGATGATGC-2	CD8+/CD45RA+ Naive Cytotoxic	gem_group_2
AGAGCTACTCGATG-2	CD8+/CD45RA+ Naive Cytotoxic	gem_group_2
AGAGCTACTCTTCA-2	CD8+ Cytotoxic T	gem_group_2
AGAGGTCTTCAGTG-2	Dendritic	gem_group_2
AGAGTCACGTAGGG-2	CD4+/CD45RA+/CD25- Naive T	gem_group_2
AGATATTGCATGCA-2	CD8+ Cytotoxic T	gem_group_2
AGATATTGCTGTTT-2	CD4+/CD25 T Reg	gem_group_2
AGATCGTGCGTACA-2	CD8+/CD45RA+ Naive Cytotoxic	gem_group_2
AGATCGTGGAGGCA-2	CD4+/CD25 T Reg	gem_group_2
AGATTAACTGGTTG-2	CD8+ Cytotoxic T	gem_group_2
AGATTAACTTGACG-2	CD19+ B	gem_group_2
AGCAAAGAAAGGCG-2	CD8+/CD45RA+ Naive Cytotoxic	gem_group_2
AGCAAAGATCTCGC-2	CD8+/CD45RA+ Naive Cytotoxic	gem_group_2
AGCAAAGATTGACG-2	CD8+/CD45RA+ Naive Cytotoxic	gem_group_2
AGCAAAGATTTGCT-2	CD8+/CD45RA+ Naive Cytotoxic	gem_group_2
AGCAACACGGGATG-2	CD56+ NK	gem_group_2
AGCAAGCTCAGGAG-2	CD8+/CD45RA+ Naive Cytotoxic	gem_group_2
AGCAAGCTCGCTAA-2	CD8+/CD45RA+ Naive Cytotoxic	gem_group_2
AGCACAACTACGAC-2	CD8+ Cytotoxic T	gem_group_2
AGCACTGAGGCAAG-2	CD8+/CD45RA+ Naive Cytotoxic	gem_group_2
AGCATCGAAAGAAC-2	CD4+/CD25 T Reg	gem_group_2
AGCATCGAAGCAAA-2	CD8+ Cytotoxic T	gem_group_2
AGCATCGATTGTCT-2	CD8+/CD45RA+ Naive Cytotoxic	gem_group_2
AGCATTCTGCGGAA-2	CD8+ Cytotoxic T	gem_group_2
AGCCAATGCAGGAG-2	CD8+/CD45RA+ Naive Cytotoxic	gem_group_2
AGCCAATGTGACAC-2	CD8+ Cytotoxic T	gem_group_2
AGCCACCTGATAAG-2	CD4+/CD25 T Reg	gem_group_2
AGCCGGTGTTCGCC-2	CD8+ Cytotoxic T	gem_group_2
AGCCGTCTAGATCC-2	CD8+/CD45RA+ Naive Cytotoxic	gem_group_2
AGCCTCACGCCAAT-2	CD4+/CD45RA+/CD25- Naive T	gem_group_2
AGCCTCTGTCAGAC-2	CD14+ Monocyte	gem_group_2
AGCGAACTACTGTG-2	CD8+/CD45RA+ Naive Cytotoxic	gem_group_2
AGCGAACTCATACG-2	CD8+ Cytotoxic T	gem_group_2
AGCGCCGACTACTT-2	CD4+/CD25 T Reg	gem_group_2
AGCGCCGATTTCAC-2	CD8+ Cytotoxic T	gem_group_2
AGCGCTCTGAAAGT-2	CD8+ Cytotoxic T	gem_group_2
AGCGCTCTGGAAAT-2	CD14+ Monocyte	gem_group_2
AGCGCTCTTCTAGG-2	Dendritic	gem_group_2
AGCGGCACGTTACG-2	CD8+/CD45RA+ Naive Cytotoxic	gem_group_2
AGCGGCTGGCCAAT-2	CD19+ B	gem_group_2
AGCGGCTGTATCGG-2	CD8+/CD45RA+ Naive Cytotoxic	gem_group_2
AGCGGGCTAGCTAC-2	CD8+ Cytotoxic T	gem_group_2
AGCGGGCTCGCATA-2	CD56+ NK	gem_group_2
AGCTCGCTCGTAGT-2	CD8+ Cytotoxic T	gem_group_2
AGCTCGCTTCCGAA-2	CD8+/CD45RA+ Naive Cytotoxic	gem_group_2
AGCTGAACACTCTT-2	CD19+ B	gem_group_2
AGCTTACTCACTAG-2	CD8+ Cytotoxic T	gem_group_2
AGCTTACTTATGCG-2	CD8+ Cytotoxic T	gem_group_2
AGGAAATGGTCATG-2	CD8+/CD45RA+ Naive Cytotoxic	gem_group_2
AGGAACCTGTCGAT-2	CD8+ Cytotoxic T	gem_group_2
AGGAATGAAGGAGC-2	CD4+/CD25 T Reg	gem_group_2
AGGAATGAATGTCG-2	CD8+/CD45RA+ Naive Cytotoxic	gem_group_2
AGGACACTTGTCTT-2	CD56+ NK	gem_group_2
AGGCAGGATGTGCA-2	CD19+ B	gem_group_2
AGGCCTCTCCTATT-2	CD8+/CD45RA+ Naive Cytotoxic	gem_group_2
AGGCCTCTCCTTTA-2	CD8+ Cytotoxic T	gem_group_2
AGGCCTCTGTCGTA-2	CD19+ B	gem_group_2
AGGCTAACCTAGTG-2	CD8+ Cytotoxic T	gem_group_2
AGGGACGACGGGAA-2	CD4+/CD25 T Reg	gem_group_2
AGGGACGAGTCTTT-2	CD8+/CD45RA+ Naive Cytotoxic	gem_group_2
AGGGACGATTACCT-2	CD8+/CD45RA+ Naive Cytotoxic	gem_group_2
AGGGAGTGTTGCGA-2	CD19+ B	gem_group_2
AGGGCCTGCTCAGA-2	CD8+ Cytotoxic T	gem_group_2
AGGGCGCTCCAATG-2	CD4+/CD45RO+ Memory	gem_group_2
AGGGCGCTGCAAGG-2	CD19+ B	gem_group_2
AGGGTGGAGTATCG-2	CD4+/CD45RA+/CD25- Naive T	gem_group_2
AGGTACACGTACCA-2	CD4+/CD25 T Reg	gem_group_2
AGGTACACTAGAAG-2	CD4+/CD25 T Reg	gem_group_2
AGGTCATGAAGAGT-2	CD56+ NK	gem_group_2
AGGTCATGCTATGG-2	CD4+/CD25 T Reg	gem_group_2
AGGTCTGAAGCGGA-2	CD19+ B	gem_group_2
AGGTCTGACGTCTC-2	CD56+ NK	gem_group_2
AGGTCTGAGCTGTA-2	CD8+ Cytotoxic T	gem_group_2
AGGTGGGACAGTCA-2	Dendritic	gem_group_2
AGGTGGGACGCAAT-2	CD56+ NK	gem_group_2
AGGTGGGACTGCAA-2	CD8+ Cytotoxic T	gem_group_2
AGGTGGGAGTCTTT-2	CD4+/CD25 T Reg	gem_group_2
AGGTGGGATCGACA-2	CD19+ B	gem_group_2
AGGTGGGATTGGCA-2	CD8+ Cytotoxic T	gem_group_2
AGGTGTTGAGAATG-2	CD14+ Monocyte	gem_group_2
AGGTGTTGGGCGAA-2	CD14+ Monocyte	gem_group_2
AGGTTCGATCGTTT-2	CD8+/CD45RA+ Naive Cytotoxic	gem_group_2
AGGTTGTGTCTCTA-2	Dendritic	gem_group_2
AGTAAGGAGTTAGC-2	CD56+ NK	gem_group_2
AGTAATACACACCA-2	CD8+ Cytotoxic T	gem_group_2
AGTAATACACTGGT-2	CD19+ B	gem_group_2
AGTACGTGTCAGAC-2	CD4+/CD25 T Reg	gem_group_2
AGTAGAGAATTCGG-2	CD8+/CD45RA+ Naive Cytotoxic	gem_group_2
AGTAGGCTTGCCAA-2	CD14+ Monocyte	gem_group_2
AGTATAACCTGTAG-2	CD4+/CD45RO+ Memory	gem_group_2
AGTATCCTTTCCCG-2	CD8+ Cytotoxic T	gem_group_2
AGTCGCCTGACGTT-2	CD8+/CD45RA+ Naive Cytotoxic	gem_group_2
AGTCGCCTGGTAAA-2	CD56+ NK	gem_group_2
AGTCTACTTAAGGA-2	CD8+/CD45RA+ Naive Cytotoxic	gem_group_2
AGTCTTACAGAACA-2	CD19+ B	gem_group_2
AGTCTTACGTTCTT-2	CD8+ Cytotoxic T	gem_group_2
AGTGAAGAAGCATC-2	CD14+ Monocyte	gem_group_2
AGTGAAGACGCCTT-2	CD8+/CD45RA+ Naive Cytotoxic	gem_group_2
AGTGAAGAGGTTTG-2	CD8+/CD45RA+ Naive Cytotoxic	gem_group_2
AGTGACACCAACTG-2	CD14+ Monocyte	gem_group_2
AGTGACACCCTCCA-2	CD8+ Cytotoxic T	gem_group_2
AGTGACACCGAGAG-2	CD8+ Cytotoxic T	gem_group_2
AGTGCAACCCTAAG-2	CD56+ NK	gem_group_2
AGTGCAACTCTCGC-2	CD19+ B	gem_group_2
AGTGTTCTGTCCTC-2	CD19+ B	gem_group_2
AGTTATGATGTCTT-2	CD8+/CD45RA+ Naive Cytotoxic	gem_group_2
AGTTCTACCAGATC-2	CD8+/CD45RA+ Naive Cytotoxic	gem_group_2
AGTTCTTGGTCATG-2	CD8+ Cytotoxic T	gem_group_2
AGTTGTCTGGAGGT-2	CD8+/CD45RA+ Naive Cytotoxic	gem_group_2
AGTTTAGACAACCA-2	CD8+ Cytotoxic T	gem_group_2
ATAAACACCCACAA-2	CD8+/CD45RA+ Naive Cytotoxic	gem_group_2
ATAAACACGGGATG-2	CD8+ Cytotoxic T	gem_group_2
ATAACATGAATCGC-2	CD8+ Cytotoxic T	gem_group_2
ATAACATGCGTAGT-2	CD4+/CD45RA+/CD25- Naive T	gem_group_2
ATAAGTACAGCGTT-2	CD19+ B	gem_group_2
ATAATCGACGGTAT-2	CD4+/CD25 T Reg	gem_group_2
ATAATCGACTAAGC-2	CD8+ Cytotoxic T	gem_group_2
ATAATGACTCAGAC-2	CD19+ B	gem_group_2
ATACAATGCTTATC-2	CD8+ Cytotoxic T	gem_group_2
ATACAATGTTCGTT-2	CD14+ Monocyte	gem_group_2
ATACACCTAGAGTA-2	CD56+ NK	gem_group_2
ATACCTACAGAATG-2	CD8+ Cytotoxic T	gem_group_2
ATACGTCTTGGTTG-2	CD8+ Cytotoxic T	gem_group_2
ATACTCTGCATGAC-2	CD8+ Cytotoxic T	gem_group_2
ATACTCTGGTTTGG-2	CD56+ NK	gem_group_2
ATAGAACTACCTCC-2	CD8+ Cytotoxic T	gem_group_2
ATAGAACTGGGATG-2	CD4+/CD45RO+ Memory	gem_group_2
ATAGAACTTCACGA-2	CD8+/CD45RA+ Naive Cytotoxic	gem_group_2
ATAGATTGCTGCTC-2	CD4+/CD25 T Reg	gem_group_2
ATAGCCGAAAGGGC-2	CD8+ Cytotoxic T	gem_group_2
ATAGCCGATCCCGT-2	CD19+ B	gem_group_2
ATAGCGTGCTCTTA-2	CD8+ Cytotoxic T	gem_group_2
ATAGCTCTCCCTCA-2	Dendritic	gem_group_2
ATAGCTCTGACGTT-2	CD8+ Cytotoxic T	gem_group_2
ATAGCTCTTGGTAC-2	CD4+/CD25 T Reg	gem_group_2
ATAGGAGAGGATCT-2	CD8+/CD45RA+ Naive Cytotoxic	gem_group_2
ATAGGCTGTCTATC-2	CD8+/CD45RA+ Naive Cytotoxic	gem_group_2
ATAGTCCTTGGTTG-2	CD4+/CD25 T Reg	gem_group_2
ATAGTTGACGTACA-2	CD8+/CD45RA+ Naive Cytotoxic	gem_group_2
ATATGCCTCAGCTA-2	CD8+/CD45RA+ Naive Cytotoxic	gem_group_2
ATATGCCTGGTGTT-2	CD14+ Monocyte	gem_group_2
ATATGCCTTGCATG-2	CD56+ NK	gem_group_2
ATCAAATGACGTTG-2	CD8+ Cytotoxic T	gem_group_2
ATCAACCTTATGCG-2	CD8+ Cytotoxic T	gem_group_2
ATCACTACACCGAT-2	CD8+ Cytotoxic T	gem_group_2
ATCACTACTGACTG-2	CD56+ NK	gem_group_2
ATCACTACTGTGGT-2	CD8+ Cytotoxic T	gem_group_2
ATCACTTGCAGTCA-2	CD19+ B	gem_group_2
ATCAGGTGCATGAC-2	CD8+ Cytotoxic T	gem_group_2
ATCAGGTGTCGTAG-2	CD19+ B	gem_group_2
ATCAGGTGTTGCGA-2	CD8+/CD45RA+ Naive Cytotoxic	gem_group_2
ATCATCTGCCTTCG-2	CD8+ Cytotoxic T	gem_group_2
ATCATCTGGTTGAC-2	CD8+/CD45RA+ Naive Cytotoxic	gem_group_2
ATCATGCTCATTTC-2	CD8+ Cytotoxic T	gem_group_2
ATCATGCTTTGTGG-2	CD8+ Cytotoxic T	gem_group_2
ATCCAGGATTGCAG-2	CD56+ NK	gem_group_2
ATCCATACATCTCT-2	CD8+/CD45RA+ Naive Cytotoxic	gem_group_2
ATCCTAACAGTTCG-2	Dendritic	gem_group_2
ATCCTAACTCTTAC-2	CD8+/CD45RA+ Naive Cytotoxic	gem_group_2
ATCGCAGAGTTGAC-2	CD4+/CD45RO+ Memory	gem_group_2
ATCGCCACGAGACG-2	CD19+ B	gem_group_2
ATCGCCACGTATGC-2	CD4+/CD45RO+ Memory	gem_group_2
ATCGCCTGCGTCTC-2	CD8+/CD45RA+ Naive Cytotoxic	gem_group_2
ATCGCGCTGCAGAG-2	CD56+ NK	gem_group_2
ATCGCGCTGTTCGA-2	CD8+/CD45RA+ Naive Cytotoxic	gem_group_2
ATCGGTGATTCTGT-2	CD34+	gem_group_2
ATCGTTTGACCTAG-2	CD19+ B	gem_group_2
ATCGTTTGCCGATA-2	CD56+ NK	gem_group_2
ATCGTTTGTAGTCG-2	CD8+ Cytotoxic T	gem_group_2
ATCTACACCTATGG-2	CD8+/CD45RA+ Naive Cytotoxic	gem_group_2
ATCTACTGAGGAGC-2	CD4+/CD45RA+/CD25- Naive T	gem_group_2
ATCTACTGCATGAC-2	CD8+/CD45RA+ Naive Cytotoxic	gem_group_2
ATCTCAACGATGAA-2	CD8+/CD45RA+ Naive Cytotoxic	gem_group_2
ATCTGACTTGACCA-2	CD4+/CD45RO+ Memory	gem_group_2
ATCTGGGAAGGAGC-2	CD56+ NK	gem_group_2
ATCTGGGATGGATC-2	CD4+/CD45RA+/CD25- Naive T	gem_group_2
ATGAAACTACGGTT-2	CD8+ Cytotoxic T	gem_group_2
ATGAAACTAGAGTA-2	CD8+ Cytotoxic T	gem_group_2
ATGAAGGAACGTGT-2	CD4+/CD25 T Reg	gem_group_2
ATGACGTGACAGTC-2	CD19+ B	gem_group_2
ATGAGAGAACCTGA-2	CD8+ Cytotoxic T	gem_group_2
ATGAGAGAGTTGTG-2	CD19+ B	gem_group_2
ATGAGAGATGACTG-2	CD8+/CD45RA+ Naive Cytotoxic	gem_group_2
ATGAGCACAACGAA-2	CD4+/CD45RO+ Memory	gem_group_2
ATGATATGTGTTCT-2	CD8+/CD45RA+ Naive Cytotoxic	gem_group_2
ATGCACGATCTCGC-2	CD8+/CD45RA+ Naive Cytotoxic	gem_group_2
ATGCCAGACAGAAA-2	CD4+/CD45RO+ Memory	gem_group_2
ATGCCAGACTGGAT-2	CD8+ Cytotoxic T	gem_group_2
ATGCTTTGAGAATG-2	CD56+ NK	gem_group_2
ATGCTTTGGGTAGG-2	CD4+/CD25 T Reg	gem_group_2
ATGGACACAGCGTT-2	Dendritic	gem_group_2
ATGGACACGTTTGG-2	CD56+ NK	gem_group_2
ATGGACACTAACCG-2	CD8+ Cytotoxic T	gem_group_2
ATGTAAACTGCTGA-2	CD8+ Cytotoxic T	gem_group_2
ATGTCGGAATCGGT-2	CD8+ Cytotoxic T	gem_group_2
ATGTCGGATGGAAA-2	CD19+ B	gem_group_2
ATGTTAGACCACCT-2	CD14+ Monocyte	gem_group_2
ATGTTGCTAGCCAT-2	Dendritic	gem_group_2
ATTAACGACGCCTT-2	CD4+/CD45RO+ Memory	gem_group_2
ATTAACGAGCTAAC-2	CD8+/CD45RA+ Naive Cytotoxic	gem_group_2
ATTAAGACGTCATG-2	CD4+/CD25 T Reg	gem_group_2
ATTACCACCTGACA-2	CD56+ NK	gem_group_2
ATTACCTGCGTGAT-2	CD4+/CD45RO+ Memory	gem_group_2
ATTACCTGTTCATC-2	CD8+/CD45RA+ Naive Cytotoxic	gem_group_2
ATTAGTGATGCTGA-2	CD8+/CD45RA+ Naive Cytotoxic	gem_group_2
ATTCAAGACAAGCT-2	CD8+ Cytotoxic T	gem_group_2
ATTCAGCTACTACG-2	CD8+/CD45RA+ Naive Cytotoxic	gem_group_2
ATTCAGCTCATGCA-2	CD4+/CD45RA+/CD25- Naive T	gem_group_2
ATTCAGCTGGAACG-2	CD8+/CD45RA+ Naive Cytotoxic	gem_group_2
ATTCCAACCTACTT-2	CD8+ Cytotoxic T	gem_group_2
ATTCCAACGACGAG-2	CD8+ Cytotoxic T	gem_group_2
ATTCCATGCCGTTC-2	CD4+/CD25 T Reg	gem_group_2
ATTCTGACAGCAAA-2	Dendritic	gem_group_2
ATTCTGACTCTTTG-2	CD8+ Cytotoxic T	gem_group_2
ATTCTTCTTAAGCC-2	CD8+/CD45RA+ Naive Cytotoxic	gem_group_2
ATTCTTCTTTGAGC-2	CD19+ B	gem_group_2
ATTGAATGTCTCAT-2	CD8+/CD45RA+ Naive Cytotoxic	gem_group_2
ATTGATGACGAGTT-2	CD8+ Cytotoxic T	gem_group_2
ATTGATGAGAAACA-2	CD4+/CD45RO+ Memory	gem_group_2
ATTGATGATCTACT-2	Dendritic	gem_group_2
ATTGCACTAGAATG-2	CD19+ B	gem_group_2
ATTGCACTTTCATC-2	CD8+ Cytotoxic T	gem_group_2
ATTGCGGACGTCTC-2	CD56+ NK	gem_group_2
ATTGCTACCTTCGC-2	CD8+/CD45RA+ Naive Cytotoxic	gem_group_2
ATTGTAGATGCAGT-2	CD8+ Cytotoxic T	gem_group_2
ATTTAGGATGCTAG-2	CD19+ B	gem_group_2
ATTTCCGAACGGGA-2	CD56+ NK	gem_group_2
ATTTCGTGAGCGGA-2	CD8+ Cytotoxic T	gem_group_2
ATTTCTCTGCAGTT-2	CD8+/CD45RA+ Naive Cytotoxic	gem_group_2
CAAACTCTTGTCTT-2	CD4+/CD25 T Reg	gem_group_2
CAAAGCTGCTAGTG-2	CD8+/CD45RA+ Naive Cytotoxic	gem_group_2
CAAAGCTGTGGAGG-2	CD8+ Cytotoxic T	gem_group_2
CAAATTGAAAGAGT-2	CD56+ NK	gem_group_2
CAACAGACTCGATG-2	CD8+ Cytotoxic T	gem_group_2
CAACAGACTGAGGG-2	CD8+ Cytotoxic T	gem_group_2
CAACAGACTTGACG-2	CD56+ NK	gem_group_2
CAACCGCTCACCAA-2	CD8+ Cytotoxic T	gem_group_2
CAACGATGCTGGAT-2	CD4+/CD25 T Reg	gem_group_2
CAACGATGGTATCG-2	CD14+ Monocyte	gem_group_2
CAAGACACTTGGTG-2	CD14+ Monocyte	gem_group_2
CAAGACTGATCAGC-2	CD4+/CD25 T Reg	gem_group_2
CAAGACTGCTGACA-2	CD8+ Cytotoxic T	gem_group_2
CAAGCATGGAGCAG-2	CD8+/CD45RA+ Naive Cytotoxic	gem_group_2
CAAGCATGGCCATA-2	CD19+ B	gem_group_2
CAAGCCCTCGAATC-2	CD56+ NK	gem_group_2
CAAGCCCTGTCACA-2	CD56+ NK	gem_group_2
CAAGCCCTTCTACT-2	CD56+ NK	gem_group_2
CAAGCTGACCCTCA-2	CD8+/CD45RA+ Naive Cytotoxic	gem_group_2
CAAGGACTAAGGCG-2	CD4+/CD45RO+ Memory	gem_group_2
CAAGGTTGACCTTT-2	CD19+ B	gem_group_2
CAAGTCGATCAGGT-2	CD8+/CD45RA+ Naive Cytotoxic	gem_group_2
CAAGTTCTTGGAAA-2	CD8+ Cytotoxic T	gem_group_2
CAATAAACTGAAGA-2	CD8+ Cytotoxic T	gem_group_2
CAATAATGTATGGC-2	CD8+ Cytotoxic T	gem_group_2
CAATCGGATTTGGG-2	CD8+/CD45RA+ Naive Cytotoxic	gem_group_2
CAATGGACGGATTC-2	CD8+ Cytotoxic T	gem_group_2
CACAACGAGTTCAG-2	CD4+/CD25 T Reg	gem_group_2
CACAGAACCCCGTT-2	CD8+ Cytotoxic T	gem_group_2
CACAGAACGGAAAT-2	CD8+/CD45RA+ Naive Cytotoxic	gem_group_2
CACAGAACTTCGCC-2	CD8+/CD45RA+ Naive Cytotoxic	gem_group_2
CACAGCCTCAAAGA-2	CD8+ Cytotoxic T	gem_group_2
CACAGCCTCCCAAA-2	CD8+ Cytotoxic T	gem_group_2
CACAGTGACAGTTG-2	CD4+/CD45RO+ Memory	gem_group_2
CACAGTGAGCTGAT-2	CD8+ Cytotoxic T	gem_group_2
CACAGTGATCCGTC-2	CD8+ Cytotoxic T	gem_group_2
CACATGGACGACTA-2	CD8+/CD45RA+ Naive Cytotoxic	gem_group_2
CACCACTGAGCGGA-2	CD8+/CD45RA+ Naive Cytotoxic	gem_group_2
CACCACTGCATGCA-2	Dendritic	gem_group_2
CACCACTGTTCTCA-2	CD8+/CD45RA+ Naive Cytotoxic	gem_group_2
CACCGGGAACCCTC-2	CD8+ Cytotoxic T	gem_group_2
CACCGTACAAGAAC-2	CD8+ Cytotoxic T	gem_group_2
CACCGTTGACCCTC-2	CD4+/CD25 T Reg	gem_group_2
CACCGTTGAGTAGA-2	CD8+/CD45RA+ Naive Cytotoxic	gem_group_2
CACCTGACCCCTAC-2	CD8+ Cytotoxic T	gem_group_2
CACCTGACTGACCA-2	CD4+/CD25 T Reg	gem_group_2
CACGAAACTGGTAC-2	CD8+ Cytotoxic T	gem_group_2
CACGACCTACTACG-2	CD8+ Cytotoxic T	gem_group_2
CACGATGAGCATAC-2	CD4+/CD45RA+/CD25- Naive T	gem_group_2
CACGCTACCACCAA-2	CD4+/CD45RA+/CD25- Naive T	gem_group_2
CACGGGTGATAAGG-2	CD8+ Cytotoxic T	gem_group_2
CACGGGTGCAATCG-2	CD19+ B	gem_group_2
CACTAGGAGTACCA-2	CD8+/CD45RA+ Naive Cytotoxic	gem_group_2
CACTATACTCGCTC-2	CD14+ Monocyte	gem_group_2
CACTATACTTCTAC-2	CD8+/CD45RA+ Naive Cytotoxic	gem_group_2
CACTCCGAGAACTC-2	CD8+ Cytotoxic T	gem_group_2
CACTCTCTTCACGA-2	CD19+ B	gem_group_2
CACTCTCTTCCAAG-2	CD4+/CD45RO+ Memory	gem_group_2
CACTGAGAAACGGG-2	CD56+ NK	gem_group_2
CACTGAGAATGTCG-2	CD8+/CD45RA+ Naive Cytotoxic	gem_group_2
CACTGCACTTCCCG-2	CD4+/CD25 T Reg	gem_group_2
CACTGCTGGACTAC-2	CD8+ Cytotoxic T	gem_group_2
CACTGCTGGTATGC-2	CD56+ NK	gem_group_2
CACTTAACGCGATT-2	CD8+ Cytotoxic T	gem_group_2
CACTTAACTTCTTG-2	CD8+ Cytotoxic T	gem_group_2
CACTTTGAAGAGTA-2	CD4+/CD25 T Reg	gem_group_2
CACTTTGACTGAAC-2	CD8+/CD45RA+ Naive Cytotoxic	gem_group_2
CAGAAGCTCAGGAG-2	CD8+ Cytotoxic T	gem_group_2
CAGACATGTGGGAG-2	CD8+/CD45RA+ Naive Cytotoxic	gem_group_2
CAGACCCTAGCTCA-2	CD8+/CD45RA+ Naive Cytotoxic	gem_group_2
CAGACCCTTCGCTC-2	CD4+/CD45RA+/CD25- Naive T	gem_group_2
CAGACTGAGGTGAG-2	CD34+	gem_group_2
CAGATCGACACCAA-2	CD8+ Cytotoxic T	gem_group_2
CAGATCGATCTCGC-2	CD56+ NK	gem_group_2
CAGCAATGGTATCG-2	CD8+ Cytotoxic T	gem_group_2
CAGCACCTCCTTAT-2	CD8+/CD45RA+ Naive Cytotoxic	gem_group_2
CAGCACCTGGACGA-2	CD8+/CD45RA+ Naive Cytotoxic	gem_group_2
CAGCACCTGTGAGG-2	CD19+ B	gem_group_2
CAGCCTACGGCGAA-2	CD14+ Monocyte	gem_group_2
CAGCGGACAATGCC-2	CD8+/CD45RA+ Naive Cytotoxic	gem_group_2
CAGCTAGACGGTAT-2	CD8+/CD45RA+ Naive Cytotoxic	gem_group_2
CAGGCCGAGTAGCT-2	CD8+ Cytotoxic T	gem_group_2
CAGGGCACAACCGT-2	Dendritic	gem_group_2
CAGGGCACCCTGAA-2	CD4+/CD45RO+ Memory	gem_group_2
CAGGTAACCATTCT-2	CD56+ NK	gem_group_2
CAGGTATGCCACCT-2	CD19+ B	gem_group_2
CAGTGATGTACGCA-2	CD8+/CD45RA+ Naive Cytotoxic	gem_group_2
CAGTGATGTCCTAT-2	CD8+ Cytotoxic T	gem_group_2
CAGTGTGAGAATAG-2	CD8+/CD45RA+ Naive Cytotoxic	gem_group_2
CAGTGTGATACTGG-2	CD8+/CD45RA+ Naive Cytotoxic	gem_group_2
CAGTTGGAAGCCTA-2	CD8+/CD45RA+ Naive Cytotoxic	gem_group_2
CATAAAACGTTGTG-2	Dendritic	gem_group_2
CATAAATGAAAGTG-2	CD8+ Cytotoxic T	gem_group_2
CATAACCTGCTACA-2	CD8+ Cytotoxic T	gem_group_2
CATAGTCTCTTACT-2	CD4+/CD25 T Reg	gem_group_2
CATATAGACGAGAG-2	CD8+ Cytotoxic T	gem_group_2
CATCATACAACCAC-2	CD19+ B	gem_group_2
CATCGCTGCTTATC-2	CD8+ Cytotoxic T	gem_group_2
CATCGCTGGGTAAA-2	CD56+ NK	gem_group_2
CATCGCTGGTAAAG-2	CD8+ Cytotoxic T	gem_group_2
CATCGGCTGCAGTT-2	CD8+/CD45RA+ Naive Cytotoxic	gem_group_2
CATCTCCTATCAGC-2	CD8+/CD45RA+ Naive Cytotoxic	gem_group_2
CATCTCCTTGCCTC-2	CD34+	gem_group_2
CATCTTGAGGGTGA-2	CD8+ Cytotoxic T	gem_group_2
CATCTTGATCCTAT-2	CD8+ Cytotoxic T	gem_group_2
CATGAGACACGCAT-2	CD4+/CD45RO+ Memory	gem_group_2
CATGAGACAGGGTG-2	CD8+/CD45RA+ Naive Cytotoxic	gem_group_2
CATGAGACCTAGAC-2	CD4+/CD25 T Reg	gem_group_2
CATGCCACTGTCAG-2	CD4+/CD25 T Reg	gem_group_2
CATGCGCTAAGCCT-2	CD8+/CD45RA+ Naive Cytotoxic	gem_group_2
CATGGATGCTCAAG-2	CD14+ Monocyte	gem_group_2
CATGGCCTTCCCGT-2	CD4+/CD45RO+ Memory	gem_group_2
CATGTTTGTATCGG-2	CD19+ B	gem_group_2
CATTACACCGTACA-2	CD8+ Cytotoxic T	gem_group_2
CATTACACGCCAAT-2	CD19+ B	gem_group_2
CATTAGCTTCAGGT-2	CD8+/CD45RA+ Naive Cytotoxic	gem_group_2
CATTCCCTGTGTAC-2	CD8+/CD45RA+ Naive Cytotoxic	gem_group_2
CATTGGGAATGGTC-2	Dendritic	gem_group_2
CATTGTTGACTCTT-2	CD19+ B	gem_group_2
CATTGTTGGGTGGA-2	CD8+/CD45RA+ Naive Cytotoxic	gem_group_2
CATTTGACTCCAGA-2	CD4+/CD25 T Reg	gem_group_2
CATTTGTGCACTGA-2	CD56+ NK	gem_group_2
CCAAAGTGTCCTAT-2	CD56+ NK	gem_group_2
CCAACCTGGGATCT-2	CD56+ NK	gem_group_2
CCAAGAACGATGAA-2	CD56+ NK	gem_group_2
CCAAGATGAGAAGT-2	CD4+/CD45RA+/CD25- Naive T	gem_group_2
CCAAGATGAGAGGC-2	Dendritic	gem_group_2
CCAAGTGACTTCGC-2	CD8+ Cytotoxic T	gem_group_2
CCAAGTGATTGGTG-2	CD8+/CD45RA+ Naive Cytotoxic	gem_group_2
CCAATGGACCGAAT-2	CD56+ NK	gem_group_2
CCAATGGATGTGGT-2	CD19+ B	gem_group_2
CCACCATGGTCTGA-2	CD8+ Cytotoxic T	gem_group_2
CCACCTGAGTTCAG-2	CD14+ Monocyte	gem_group_2
CCACGGGAAGAATG-2	CD19+ B	gem_group_2
CCACGGGATAGCGT-2	CD19+ B	gem_group_2
CCACTGACACAGTC-2	CD8+ Cytotoxic T	gem_group_2
CCACTGTGACACAC-2	CD19+ B	gem_group_2
CCACTGTGGAGCAG-2	CD8+ Cytotoxic T	gem_group_2
CCACTTCTCCGTAA-2	CD8+ Cytotoxic T	gem_group_2
CCAGAAACAAGATG-2	CD4+/CD25 T Reg	gem_group_2
CCAGAAACTACTGG-2	CD4+/CD25 T Reg	gem_group_2
CCAGAAACTGTCAG-2	CD8+ Cytotoxic T	gem_group_2
CCAGATGACCACAA-2	CD8+/CD45RA+ Naive Cytotoxic	gem_group_2
CCAGATGAGCGGAA-2	CD8+/CD45RA+ Naive Cytotoxic	gem_group_2
CCAGCACTTTGCAG-2	CD56+ NK	gem_group_2
CCAGCGGAGACAAA-2	CD8+ Cytotoxic T	gem_group_2
CCAGTCACAGTAGA-2	CD8+ Cytotoxic T	gem_group_2
CCAGTCACATCTTC-2	CD4+/CD45RO+ Memory	gem_group_2
CCAGTCACCGGAGA-2	CD8+ Cytotoxic T	gem_group_2
CCATAGGATTCGTT-2	CD8+ Cytotoxic T	gem_group_2
CCATATACATTCTC-2	CD8+ Cytotoxic T	gem_group_2
CCATCCGACTGTTT-2	CD56+ NK	gem_group_2
CCATGCTGGGAAGC-2	CD8+ Cytotoxic T	gem_group_2
CCATTAACAGCCTA-2	CD8+ Cytotoxic T	gem_group_2
CCCAAAGAGCTACA-2	CD4+/CD25 T Reg	gem_group_2
CCCAAAGATCCTTA-2	CD56+ NK	gem_group_2
CCCAACACAGGGTG-2	CD56+ NK	gem_group_2
CCCAACACCCGCTT-2	CD4+/CD45RO+ Memory	gem_group_2
CCCAACACCCTCAC-2	CD56+ NK	gem_group_2
CCCAACTGCGGGAA-2	CD19+ B	gem_group_2
CCCAACTGTGGTGT-2	CD4+/CD25 T Reg	gem_group_2
CCCAGACTAAAGTG-2	CD8+/CD45RA+ Naive Cytotoxic	gem_group_2
CCCAGACTAATGCC-2	CD4+/CD25 T Reg	gem_group_2
CCCAGACTCTTGCC-2	CD4+/CD45RA+/CD25- Naive T	gem_group_2
CCCAGACTTGGAAA-2	CD8+ Cytotoxic T	gem_group_2
CCCGATTGAAGTGA-2	CD14+ Monocyte	gem_group_2
CCCGATTGTAGCCA-2	CD8+/CD45RA+ Naive Cytotoxic	gem_group_2
CCCGGAGACAGCTA-2	CD8+/CD45RA+ Naive Cytotoxic	gem_group_2
CCCTACGACGCCTT-2	CD8+/CD45RA+ Naive Cytotoxic	gem_group_2
CCCTACGAGTAAGA-2	CD4+/CD45RO+ Memory	gem_group_2
CCCTAGTGCGTACA-2	CD19+ B	gem_group_2
CCCTCAGACGTAGT-2	Dendritic	gem_group_2
CCCTCAGAGCAGAG-2	CD19+ B	gem_group_2
CCCTGAACAGCACT-2	CD8+ Cytotoxic T	gem_group_2
CCCTGAACTTTCTG-2	CD8+ Cytotoxic T	gem_group_2
CCCTTACTTACAGC-2	CD8+/CD45RA+ Naive Cytotoxic	gem_group_2
CCGAAAACACCTTT-2	CD56+ NK	gem_group_2
CCGAAAACAGAACA-2	CD8+/CD45RA+ Naive Cytotoxic	gem_group_2
CCGAAAACCTCAGA-2	CD8+ Cytotoxic T	gem_group_2
CCGAAAACTTCCCG-2	CD4+/CD45RA+/CD25- Naive T	gem_group_2
CCGACACTTAAGCC-2	CD8+ Cytotoxic T	gem_group_2
CCGACTACATCACG-2	CD8+ Cytotoxic T	gem_group_2
CCGACTACTGATGC-2	CD4+/CD25 T Reg	gem_group_2
CCGCTATGCGAATC-2	CD19+ B	gem_group_2
CCGGAGTGAGCCTA-2	CD8+ Cytotoxic T	gem_group_2
CCGGAGTGTCTGGA-2	CD8+/CD45RA+ Naive Cytotoxic	gem_group_2
CCGGTACTCCTACC-2	CD8+ Cytotoxic T	gem_group_2
CCGGTACTTTTGCT-2	CD8+/CD45RA+ Naive Cytotoxic	gem_group_2
CCGTAAGACAGGAG-2	CD8+ Cytotoxic T	gem_group_2
CCGTACACGTAAGA-2	CD8+ Cytotoxic T	gem_group_2
CCTAAACTAGGTTC-2	Dendritic	gem_group_2
CCTAAGGAGAACTC-2	CD56+ NK	gem_group_2
CCTAAGGAGTGCTA-2	CD4+/CD25 T Reg	gem_group_2
CCTAAGGATGTGAC-2	CD8+ Cytotoxic T	gem_group_2
CCTACCGAAATGCC-2	CD8+ Cytotoxic T	gem_group_2
CCTACCGATGTTCT-2	CD56+ NK	gem_group_2
CCTACCGATGTTTC-2	CD19+ B	gem_group_2
CCTATAACAAGTAG-2	CD8+ Cytotoxic T	gem_group_2
CCTATAACTCTGGA-2	CD8+ Cytotoxic T	gem_group_2
CCTATTGACCAATG-2	CD8+/CD45RA+ Naive Cytotoxic	gem_group_2
CCTATTGAGTAGGG-2	CD8+/CD45RA+ Naive Cytotoxic	gem_group_2
CCTCATCTTGTCAG-2	CD8+ Cytotoxic T	gem_group_2
CCTCTACTCATGAC-2	CD8+ Cytotoxic T	gem_group_2
CCTGCAACGTCTAG-2	CD56+ NK	gem_group_2
CCTGGACTGAGGCA-2	CD4+/CD45RO+ Memory	gem_group_2
CCTGGACTGCAGTT-2	CD56+ NK	gem_group_2
CCTTAATGCCCTTG-2	CD19+ B	gem_group_2
CGAACATGGATGAA-2	CD8+ Cytotoxic T	gem_group_2
CGAACATGGTACAC-2	CD56+ NK	gem_group_2
CGAAGGGAAGTGTC-2	CD4+/CD45RO+ Memory	gem_group_2
CGAAGGGACCGTTC-2	CD8+ Cytotoxic T	gem_group_2
CGAAGTACGAACCT-2	CD8+ Cytotoxic T	gem_group_2
CGAATCGAAGTGTC-2	Dendritic	gem_group_2
CGAATCGACTATTC-2	CD8+ Cytotoxic T	gem_group_2
CGAATCGATCCTGC-2	CD8+/CD45RA+ Naive Cytotoxic	gem_group_2
CGACAAACCACTAG-2	CD4+/CD25 T Reg	gem_group_2
CGACAAACTGAGCT-2	CD8+ Cytotoxic T	gem_group_2
CGACCACTAGAGGC-2	CD4+/CD45RO+ Memory	gem_group_2
CGACCGGAGTCAAC-2	Dendritic	gem_group_2
CGACCGGATCCCGT-2	CD56+ NK	gem_group_2
CGACCTACTTGTGG-2	CD4+/CD25 T Reg	gem_group_2
CGACCTTGATGACC-2	CD19+ B	gem_group_2
CGACGTCTTCCGAA-2	CD8+ Cytotoxic T	gem_group_2
CGACTCACAGATCC-2	CD8+ Cytotoxic T	gem_group_2
CGACTCACTCATTC-2	CD8+ Cytotoxic T	gem_group_2
CGACTGCTTCACGA-2	CD8+/CD45RA+ Naive Cytotoxic	gem_group_2
CGACTGCTTGAGAA-2	CD8+/CD45RA+ Naive Cytotoxic	gem_group_2
CGAGAACTCTCTTA-2	CD8+ Cytotoxic T	gem_group_2
CGAGATTGCCTACC-2	CD8+ Cytotoxic T	gem_group_2
CGAGATTGCTTATC-2	CD8+ Cytotoxic T	gem_group_2
CGAGATTGGGGAGT-2	CD8+/CD45RA+ Naive Cytotoxic	gem_group_2
CGAGATTGTACTCT-2	CD56+ NK	gem_group_2
CGAGCCGAACTCTT-2	Dendritic	gem_group_2
CGAGCCGACTTAGG-2	CD4+/CD25 T Reg	gem_group_2
CGAGCGTGTGGAGG-2	CD8+/CD45RA+ Naive Cytotoxic	gem_group_2
CGAGGCACCAGTCA-2	CD56+ NK	gem_group_2
CGAGGCACGCTAAC-2	CD4+/CD45RO+ Memory	gem_group_2
CGAGGCTGCCCACT-2	CD8+/CD45RA+ Naive Cytotoxic	gem_group_2
CGAGGGCTCAGTTG-2	CD8+ Cytotoxic T	gem_group_2
CGATACGAGAGGGT-2	CD8+ Cytotoxic T	gem_group_2
CGATCAGACAGTCA-2	CD8+ Cytotoxic T	gem_group_2
CGATCAGACTTTAC-2	CD8+ Cytotoxic T	gem_group_2
CGATCAGAGGATCT-2	CD8+ Cytotoxic T	gem_group_2
CGATCCACAGAGGC-2	CD4+/CD25 T Reg	gem_group_2
CGATCCACAGTGCT-2	CD19+ B	gem_group_2
CGATCCACGGTGAG-2	CD19+ B	gem_group_2
CGATCCACGTGTAC-2	CD8+/CD45RA+ Naive Cytotoxic	gem_group_2
CGCAACCTGGTGGA-2	CD4+/CD25 T Reg	gem_group_2
CGCACGGAGGGACA-2	CD8+/CD45RA+ Naive Cytotoxic	gem_group_2
CGCACTTGCCCAAA-2	CD8+/CD45RA+ Naive Cytotoxic	gem_group_2
CGCAGGACGCGATT-2	CD4+/CD25 T Reg	gem_group_2
CGCAGGTGTCTACT-2	CD8+ Cytotoxic T	gem_group_2
CGCATAGAATCACG-2	CD8+ Cytotoxic T	gem_group_2
CGCCATACATGCCA-2	CD8+ Cytotoxic T	gem_group_2
CGCCGAGATGCACA-2	CD56+ NK	gem_group_2
CGCGAGACTCTACT-2	CD8+ Cytotoxic T	gem_group_2
CGCTAAGATCTCAT-2	CD8+ Cytotoxic T	gem_group_2
CGCTACACTGAGCT-2	CD8+ Cytotoxic T	gem_group_2
CGCTACTGATTCCT-2	CD56+ NK	gem_group_2
CGCTACTGTCAGTG-2	CD8+ Cytotoxic T	gem_group_2
CGCTCATGGAAAGT-2	CD8+/CD45RA+ Naive Cytotoxic	gem_group_2
CGCTCATGTTAGGC-2	CD8+/CD45RA+ Naive Cytotoxic	gem_group_2
CGGAATTGTATGGC-2	CD8+/CD45RA+ Naive Cytotoxic	gem_group_2
CGGAATTGTCTCAT-2	CD56+ NK	gem_group_2
CGGACTCTAACGAA-2	CD8+/CD45RA+ Naive Cytotoxic	gem_group_2
CGGACTCTCGCATA-2	CD4+/CD45RO+ Memory	gem_group_2
CGGATAACGGTGGA-2	CD4+/CD25 T Reg	gem_group_2
CGGATATGTCCCGT-2	CD4+/CD25 T Reg	gem_group_2
CGGCATCTTGAGGG-2	CD4+/CD45RO+ Memory	gem_group_2
CGGCCAGAATTGGC-2	CD56+ NK	gem_group_2
CGGCGAACTGCTAG-2	CD8+/CD45RA+ Naive Cytotoxic	gem_group_2
CGGCGATGAGGCGA-2	Dendritic	gem_group_2
CGGGCATGACCAAC-2	CD8+ Cytotoxic T	gem_group_2
CGGGCATGTTCCGC-2	CD8+ Cytotoxic T	gem_group_2
CGGTACCTGATACC-2	CD14+ Monocyte	gem_group_2
CGTACAGAGAATGA-2	CD8+ Cytotoxic T	gem_group_2
CGTAGCCTCAGATC-2	CD8+/CD45RA+ Naive Cytotoxic	gem_group_2
CGTCCAACGACAAA-2	CD8+ Cytotoxic T	gem_group_2
CGTCCAACTCTCTA-2	CD4+/CD45RA+/CD25- Naive T	gem_group_2
CGTCGACTGTCTGA-2	CD8+/CD45RA+ Naive Cytotoxic	gem_group_2
CGTGAAACAGTCTG-2	CD8+/CD45RA+ Naive Cytotoxic	gem_group_2
CGTGATGAGCAGTT-2	CD19+ B	gem_group_2
CGTGCACTTAGCGT-2	CD8+ Cytotoxic T	gem_group_2
CGTGCACTTCACGA-2	CD14+ Monocyte	gem_group_2
CGTGTAGAGCGATT-2	CD8+ Cytotoxic T	gem_group_2
CGTTAACTCGATAC-2	CD8+/CD45RA+ Naive Cytotoxic	gem_group_2
CGTTAGGAAAAAGC-2	CD8+/CD45RA+ Naive Cytotoxic	gem_group_2
CGTTTAACTCTAGG-2	CD8+/CD45RA+ Naive Cytotoxic	gem_group_2
CGTTTAACTGCATG-2	CD4+/CD45RO+ Memory	gem_group_2
CTAAACCTCCACCT-2	CD8+/CD45RA+ Naive Cytotoxic	gem_group_2
CTAAACCTGTAGGG-2	CD8+/CD45RA+ Naive Cytotoxic	gem_group_2
CTAACTACTTGACG-2	CD8+/CD45RA+ Naive Cytotoxic	gem_group_2
CTAAGGACCCTGTC-2	CD8+ Cytotoxic T	gem_group_2
CTAAGGACTTCCCG-2	CD8+/CD45RA+ Naive Cytotoxic	gem_group_2
CTAAGGTGTCTCGC-2	CD8+ Cytotoxic T	gem_group_2
CTAATGCTCAGCTA-2	CD8+ Cytotoxic T	gem_group_2
CTAATGCTTCCGAA-2	CD8+ Cytotoxic T	gem_group_2
CTACAACTGATGAA-2	CD8+/CD45RA+ Naive Cytotoxic	gem_group_2
CTACCTCTATTCTC-2	CD8+/CD45RA+ Naive Cytotoxic	gem_group_2
CTACGCACACCCAA-2	CD8+ Cytotoxic T	gem_group_2
CTACGCACGCTCCT-2	CD19+ B	gem_group_2
CTACGGCTCTTCGC-2	CD4+/CD25 T Reg	gem_group_2
CTACTCCTGGTACT-2	CD8+ Cytotoxic T	gem_group_2
CTAGAGACTCCGTC-2	CD8+ Cytotoxic T	gem_group_2
CTAGATCTCTGTCC-2	CD8+ Cytotoxic T	gem_group_2
CTAGGATGACGACT-2	Dendritic	gem_group_2
CTAGGATGAGGTTC-2	CD8+ Cytotoxic T	gem_group_2
CTAGGATGCTCGCT-2	CD8+ Cytotoxic T	gem_group_2
CTAGGATGTAACCG-2	CD8+ Cytotoxic T	gem_group_2
CTAGGCCTCCTAAG-2	CD8+ Cytotoxic T	gem_group_2
CTAGTTTGTTTGGG-2	CD8+ Cytotoxic T	gem_group_2
CTATAAGAACGCTA-2	CD19+ B	gem_group_2
CTATACTGACCAGT-2	CD19+ B	gem_group_2
CTATAGCTCTGTCC-2	CD56+ NK	gem_group_2
CTATAGCTCTTGCC-2	CD8+/CD45RA+ Naive Cytotoxic	gem_group_2
CTATAGCTTTTCTG-2	CD4+/CD25 T Reg	gem_group_2
CTATCAACGCGTTA-2	CD56+ NK	gem_group_2
CTATCCCTTGAGCT-2	Dendritic	gem_group_2
CTATGACTCTCTAT-2	CD8+/CD45RA+ Naive Cytotoxic	gem_group_2
CTATGACTGATAGA-2	CD4+/CD45RA+/CD25- Naive T	gem_group_2
CTCAATTGTATCGG-2	CD14+ Monocyte	gem_group_2
CTCAGAGAACCACA-2	CD4+/CD25 T Reg	gem_group_2
CTCAGCTGAACCGT-2	CD8+/CD45RA+ Naive Cytotoxic	gem_group_2
CTCAGGCTGAGGGT-2	CD14+ Monocyte	gem_group_2
CTCATTGATCGCAA-2	CD56+ NK	gem_group_2
CTCATTGATGGAGG-2	CD8+/CD45RA+ Naive Cytotoxic	gem_group_2
CTCCACGACCTGTC-2	CD8+ Cytotoxic T	gem_group_2
CTCCGAACTCCAGA-2	CD4+/CD45RO+ Memory	gem_group_2
CTCGACACTCTTCA-2	CD8+ Cytotoxic T	gem_group_2
CTCGACTGTGACAC-2	CD8+/CD45RA+ Naive Cytotoxic	gem_group_2
CTCGACTGTTATCC-2	CD56+ NK	gem_group_2
CTCGAGCTTCTTTG-2	CD8+/CD45RA+ Naive Cytotoxic	gem_group_2
CTCTAAACGCCAAT-2	CD8+ Cytotoxic T	gem_group_2
CTCTAATGGGCATT-2	CD56+ NK	gem_group_2
CTGAACGATCCAAG-2	CD8+/CD45RA+ Naive Cytotoxic	gem_group_2
CTGAAGACACCAAC-2	CD8+ Cytotoxic T	gem_group_2
CTGAAGACGACACT-2	CD8+/CD45RA+ Naive Cytotoxic	gem_group_2
CTGAATCTCTCTAT-2	CD4+/CD25 T Reg	gem_group_2
CTGACAGACGAGAG-2	CD8+ Cytotoxic T	gem_group_2
CTGATACTTGACAC-2	CD8+/CD45RA+ Naive Cytotoxic	gem_group_2
CTGATGGAAGGTCT-2	CD19+ B	gem_group_2
CTGATGGACGCAAT-2	CD8+ Cytotoxic T	gem_group_2
CTGATGGAGTATGC-2	CD8+/CD45RA+ Naive Cytotoxic	gem_group_2
CTGCAGCTCCTACC-2	CD8+/CD45RA+ Naive Cytotoxic	gem_group_2
CTGCAGCTGCATAC-2	CD56+ NK	gem_group_2
CTGCCAACACGTTG-2	CD8+/CD45RA+ Naive Cytotoxic	gem_group_2
CTGCGACTCGAACT-2	CD8+ Cytotoxic T	gem_group_2
CTGGAAACTGCAAC-2	CD8+/CD45RA+ Naive Cytotoxic	gem_group_2
CTGGATGAAATGCC-2	CD14+ Monocyte	gem_group_2
CTGTATACTGTCAG-2	CD8+ Cytotoxic T	gem_group_2
CTTAAAGATCTCAT-2	CD8+ Cytotoxic T	gem_group_2
CTTAAGCTTGTGAC-2	CD4+/CD25 T Reg	gem_group_2
CTTACAACCCAGTA-2	CD56+ NK	gem_group_2
CTTACAACCCCTAC-2	CD8+/CD45RA+ Naive Cytotoxic	gem_group_2
CTTACATGTGAGAA-2	CD4+/CD45RO+ Memory	gem_group_2
CTTACTGATGGTAC-2	CD19+ B	gem_group_2
CTTAGACTTGGTTG-2	CD4+/CD45RO+ Memory	gem_group_2
CTTAGACTTTCATC-2	CD4+/CD45RO+ Memory	gem_group_2
CTTAGGGAGTGTCA-2	CD8+ Cytotoxic T	gem_group_2
CTTATCGAAGGCGA-2	CD8+/CD45RA+ Naive Cytotoxic	gem_group_2
CTTCACCTAATCGC-2	CD8+ Cytotoxic T	gem_group_2
CTTCATGAGAACCT-2	CD8+/CD45RA+ Naive Cytotoxic	gem_group_2
CTTCATGATCCAGA-2	CD4+/CD45RA+/CD25- Naive T	gem_group_2
CTTCATGATCTATC-2	CD8+/CD45RA+ Naive Cytotoxic	gem_group_2
CTTGAACTCCATAG-2	CD19+ B	gem_group_2
CTTGAACTGGAACG-2	CD8+ Cytotoxic T	gem_group_2
CTTGAGGACGTACA-2	CD4+/CD45RO+ Memory	gem_group_2
CTTGAGGAGAGACG-2	CD8+/CD45RA+ Naive Cytotoxic	gem_group_2
CTTGATTGAACGAA-2	CD8+/CD45RA+ Naive Cytotoxic	gem_group_2
CTTGTATGACCATG-2	CD8+ Cytotoxic T	gem_group_2
CTTGTATGTAGACC-2	CD19+ B	gem_group_2
CTTTAGACACCATG-2	Dendritic	gem_group_2
CTTTAGACGCTCCT-2	CD8+/CD45RA+ Naive Cytotoxic	gem_group_2
CTTTAGACTATCTC-2	CD8+ Cytotoxic T	gem_group_2
CTTTAGACTCCGAA-2	CD8+/CD45RA+ Naive Cytotoxic	gem_group_2
CTTTCAGAGATAGA-2	Dendritic	gem_group_2
CTTTCAGATGTGAC-2	CD19+ B	gem_group_2
GAAACAGATGAGGG-2	CD8+ Cytotoxic T	gem_group_2
GAAACCTGTGGTCA-2	CD8+ Cytotoxic T	gem_group_2
GAAAGATGATCACG-2	CD8+ Cytotoxic T	gem_group_2
GAACACACTGAACC-2	CD8+/CD45RA+ Naive Cytotoxic	gem_group_2
GAACAGCTTTGTCT-2	CD4+/CD45RO+ Memory	gem_group_2
GAACGGGAAAACAG-2	CD8+ Cytotoxic T	gem_group_2
GAACGGGACTTCGC-2	CD4+/CD45RA+/CD25- Naive T	gem_group_2
GAACGTTGGACTAC-2	CD8+/CD45RA+ Naive Cytotoxic	gem_group_2
GAAGAATGCTTACT-2	CD19+ B	gem_group_2
GAAGCGGACCCTTG-2	CD56+ NK	gem_group_2
GAAGCGGATGCTGA-2	CD4+/CD45RO+ Memory	gem_group_2
GAAGCTTGAACGTC-2	CD8+/CD45RA+ Naive Cytotoxic	gem_group_2
GAAGGGTGCATTCT-2	CD8+ Cytotoxic T	gem_group_2
GAAGGGTGGCATAC-2	CD8+/CD45RA+ Naive Cytotoxic	gem_group_2
GAAGGTCTGACACT-2	CD4+/CD45RO+ Memory	gem_group_2
GAAGGTCTTCAGTG-2	CD4+/CD45RA+/CD25- Naive T	gem_group_2
GAAGTCACTCACGA-2	CD4+/CD25 T Reg	gem_group_2
GAAGTCTGAACCTG-2	CD8+ Cytotoxic T	gem_group_2
GAAGTGCTCACTTT-2	CD8+ Cytotoxic T	gem_group_2
GAAGTGCTTTCATC-2	CD34+	gem_group_2
GAATGCACTTTGTC-2	CD8+/CD45RA+ Naive Cytotoxic	gem_group_2
GAATGCTGAGCATC-2	CD8+ Cytotoxic T	gem_group_2
GAATGCTGCCGCTT-2	CD8+/CD45RA+ Naive Cytotoxic	gem_group_2
GAATGCTGGGAGCA-2	CD8+/CD45RA+ Naive Cytotoxic	gem_group_2
GAATGCTGGTAGGG-2	CD8+/CD45RA+ Naive Cytotoxic	gem_group_2
GAATGGCTACGTAC-2	CD8+/CD45RA+ Naive Cytotoxic	gem_group_2
GAATGGCTGACAAA-2	CD8+ Cytotoxic T	gem_group_2
GACAACACACTCTT-2	CD8+ Cytotoxic T	gem_group_2
GACAACTGTCAGGT-2	CD8+ Cytotoxic T	gem_group_2
GACACTGAAATCGC-2	CD56+ NK	gem_group_2
GACACTGACCCTTG-2	CD8+ Cytotoxic T	gem_group_2
GACACTGATTCTGT-2	CD4+/CD45RA+/CD25- Naive T	gem_group_2
GACACTGATTTGCT-2	CD4+/CD45RA+/CD25- Naive T	gem_group_2
GACAGTTGGAGCAG-2	CD8+ Cytotoxic T	gem_group_2
GACCAAACCCTACC-2	CD4+/CD25 T Reg	gem_group_2
GACCAAACGGGCAA-2	CD8+ Cytotoxic T	gem_group_2
GACCAAACTCAGTG-2	CD56+ NK	gem_group_2
GACCAAACTTCAGG-2	CD14+ Monocyte	gem_group_2
GACCATGAGCTACA-2	CD8+ Cytotoxic T	gem_group_2
GACCTAGATGGAGG-2	CD8+ Cytotoxic T	gem_group_2
GACCTCTGCGGAGA-2	CD14+ Monocyte	gem_group_2
GACCTCTGTCAGAC-2	CD4+/CD25 T Reg	gem_group_2
GACGAGGACAGTCA-2	CD56+ NK	gem_group_2
GACGAGGACATACG-2	CD8+/CD45RA+ Naive Cytotoxic	gem_group_2
GACGATTGAGGTCT-2	CD4+/CD45RA+/CD25- Naive T	gem_group_2
GACGCCGATTATCC-2	CD4+/CD45RO+ Memory	gem_group_2
GACGCTCTATGTGC-2	CD8+/CD45RA+ Naive Cytotoxic	gem_group_2
GACGCTCTTAACCG-2	CD8+ Cytotoxic T	gem_group_2
GACGGCACTTCGGA-2	CD19+ B	gem_group_2
GACGTATGAGTAGA-2	CD8+/CD45RA+ Naive Cytotoxic	gem_group_2
GACGTATGCGTACA-2	CD56+ NK	gem_group_2
GACTACGACATGCA-2	CD8+/CD45RA+ Naive Cytotoxic	gem_group_2
GACTGAACAGATGA-2	CD4+/CD25 T Reg	gem_group_2
GACTGAACCGAATC-2	CD8+/CD45RA+ Naive Cytotoxic	gem_group_2
GACTGATGGTACCA-2	CD8+ Cytotoxic T	gem_group_2
GACTTTACGTATGC-2	CD8+ Cytotoxic T	gem_group_2
GAGAAATGGGTATC-2	CD8+/CD45RA+ Naive Cytotoxic	gem_group_2
GAGAAATGTGGTTG-2	CD56+ NK	gem_group_2
GAGCAGGAACTAGC-2	CD8+ Cytotoxic T	gem_group_2
GAGCGAGACTGACA-2	CD4+/CD45RO+ Memory	gem_group_2
GAGCGAGAGTAAAG-2	CD8+ Cytotoxic T	gem_group_2
GAGCGCTGGGACGA-2	CD4+/CD25 T Reg	gem_group_2
GAGCGGCTAGCAAA-2	CD56+ NK	gem_group_2
GAGCTCCTATCTTC-2	CD19+ B	gem_group_2
GAGGATCTAAGATG-2	CD56+ NK	gem_group_2
GAGGATCTGACGTT-2	CD8+/CD45RA+ Naive Cytotoxic	gem_group_2
GAGGATCTGGTCTA-2	CD8+/CD45RA+ Naive Cytotoxic	gem_group_2
GAGGATCTTCTCTA-2	CD8+ Cytotoxic T	gem_group_2
GAGGATCTTGAACC-2	CD8+ Cytotoxic T	gem_group_2
GAGGCAGAACCACA-2	CD4+/CD25 T Reg	gem_group_2
GAGGCCACAGTCGT-2	CD4+/CD45RO+ Memory	gem_group_2
GAGGCCACTCCTCG-2	CD56+ NK	gem_group_2
GAGGGAACCATGGT-2	CD8+/CD45RA+ Naive Cytotoxic	gem_group_2
GAGGGCCTAGGGTG-2	CD56+ NK	gem_group_2
GAGGGTGACGAGAG-2	CD4+/CD25 T Reg	gem_group_2
GAGGGTGAGTTTGG-2	CD34+	gem_group_2
GAGGTACTACCGAT-2	CD8+ Cytotoxic T	gem_group_2
GAGGTACTCGGGAA-2	CD8+/CD45RA+ Naive Cytotoxic	gem_group_2
GAGGTTACGCCATA-2	CD56+ NK	gem_group_2
GAGGTTACTGCACA-2	CD19+ B	gem_group_2
GAGGTTTGATCTTC-2	CD8+/CD45RA+ Naive Cytotoxic	gem_group_2
GAGGTTTGCCTGTC-2	CD8+/CD45RA+ Naive Cytotoxic	gem_group_2
GAGTAAGAAGTCAC-2	CD4+/CD45RO+ Memory	gem_group_2
GAGTAAGACTTGAG-2	CD8+ Cytotoxic T	gem_group_2
GAGTAAGAGATAGA-2	Dendritic	gem_group_2
GAGTAAGAGTAAAG-2	CD8+/CD45RA+ Naive Cytotoxic	gem_group_2
GAGTAAGATACGCA-2	CD14+ Monocyte	gem_group_2
GAGTACACATCAGC-2	CD8+ Cytotoxic T	gem_group_2
GAGTACACGAGGAC-2	CD4+/CD25 T Reg	gem_group_2
GAGTCAACCTGTTT-2	CD8+/CD45RA+ Naive Cytotoxic	gem_group_2
GAGTCTGAAAAGTG-2	CD8+/CD45RA+ Naive Cytotoxic	gem_group_2
GAGTCTGATTTCGT-2	CD8+ Cytotoxic T	gem_group_2
GAGTGTTGAGCCAT-2	CD8+/CD45RA+ Naive Cytotoxic	gem_group_2
GATAAGGAGTAGGG-2	Dendritic	gem_group_2
GATACTCTACGCAT-2	CD14+ Monocyte	gem_group_2
GATACTCTTCCGTC-2	CD56+ NK	gem_group_2
GATAGAGATTCTTG-2	CD8+ Cytotoxic T	gem_group_2
GATAGCACTGTCCC-2	CD8+ Cytotoxic T	gem_group_2
GATATAACAAGAAC-2	CD19+ B	gem_group_2
GATATAACCTTCCG-2	CD8+ Cytotoxic T	gem_group_2
GATATAACGCGAAG-2	CD56+ NK	gem_group_2
GATATTGAAGCGGA-2	CD8+ Cytotoxic T	gem_group_2
GATATTGACTACCC-2	CD8+/CD45RA+ Naive Cytotoxic	gem_group_2
GATATTGACTTCTA-2	CD8+ Cytotoxic T	gem_group_2
GATATTGAGTGTTG-2	CD8+ Cytotoxic T	gem_group_2
GATCCGCTCCCAAA-2	CD8+/CD45RA+ Naive Cytotoxic	gem_group_2
GATCCGCTTAGAGA-2	CD14+ Monocyte	gem_group_2
GATCCGCTTTCCGC-2	CD4+/CD25 T Reg	gem_group_2
GATCGAACCGTACA-2	CD4+/CD45RO+ Memory	gem_group_2
GATCGAACTGCGTA-2	CD8+ Cytotoxic T	gem_group_2
GATCGTGATGCTTT-2	CD8+ Cytotoxic T	gem_group_2
GATGACACAAGTGA-2	CD8+ Cytotoxic T	gem_group_2
GATGCAACTGCCCT-2	CD4+/CD25 T Reg	gem_group_2
GATGCATGACTCTT-2	CD8+ Cytotoxic T	gem_group_2
GATGCCCTCGACAT-2	CD8+/CD45RA+ Naive Cytotoxic	gem_group_2
GATGCCCTTTTCTG-2	CD4+/CD25 T Reg	gem_group_2
GATTACCTCAGCTA-2	Dendritic	gem_group_2
GATTACCTCAGTTG-2	CD14+ Monocyte	gem_group_2
GATTCGGAAGAACA-2	CD8+/CD45RA+ Naive Cytotoxic	gem_group_2
GATTCGGACCAACA-2	CD8+/CD45RA+ Naive Cytotoxic	gem_group_2
GATTCTACAAGAAC-2	CD8+/CD45RA+ Naive Cytotoxic	gem_group_2
GATTCTTGGCCTTC-2	CD56+ NK	gem_group_2
GATTCTTGTGGTGT-2	Dendritic	gem_group_2
GATTGGTGTTGCAG-2	CD19+ B	gem_group_2
GATTTGCTTAAGCC-2	CD19+ B	gem_group_2
GCAAACTGATCACG-2	CD4+/CD45RO+ Memory	gem_group_2
GCAAACTGCAACTG-2	CD8+ Cytotoxic T	gem_group_2
GCAACTGACTCTTA-2	CD8+ Cytotoxic T	gem_group_2
GCAATCGACGATAC-2	CD8+ Cytotoxic T	gem_group_2
GCACAAACTCAGAC-2	CD19+ B	gem_group_2
GCACCTACGGTATC-2	CD56+ NK	gem_group_2
GCACCTTGTCAGTG-2	CD4+/CD45RO+ Memory	gem_group_2
GCACGGACACTTTC-2	Dendritic	gem_group_2
GCACGGACCTACCC-2	CD8+ Cytotoxic T	gem_group_2
GCACGGTGTCCTTA-2	CD8+ Cytotoxic T	gem_group_2
GCACGTCTCCTGTC-2	CD56+ NK	gem_group_2
GCACGTCTCTTCGC-2	CD8+ Cytotoxic T	gem_group_2
GCACTAGACTGTTT-2	CD4+/CD25 T Reg	gem_group_2
GCACTGCTAGTCAC-2	CD8+ Cytotoxic T	gem_group_2
GCAGATACCTGATG-2	CD4+/CD45RA+/CD25- Naive T	gem_group_2
GCAGCGTGCTGCAA-2	CD19+ B	gem_group_2
GCAGCGTGCTGTCC-2	CD8+ Cytotoxic T	gem_group_2
GCAGCGTGGTTGGT-2	CD8+ Cytotoxic T	gem_group_2
GCAGCTCTAAGGGC-2	CD56+ NK	gem_group_2
GCAGCTCTTCAGAC-2	CD8+ Cytotoxic T	gem_group_2
GCAGGCACCCCACT-2	CD8+ Cytotoxic T	gem_group_2
GCAGTCCTGTACGT-2	CD56+ NK	gem_group_2
GCAGTTGATCGACA-2	CD4+/CD25 T Reg	gem_group_2
GCATGATGTGAACC-2	CD56+ NK	gem_group_2
GCATGTGACGTAAC-2	CD8+/CD45RA+ Naive Cytotoxic	gem_group_2
GCATGTGATGGAAA-2	CD4+/CD25 T Reg	gem_group_2
GCATTGGATTCTCA-2	CD19+ B	gem_group_2
GCATTGGATTGCGA-2	CD4+/CD25 T Reg	gem_group_2
GCCAAAACCCTCAC-2	CD56+ NK	gem_group_2
GCCACGGACAGAGG-2	CD8+ Cytotoxic T	gem_group_2
GCCACGGAGCAGTT-2	CD14+ Monocyte	gem_group_2
GCCACGGAGCGATT-2	CD8+/CD45RA+ Naive Cytotoxic	gem_group_2
GCCACGGAGCTTAG-2	CD19+ B	gem_group_2
GCCATCACATACCG-2	CD19+ B	gem_group_2
GCCATGCTACGCAT-2	CD8+ Cytotoxic T	gem_group_2
GCCATGCTCGTAAC-2	CD8+ Cytotoxic T	gem_group_2
GCCATGCTGGCAAG-2	CD8+ Cytotoxic T	gem_group_2
GCCCAACTAGCAAA-2	CD4+/CD25 T Reg	gem_group_2
GCCCATACACTCTT-2	CD8+/CD45RA+ Naive Cytotoxic	gem_group_2
GCCCATACGAGCAG-2	CD8+/CD45RA+ Naive Cytotoxic	gem_group_2
GCCCATACTATCTC-2	CD19+ B	gem_group_2
GCCGACGACGAACT-2	CD8+ Cytotoxic T	gem_group_2
GCCGGAACTCGCTC-2	CD19+ B	gem_group_2
GCCGGAACTGCTAG-2	CD8+ Cytotoxic T	gem_group_2
GCCTAGCTAGTGCT-2	CD8+/CD45RA+ Naive Cytotoxic	gem_group_2
GCCTAGCTTTGAGC-2	CD19+ B	gem_group_2
GCCTCAACACAGCT-2	CD8+/CD45RA+ Naive Cytotoxic	gem_group_2
GCCTCAACCTTGGA-2	CD8+/CD45RA+ Naive Cytotoxic	gem_group_2
GCCTCATGTCTATC-2	CD19+ B	gem_group_2
GCCTGACTTAAGCC-2	CD19+ B	gem_group_2
GCCTGACTTCGCAA-2	CD4+/CD25 T Reg	gem_group_2
GCCTGACTTGGAGG-2	CD56+ NK	gem_group_2
GCGAAGGAATCGGT-2	CD8+/CD45RA+ Naive Cytotoxic	gem_group_2
GCGAAGGACTGACA-2	CD8+ Cytotoxic T	gem_group_2
GCGAGAGATTCTAC-2	CD19+ B	gem_group_2
GCGAGCACTTTGGG-2	CD8+/CD45RA+ Naive Cytotoxic	gem_group_2
GCGCACGAAACGAA-2	CD8+/CD45RA+ Naive Cytotoxic	gem_group_2
GCGCATCTACGTAC-2	CD56+ NK	gem_group_2
GCGCATCTCTCCCA-2	CD19+ B	gem_group_2
GCGCGAACCCCTCA-2	CD8+ Cytotoxic T	gem_group_2
GCGGCAACATCACG-2	CD8+ Cytotoxic T	gem_group_2
GCGTAAACTACTTC-2	CD19+ B	gem_group_2
GCGTAATGCGTACA-2	CD4+/CD25 T Reg	gem_group_2
GCGTAATGCTTGGA-2	Dendritic	gem_group_2
GCGTACCTATTCGG-2	CD56+ NK	gem_group_2
GCGTACCTCTTCGC-2	CD8+ Cytotoxic T	gem_group_2
GCGTATGATGGTAC-2	CD4+/CD45RO+ Memory	gem_group_2
GCTACCTGGCCTTC-2	Dendritic	gem_group_2
GCTACGCTATCTCT-2	CD4+/CD25 T Reg	gem_group_2
GCTACGCTCATCAG-2	CD8+ Cytotoxic T	gem_group_2
GCTACGCTTCTGGA-2	CD8+/CD45RA+ Naive Cytotoxic	gem_group_2
GCTAGAACCTGCAA-2	CD8+ Cytotoxic T	gem_group_2
GCTAGATGTGGTTG-2	CD19+ B	gem_group_2
GCTCAAGAAGGAGC-2	CD8+/CD45RA+ Naive Cytotoxic	gem_group_2
GCTCAAGAGAAAGT-2	CD8+ Cytotoxic T	gem_group_2
GCTCAAGAGAATCC-2	CD4+/CD45RO+ Memory	gem_group_2
GCTCCATGGAAAGT-2	CD14+ Monocyte	gem_group_2
GCTCCATGTCCTCG-2	CD56+ NK	gem_group_2
GCTCCATGTGTGAC-2	CD8+/CD45RA+ Naive Cytotoxic	gem_group_2
GCTGATGAAATCGC-2	CD8+/CD45RA+ Naive Cytotoxic	gem_group_2
GCTTAACTATTGGC-2	CD4+/CD25 T Reg	gem_group_2
GCTTGAGACCAAGT-2	CD56+ NK	gem_group_2
GGAACACTATTGGC-2	CD8+/CD45RA+ Naive Cytotoxic	gem_group_2
GGAACTACTGTTCT-2	CD8+ Cytotoxic T	gem_group_2
GGAACTTGGCTAAC-2	CD4+/CD25 T Reg	gem_group_2
GGAAGGACAGAGGC-2	CD8+ Cytotoxic T	gem_group_2
GGAAGGACTGAAGA-2	CD4+/CD45RO+ Memory	gem_group_2
GGAAGGTGCACAAC-2	CD4+/CD45RO+ Memory	gem_group_2
GGAATGCTACGGAG-2	CD56+ NK	gem_group_2
GGACAACTGAGATA-2	CD4+/CD25 T Reg	gem_group_2
GGACAGGAAACTGC-2	CD8+/CD45RA+ Naive Cytotoxic	gem_group_2
GGACAGGAGTTGGT-2	CD8+/CD45RA+ Naive Cytotoxic	gem_group_2
GGACCCGACTCCCA-2	CD8+ Cytotoxic T	gem_group_2
GGACCCGAGGAGCA-2	CD8+ Cytotoxic T	gem_group_2
GGACGAGAAAGAAC-2	CD56+ NK	gem_group_2
GGACGAGAGACACT-2	CD8+ Cytotoxic T	gem_group_2
GGACGAGATCTAGG-2	CD8+ Cytotoxic T	gem_group_2
GGACGCACAGCCTA-2	CD8+ Cytotoxic T	gem_group_2
GGACGCACCTGGAT-2	CD8+/CD45RA+ Naive Cytotoxic	gem_group_2
GGACTATGATTCGG-2	CD8+/CD45RA+ Naive Cytotoxic	gem_group_2
GGACTATGGATAAG-2	CD8+ Cytotoxic T	gem_group_2
GGAGACGACTTCCG-2	CD8+/CD45RA+ Naive Cytotoxic	gem_group_2
GGAGCAGACTAGCA-2	CD8+/CD45RA+ Naive Cytotoxic	gem_group_2
GGAGCCACTTGCTT-2	CD56+ NK	gem_group_2
GGAGCGCTGGAGGT-2	CD19+ B	gem_group_2
GGAGGATGCTATGG-2	CD56+ NK	gem_group_2
GGAGGCCTACAGTC-2	CD4+/CD45RO+ Memory	gem_group_2
GGAGGTGACAACCA-2	CD8+/CD45RA+ Naive Cytotoxic	gem_group_2
GGAGGTGAGCCATA-2	CD8+ Cytotoxic T	gem_group_2
GGAGGTGAGCTGTA-2	CD4+/CD45RA+/CD25- Naive T	gem_group_2
GGAGGTGATAAGCC-2	CD8+ Cytotoxic T	gem_group_2
GGATACTGTTTCAC-2	CD8+ Cytotoxic T	gem_group_2
GGATGTTGTCCTCG-2	CD8+ Cytotoxic T	gem_group_2
GGATTGTGCCATGA-2	CD8+/CD45RA+ Naive Cytotoxic	gem_group_2
GGATTGTGTCGCCT-2	CD56+ NK	gem_group_2
GGATTTCTCAGATC-2	CD8+ Cytotoxic T	gem_group_2
GGATTTCTTCGCAA-2	CD8+/CD45RA+ Naive Cytotoxic	gem_group_2
GGCAAGGAGAATGA-2	CD56+ NK	gem_group_2
GGCATATGTCATTC-2	CD8+ Cytotoxic T	gem_group_2
GGCCACGAATCGAC-2	CD8+ Cytotoxic T	gem_group_2
GGCCAGACGCTAAC-2	CD8+ Cytotoxic T	gem_group_2
GGCCGAACGAATCC-2	CD14+ Monocyte	gem_group_2
GGCCGATGGGTCAT-2	CD56+ NK	gem_group_2
GGCGACACAGTAGA-2	CD4+/CD25 T Reg	gem_group_2
GGCGACACATGTGC-2	CD8+/CD45RA+ Naive Cytotoxic	gem_group_2
GGCGACACCTCTCG-2	CD8+ Cytotoxic T	gem_group_2
GGCGACACTCGATG-2	CD8+/CD45RA+ Naive Cytotoxic	gem_group_2
GGCGCATGAAGAGT-2	CD4+/CD45RA+/CD25- Naive T	gem_group_2
GGCGCATGCTATTC-2	CD8+ Cytotoxic T	gem_group_2
GGCTAATGCTTATC-2	CD8+/CD45RA+ Naive Cytotoxic	gem_group_2
GGCTACCTACTAGC-2	CD4+/CD25 T Reg	gem_group_2
GGGAAGTGTATGGC-2	CD8+/CD45RA+ Naive Cytotoxic	gem_group_2
GGGACCTGCTCAGA-2	CD8+ Cytotoxic T	gem_group_2
GGGATGGATAGCCA-2	CD8+/CD45RA+ Naive Cytotoxic	gem_group_2
GGGATTACGAACTC-2	CD8+/CD45RA+ Naive Cytotoxic	gem_group_2
GGGATTACGTAAGA-2	CD56+ NK	gem_group_2
GGGCACACTGTCCC-2	CD4+/CD25 T Reg	gem_group_2
GGGCAGCTGCCTTC-2	CD56+ NK	gem_group_2
GGGCAGCTTACGCA-2	CD19+ B	gem_group_2
GGGCCAACCGGAGA-2	CD8+/CD45RA+ Naive Cytotoxic	gem_group_2
GGGTAACTATTGGC-2	CD56+ NK	gem_group_2
GGGTAACTCTGTCC-2	CD4+/CD25 T Reg	gem_group_2
GGGTTATGTTCCGC-2	CD8+ Cytotoxic T	gem_group_2
GGTACTGATCCTAT-2	CD8+ Cytotoxic T	gem_group_2
GGTCAAACAGCATC-2	CD8+/CD45RA+ Naive Cytotoxic	gem_group_2
GGTCAAACGCTGTA-2	CD4+/CD25 T Reg	gem_group_2
GGTCAAACTGACCA-2	CD8+ Cytotoxic T	gem_group_2
GGTGGAGAGTTGAC-2	CD4+/CD45RA+/CD25- Naive T	gem_group_2
GGTTGAACGCCATA-2	CD8+ Cytotoxic T	gem_group_2
GGTTTACTACCAGT-2	CD8+ Cytotoxic T	gem_group_2
GGTTTACTTTCTAC-2	CD56+ NK	gem_group_2
GTAAGCACAGCATC-2	CD8+ Cytotoxic T	gem_group_2
GTAATAACCTGACA-2	CD56+ NK	gem_group_2
GTAATATGGAGATA-2	CD8+/CD45RA+ Naive Cytotoxic	gem_group_2
GTAATATGGTCAAC-2	CD8+/CD45RA+ Naive Cytotoxic	gem_group_2
GTAATATGTCCTAT-2	CD8+/CD45RA+ Naive Cytotoxic	gem_group_2
GTACAGTGACCAGT-2	CD4+/CD45RO+ Memory	gem_group_2
GTACAGTGCTAGCA-2	CD8+ Cytotoxic T	gem_group_2
GTACAGTGTTTGCT-2	CD19+ B	gem_group_2
GTACGAACCTACGA-2	CD8+ Cytotoxic T	gem_group_2
GTACGAACCTGAGT-2	CD8+ Cytotoxic T	gem_group_2
GTACGAACGTCAAC-2	CD56+ NK	gem_group_2
GTACGTGACGTAAC-2	CD19+ B	gem_group_2
GTACGTGAGAGAGC-2	CD56+ NK	gem_group_2
GTACTTTGAACCTG-2	CD56+ NK	gem_group_2
GTACTTTGGTTGAC-2	CD8+/CD45RA+ Naive Cytotoxic	gem_group_2
GTACTTTGTAAGCC-2	CD4+/CD45RO+ Memory	gem_group_2
GTAGCTGACTGTAG-2	Dendritic	gem_group_2
GTAGCTGAGAATCC-2	CD8+ Cytotoxic T	gem_group_2
GTAGTCGAAACCTG-2	CD8+ Cytotoxic T	gem_group_2
GTAGTCGATGGTCA-2	CD19+ B	gem_group_2
GTAGTGTGGAACTC-2	CD8+ Cytotoxic T	gem_group_2
GTAGTGTGGAGCAG-2	CD4+/CD25 T Reg	gem_group_2
GTAGTGTGGTCATG-2	CD8+ Cytotoxic T	gem_group_2
GTAGTGTGTCAGGT-2	CD8+ Cytotoxic T	gem_group_2
GTATCACTTTCGTT-2	CD8+/CD45RA+ Naive Cytotoxic	gem_group_2
GTATCTACGAGCTT-2	CD8+ Cytotoxic T	gem_group_2
GTATCTACGTTGTG-2	CD8+ Cytotoxic T	gem_group_2
GTATTAGAGAGCTT-2	CD56+ NK	gem_group_2
GTATTCACTTTGGG-2	CD8+/CD45RA+ Naive Cytotoxic	gem_group_2
GTCAATCTCTACCC-2	Dendritic	gem_group_2
GTCAATCTGCTACA-2	CD4+/CD25 T Reg	gem_group_2
GTCACAGAAGATGA-2	CD4+/CD25 T Reg	gem_group_2
GTCACCTGACGCTA-2	CD8+ Cytotoxic T	gem_group_2
GTCGAATGGAGATA-2	CD8+/CD45RA+ Naive Cytotoxic	gem_group_2
GTCGAATGGTTCGA-2	CD8+/CD45RA+ Naive Cytotoxic	gem_group_2
GTCGACCTACGGGA-2	CD8+/CD45RA+ Naive Cytotoxic	gem_group_2
GTCTAGGAAGAACA-2	CD4+/CD45RO+ Memory	gem_group_2
GTCTAGGACCCGTT-2	CD8+ Cytotoxic T	gem_group_2
GTCTGAGAGTGCAT-2	CD8+ Cytotoxic T	gem_group_2
GTGAGGGACTGTAG-2	Dendritic	gem_group_2
GTGATCGAGGAGTG-2	CD4+/CD25 T Reg	gem_group_2
GTGATGACAGCAAA-2	CD19+ B	gem_group_2
GTGATTCTGAAACA-2	CD8+ Cytotoxic T	gem_group_2
GTGCAAACTTCCCG-2	CD8+/CD45RA+ Naive Cytotoxic	gem_group_2
GTGCTAGATCGATG-2	CD8+/CD45RA+ Naive Cytotoxic	gem_group_2
GTGGTAACGCAGTT-2	CD8+ Cytotoxic T	gem_group_2
GTGTACGAAGCTCA-2	CD8+/CD45RA+ Naive Cytotoxic	gem_group_2
GTGTACGACACAAC-2	CD8+ Cytotoxic T	gem_group_2
GTGTACGATCGCCT-2	CD8+/CD45RA+ Naive Cytotoxic	gem_group_2
GTGTACGATTCCAT-2	CD8+ Cytotoxic T	gem_group_2
GTGTAGTGGAGGGT-2	CD8+ Cytotoxic T	gem_group_2
GTGTATCTCTTAGG-2	CD8+ Cytotoxic T	gem_group_2
GTGTATCTTGAAGA-2	CD19+ B	gem_group_2
GTGTATCTTGCTTT-2	CD4+/CD25 T Reg	gem_group_2
GTGTATCTTGGTCA-2	CD8+/CD45RA+ Naive Cytotoxic	gem_group_2
GTGTGATGTACGAC-2	CD19+ B	gem_group_2
GTTAAAACCCATAG-2	CD8+/CD45RA+ Naive Cytotoxic	gem_group_2
GTTAAAACCTGGAT-2	CD8+/CD45RA+ Naive Cytotoxic	gem_group_2
GTTAAATGTGAGGG-2	CD4+/CD45RO+ Memory	gem_group_2
GTTAAATGTGATGC-2	CD8+ Cytotoxic T	gem_group_2
GTTAACCTACGACT-2	CD8+ Cytotoxic T	gem_group_2
GTTATGCTGACTAC-2	CD8+/CD45RA+ Naive Cytotoxic	gem_group_2
GTTCAACTTGTTTC-2	CD19+ B	gem_group_2
GTTGACGACCTTCG-2	CD4+/CD45RO+ Memory	gem_group_2
GTTGATCTCCTGTC-2	CD8+ Cytotoxic T	gem_group_2
GTTGTACTACGGTT-2	CD34+	gem_group_2
TAAACAACCCCTAC-2	CD8+/CD45RA+ Naive Cytotoxic	gem_group_2
TAAACAACTGAACC-2	CD8+ Cytotoxic T	gem_group_2
TAACAATGGCGGAA-2	CD4+/CD25 T Reg	gem_group_2
TAACAATGTACTTC-2	CD8+/CD45RA+ Naive Cytotoxic	gem_group_2
TAACACCTGGTACT-2	Dendritic	gem_group_2
TAACATGACTACCC-2	CD19+ B	gem_group_2
TAACCGGAAAGGGC-2	CD8+ Cytotoxic T	gem_group_2
TAACGTCTCACACA-2	CD8+/CD45RA+ Naive Cytotoxic	gem_group_2
TAACGTCTGGGACA-2	CD8+ Cytotoxic T	gem_group_2
TAACTAGACGACAT-2	CD8+ Cytotoxic T	gem_group_2
TAAGAACTAGCTCA-2	CD4+/CD45RO+ Memory	gem_group_2
TAAGAGGACTTATC-2	CD56+ NK	gem_group_2
TAAGAGGAGATAGA-2	CD8+ Cytotoxic T	gem_group_2
TAAGATACCTTCCG-2	CD8+/CD45RA+ Naive Cytotoxic	gem_group_2
TAAGATACTAAAGG-2	CD8+ Cytotoxic T	gem_group_2
TAAGATTGCCTCAC-2	CD8+/CD45RA+ Naive Cytotoxic	gem_group_2
TAAGGCTGTCCGAA-2	CD4+/CD25 T Reg	gem_group_2
TAAGGGCTCGTACA-2	CD8+/CD45RA+ Naive Cytotoxic	gem_group_2
TAAGTCCTGATAGA-2	CD8+/CD45RA+ Naive Cytotoxic	gem_group_2
TAATCCACGCGTTA-2	CD8+/CD45RA+ Naive Cytotoxic	gem_group_2
TAATGAACATTCCT-2	CD14+ Monocyte	gem_group_2
TAATGATGGCGAAG-2	CD8+/CD45RA+ Naive Cytotoxic	gem_group_2
TACAAATGGGTACT-2	CD8+ Cytotoxic T	gem_group_2
TACAATGAAGCGGA-2	CD56+ NK	gem_group_2
TACAATGATAACCG-2	CD8+/CD45RA+ Naive Cytotoxic	gem_group_2
TACACACTGGTTTG-2	CD8+/CD45RA+ Naive Cytotoxic	gem_group_2
TACATCACTGAGGG-2	CD8+/CD45RA+ Naive Cytotoxic	gem_group_2
TACCATTGCTCAGA-2	CD4+/CD25 T Reg	gem_group_2
TACCGCTGTTTCTG-2	CD19+ B	gem_group_2
TACCGGCTAAGAGT-2	CD8+/CD45RA+ Naive Cytotoxic	gem_group_2
TACCGGCTACCCAA-2	CD4+/CD45RO+ Memory	gem_group_2
TACCGGCTTGCTTT-2	CD19+ B	gem_group_2
TACGACGAAGCGTT-2	CD8+ Cytotoxic T	gem_group_2
TACGACGACCTTAT-2	CD8+ Cytotoxic T	gem_group_2
TACGAGACCAGCTA-2	CD4+/CD25 T Reg	gem_group_2
TACGAGACGGACAG-2	CD4+/CD45RO+ Memory	gem_group_2
TACGAGTGAAGAAC-2	CD8+/CD45RA+ Naive Cytotoxic	gem_group_2
TACGAGTGCTGATG-2	CD8+ Cytotoxic T	gem_group_2
TACGCAGAACCATG-2	Dendritic	gem_group_2
TACGCAGAAGATGA-2	CD4+/CD25 T Reg	gem_group_2
TACGCAGAGTATGC-2	CD14+ Monocyte	gem_group_2
TACGTTACAAGAAC-2	Dendritic	gem_group_2
TACGTTACGGATCT-2	CD8+/CD45RA+ Naive Cytotoxic	gem_group_2
TACTAAGATCGTGA-2	CD56+ NK	gem_group_2
TACTACACCGAACT-2	CD8+/CD45RA+ Naive Cytotoxic	gem_group_2
TACTCAACATTCGG-2	CD14+ Monocyte	gem_group_2
TACTCAACGAATGA-2	CD8+ Cytotoxic T	gem_group_2
TACTCTGAACCAGT-2	CD8+/CD45RA+ Naive Cytotoxic	gem_group_2
TACTCTGACCTTGC-2	Dendritic	gem_group_2
TACTTTCTCAGGAG-2	CD4+/CD25 T Reg	gem_group_2
TAGAAACTAACGAA-2	CD4+/CD45RO+ Memory	gem_group_2
TAGAAACTATCGAC-2	CD56+ NK	gem_group_2
TAGAATACAAACAG-2	CD8+ Cytotoxic T	gem_group_2
TAGACGTGTCGATG-2	CD8+/CD45RA+ Naive Cytotoxic	gem_group_2
TAGAGCACTGGCAT-2	CD34+	gem_group_2
TAGATCCTCCCACT-2	CD8+/CD45RA+ Naive Cytotoxic	gem_group_2
TAGATCCTGCCAAT-2	CD4+/CD25 T Reg	gem_group_2
TAGCATCTCACACA-2	CD8+/CD45RA+ Naive Cytotoxic	gem_group_2
TAGCATCTGGACTT-2	CD4+/CD25 T Reg	gem_group_2
TAGCGATGAGAAGT-2	CD56+ NK	gem_group_2
TAGCGATGGTACCA-2	CD4+/CD45RO+ Memory	gem_group_2
TAGCTACTAACCGT-2	CD8+/CD45RA+ Naive Cytotoxic	gem_group_2
TAGGACTGACCAAC-2	CD8+ Cytotoxic T	gem_group_2
TAGGAGCTTCCAAG-2	CD19+ B	gem_group_2
TAGGCAACTACGCA-2	CD8+/CD45RA+ Naive Cytotoxic	gem_group_2
TAGGCATGCGCATA-2	CD8+/CD45RA+ Naive Cytotoxic	gem_group_2
TAGGCATGCTGTTT-2	CD8+ Cytotoxic T	gem_group_2
TAGGCTGATGCCAA-2	CD8+/CD45RA+ Naive Cytotoxic	gem_group_2
TAGGGACTCACTTT-2	Dendritic	gem_group_2
TAGGTCGAGGAGGT-2	CD4+/CD25 T Reg	gem_group_2
TAGGTGACTAAGCC-2	Dendritic	gem_group_2
TAGGTGTGCTGTGA-2	CD4+/CD45RO+ Memory	gem_group_2
TAGTAAACAGTGTC-2	CD56+ NK	gem_group_2
TAGTAAACTAACGC-2	CD8+/CD45RA+ Naive Cytotoxic	gem_group_2
TAGTACCTCCAATG-2	CD8+ Cytotoxic T	gem_group_2
TAGTCTTGTAACGC-2	CD8+/CD45RA+ Naive Cytotoxic	gem_group_2
TAGTGGTGCCTGAA-2	CD8+ Cytotoxic T	gem_group_2
TAGTTAGATCACGA-2	CD8+/CD45RA+ Naive Cytotoxic	gem_group_2
TAGTTGCTAGGTCT-2	CD8+ Cytotoxic T	gem_group_2
TATAAGACGTAGCT-2	CD19+ B	gem_group_2
TATAAGTGCCTACC-2	CD8+ Cytotoxic T	gem_group_2
TATAAGTGCTGCTC-2	CD14+ Monocyte	gem_group_2
TATACAGATTGCAG-2	CD8+ Cytotoxic T	gem_group_2
TATACCACCTTGAG-2	CD8+/CD45RA+ Naive Cytotoxic	gem_group_2
TATACGCTAATGCC-2	CD8+ Cytotoxic T	gem_group_2
TATAGATGAGTACC-2	CD4+/CD45RO+ Memory	gem_group_2
TATAGATGGGAACG-2	CD19+ B	gem_group_2
TATAGCCTTTCGCC-2	CD56+ NK	gem_group_2
TATCAAGAAAACGA-2	CD56+ NK	gem_group_2
TATCAAGACACTGA-2	CD8+ Cytotoxic T	gem_group_2
TATCACTGTGCCCT-2	CD14+ Monocyte	gem_group_2
TATCACTGTGCTCC-2	CD19+ B	gem_group_2
TATCGACTCAGGAG-2	CD8+/CD45RA+ Naive Cytotoxic	gem_group_2
TATCGTACATCTCT-2	CD4+/CD25 T Reg	gem_group_2
TATCGTACTCCCAC-2	CD8+/CD45RA+ Naive Cytotoxic	gem_group_2
TATCGTACTCGCTC-2	Dendritic	gem_group_2
TATCTCGATTGCAG-2	CD8+ Cytotoxic T	gem_group_2
TATCTGACCGTAAC-2	CD8+ Cytotoxic T	gem_group_2
TATCTTCTGCCATA-2	Dendritic	gem_group_2
TATCTTCTGTTCTT-2	CD56+ NK	gem_group_2
TATGAATGAAACAG-2	CD8+ Cytotoxic T	gem_group_2
TATGAATGTTTACC-2	CD8+ Cytotoxic T	gem_group_2
TATGCGGAAACAGA-2	CD4+/CD45RO+ Memory	gem_group_2
TATGCGGAAACCTG-2	CD19+ B	gem_group_2
TATGGGTGACAGTC-2	CD4+/CD45RO+ Memory	gem_group_2
TATGGGTGTCATTC-2	CD19+ B	gem_group_2
TATGTCACCACTCC-2	CD8+ Cytotoxic T	gem_group_2
TATGTCACTCCGAA-2	CD4+/CD45RA+/CD25- Naive T	gem_group_2
TATGTGCTTGAGAA-2	CD8+/CD45RA+ Naive Cytotoxic	gem_group_2
TATTGCTGGGCGAA-2	CD56+ NK	gem_group_2
TATTTCCTGTCTTT-2	CD8+ Cytotoxic T	gem_group_2
TCAACACTGCTGTA-2	CD8+ Cytotoxic T	gem_group_2
TCAACACTGTCGAT-2	CD56+ NK	gem_group_2
TCAAGGTGGAGACG-2	CD8+ Cytotoxic T	gem_group_2
TCAAGTCTAGCCTA-2	CD56+ NK	gem_group_2
TCAAGTCTGTCTTT-2	CD8+ Cytotoxic T	gem_group_2
TCAATAGAAGGGTG-2	Dendritic	gem_group_2
TCAATAGACTCGCT-2	CD8+/CD45RA+ Naive Cytotoxic	gem_group_2
TCAATAGATCTCGC-2	CD8+/CD45RA+ Naive Cytotoxic	gem_group_2
TCAATCACGCCTTC-2	CD8+/CD45RA+ Naive Cytotoxic	gem_group_2
TCAATCACGCTTAG-2	CD8+ Cytotoxic T	gem_group_2
TCAATCACGGACAG-2	CD56+ NK	gem_group_2
TCACAACTTGAGAA-2	CD8+/CD45RA+ Naive Cytotoxic	gem_group_2
TCACATACAGTAGA-2	CD8+ Cytotoxic T	gem_group_2
TCACCCGAAAACGA-2	CD4+/CD25 T Reg	gem_group_2
TCACCTCTTTCAGG-2	CD56+ NK	gem_group_2
TCACGAGACCGCTT-2	CD8+ Cytotoxic T	gem_group_2
TCACTATGTGCTTT-2	CD8+ Cytotoxic T	gem_group_2
TCAGAGACACCTAG-2	CD56+ NK	gem_group_2
TCAGCGCTCTCTAT-2	Dendritic	gem_group_2
TCAGCGCTGGTCAT-2	CD19+ B	gem_group_2
TCAGCGCTTAAGCC-2	CD14+ Monocyte	gem_group_2
TCAGTGGACCAAGT-2	CD4+/CD45RO+ Memory	gem_group_2
TCAGTGGAGGGTGA-2	CD19+ B	gem_group_2
TCAGTTACATTGGC-2	CD8+/CD45RA+ Naive Cytotoxic	gem_group_2
TCAGTTACGAAGGC-2	CD8+ Cytotoxic T	gem_group_2
TCATCCCTAAAACG-2	CD8+ Cytotoxic T	gem_group_2
TCATGTACCTGAAC-2	CD4+/CD45RO+ Memory	gem_group_2
TCATTCGAAACGAA-2	CD56+ NK	gem_group_2
TCATTCGACATGGT-2	CD8+/CD45RA+ Naive Cytotoxic	gem_group_2
TCATTCGAGTTTGG-2	CD8+ Cytotoxic T	gem_group_2
TCATTCGATATGGC-2	CD4+/CD45RA+/CD25- Naive T	gem_group_2
TCCACGTGGGAACG-2	CD8+ Cytotoxic T	gem_group_2
TCCACGTGTACTCT-2	CD8+ Cytotoxic T	gem_group_2
TCCACTCTAACGAA-2	CD4+/CD45RA+/CD25- Naive T	gem_group_2
TCCAGAGATGACTG-2	CD8+ Cytotoxic T	gem_group_2
TCCATAACCCTCGT-2	CD8+/CD45RA+ Naive Cytotoxic	gem_group_2
TCCATAACGTATGC-2	CD8+ Cytotoxic T	gem_group_2
TCCATAACGTCATG-2	CD14+ Monocyte	gem_group_2
TCCATCCTGGGATG-2	CD8+ Cytotoxic T	gem_group_2
TCCATCCTTAGAGA-2	CD14+ Monocyte	gem_group_2
TCCCAGACCCCTAC-2	CD4+/CD45RO+ Memory	gem_group_2
TCCCGATGCTGAAC-2	CD8+/CD45RA+ Naive Cytotoxic	gem_group_2
TCCCGATGTCCAAG-2	CD56+ NK	gem_group_2
TCCCTACTCCACCT-2	CD4+/CD25 T Reg	gem_group_2
TCCGAGCTCTACCC-2	CD8+ Cytotoxic T	gem_group_2
TCCGGACTACTACG-2	CD19+ B	gem_group_2
TCCGGACTCCTCAC-2	CD8+ Cytotoxic T	gem_group_2
TCCGGACTTCTTCA-2	CD8+ Cytotoxic T	gem_group_2
TCCTAAACCCCTAC-2	CD8+/CD45RA+ Naive Cytotoxic	gem_group_2
TCCTAATGCGCAAT-2	CD4+/CD25 T Reg	gem_group_2
TCCTATGAGTAGCT-2	CD14+ Monocyte	gem_group_2
TCCTATGAGTAGGG-2	CD19+ B	gem_group_2
TCGAGCCTACTAGC-2	CD8+ Cytotoxic T	gem_group_2
TCGAGCCTTAGAAG-2	CD4+/CD25 T Reg	gem_group_2
TCGAGCCTTTTACC-2	CD19+ B	gem_group_2
TCGATACTCAGCTA-2	Dendritic	gem_group_2
TCGATTTGAGGGTG-2	CD8+/CD45RA+ Naive Cytotoxic	gem_group_2
TCGCACACAAGTAG-2	CD8+ Cytotoxic T	gem_group_2
TCGCACACGCAAGG-2	CD4+/CD25 T Reg	gem_group_2
TCGCACACGTACCA-2	CD8+/CD45RA+ Naive Cytotoxic	gem_group_2
TCGCACACTAGTCG-2	CD8+ Cytotoxic T	gem_group_2
TCGCACTGGGTTTG-2	CD8+/CD45RA+ Naive Cytotoxic	gem_group_2
TCGCCATGCTGTCC-2	CD8+/CD45RA+ Naive Cytotoxic	gem_group_2
TCGGACCTAGCACT-2	CD4+/CD25 T Reg	gem_group_2
TCGGCACTACTACG-2	CD56+ NK	gem_group_2
TCGGTAGATCTCCG-2	CD8+ Cytotoxic T	gem_group_2
TCGTAGGAGCGAGA-2	CD8+ Cytotoxic T	gem_group_2
TCGTGAGAGGGATG-2	CD56+ NK	gem_group_2
TCGTTATGCGCATA-2	CD8+/CD45RA+ Naive Cytotoxic	gem_group_2
TCTAACTGCTAGAC-2	CD56+ NK	gem_group_2
TCTACAACAGTGCT-2	CD8+/CD45RA+ Naive Cytotoxic	gem_group_2
TCTACAACTGCGTA-2	CD14+ Monocyte	gem_group_2
TCTAGACTTCCGTC-2	CD14+ Monocyte	gem_group_2
TCTAGTTGGTACGT-2	CD4+/CD25 T Reg	gem_group_2
TCTATGTGAAGAGT-2	CD8+ Cytotoxic T	gem_group_2
TCTATGTGGTCTTT-2	CD56+ NK	gem_group_2
TCTCAAACTGAGAA-2	CD19+ B	gem_group_2
TCTCTAGATATCTC-2	CD56+ NK	gem_group_2
TCTTACGATTGCAG-2	CD8+ Cytotoxic T	gem_group_2
TCTTCAGATCGTGA-2	CD19+ B	gem_group_2
TCTTGATGTGAAGA-2	CD8+/CD45RA+ Naive Cytotoxic	gem_group_2
TGAACCGATGCTTT-2	CD4+/CD25 T Reg	gem_group_2
TGAAGCACAAACAG-2	CD4+/CD25 T Reg	gem_group_2
TGAAGCACTTCGGA-2	CD8+ Cytotoxic T	gem_group_2
TGAATAACTCTATC-2	CD4+/CD25 T Reg	gem_group_2
TGACACGAAGCAAA-2	Dendritic	gem_group_2
TGACACGAGGACAG-2	CD14+ Monocyte	gem_group_2
TGACACGATTCGTT-2	CD4+/CD45RA+/CD25- Naive T	gem_group_2
TGACCAGACGCCTT-2	CD56+ NK	gem_group_2
TGACCAGATGTCGA-2	CD8+ Cytotoxic T	gem_group_2
TGACCGCTAGTGTC-2	CD8+/CD45RA+ Naive Cytotoxic	gem_group_2
TGACTGGAGTTCTT-2	CD19+ B	gem_group_2
TGACTTACTGCCTC-2	CD56+ NK	gem_group_2
TGACTTTGAGTGTC-2	CD8+ Cytotoxic T	gem_group_2
TGAGACACGCATCA-2	CD8+/CD45RA+ Naive Cytotoxic	gem_group_2
TGAGGACTGGTCAT-2	CD8+/CD45RA+ Naive Cytotoxic	gem_group_2
TGAGGTACGTCATG-2	CD14+ Monocyte	gem_group_2
TGAGTGACACGGTT-2	CD8+/CD45RA+ Naive Cytotoxic	gem_group_2
TGATAAACGACGGA-2	CD56+ NK	gem_group_2
TGATACCTAAGGGC-2	CD14+ Monocyte	gem_group_2
TGATATGAGGTCAT-2	CD8+ Cytotoxic T	gem_group_2
TGATCACTCGAATC-2	CD19+ B	gem_group_2
TGATCGGATGTGAC-2	CD8+/CD45RA+ Naive Cytotoxic	gem_group_2
TGATTCTGTGAGCT-2	CD56+ NK	gem_group_2
TGCAACGAGTAAAG-2	CD14+ Monocyte	gem_group_2
TGCAAGACTGTTCT-2	CD19+ B	gem_group_2
TGCAAGTGATGCTG-2	CD56+ NK	gem_group_2
TGCAAGTGTGCTGA-2	CD4+/CD25 T Reg	gem_group_2
TGCACAGAAAAGCA-2	CD8+ Cytotoxic T	gem_group_2
TGCACAGAACGTAC-2	CD56+ NK	gem_group_2
TGCACAGACTACTT-2	CD8+/CD45RA+ Naive Cytotoxic	gem_group_2
TGCACAGATTCGTT-2	CD8+/CD45RA+ Naive Cytotoxic	gem_group_2
TGCACGCTACTCAG-2	CD4+/CD25 T Reg	gem_group_2
TGCACGCTGTTGCA-2	CD8+ Cytotoxic T	gem_group_2
TGCATGGAACGGAG-2	CD8+ Cytotoxic T	gem_group_2
TGCATGGATGTGAC-2	CD4+/CD25 T Reg	gem_group_2
TGCCAAGATCAGTG-2	CD8+ Cytotoxic T	gem_group_2
TGCCACTGTCTTCA-2	CD8+/CD45RA+ Naive Cytotoxic	gem_group_2
TGCCAGCTGGAACG-2	CD19+ B	gem_group_2
TGCCCAACGAGCTT-2	CD8+/CD45RA+ Naive Cytotoxic	gem_group_2
TGCCGACTGCTTCC-2	CD4+/CD25 T Reg	gem_group_2
TGCGATGACTGACA-2	CD8+/CD45RA+ Naive Cytotoxic	gem_group_2
TGCTAGGAAAGAAC-2	CD8+ Cytotoxic T	gem_group_2
TGCTAGGATCTTCA-2	CD8+ Cytotoxic T	gem_group_2
TGCTTAACACGGAG-2	CD56+ NK	gem_group_2
TGGAAAGATTGCAG-2	CD8+ Cytotoxic T	gem_group_2
TGGAACACGTGTCA-2	CD19+ B	gem_group_2
TGGAACACGTTGCA-2	CD8+ Cytotoxic T	gem_group_2
TGGAACTGCGCAAT-2	CD8+/CD45RA+ Naive Cytotoxic	gem_group_2
TGGAAGCTTCCCAC-2	CD4+/CD25 T Reg	gem_group_2
TGGAGGGAGCAAGG-2	CD8+/CD45RA+ Naive Cytotoxic	gem_group_2
TGGAGGGATGTCGA-2	CD56+ NK	gem_group_2
TGGATGTGCCTACC-2	CD56+ NK	gem_group_2
TGGGTATGGACTAC-2	CD4+/CD25 T Reg	gem_group_2
TGGTACGACTGCTC-2	CD19+ B	gem_group_2
TGGTAGACCTTGCC-2	CD19+ B	gem_group_2
TGGTAGACTAGCCA-2	CD19+ B	gem_group_2
TGGTAGTGGATGAA-2	CD8+ Cytotoxic T	gem_group_2
TGGTAGTGGTGTTG-2	CD8+/CD45RA+ Naive Cytotoxic	gem_group_2
TGGTATCTGAGCTT-2	CD4+/CD25 T Reg	gem_group_2
TGGTATCTTGGTCA-2	CD4+/CD25 T Reg	gem_group_2
TGGTTACTCGTAGT-2	CD8+/CD45RA+ Naive Cytotoxic	gem_group_2
TGGTTACTGTATGC-2	CD8+ Cytotoxic T	gem_group_2
TGTAACCTCTACCC-2	CD8+/CD45RA+ Naive Cytotoxic	gem_group_2
TGTAGTCTCCAGTA-2	CD8+ Cytotoxic T	gem_group_2
TGTATCTGGCATCA-2	Dendritic	gem_group_2
TGTCTAACTCCTCG-2	CD8+ Cytotoxic T	gem_group_2
TGTGACGATACTCT-2	CD8+ Cytotoxic T	gem_group_2
TGTGAGACCTCGAA-2	CD8+ Cytotoxic T	gem_group_2
TGTGAGTGCATGGT-2	CD8+ Cytotoxic T	gem_group_2
TGTGAGTGTGTCAG-2	CD8+/CD45RA+ Naive Cytotoxic	gem_group_2
TGTGGATGAAGGCG-2	CD4+/CD45RA+/CD25- Naive T	gem_group_2
TGTGGATGCCTTCG-2	CD8+ Cytotoxic T	gem_group_2
TGTTAAGACACAAC-2	CD8+ Cytotoxic T	gem_group_2
TGTTAAGAGAGATA-2	CD8+ Cytotoxic T	gem_group_2
TGTTAAGAGTAGGG-2	CD8+ Cytotoxic T	gem_group_2
TTACCATGGTGAGG-2	CD19+ B	gem_group_2
TTACTCGACCAATG-2	CD19+ B	gem_group_2
TTACTCGATCATTC-2	CD8+ Cytotoxic T	gem_group_2
TTAGACCTTAGCGT-2	CD8+ Cytotoxic T	gem_group_2
TTAGGGACCAGCTA-2	CD4+/CD45RO+ Memory	gem_group_2
TTAGGGACCCTCAC-2	CD56+ NK	gem_group_2
TTAGGGACCGACAT-2	CD8+/CD45RA+ Naive Cytotoxic	gem_group_2
TTAGTCACCGCATA-2	Dendritic	gem_group_2
TTAGTCACCTCAAG-2	CD4+/CD45RA+/CD25- Naive T	gem_group_2
TTAGTCTGTGCCCT-2	CD8+ Cytotoxic T	gem_group_2
TTATGAGAGACGGA-2	CD8+ Cytotoxic T	gem_group_2
TTATGAGAGCATCA-2	CD56+ NK	gem_group_2
TTATGCACGGTCTA-2	CD4+/CD25 T Reg	gem_group_2
TTATTCCTAGCACT-2	CD56+ NK	gem_group_2
TTATTCCTGGGACA-2	CD56+ NK	gem_group_2
TTATTCCTTGCAGT-2	CD8+ Cytotoxic T	gem_group_2
TTCAAAGACCCACT-2	CD8+ Cytotoxic T	gem_group_2
TTCAACACGCTGAT-2	CD19+ B	gem_group_2
TTCAACACTGGAGG-2	CD19+ B	gem_group_2
TTCACAACCACACA-2	CD8+/CD45RA+ Naive Cytotoxic	gem_group_2
TTCACAACTACGAC-2	CD56+ NK	gem_group_2
TTCACAACTCGTTT-2	CD8+/CD45RA+ Naive Cytotoxic	gem_group_2
TTCACCCTGGTAGG-2	CD8+/CD45RA+ Naive Cytotoxic	gem_group_2
TTCAGTACTCGCTC-2	CD8+ Cytotoxic T	gem_group_2
TTCAGTTGAACAGA-2	CD8+/CD45RA+ Naive Cytotoxic	gem_group_2
TTCAGTTGAAGGCG-2	CD8+ Cytotoxic T	gem_group_2
TTCAGTTGACCTAG-2	CD19+ B	gem_group_2
TTCATCGAATCACG-2	CD8+/CD45RA+ Naive Cytotoxic	gem_group_2
TTCATCGATGCGTA-2	CD19+ B	gem_group_2
TTCATGACACACTG-2	CD14+ Monocyte	gem_group_2
TTCATGACGCGTTA-2	CD8+/CD45RA+ Naive Cytotoxic	gem_group_2
TTCATTCTCTCGAA-2	CD4+/CD25 T Reg	gem_group_2
TTCGAGGATTGCTT-2	CD8+ Cytotoxic T	gem_group_2
TTCTACGACATGAC-2	CD19+ B	gem_group_2
TTCTAGTGTGCTAG-2	Dendritic	gem_group_2
TTCTAGTGTGGTGT-2	CD4+/CD25 T Reg	gem_group_2
TTCTCAGAAACCAC-2	CD8+ Cytotoxic T	gem_group_2
TTCTCAGAGTTAGC-2	CD4+/CD25 T Reg	gem_group_2
TTCTCAGATAGCGT-2	CD4+/CD45RA+/CD25- Naive T	gem_group_2
TTCTGATGCTGAGT-2	CD56+ NK	gem_group_2
TTGAACCTGGTGAG-2	CD8+ Cytotoxic T	gem_group_2
TTGAATGAAGCGTT-2	CD8+ Cytotoxic T	gem_group_2
TTGAATGAGTGCTA-2	CD8+/CD45RA+ Naive Cytotoxic	gem_group_2
TTGAGGTGTCATTC-2	CD19+ B	gem_group_2
TTGAGGTGTCGTGA-2	CD8+/CD45RA+ Naive Cytotoxic	gem_group_2
TTGATCTGCTTAGG-2	CD19+ B	gem_group_2
TTGATCTGTCGCAA-2	CD8+/CD45RA+ Naive Cytotoxic	gem_group_2
TTGATCTGTCTCTA-2	CD4+/CD45RO+ Memory	gem_group_2
TTGCATTGCGAACT-2	CD8+ Cytotoxic T	gem_group_2
TTGCATTGGGATTC-2	CD56+ NK	gem_group_2
TTGCTAACGCCTTC-2	CD8+ Cytotoxic T	gem_group_2
TTGCTATGAAGGGC-2	CD4+/CD25 T Reg	gem_group_2
TTGGAGTGCGATAC-2	CD56+ NK	gem_group_2
TTGGGAACCTTACT-2	CD8+ Cytotoxic T	gem_group_2
TTGGGAACGTACCA-2	CD19+ B	gem_group_2
TTGGTACTTGTGGT-2	CD8+/CD45RA+ Naive Cytotoxic	gem_group_2
TTGTACACTGTAGC-2	CD8+ Cytotoxic T	gem_group_2
TTTAGAGAATCTCT-2	CD8+ Cytotoxic T	gem_group_2
TTTAGCTGCAACCA-2	CD4+/CD45RA+/CD25- Naive T	gem_group_2
TTTCAGTGTCATTC-2	CD8+/CD45RA+ Naive Cytotoxic	gem_group_2
TTTCCAGACGAGAG-2	CD19+ B	gem_group_2
TTTCCAGAGGAAGC-2	CD8+ Cytotoxic T	gem_group_2
TTTCGAACTCCTGC-2	CD8+ Cytotoxic T	gem_group_2
TTTCTACTACGACT-2	CD8+/CD45RA+ Naive Cytotoxic	gem_group_2
TTTCTACTAGAGGC-2	CD4+/CD25 T Reg	gem_group_2
TTTGACTGTAAGGA-2	CD19+ B	gem_group_2
TTTGACTGTCGATG-2	CD56+ NK	gem_group_2
TTTGCATGAACCGT-2	CD8+ Cytotoxic T	gem_group_2
AAACATACTTCGGA-3	CD4+/CD25 T Reg	gem_group_3
AAACATTGGGACTT-3	CD8+ Cytotoxic T	gem_group_3
AAACGCTGCAGAAA-3	CD56+ NK	gem_group_3
AAACGCTGGTGCAT-3	CD8+/CD45RA+ Naive Cytotoxic	gem_group_3
AAACTTGATGGTAC-3	CD8+ Cytotoxic T	gem_group_3
AAAGAGACCTCGAA-3	CD19+ B	gem_group_3
AAAGAGACTCTCTA-3	CD8+/CD45RA+ Naive Cytotoxic	gem_group_3
AAAGAGACTGTCTT-3	CD8+ Cytotoxic T	gem_group_3
AAAGATCTCACAAC-3	CD8+/CD45RA+ Naive Cytotoxic	gem_group_3
AAAGCAGAAGCAAA-3	CD8+/CD45RA+ Naive Cytotoxic	gem_group_3
AAAGCAGACTAGTG-3	CD8+ Cytotoxic T	gem_group_3
AAAGCAGAGCGAAG-3	CD8+ Cytotoxic T	gem_group_3
AAAGGCCTGGTCAT-3	CD8+ Cytotoxic T	gem_group_3
AAATCAACTTCAGG-3	CD8+/CD45RA+ Naive Cytotoxic	gem_group_3
AAATCCCTACCAGT-3	CD8+/CD45RA+ Naive Cytotoxic	gem_group_3
AAATCCCTGTCAAC-3	CD19+ B	gem_group_3
AAATCTGAACGACT-3	CD4+/CD25 T Reg	gem_group_3
AAATCTGACGAACT-3	CD8+ Cytotoxic T	gem_group_3
AAATGGGAAATCGC-3	CD8+ Cytotoxic T	gem_group_3
AAATTCGACTGCTC-3	CD4+/CD45RO+ Memory	gem_group_3
AAATTCGATGTGAC-3	CD14+ Monocyte	gem_group_3
AAATTGACTGAGGG-3	CD8+/CD45RA+ Naive Cytotoxic	gem_group_3
AACACGTGAGCAAA-3	CD8+ Cytotoxic T	gem_group_3
AACACTCTGGGAGT-3	CD8+ Cytotoxic T	gem_group_3
AACATTGAACTTTC-3	CD8+ Cytotoxic T	gem_group_3
AACCACGAGCTGAT-3	CD56+ NK	gem_group_3
AACCACGATGCCCT-3	CD8+ Cytotoxic T	gem_group_3
AACCGATGCATCAG-3	CD8+ Cytotoxic T	gem_group_3
AACCGCCTACGTTG-3	CD8+ Cytotoxic T	gem_group_3
AACCGCCTCTCCAC-3	CD8+/CD45RA+ Naive Cytotoxic	gem_group_3
AACCTTACACTACG-3	CD8+ Cytotoxic T	gem_group_3
AACCTTTGAGAGAT-3	CD8+/CD45RA+ Naive Cytotoxic	gem_group_3
AACCTTTGGTGCAT-3	CD4+/CD25 T Reg	gem_group_3
AACGCAACGGAAAT-3	CD8+/CD45RA+ Naive Cytotoxic	gem_group_3
AACGCATGCGTACA-3	CD8+/CD45RA+ Naive Cytotoxic	gem_group_3
AACGCATGGAGGGT-3	CD8+/CD45RA+ Naive Cytotoxic	gem_group_3
AACGCCCTTGGTCA-3	CD8+/CD45RA+ Naive Cytotoxic	gem_group_3
AACGTCGATCCGTC-3	CD8+ Cytotoxic T	gem_group_3
AACGTTCTGTTGTG-3	CD8+ Cytotoxic T	gem_group_3
AACTACCTACACCA-3	CD56+ NK	gem_group_3
AACTCTTGAGGAGC-3	CD56+ NK	gem_group_3
AACTCTTGGAGATA-3	CD8+ Cytotoxic T	gem_group_3
AACTGTCTCATTGG-3	CD14+ Monocyte	gem_group_3
AAGAACGAACCTTT-3	CD14+ Monocyte	gem_group_3
AAGAATCTCTACTT-3	CD56+ NK	gem_group_3
AAGACAGAAGAGTA-3	CD8+/CD45RA+ Naive Cytotoxic	gem_group_3
AAGACAGAGAGGAC-3	CD14+ Monocyte	gem_group_3
AAGAGATGGACGGA-3	CD8+ Cytotoxic T	gem_group_3
AAGATGGATTGCGA-3	CD8+ Cytotoxic T	gem_group_3
AAGCAAGACCTCCA-3	CD56+ NK	gem_group_3
AAGCACTGGGTATC-3	CD8+ Cytotoxic T	gem_group_3
AAGCACTGTCCGAA-3	CD56+ NK	gem_group_3
AAGCCAACGACAGG-3	CD8+ Cytotoxic T	gem_group_3
AAGCCATGAGTGCT-3	CD8+/CD45RA+ Naive Cytotoxic	gem_group_3
AAGCCATGTGTTCT-3	CD4+/CD45RO+ Memory	gem_group_3
AAGGCTTGCTTACT-3	CD14+ Monocyte	gem_group_3
AAGGTGCTCCGAAT-3	CD4+/CD25 T Reg	gem_group_3
AAGGTGCTGTGTTG-3	CD19+ B	gem_group_3
AAGGTGCTTTCTCA-3	CD8+ Cytotoxic T	gem_group_3
AAGTCCGAGCTCCT-3	CD8+ Cytotoxic T	gem_group_3
AAGTCTCTATCAGC-3	CD56+ NK	gem_group_3
AAGTCTCTGCTACA-3	CD56+ NK	gem_group_3
AAGTGCACACGGAG-3	CD56+ NK	gem_group_3
AAGTGCACCGTCTC-3	CD8+ Cytotoxic T	gem_group_3
AAGTGCACTTGTCT-3	CD8+ Cytotoxic T	gem_group_3
AAGTTCCTCCTCGT-3	CD19+ B	gem_group_3
AATAACACTCTAGG-3	CD8+/CD45RA+ Naive Cytotoxic	gem_group_3
AATAAGCTACTGTG-3	Dendritic	gem_group_3
AATAAGCTATTTCC-3	CD14+ Monocyte	gem_group_3
AATACTGACTTATC-3	CD4+/CD25 T Reg	gem_group_3
AATCAAACCTTGGA-3	CD8+ Cytotoxic T	gem_group_3
AATCCTACATGACC-3	CD56+ NK	gem_group_3
AATCTAGAGTCGAT-3	CD4+/CD25 T Reg	gem_group_3
AATCTAGAGTTGCA-3	Dendritic	gem_group_3
AATCTAGATGAAGA-3	CD8+ Cytotoxic T	gem_group_3
AATCTCACATTTCC-3	CD14+ Monocyte	gem_group_3
AATCTCACTGGCAT-3	CD8+ Cytotoxic T	gem_group_3
AATGAGGACGTAAC-3	CD4+/CD45RA+/CD25- Naive T	gem_group_3
AATGGCTGCGCATA-3	CD4+/CD45RA+/CD25- Naive T	gem_group_3
AATGTAACTCTCCG-3	CD4+/CD25 T Reg	gem_group_3
AATTACGATTGGTG-3	CD14+ Monocyte	gem_group_3
AATTGTGAAGAATG-3	CD8+ Cytotoxic T	gem_group_3
AATTGTGAATACCG-3	CD8+ Cytotoxic T	gem_group_3
ACAATAACCTGTAG-3	CD8+ Cytotoxic T	gem_group_3
ACACCCTGGTCGAT-3	CD8+/CD45RA+ Naive Cytotoxic	gem_group_3
ACACCCTGTTACCT-3	CD8+ Cytotoxic T	gem_group_3
ACACGTGACGGAGA-3	CD56+ NK	gem_group_3
ACACGTGAGAGATA-3	CD8+/CD45RA+ Naive Cytotoxic	gem_group_3
ACAGACACCGGTAT-3	CD8+/CD45RA+ Naive Cytotoxic	gem_group_3
ACAGACACCGTACA-3	CD4+/CD25 T Reg	gem_group_3
ACAGCAACTGTCGA-3	CD4+/CD25 T Reg	gem_group_3
ACAGGTACGCGAGA-3	CD8+ Cytotoxic T	gem_group_3
ACAGTCGACATTGG-3	CD8+ Cytotoxic T	gem_group_3
ACAGTCGACTGAAC-3	CD4+/CD45RA+/CD25- Naive T	gem_group_3
ACAGTCGAGCGTAT-3	CD8+ Cytotoxic T	gem_group_3
ACAGTGACCCGAAT-3	CD8+ Cytotoxic T	gem_group_3
ACAGTGTGCTTTAC-3	CD19+ B	gem_group_3
ACAGTGTGTGTCGA-3	CD14+ Monocyte	gem_group_3
ACAGTTCTGGAACG-3	CD8+/CD45RA+ Naive Cytotoxic	gem_group_3
ACAGTTCTTGCTAG-3	CD4+/CD25 T Reg	gem_group_3
ACATACCTTGTGGT-3	CD8+/CD45RA+ Naive Cytotoxic	gem_group_3
ACATCACTCCCAAA-3	CD8+ Cytotoxic T	gem_group_3
ACATCACTCTTACT-3	CD4+/CD45RA+/CD25- Naive T	gem_group_3
ACATCACTGAAAGT-3	CD4+/CD25 T Reg	gem_group_3
ACCAACGATGCAAC-3	CD8+ Cytotoxic T	gem_group_3
ACCACAGAAGAAGT-3	CD56+ NK	gem_group_3
ACCACAGAGGTTTG-3	CD8+ Cytotoxic T	gem_group_3
ACCACAGATTATCC-3	CD4+/CD45RA+/CD25- Naive T	gem_group_3
ACCACGCTCGTGAT-3	CD56+ NK	gem_group_3
ACCACGCTCTGATG-3	CD8+ Cytotoxic T	gem_group_3
ACCAGCCTTTAGGC-3	CD14+ Monocyte	gem_group_3
ACCAGTGACATCAG-3	CD56+ NK	gem_group_3
ACCATTACCTGAGT-3	CD8+ Cytotoxic T	gem_group_3
ACCCACTGCGTAAC-3	CD56+ NK	gem_group_3
ACCCACTGGCGAAG-3	CD8+/CD45RA+ Naive Cytotoxic	gem_group_3
ACCCGTACTGTCTT-3	CD56+ NK	gem_group_3
ACCCGTTGTGCTAG-3	CD56+ NK	gem_group_3
ACCCTCGAACAGCT-3	CD4+/CD25 T Reg	gem_group_3
ACCCTCGAGGACAG-3	CD4+/CD45RO+ Memory	gem_group_3
ACCGCGGACAGATC-3	CD56+ NK	gem_group_3
ACCGCGGATGCACA-3	CD56+ NK	gem_group_3
ACCTATTGAGTTCG-3	CD8+/CD45RA+ Naive Cytotoxic	gem_group_3
ACCTATTGCATCAG-3	CD8+ Cytotoxic T	gem_group_3
ACCTATTGTCTCAT-3	CD14+ Monocyte	gem_group_3
ACCTCCGAGGTATC-3	CD4+/CD25 T Reg	gem_group_3
ACCTGGCTCACCAA-3	CD4+/CD45RO+ Memory	gem_group_3
ACGAAGCTGCAGTT-3	CD8+ Cytotoxic T	gem_group_3
ACGACAACCCCTCA-3	CD8+ Cytotoxic T	gem_group_3
ACGACCCTCTATGG-3	CD19+ B	gem_group_3
ACGACCCTGTAAGA-3	CD19+ B	gem_group_3
ACGAGGGAACCATG-3	CD8+ Cytotoxic T	gem_group_3
ACGAGTACAACCAC-3	CD4+/CD25 T Reg	gem_group_3
ACGCAATGGACACT-3	CD8+/CD45RA+ Naive Cytotoxic	gem_group_3
ACGCAATGTCCTGC-3	CD8+/CD45RA+ Naive Cytotoxic	gem_group_3
ACGCACCTGAGCTT-3	CD56+ NK	gem_group_3
ACGCACCTTGACCA-3	CD8+/CD45RA+ Naive Cytotoxic	gem_group_3
ACGCCTTGCCCAAA-3	CD8+ Cytotoxic T	gem_group_3
ACGCGGTGTGCATG-3	CD8+/CD45RA+ Naive Cytotoxic	gem_group_3
ACGCGGTGTTGGCA-3	CD4+/CD45RA+/CD25- Naive T	gem_group_3
ACGCTCACGTCTGA-3	CD8+ Cytotoxic T	gem_group_3
ACGCTGCTCATCAG-3	CD8+ Cytotoxic T	gem_group_3
ACGGAGGATGGTCA-3	CD56+ NK	gem_group_3
ACGGCTCTGCATCA-3	CD8+/CD45RA+ Naive Cytotoxic	gem_group_3
ACGGTATGTTATCC-3	CD4+/CD45RO+ Memory	gem_group_3
ACGGTATGTTTGCT-3	CD8+/CD45RA+ Naive Cytotoxic	gem_group_3
ACGGTCCTTTTGCT-3	CD8+/CD45RA+ Naive Cytotoxic	gem_group_3
ACGTCAGACGAGTT-3	CD14+ Monocyte	gem_group_3
ACGTCCTGCCTCCA-3	CD8+/CD45RA+ Naive Cytotoxic	gem_group_3
ACGTCGCTACCGAT-3	CD8+/CD45RA+ Naive Cytotoxic	gem_group_3
ACGTCGCTACGCAT-3	CD19+ B	gem_group_3
ACGTCGCTCTATGG-3	CD8+ Cytotoxic T	gem_group_3
ACGTGCCTAGTAGA-3	CD8+/CD45RA+ Naive Cytotoxic	gem_group_3
ACGTGCCTCCCAAA-3	CD19+ B	gem_group_3
ACGTTACTTGCTAG-3	CD19+ B	gem_group_3
ACGTTACTTTCCCG-3	CD56+ NK	gem_group_3
ACGTTGGACTAAGC-3	CD8+ Cytotoxic T	gem_group_3
ACGTTTACTGGATC-3	CD8+/CD45RA+ Naive Cytotoxic	gem_group_3
ACTAGGTGTTACCT-3	CD8+/CD45RA+ Naive Cytotoxic	gem_group_3
ACTCAGGAGCTAAC-3	CD8+ Cytotoxic T	gem_group_3
ACTCGCACCCCTCA-3	CD8+/CD45RA+ Naive Cytotoxic	gem_group_3
ACTGCCACCGATAC-3	CD19+ B	gem_group_3
ACTGTGGATTGTCT-3	CD8+/CD45RA+ Naive Cytotoxic	gem_group_3
ACTTAAGATCAAGC-3	CD19+ B	gem_group_3
ACTTAGCTTCCTCG-3	CD8+/CD45RA+ Naive Cytotoxic	gem_group_3
ACTTCCCTCCTATT-3	CD8+/CD45RA+ Naive Cytotoxic	gem_group_3
ACTTCCCTGGACGA-3	CD8+/CD45RA+ Naive Cytotoxic	gem_group_3
ACTTCTGACCAGTA-3	CD8+ Cytotoxic T	gem_group_3
ACTTGTACCGATAC-3	CD8+ Cytotoxic T	gem_group_3
ACTTGTACTACTCT-3	CD4+/CD45RA+/CD25- Naive T	gem_group_3
AGAAACGACTCGAA-3	CD8+ Cytotoxic T	gem_group_3
AGAACAGAGTTCTT-3	CD8+/CD45RA+ Naive Cytotoxic	gem_group_3
AGAAGATGGAGAGC-3	CD8+/CD45RA+ Naive Cytotoxic	gem_group_3
AGAAGATGTTTGGG-3	CD19+ B	gem_group_3
AGAATGGACCCTAC-3	CD19+ B	gem_group_3
AGACACTGAGCGGA-3	CD8+ Cytotoxic T	gem_group_3
AGACCTGACGAGTT-3	CD4+/CD45RO+ Memory	gem_group_3
AGACCTGAGGAGTG-3	CD8+/CD45RA+ Naive Cytotoxic	gem_group_3
AGACTCGAGCTCCT-3	CD8+/CD45RA+ Naive Cytotoxic	gem_group_3
AGACTCGATCCAAG-3	CD8+/CD45RA+ Naive Cytotoxic	gem_group_3
AGACTGACCACTAG-3	CD8+ Cytotoxic T	gem_group_3
AGAGAATGACGCAT-3	CD8+ Cytotoxic T	gem_group_3
AGAGATGATAAAGG-3	CD56+ NK	gem_group_3
AGAGCGGAACCGAT-3	CD56+ NK	gem_group_3
AGAGCTACCAGATC-3	CD8+ Cytotoxic T	gem_group_3
AGAGCTACCATTGG-3	CD19+ B	gem_group_3
AGAGGTCTGTGAGG-3	CD4+/CD25 T Reg	gem_group_3
AGAGGTCTTCGTGA-3	CD56+ NK	gem_group_3
AGAGTCACCCAACA-3	CD8+/CD45RA+ Naive Cytotoxic	gem_group_3
AGAGTCTGAATGCC-3	CD4+/CD45RO+ Memory	gem_group_3
AGAGTCTGGCGTTA-3	CD8+ Cytotoxic T	gem_group_3
AGATTCCTCGAGTT-3	CD8+ Cytotoxic T	gem_group_3
AGATTCCTGGTGAG-3	CD4+/CD25 T Reg	gem_group_3
AGCAAAGAAGAGTA-3	CD8+ Cytotoxic T	gem_group_3
AGCAAAGATCGCCT-3	CD4+/CD45RO+ Memory	gem_group_3
AGCAACACAAGTAG-3	CD8+/CD45RA+ Naive Cytotoxic	gem_group_3
AGCAACACAGATGA-3	CD8+/CD45RA+ Naive Cytotoxic	gem_group_3
AGCAACACCCTTGC-3	CD8+/CD45RA+ Naive Cytotoxic	gem_group_3
AGCCGTCTCTATGG-3	CD8+/CD45RA+ Naive Cytotoxic	gem_group_3
AGCCGTCTGTTCAG-3	CD8+/CD45RA+ Naive Cytotoxic	gem_group_3
AGCCGTCTTGCCCT-3	CD8+ Cytotoxic T	gem_group_3
AGCCTCACGCCTTC-3	CD8+/CD45RA+ Naive Cytotoxic	gem_group_3
AGCCTCTGAACAGA-3	CD8+/CD45RA+ Naive Cytotoxic	gem_group_3
AGCCTCTGCAAAGA-3	CD8+ Cytotoxic T	gem_group_3
AGCGAACTGCAGAG-3	CD8+ Cytotoxic T	gem_group_3
AGCGAACTTGGTCA-3	CD4+/CD45RO+ Memory	gem_group_3
AGCGCTCTGGTACT-3	CD8+ Cytotoxic T	gem_group_3
AGCGGGCTCGCTAA-3	CD8+ Cytotoxic T	gem_group_3
AGCGTAACCGTAGT-3	CD34+	gem_group_3
AGCGTAACGTTGGT-3	CD4+/CD45RA+/CD25- Naive T	gem_group_3
AGCGTAACTGTAGC-3	CD4+/CD25 T Reg	gem_group_3
AGCTCGCTGCATCA-3	CD8+ Cytotoxic T	gem_group_3
AGCTCGCTGCTCCT-3	CD8+/CD45RA+ Naive Cytotoxic	gem_group_3
AGCTGAACCTCCCA-3	CD8+/CD45RA+ Naive Cytotoxic	gem_group_3
AGCTGCCTTGACCA-3	CD56+ NK	gem_group_3
AGGAAATGGAATAG-3	CD56+ NK	gem_group_3
AGGAAATGGGTTAC-3	CD8+ Cytotoxic T	gem_group_3
AGGACACTTAGCGT-3	CD14+ Monocyte	gem_group_3
AGGACTTGCCCACT-3	CD8+ Cytotoxic T	gem_group_3
AGGCAGGAACCAAC-3	CD8+/CD45RA+ Naive Cytotoxic	gem_group_3
AGGCAGGAGGTAAA-3	CD4+/CD25 T Reg	gem_group_3
AGGCAGGATTCATC-3	CD56+ NK	gem_group_3
AGGCAGGATTGCTT-3	CD8+ Cytotoxic T	gem_group_3
AGGCTAACGTCTGA-3	CD8+ Cytotoxic T	gem_group_3
AGGGACGACTTACT-3	CD8+/CD45RA+ Naive Cytotoxic	gem_group_3
AGGGAGTGAGAGTA-3	CD4+/CD45RA+/CD25- Naive T	gem_group_3
AGGGAGTGATGTGC-3	CD8+ Cytotoxic T	gem_group_3
AGGGAGTGCTAGCA-3	CD4+/CD25 T Reg	gem_group_3
AGGGAGTGGTTGCA-3	CD14+ Monocyte	gem_group_3
AGGGCGCTGAAACA-3	CD4+/CD25 T Reg	gem_group_3
AGGGTGGACTCAAG-3	CD8+/CD45RA+ Naive Cytotoxic	gem_group_3
AGGGTTTGAAGATG-3	CD14+ Monocyte	gem_group_3
AGGGTTTGATCTTC-3	CD8+/CD45RA+ Naive Cytotoxic	gem_group_3
AGGTTCGAGGTCAT-3	Dendritic	gem_group_3
AGTAAGGATCGCTC-3	CD8+/CD45RA+ Naive Cytotoxic	gem_group_3
AGTAATACACGGAG-3	CD4+/CD45RO+ Memory	gem_group_3
AGTAATTGGCTTAG-3	CD56+ NK	gem_group_3
AGTAGAGAAGGAGC-3	CD8+/CD45RA+ Naive Cytotoxic	gem_group_3
AGTAGGCTCCAATG-3	CD4+/CD45RO+ Memory	gem_group_3
AGTATAACCTTTAC-3	CD19+ B	gem_group_3
AGTCACGACATCAG-3	CD4+/CD25 T Reg	gem_group_3
AGTCACGATCCAGA-3	CD8+/CD45RA+ Naive Cytotoxic	gem_group_3
AGTCCAGACGAACT-3	CD14+ Monocyte	gem_group_3
AGTCGAACGCTGAT-3	CD8+ Cytotoxic T	gem_group_3
AGTCGCCTTAGCCA-3	CD8+ Cytotoxic T	gem_group_3
AGTCGCCTTTCAGG-3	CD8+/CD45RA+ Naive Cytotoxic	gem_group_3
AGTGAAGACATCAG-3	CD8+ Cytotoxic T	gem_group_3
AGTGACACGACAGG-3	CD8+/CD45RA+ Naive Cytotoxic	gem_group_3
AGTGCAACACTCTT-3	CD14+ Monocyte	gem_group_3
AGTGTTCTACGGTT-3	Dendritic	gem_group_3
AGTTATGAAACCGT-3	CD8+ Cytotoxic T	gem_group_3
AGTTATGACCATAG-3	CD19+ B	gem_group_3
AGTTATGATACAGC-3	CD56+ NK	gem_group_3
AGTTATGATGCAGT-3	CD56+ NK	gem_group_3
AGTTCTACGTCAAC-3	CD8+/CD45RA+ Naive Cytotoxic	gem_group_3
AGTTCTACGTGTTG-3	CD8+ Cytotoxic T	gem_group_3
AGTTCTTGCAAGCT-3	CD4+/CD45RO+ Memory	gem_group_3
AGTTCTTGCCGAAT-3	CD8+ Cytotoxic T	gem_group_3
AGTTCTTGGATGAA-3	CD8+ Cytotoxic T	gem_group_3
AGTTTAGATCTCAT-3	CD8+/CD45RA+ Naive Cytotoxic	gem_group_3
AGTTTCACCGAGAG-3	CD8+ Cytotoxic T	gem_group_3
AGTTTCACTCTAGG-3	CD56+ NK	gem_group_3
AGTTTCACTTTCGT-3	CD8+/CD45RA+ Naive Cytotoxic	gem_group_3
ATAACATGTGTGCA-3	CD8+/CD45RA+ Naive Cytotoxic	gem_group_3
ATAAGTACCTTATC-3	CD4+/CD45RO+ Memory	gem_group_3
ATAAGTACGTTGCA-3	CD8+/CD45RA+ Naive Cytotoxic	gem_group_3
ATAATCGAGCTGTA-3	CD8+ Cytotoxic T	gem_group_3
ATAATCGAGGGATG-3	CD19+ B	gem_group_3
ATACAATGAAAGCA-3	CD8+/CD45RA+ Naive Cytotoxic	gem_group_3
ATACACCTTCGATG-3	CD8+ Cytotoxic T	gem_group_3
ATACACCTTGCCTC-3	CD19+ B	gem_group_3
ATACGGACATAAGG-3	CD56+ NK	gem_group_3
ATACGTCTGAGGGT-3	CD8+/CD45RA+ Naive Cytotoxic	gem_group_3
ATAGAACTACACTG-3	CD19+ B	gem_group_3
ATAGATTGTCTTAC-3	CD14+ Monocyte	gem_group_3
ATAGCCGATCACCC-3	CD8+ Cytotoxic T	gem_group_3
ATAGCCGATGCTCC-3	CD56+ NK	gem_group_3
ATAGCGTGCTATTC-3	CD8+ Cytotoxic T	gem_group_3
ATAGCTCTCCGATA-3	CD8+ Cytotoxic T	gem_group_3
ATAGCTCTTTCCGC-3	CD56+ NK	gem_group_3
ATAGGAGAGCTCCT-3	CD8+/CD45RA+ Naive Cytotoxic	gem_group_3
ATAGGAGATAGTCG-3	CD56+ NK	gem_group_3
ATAGGCTGCCATAG-3	CD56+ NK	gem_group_3
ATAGGCTGCGACTA-3	CD8+ Cytotoxic T	gem_group_3
ATAGTTGAGGTAAA-3	CD4+/CD25 T Reg	gem_group_3
ATATACGACCAGTA-3	CD4+/CD25 T Reg	gem_group_3
ATATACGACTACCC-3	CD8+/CD45RA+ Naive Cytotoxic	gem_group_3
ATATAGTGACACCA-3	CD14+ Monocyte	gem_group_3
ATATAGTGTTTGCT-3	CD56+ NK	gem_group_3
ATCAAATGCTCCCA-3	CD8+/CD45RA+ Naive Cytotoxic	gem_group_3
ATCAACCTCATACG-3	CD4+/CD25 T Reg	gem_group_3
ATCACTACCTTGTT-3	CD4+/CD25 T Reg	gem_group_3
ATCACTACGTTGTG-3	CD4+/CD25 T Reg	gem_group_3
ATCAGGTGCCTTTA-3	CD4+/CD25 T Reg	gem_group_3
ATCATCTGCTGTGA-3	CD19+ B	gem_group_3
ATCATGCTGGGCAA-3	CD14+ Monocyte	gem_group_3
ATCATGCTTCGTGA-3	CD8+/CD45RA+ Naive Cytotoxic	gem_group_3
ATCCCGTGCTCCCA-3	CD8+/CD45RA+ Naive Cytotoxic	gem_group_3
ATCCCGTGCTTTAC-3	CD8+/CD45RA+ Naive Cytotoxic	gem_group_3
ATCCGCACTTTCGT-3	CD8+/CD45RA+ Naive Cytotoxic	gem_group_3
ATCCTAACCTACTT-3	CD8+ Cytotoxic T	gem_group_3
ATCCTAACTGCACA-3	CD56+ NK	gem_group_3
ATCGAGTGACCGAT-3	CD8+/CD45RA+ Naive Cytotoxic	gem_group_3
ATCGAGTGCCTAAG-3	CD8+ Cytotoxic T	gem_group_3
ATCGAGTGTATGGC-3	CD56+ NK	gem_group_3
ATCGCAGAGTCAAC-3	CD8+/CD45RA+ Naive Cytotoxic	gem_group_3
ATCGCCACGGTGAG-3	CD14+ Monocyte	gem_group_3
ATCGCCTGAGGGTG-3	CD8+ Cytotoxic T	gem_group_3
ATCGCCTGCGTTAG-3	CD8+/CD45RA+ Naive Cytotoxic	gem_group_3
ATCGCGCTCACAAC-3	CD8+ Cytotoxic T	gem_group_3
ATCGCGCTTTTCAC-3	CD8+ Cytotoxic T	gem_group_3
ATCGGAACGGACTT-3	CD8+/CD45RA+ Naive Cytotoxic	gem_group_3
ATCGGAACTCATTC-3	CD4+/CD45RA+/CD25- Naive T	gem_group_3
ATCGGTGACGCAAT-3	CD8+/CD45RA+ Naive Cytotoxic	gem_group_3
ATCGTTTGTCATTC-3	CD8+ Cytotoxic T	gem_group_3
ATCTTGACGACAAA-3	CD56+ NK	gem_group_3
ATGAAACTGTCTGA-3	CD8+ Cytotoxic T	gem_group_3
ATGAAGGAAAGAAC-3	CD8+ Cytotoxic T	gem_group_3
ATGAGAGACCTTCG-3	CD8+ Cytotoxic T	gem_group_3
ATGAGCACACGACT-3	CD8+ Cytotoxic T	gem_group_3
ATGAGCACACTTTC-3	CD56+ NK	gem_group_3
ATGAGCACCTTCTA-3	CD56+ NK	gem_group_3
ATGAGCACTCGACA-3	CD8+ Cytotoxic T	gem_group_3
ATGATAACAGATGA-3	CD8+/CD45RA+ Naive Cytotoxic	gem_group_3
ATGATATGTCCGAA-3	CD56+ NK	gem_group_3
ATGCACGATCGTGA-3	CD8+/CD45RA+ Naive Cytotoxic	gem_group_3
ATGCAGACCCGCTT-3	CD8+ Cytotoxic T	gem_group_3
ATGCAGACTTCACT-3	CD8+/CD45RA+ Naive Cytotoxic	gem_group_3
ATGCCAGACATTTC-3	CD4+/CD25 T Reg	gem_group_3
ATGCGATGTTCACT-3	CD19+ B	gem_group_3
ATGTCACTTACTCT-3	Dendritic	gem_group_3
ATGTCGGACCTTGC-3	CD56+ NK	gem_group_3
ATGTTCACCAATCG-3	CD4+/CD25 T Reg	gem_group_3
ATGTTGCTGTAGCT-3	CD8+/CD45RA+ Naive Cytotoxic	gem_group_3
ATTAACGAGGTACT-3	CD4+/CD45RO+ Memory	gem_group_3
ATTAAGACTAAAGG-3	CD8+ Cytotoxic T	gem_group_3
ATTACCTGGTGTCA-3	CD8+/CD45RA+ Naive Cytotoxic	gem_group_3
ATTAGATGTCTTCA-3	CD8+/CD45RA+ Naive Cytotoxic	gem_group_3
ATTAGTGAGCGGAA-3	CD8+ Cytotoxic T	gem_group_3
ATTAGTGATATTCC-3	CD56+ NK	gem_group_3
ATTATGGAGAATGA-3	CD8+/CD45RA+ Naive Cytotoxic	gem_group_3
ATTCAAGAAGCCTA-3	CD4+/CD45RA+/CD25- Naive T	gem_group_3
ATTCAGCTCTTCGC-3	CD8+/CD45RA+ Naive Cytotoxic	gem_group_3
ATTCAGCTGCTTCC-3	CD8+ Cytotoxic T	gem_group_3
ATTCCATGGACACT-3	CD8+/CD45RA+ Naive Cytotoxic	gem_group_3
ATTCGACTCATGAC-3	CD56+ NK	gem_group_3
ATTCGGGAAGCCAT-3	CD4+/CD25 T Reg	gem_group_3
ATTCTGACGTGTAC-3	CD8+/CD45RA+ Naive Cytotoxic	gem_group_3
ATTCTTCTCGTACA-3	CD19+ B	gem_group_3
ATTCTTCTGGAGCA-3	CD4+/CD45RO+ Memory	gem_group_3
ATTGAAACCTTCCG-3	CD4+/CD25 T Reg	gem_group_3
ATTGATGACCTCCA-3	CD14+ Monocyte	gem_group_3
ATTGCACTAGCAAA-3	CD8+ Cytotoxic T	gem_group_3
ATTGCACTCAATCG-3	CD14+ Monocyte	gem_group_3
ATTGCTACTAGACC-3	CD8+ Cytotoxic T	gem_group_3
ATTGGGTGCAAGCT-3	CD8+/CD45RA+ Naive Cytotoxic	gem_group_3
ATTGTAGAGGACTT-3	CD8+ Cytotoxic T	gem_group_3
ATTTCCGAGGTATC-3	CD8+ Cytotoxic T	gem_group_3
ATTTCGTGCACTGA-3	CD8+/CD45RA+ Naive Cytotoxic	gem_group_3
ATTTCGTGGGAGTG-3	CD8+ Cytotoxic T	gem_group_3
ATTTGCACACACTG-3	CD19+ B	gem_group_3
ATTTGCACGGATTC-3	CD4+/CD45RO+ Memory	gem_group_3
CAAAGCTGGGAGTG-3	CD8+/CD45RA+ Naive Cytotoxic	gem_group_3
CAAATATGTGAAGA-3	CD4+/CD25 T Reg	gem_group_3
CAAATTGAACTTTC-3	CD8+ Cytotoxic T	gem_group_3
CAAATTGAGCTACA-3	CD4+/CD45RA+/CD25- Naive T	gem_group_3
CAACCAGACCTTCG-3	CD14+ Monocyte	gem_group_3
CAACCGCTGCGTAT-3	CD14+ Monocyte	gem_group_3
CAAGACACACCACA-3	CD8+/CD45RA+ Naive Cytotoxic	gem_group_3
CAAGACTGACGGTT-3	CD8+ Cytotoxic T	gem_group_3
CAAGCATGGTTTGG-3	CD19+ B	gem_group_3
CAAGCCCTGTGCTA-3	CD8+ Cytotoxic T	gem_group_3
CAAGCCCTTCCTGC-3	CD8+ Cytotoxic T	gem_group_3
CAAGCTGAGTCCTC-3	CD56+ NK	gem_group_3
CAAGGTTGCCCGTT-3	CD8+ Cytotoxic T	gem_group_3
CAATATGAACGTTG-3	CD19+ B	gem_group_3
CAATATGACTCAAG-3	CD4+/CD45RO+ Memory	gem_group_3
CAATATGATGAGCT-3	Dendritic	gem_group_3
CAATTCACCCAAGT-3	CD4+/CD45RO+ Memory	gem_group_3
CAATTCTGCTTCCG-3	CD4+/CD25 T Reg	gem_group_3
CAATTCTGTGAAGA-3	CD56+ NK	gem_group_3
CACAATCTCTACTT-3	CD14+ Monocyte	gem_group_3
CACACCTGACGTTG-3	CD8+ Cytotoxic T	gem_group_3
CACACCTGATCGTG-3	Dendritic	gem_group_3
CACAGAACACCAGT-3	CD8+/CD45RA+ Naive Cytotoxic	gem_group_3
CACAGAACGACGTT-3	CD8+ Cytotoxic T	gem_group_3
CACAGATGCCTTCG-3	CD8+ Cytotoxic T	gem_group_3
CACAGCCTCTAGCA-3	CD4+/CD25 T Reg	gem_group_3
CACAGCCTTGTGGT-3	CD8+/CD45RA+ Naive Cytotoxic	gem_group_3
CACAGTGACCCTCA-3	CD8+ Cytotoxic T	gem_group_3
CACAGTGATAGCGT-3	CD8+/CD45RA+ Naive Cytotoxic	gem_group_3
CACATACTTTTGTC-3	CD8+ Cytotoxic T	gem_group_3
CACCACTGATGCCA-3	CD8+/CD45RA+ Naive Cytotoxic	gem_group_3
CACCGGGAACCGAT-3	CD8+/CD45RA+ Naive Cytotoxic	gem_group_3
CACCGTACTTCCGC-3	CD56+ NK	gem_group_3
CACCTGACACTTTC-3	CD8+/CD45RA+ Naive Cytotoxic	gem_group_3
CACGATGACGCTAA-3	CD8+/CD45RA+ Naive Cytotoxic	gem_group_3
CACGATGATAACGC-3	CD56+ NK	gem_group_3
CACGGGTGCTGTAG-3	CD4+/CD25 T Reg	gem_group_3
CACGGGTGGAATAG-3	CD56+ NK	gem_group_3
CACTAACTACCAGT-3	CD8+ Cytotoxic T	gem_group_3
CACTAGGACGAGAG-3	CD19+ B	gem_group_3
CACTATACAGTGTC-3	CD8+/CD45RA+ Naive Cytotoxic	gem_group_3
CACTCCGAAGCCTA-3	CD8+ Cytotoxic T	gem_group_3
CACTCCGAATTCTC-3	Dendritic	gem_group_3
CACTCTCTTTGTGG-3	CD56+ NK	gem_group_3
CACTCTCTTTTGGG-3	CD19+ B	gem_group_3
CACTGAGATGCGTA-3	CD19+ B	gem_group_3
CACTGAGATTGACG-3	CD56+ NK	gem_group_3
CACTGCTGCAGTTG-3	CD8+/CD45RA+ Naive Cytotoxic	gem_group_3
CACTTAACCGACAT-3	CD8+/CD45RA+ Naive Cytotoxic	gem_group_3
CACTTAACGCTTAG-3	CD19+ B	gem_group_3
CACTTTGACAGGAG-3	CD8+ Cytotoxic T	gem_group_3
CAGACAACTGGTTG-3	CD8+/CD45RA+ Naive Cytotoxic	gem_group_3
CAGACATGTGCAGT-3	CD8+/CD45RA+ Naive Cytotoxic	gem_group_3
CAGACTGAATTTCC-3	CD4+/CD25 T Reg	gem_group_3
CAGACTGATCATTC-3	CD19+ B	gem_group_3
CAGAGGGACTTCTA-3	CD8+/CD45RA+ Naive Cytotoxic	gem_group_3
CAGATCGATCACCC-3	CD4+/CD25 T Reg	gem_group_3
CAGATGACATTTCC-3	Dendritic	gem_group_3
CAGCACCTCTCAAG-3	CD4+/CD45RA+/CD25- Naive T	gem_group_3
CAGCACCTTCAGGT-3	CD4+/CD25 T Reg	gem_group_3
CAGCCTACTGAAGA-3	CD8+ Cytotoxic T	gem_group_3
CAGCCTTGTTGACG-3	CD8+ Cytotoxic T	gem_group_3
CAGCGGACAGCTCA-3	CD8+ Cytotoxic T	gem_group_3
CAGCGTCTGGTTTG-3	CD8+ Cytotoxic T	gem_group_3
CAGCTAGAGAACTC-3	CD8+/CD45RA+ Naive Cytotoxic	gem_group_3
CAGGAACTAAACAG-3	CD4+/CD25 T Reg	gem_group_3
CAGGGCACTTATCC-3	CD4+/CD45RO+ Memory	gem_group_3
CAGGGCACTTCGTT-3	CD8+ Cytotoxic T	gem_group_3
CAGGTATGATGCCA-3	CD4+/CD25 T Reg	gem_group_3
CAGGTTGAAGAGGC-3	CD8+/CD45RA+ Naive Cytotoxic	gem_group_3
CAGTGATGTTCTGT-3	CD8+/CD45RA+ Naive Cytotoxic	gem_group_3
CAGTTACTGTGAGG-3	CD8+ Cytotoxic T	gem_group_3
CAGTTGGAAACCGT-3	CD19+ B	gem_group_3
CATAACCTTAAGGA-3	CD8+ Cytotoxic T	gem_group_3
CATATAGAAACTGC-3	CD19+ B	gem_group_3
CATCAACTCGAATC-3	CD8+/CD45RA+ Naive Cytotoxic	gem_group_3
CATCAGGACCTTAT-3	CD8+ Cytotoxic T	gem_group_3
CATCAGGAGACGAG-3	CD14+ Monocyte	gem_group_3
CATCAGGAGGAAGC-3	CD8+/CD45RA+ Naive Cytotoxic	gem_group_3
CATCAGGATCTCCG-3	CD56+ NK	gem_group_3
CATCCCGACAGAAA-3	CD8+/CD45RA+ Naive Cytotoxic	gem_group_3
CATCCCGACATTTC-3	CD8+ Cytotoxic T	gem_group_3
CATCCCGACTAGTG-3	CD8+/CD45RA+ Naive Cytotoxic	gem_group_3
CATCCCGAGATGAA-3	CD8+ Cytotoxic T	gem_group_3
CATCCCGAGTCTAG-3	CD8+/CD45RA+ Naive Cytotoxic	gem_group_3
CATCGGCTCCCACT-3	CD4+/CD45RA+/CD25- Naive T	gem_group_3
CATCGGCTGGTCAT-3	CD8+/CD45RA+ Naive Cytotoxic	gem_group_3
CATCGGCTGTAGCT-3	CD56+ NK	gem_group_3
CATGAGACCAGATC-3	CD8+ Cytotoxic T	gem_group_3
CATGAGACTGCTTT-3	CD8+ Cytotoxic T	gem_group_3
CATGGATGGTACCA-3	CD19+ B	gem_group_3
CATGGCCTCGCATA-3	CD19+ B	gem_group_3
CATGGCCTGCTATG-3	CD34+	gem_group_3
CATGGCCTTGTTTC-3	CD8+ Cytotoxic T	gem_group_3
CATTAGCTGACAAA-3	CD4+/CD45RA+/CD25- Naive T	gem_group_3
CATTCCCTGCTACA-3	CD19+ B	gem_group_3
CATTGACTTCTCAT-3	CD19+ B	gem_group_3
CATTGACTTGACAC-3	CD8+/CD45RA+ Naive Cytotoxic	gem_group_3
CATTGGGAGCGGAA-3	CD8+ Cytotoxic T	gem_group_3
CATTGGGATGTAGC-3	CD8+/CD45RA+ Naive Cytotoxic	gem_group_3
CATTGTACCATTTC-3	CD8+ Cytotoxic T	gem_group_3
CATTGTACTGCCTC-3	Dendritic	gem_group_3
CATTGTTGAGATGA-3	CD4+/CD25 T Reg	gem_group_3
CATTGTTGTATGCG-3	CD14+ Monocyte	gem_group_3
CATTTGACTCAGAC-3	CD8+/CD45RA+ Naive Cytotoxic	gem_group_3
CATTTGTGCATCAG-3	CD14+ Monocyte	gem_group_3
CCAAAGTGGTTGGT-3	CD8+/CD45RA+ Naive Cytotoxic	gem_group_3
CCAAGATGTAACGC-3	CD19+ B	gem_group_3
CCACCATGAGTCAC-3	CD8+ Cytotoxic T	gem_group_3
CCACCTGACTGGTA-3	CD19+ B	gem_group_3
CCACCTGAGTTTCT-3	CD14+ Monocyte	gem_group_3
CCACGGGAACTACG-3	CD8+ Cytotoxic T	gem_group_3
CCACGGGAAGGCGA-3	CD8+ Cytotoxic T	gem_group_3
CCACGGGACCTCGT-3	CD8+/CD45RA+ Naive Cytotoxic	gem_group_3
CCACGGGACGCTAA-3	CD56+ NK	gem_group_3
CCACTGACTCACGA-3	CD8+/CD45RA+ Naive Cytotoxic	gem_group_3
CCACTTCTATGTGC-3	CD4+/CD45RO+ Memory	gem_group_3
CCACTTCTGTCTAG-3	CD56+ NK	gem_group_3
CCAGAAACTACGAC-3	CD56+ NK	gem_group_3
CCAGACCTCCACAA-3	CD8+/CD45RA+ Naive Cytotoxic	gem_group_3
CCAGCACTATGACC-3	CD56+ NK	gem_group_3
CCAGCGGATTGACG-3	CD8+ Cytotoxic T	gem_group_3
CCAGCTACACGTAC-3	CD56+ NK	gem_group_3
CCAGCTACCAACTG-3	CD4+/CD25 T Reg	gem_group_3
CCAGTCACCGCTAA-3	CD8+ Cytotoxic T	gem_group_3
CCAGTCTGAGGTCT-3	CD4+/CD25 T Reg	gem_group_3
CCAGTCTGGAACTC-3	CD8+ Cytotoxic T	gem_group_3
CCAGTCTGTCCAAG-3	CD8+ Cytotoxic T	gem_group_3
CCAGTGCTACTCTT-3	CD56+ NK	gem_group_3
CCAGTGCTCGCATA-3	CD34+	gem_group_3
CCATAGGAAACAGA-3	CD8+/CD45RA+ Naive Cytotoxic	gem_group_3
CCATATACACACGT-3	CD4+/CD25 T Reg	gem_group_3
CCATATACTGATGC-3	CD8+/CD45RA+ Naive Cytotoxic	gem_group_3
CCATCCGAAGAGTA-3	CD8+ Cytotoxic T	gem_group_3
CCATCGTGAGACTC-3	CD8+ Cytotoxic T	gem_group_3
CCATCGTGCTTACT-3	CD8+/CD45RA+ Naive Cytotoxic	gem_group_3
CCATCGTGGTCGTA-3	CD8+ Cytotoxic T	gem_group_3
CCATCGTGGTCTAG-3	Dendritic	gem_group_3
CCCAACTGAGTCTG-3	CD8+ Cytotoxic T	gem_group_3
CCCAACTGTAAGCC-3	CD4+/CD45RA+/CD25- Naive T	gem_group_3
CCCAACTGTGCTGA-3	CD8+ Cytotoxic T	gem_group_3
CCCACATGAGAATG-3	CD8+ Cytotoxic T	gem_group_3
CCCACATGCAGAAA-3	CD8+/CD45RA+ Naive Cytotoxic	gem_group_3
CCCACATGCGGAGA-3	CD8+ Cytotoxic T	gem_group_3
CCCACATGCTATGG-3	CD4+/CD45RO+ Memory	gem_group_3
CCCAGACTCAAAGA-3	CD8+/CD45RA+ Naive Cytotoxic	gem_group_3
CCCATCGAAGTACC-3	CD8+/CD45RA+ Naive Cytotoxic	gem_group_3
CCCATCGACGCTAA-3	CD4+/CD25 T Reg	gem_group_3
CCCATCGATAAGCC-3	CD8+/CD45RA+ Naive Cytotoxic	gem_group_3
CCCATCGATCTCAT-3	CD56+ NK	gem_group_3
CCCATGTGAAGGGC-3	CD4+/CD25 T Reg	gem_group_3
CCCATGTGCGCAAT-3	CD19+ B	gem_group_3
CCCGATTGAGCGTT-3	CD8+/CD45RA+ Naive Cytotoxic	gem_group_3
CCCGGAGATCCTGC-3	CD4+/CD25 T Reg	gem_group_3
CCCTGATGCCTTAT-3	CD4+/CD25 T Reg	gem_group_3
CCCTGATGTTCTAC-3	CD56+ NK	gem_group_3
CCCTTACTAAGCCT-3	CD8+/CD45RA+ Naive Cytotoxic	gem_group_3
CCGACACTACCACA-3	CD8+/CD45RA+ Naive Cytotoxic	gem_group_3
CCGACACTAGATGA-3	Dendritic	gem_group_3
CCGACACTGTAAAG-3	CD19+ B	gem_group_3
CCGACTACGGCAAG-3	CD56+ NK	gem_group_3
CCGATAGAGGTAGG-3	CD8+ Cytotoxic T	gem_group_3
CCGCTATGACGCTA-3	CD56+ NK	gem_group_3
CCGCTATGATTCCT-3	CD8+ Cytotoxic T	gem_group_3
CCGGTACTCCTGAA-3	CD4+/CD45RO+ Memory	gem_group_3
CCGTAAGACACCAA-3	CD8+/CD45RA+ Naive Cytotoxic	gem_group_3
CCGTAAGAGGGATG-3	CD8+ Cytotoxic T	gem_group_3
CCTAAGGAAAGTGA-3	CD14+ Monocyte	gem_group_3
CCTACCGAGTTGTG-3	CD4+/CD25 T Reg	gem_group_3
CCTACCGATGGTGT-3	CD8+/CD45RA+ Naive Cytotoxic	gem_group_3
CCTAGAGAGGGACA-3	Dendritic	gem_group_3
CCTATAACAGTGTC-3	CD8+ Cytotoxic T	gem_group_3
CCTATTGATTCTCA-3	CD8+ Cytotoxic T	gem_group_3
CCTCGAACACGGTT-3	Dendritic	gem_group_3
CCTCGAACAGTGCT-3	CD8+/CD45RA+ Naive Cytotoxic	gem_group_3
CCTCGAACTGGTAC-3	CD56+ NK	gem_group_3
CCTCTACTAGGCGA-3	CD56+ NK	gem_group_3
CCTCTACTTTTACC-3	CD8+/CD45RA+ Naive Cytotoxic	gem_group_3
CCTGACTGCTTTAC-3	CD8+ Cytotoxic T	gem_group_3
CCTGACTGTAGCCA-3	CD8+ Cytotoxic T	gem_group_3
CCTGCAACCACTTT-3	CD8+/CD45RA+ Naive Cytotoxic	gem_group_3
CCTGCAACCCATGA-3	CD14+ Monocyte	gem_group_3
CCTGCAACTGAGGG-3	CD8+ Cytotoxic T	gem_group_3
CCTTAATGGCTGTA-3	CD19+ B	gem_group_3
CCTTCACTCGTAAC-3	CD8+/CD45RA+ Naive Cytotoxic	gem_group_3
CCTTTAGAATCACG-3	CD4+/CD25 T Reg	gem_group_3
CGAACATGCCGTAA-3	CD8+/CD45RA+ Naive Cytotoxic	gem_group_3
CGAAGACTGTTGAC-3	CD4+/CD45RA+/CD25- Naive T	gem_group_3
CGAATCGATCCCGT-3	CD4+/CD25 T Reg	gem_group_3
CGACAAACCGGGAA-3	CD56+ NK	gem_group_3
CGACCTACGCTTCC-3	CD56+ NK	gem_group_3
CGACGTCTACTCAG-3	CD14+ Monocyte	gem_group_3
CGACTCACGGTAAA-3	CD8+/CD45RA+ Naive Cytotoxic	gem_group_3
CGACTCACGGTGAG-3	CD8+ Cytotoxic T	gem_group_3
CGACTCTGTTGCAG-3	CD8+/CD45RA+ Naive Cytotoxic	gem_group_3
CGACTGCTTAAGCC-3	CD8+/CD45RA+ Naive Cytotoxic	gem_group_3
CGAGAACTCTTGGA-3	CD8+/CD45RA+ Naive Cytotoxic	gem_group_3
CGAGAACTGGTCTA-3	CD56+ NK	gem_group_3
CGAGATTGCGGTAT-3	CD14+ Monocyte	gem_group_3
CGAGATTGGACGGA-3	CD56+ NK	gem_group_3
CGAGGCTGTACTGG-3	CD8+ Cytotoxic T	gem_group_3
CGAGGCTGTAGAAG-3	CD8+ Cytotoxic T	gem_group_3
CGAGGCTGTCCGAA-3	Dendritic	gem_group_3
CGAGGCTGTTTCGT-3	CD8+/CD45RA+ Naive Cytotoxic	gem_group_3
CGATACGATGAGCT-3	CD19+ B	gem_group_3
CGATAGACCAGTCA-3	CD56+ NK	gem_group_3
CGATCAGATTGAGC-3	CD8+/CD45RA+ Naive Cytotoxic	gem_group_3
CGCAAATGACGTAC-3	CD8+ Cytotoxic T	gem_group_3
CGCAAATGGTACAC-3	CD8+/CD45RA+ Naive Cytotoxic	gem_group_3
CGCAACCTAAACAG-3	CD56+ NK	gem_group_3
CGCAACCTCTGGTA-3	CD56+ NK	gem_group_3
CGCACGGAGGTAGG-3	CD8+ Cytotoxic T	gem_group_3
CGCACTTGTCACGA-3	CD19+ B	gem_group_3
CGCACTTGTCGTAG-3	CD4+ T Helper2	gem_group_3
CGCCATACCGTTGA-3	CD8+ Cytotoxic T	gem_group_3
CGCCATACGGTTTG-3	CD8+ Cytotoxic T	gem_group_3
CGCCATTGTGTCCC-3	CD19+ B	gem_group_3
CGCCGAGACTTCGC-3	CD4+/CD45RA+/CD25- Naive T	gem_group_3
CGCGAGACGGCATT-3	CD19+ B	gem_group_3
CGCGATCTACGTAC-3	CD8+ Cytotoxic T	gem_group_3
CGCGATCTAGAATG-3	CD19+ B	gem_group_3
CGCGGATGTGTAGC-3	CD4+/CD25 T Reg	gem_group_3
CGCTACTGAACCTG-3	CD14+ Monocyte	gem_group_3
CGCTCATGACAGCT-3	CD8+/CD45RA+ Naive Cytotoxic	gem_group_3
CGCTCATGACCTCC-3	CD19+ B	gem_group_3
CGCTCATGTGTTCT-3	CD8+ Cytotoxic T	gem_group_3
CGGAATTGGAAGGC-3	CD56+ NK	gem_group_3
CGGAATTGGCGTAT-3	CD8+ Cytotoxic T	gem_group_3
CGGAATTGTCTCGC-3	CD8+ Cytotoxic T	gem_group_3
CGGAGGCTAACGTC-3	CD8+/CD45RA+ Naive Cytotoxic	gem_group_3
CGGATAACACGCTA-3	CD8+ Cytotoxic T	gem_group_3
CGGATAACGCTCCT-3	CD8+ Cytotoxic T	gem_group_3
CGGATATGCCACCT-3	CD8+/CD45RA+ Naive Cytotoxic	gem_group_3
CGGCATCTCCGTTC-3	CD4+/CD25 T Reg	gem_group_3
CGGCATCTTGTGCA-3	CD8+ Cytotoxic T	gem_group_3
CGGCGAACGTCTAG-3	CD8+ Cytotoxic T	gem_group_3
CGGCGAACTGGTTG-3	CD8+/CD45RA+ Naive Cytotoxic	gem_group_3
CGGGACTGCAGAAA-3	CD4+/CD25 T Reg	gem_group_3
CGGGACTGGGTAAA-3	CD19+ B	gem_group_3
CGGTAAACGTGCAT-3	CD56+ NK	gem_group_3
CGTAACGACCGTAA-3	CD8+/CD45RA+ Naive Cytotoxic	gem_group_3
CGTACAGATGGGAG-3	CD8+/CD45RA+ Naive Cytotoxic	gem_group_3
CGTACCACCTGAAC-3	CD19+ B	gem_group_3
CGTACCACCTTAGG-3	CD8+ Cytotoxic T	gem_group_3
CGTACCTGAAGGTA-3	CD8+/CD45RA+ Naive Cytotoxic	gem_group_3
CGTACCTGTAAGCC-3	CD8+/CD45RA+ Naive Cytotoxic	gem_group_3
CGTAGCCTCTACGA-3	CD8+/CD45RA+ Naive Cytotoxic	gem_group_3
CGTCGACTGGTCTA-3	CD34+	gem_group_3
CGTGATGATCTATC-3	CD8+/CD45RA+ Naive Cytotoxic	gem_group_3
CGTGCACTCTTGCC-3	CD8+/CD45RA+ Naive Cytotoxic	gem_group_3
CGTTAACTCGCTAA-3	CD8+/CD45RA+ Naive Cytotoxic	gem_group_3
CGTTAGGATCGTTT-3	CD8+ Cytotoxic T	gem_group_3
CGTTTAACAATGCC-3	CD8+ Cytotoxic T	gem_group_3
CTAAACCTGTACGT-3	CD8+/CD45RA+ Naive Cytotoxic	gem_group_3
CTAACACTCACTCC-3	CD8+/CD45RA+ Naive Cytotoxic	gem_group_3
CTAAGGACTTTACC-3	CD8+ Cytotoxic T	gem_group_3
CTAAGGTGCCACCT-3	CD4+/CD25 T Reg	gem_group_3
CTAAGGTGCGGGAA-3	CD56+ NK	gem_group_3
CTAAGGTGGGAACG-3	CD56+ NK	gem_group_3
CTAAGGTGTACTGG-3	CD8+ Cytotoxic T	gem_group_3
CTAAGGTGTGCTAG-3	CD8+/CD45RA+ Naive Cytotoxic	gem_group_3
CTAATAGACGAATC-3	CD4+/CD45RA+/CD25- Naive T	gem_group_3
CTAATAGAGACGGA-3	CD8+/CD45RA+ Naive Cytotoxic	gem_group_3
CTAATAGATCTCTA-3	CD8+/CD45RA+ Naive Cytotoxic	gem_group_3
CTAATGCTCCTACC-3	CD8+/CD45RA+ Naive Cytotoxic	gem_group_3
CTACAACTGAATGA-3	CD4+/CD25 T Reg	gem_group_3
CTACTATGAAACGA-3	CD14+ Monocyte	gem_group_3
CTACTATGATTTCC-3	CD56+ NK	gem_group_3
CTACTATGTCACGA-3	CD8+ Cytotoxic T	gem_group_3
CTACTATGTGGTCA-3	CD56+ NK	gem_group_3
CTAGATCTTTCGCC-3	CD4+/CD25 T Reg	gem_group_3
CTAGGATGGTCCTC-3	CD8+/CD45RA+ Naive Cytotoxic	gem_group_3
CTAGGTGACTCAGA-3	CD19+ B	gem_group_3
CTAGTTACGAGCAG-3	CD8+/CD45RA+ Naive Cytotoxic	gem_group_3
CTATAGCTCATGCA-3	CD8+/CD45RA+ Naive Cytotoxic	gem_group_3
CTATCAACAGCAAA-3	CD14+ Monocyte	gem_group_3
CTATCAACGTTCGA-3	CD4+/CD25 T Reg	gem_group_3
CTATCAACTGCCAA-3	CD56+ NK	gem_group_3
CTATCCCTCACACA-3	CD8+ Cytotoxic T	gem_group_3
CTATCCCTCTGAGT-3	CD4+/CD45RO+ Memory	gem_group_3
CTATGACTCGAATC-3	CD8+ Cytotoxic T	gem_group_3
CTATGTTGCGAGAG-3	CD4+/CD25 T Reg	gem_group_3
CTCAATTGGCCTTC-3	CD8+ Cytotoxic T	gem_group_3
CTCAGAGAACAGCT-3	CD8+/CD45RA+ Naive Cytotoxic	gem_group_3
CTCAGCTGGCATCA-3	CD4+/CD45RA+/CD25- Naive T	gem_group_3
CTCATTGAAAAGTG-3	Dendritic	gem_group_3
CTCATTGAACCTAG-3	CD8+ Cytotoxic T	gem_group_3
CTCCACGAACTACG-3	CD4+/CD45RA+/CD25- Naive T	gem_group_3
CTCCACGATTACTC-3	CD4+/CD25 T Reg	gem_group_3
CTCCATCTTCAGGT-3	CD8+/CD45RA+ Naive Cytotoxic	gem_group_3
CTCGACACGCTACA-3	CD8+/CD45RA+ Naive Cytotoxic	gem_group_3
CTCGAGCTCCTTAT-3	CD19+ B	gem_group_3
CTCGAGCTGTTTCT-3	CD8+/CD45RA+ Naive Cytotoxic	gem_group_3
CTCGCATGTCACCC-3	CD4+/CD45RA+/CD25- Naive T	gem_group_3
CTCTAAACCCTTCG-3	CD56+ NK	gem_group_3
CTCTAATGCCTGAA-3	CD8+ Cytotoxic T	gem_group_3
CTGAAGTGACACCA-3	CD19+ B	gem_group_3
CTGACAGACTGATG-3	CD8+/CD45RA+ Naive Cytotoxic	gem_group_3
CTGACCACCTGAGT-3	CD56+ NK	gem_group_3
CTGACCACGGTTTG-3	CD4+/CD45RO+ Memory	gem_group_3
CTGAGAACCTGGTA-3	CD8+/CD45RA+ Naive Cytotoxic	gem_group_3
CTGAGCCTACACTG-3	CD8+ Cytotoxic T	gem_group_3
CTGAGCCTAGCACT-3	CD56+ NK	gem_group_3
CTGAGCCTTCCTCG-3	CD19+ B	gem_group_3
CTGATGGACGACTA-3	CD8+ Cytotoxic T	gem_group_3
CTGATTTGAGAATG-3	CD8+ Cytotoxic T	gem_group_3
CTGCCAACTCCTGC-3	CD14+ Monocyte	gem_group_3
CTGCGACTAGTACC-3	CD14+ Monocyte	gem_group_3
CTGCGACTGAACTC-3	CD4+/CD45RA+/CD25- Naive T	gem_group_3
CTGCGACTGTTCTT-3	CD4+/CD25 T Reg	gem_group_3
CTGGAAACTCGCCT-3	CD8+ Cytotoxic T	gem_group_3
CTGGATGAATTCCT-3	CD8+/CD45RA+ Naive Cytotoxic	gem_group_3
CTGGATGATTACTC-3	CD8+ Cytotoxic T	gem_group_3
CTGGCACTAAGGGC-3	CD8+ Cytotoxic T	gem_group_3
CTGTAACTAACAGA-3	CD56+ NK	gem_group_3
CTGTATACCTTGGA-3	CD8+ Cytotoxic T	gem_group_3
CTGTATACGACGTT-3	CD8+/CD45RA+ Naive Cytotoxic	gem_group_3
CTGTATACTGTCCC-3	CD19+ B	gem_group_3
CTGTGAGAATGGTC-3	CD8+ Cytotoxic T	gem_group_3
CTTAAAGAACACGT-3	CD14+ Monocyte	gem_group_3
CTTAAGCTGACGAG-3	CD4+/CD25 T Reg	gem_group_3
CTTACATGTGTCAG-3	CD8+ Cytotoxic T	gem_group_3
CTTAGACTAGCTCA-3	CD14+ Monocyte	gem_group_3
CTTAGACTCGTAGT-3	CD4+/CD45RA+/CD25- Naive T	gem_group_3
CTTCACCTCCTAAG-3	CD19+ B	gem_group_3
CTTGAGGAAAACAG-3	CD56+ NK	gem_group_3
CTTGTATGTAGAGA-3	CD8+/CD45RA+ Naive Cytotoxic	gem_group_3
CTTTAGACACGACT-3	CD8+ Cytotoxic T	gem_group_3
CTTTAGACACGCAT-3	CD8+/CD45RA+ Naive Cytotoxic	gem_group_3
CTTTAGACATGTCG-3	CD8+/CD45RA+ Naive Cytotoxic	gem_group_3
CTTTAGACTGCTGA-3	CD4+/CD25 T Reg	gem_group_3
CTTTAGTGTCCAGA-3	CD8+ Cytotoxic T	gem_group_3
CTTTCAGACCCTAC-3	CD4+/CD45RO+ Memory	gem_group_3
CTTTCAGACGAGTT-3	CD4+/CD45RA+/CD25- Naive T	gem_group_3
GAAAGATGCCACAA-3	CD8+ Cytotoxic T	gem_group_3
GAAAGATGCCCACT-3	CD14+ Monocyte	gem_group_3
GAAAGCCTTGGTAC-3	CD56+ NK	gem_group_3
GAAAGTGATGCCAA-3	CD19+ B	gem_group_3
GAACAGCTACTCAG-3	CD8+/CD45RA+ Naive Cytotoxic	gem_group_3
GAACCTGACGGGAA-3	CD56+ NK	gem_group_3
GAACCTGATATCGG-3	CD19+ B	gem_group_3
GAACTGTGTCTTTG-3	CD56+ NK	gem_group_3
GAAGAATGTGGTAC-3	CD8+ Cytotoxic T	gem_group_3
GAAGCGGATCGACA-3	CD14+ Monocyte	gem_group_3
GAAGCTACGGGATG-3	CD8+ Cytotoxic T	gem_group_3
GAAGCTTGAGCATC-3	CD8+ Cytotoxic T	gem_group_3
GAAGCTTGTGTTTC-3	CD8+/CD45RA+ Naive Cytotoxic	gem_group_3
GAAGGGTGGTACGT-3	CD8+/CD45RA+ Naive Cytotoxic	gem_group_3
GAAGGTCTGCCCTT-3	CD56+ NK	gem_group_3
GAAGGTCTTCTATC-3	CD8+ Cytotoxic T	gem_group_3
GAAGTAGAGCGTTA-3	CD8+ Cytotoxic T	gem_group_3
GAAGTCTGCGCAAT-3	CD56+ NK	gem_group_3
GAAGTCTGTTGTGG-3	CD4+/CD45RO+ Memory	gem_group_3
GAAGTGCTGACTAC-3	CD4+/CD25 T Reg	gem_group_3
GAAGTGCTTGCCAA-3	CD8+ Cytotoxic T	gem_group_3
GAATGCTGGGAAGC-3	CD8+ Cytotoxic T	gem_group_3
GAATGCTGTACTGG-3	CD56+ NK	gem_group_3
GAATGGCTAACCTG-3	CD8+/CD45RA+ Naive Cytotoxic	gem_group_3
GAATGGCTCGTTGA-3	CD8+/CD45RA+ Naive Cytotoxic	gem_group_3
GAATGGCTGCCTTC-3	CD8+ Cytotoxic T	gem_group_3
GAATTAACCCGCTT-3	CD8+/CD45RA+ Naive Cytotoxic	gem_group_3
GACAACACGCATCA-3	CD56+ NK	gem_group_3
GACAGTACAGTTCG-3	CD8+/CD45RA+ Naive Cytotoxic	gem_group_3
GACAGTACTGTGGT-3	CD4+/CD25 T Reg	gem_group_3
GACAGTTGCCTTGC-3	CD8+/CD45RA+ Naive Cytotoxic	gem_group_3
GACAGTTGTTCACT-3	CD8+ Cytotoxic T	gem_group_3
GACCCTACTCTCAT-3	CD4+/CD45RO+ Memory	gem_group_3
GACCTAGAGCATAC-3	CD8+/CD45RA+ Naive Cytotoxic	gem_group_3
GACCTCACTCGCCT-3	CD8+ Cytotoxic T	gem_group_3
GACCTCTGGTACAC-3	CD56+ NK	gem_group_3
GACGAACTAAGAGT-3	Dendritic	gem_group_3
GACGAGGAAGTCTG-3	CD8+ Cytotoxic T	gem_group_3
GACGAGGAATTCGG-3	CD8+ Cytotoxic T	gem_group_3
GACGAGGACTTAGG-3	CD8+ Cytotoxic T	gem_group_3
GACGAGGAGTTCAG-3	CD56+ NK	gem_group_3
GACGATTGCGTAGT-3	CD4+/CD25 T Reg	gem_group_3
GACGCCGACAGATC-3	CD19+ B	gem_group_3
GACGCCGATAGTCG-3	CD4+/CD45RA+/CD25- Naive T	gem_group_3
GACGCCGATCGCTC-3	CD8+/CD45RA+ Naive Cytotoxic	gem_group_3
GACGCTCTCAGCTA-3	CD8+/CD45RA+ Naive Cytotoxic	gem_group_3
GACGGCACAGCCAT-3	CD4+/CD45RO+ Memory	gem_group_3
GACGGCACCTTGTT-3	CD19+ B	gem_group_3
GACGGCACTAGTCG-3	CD4+/CD45RO+ Memory	gem_group_3
GACTACGACCAGTA-3	CD8+/CD45RA+ Naive Cytotoxic	gem_group_3
GACTGAACCCCTTG-3	CD8+ Cytotoxic T	gem_group_3
GACTGATGTCCGTC-3	CD8+/CD45RA+ Naive Cytotoxic	gem_group_3
GACTGATGTCTTTG-3	CD8+ Cytotoxic T	gem_group_3
GACTTTACCAGTTG-3	CD56+ NK	gem_group_3
GACTTTACCTCGCT-3	CD8+ Cytotoxic T	gem_group_3
GAGAAATGGCCAAT-3	CD8+/CD45RA+ Naive Cytotoxic	gem_group_3
GAGATAGACCTTCG-3	CD56+ NK	gem_group_3
GAGATAGATGACTG-3	CD8+/CD45RA+ Naive Cytotoxic	gem_group_3
GAGATCACGTGTCA-3	CD19+ B	gem_group_3
GAGATGCTCTCGCT-3	CD4+/CD45RO+ Memory	gem_group_3
GAGCAACTACACTG-3	CD56+ NK	gem_group_3
GAGCAGGAACCCAA-3	CD8+ Cytotoxic T	gem_group_3
GAGCAGGATTGACG-3	CD8+/CD45RA+ Naive Cytotoxic	gem_group_3
GAGCATACCCTAAG-3	Dendritic	gem_group_3
GAGCATACCTCGAA-3	CD19+ B	gem_group_3
GAGCGCACTTACTC-3	CD8+/CD45RA+ Naive Cytotoxic	gem_group_3
GAGCGGCTAGAGAT-3	CD8+ Cytotoxic T	gem_group_3
GAGCGGCTGTCTTT-3	CD56+ NK	gem_group_3
GAGCTCCTCGCTAA-3	CD8+ Cytotoxic T	gem_group_3
GAGCTCCTGGTACT-3	CD4+/CD25 T Reg	gem_group_3
GAGGACGAAGCCAT-3	CD4+/CD25 T Reg	gem_group_3
GAGGACGACATGGT-3	CD8+/CD45RA+ Naive Cytotoxic	gem_group_3
GAGGCCACATCGTG-3	CD4+/CD45RA+/CD25- Naive T	gem_group_3
GAGGCCACCTGAGT-3	CD8+/CD45RA+ Naive Cytotoxic	gem_group_3
GAGGCCACTGTCGA-3	CD34+	gem_group_3
GAGGGAACAACCAC-3	CD19+ B	gem_group_3
GAGGGATGTACAGC-3	CD19+ B	gem_group_3
GAGGTGGACCTCGT-3	CD8+ Cytotoxic T	gem_group_3
GAGGTTACGTGCAT-3	CD8+/CD45RA+ Naive Cytotoxic	gem_group_3
GAGTAAGACATGAC-3	CD14+ Monocyte	gem_group_3
GAGTAAGACCCAAA-3	CD8+/CD45RA+ Naive Cytotoxic	gem_group_3
GAGTAAGACGTACA-3	CD14+ Monocyte	gem_group_3
GAGTAAGAGCATAC-3	CD8+/CD45RA+ Naive Cytotoxic	gem_group_3
GAGTAAGAGGTCTA-3	CD8+ Cytotoxic T	gem_group_3
GATAGAGAGGACAG-3	CD14+ Monocyte	gem_group_3
GATAGAGATCGTAG-3	CD19+ B	gem_group_3
GATAGCACACAGCT-3	CD4+/CD25 T Reg	gem_group_3
GATAGCACGGCATT-3	CD8+/CD45RA+ Naive Cytotoxic	gem_group_3
GATATAACTCAAGC-3	CD8+ Cytotoxic T	gem_group_3
GATATATGGCTATG-3	CD4+/CD25 T Reg	gem_group_3
GATATCCTCTCATT-3	CD8+/CD45RA+ Naive Cytotoxic	gem_group_3
GATATTGACATGCA-3	CD8+/CD45RA+ Naive Cytotoxic	gem_group_3
GATATTGACCTGAA-3	CD8+/CD45RA+ Naive Cytotoxic	gem_group_3
GATATTGAGACGAG-3	CD8+/CD45RA+ Naive Cytotoxic	gem_group_3
GATCCCTGAGGGTG-3	CD8+ Cytotoxic T	gem_group_3
GATCCGCTGCGATT-3	CD19+ B	gem_group_3
GATCGAACCTTGGA-3	CD8+ Cytotoxic T	gem_group_3
GATCGAACTCGCCT-3	CD8+/CD45RA+ Naive Cytotoxic	gem_group_3
GATGCAACTCCCGT-3	CD14+ Monocyte	gem_group_3
GATGCATGTGGCAT-3	CD4+/CD45RA+/CD25- Naive T	gem_group_3
GATGCCCTGAGGGT-3	CD19+ B	gem_group_3
GATTACCTAAGAGT-3	CD8+ Cytotoxic T	gem_group_3
GATTACCTATTCGG-3	CD8+/CD45RA+ Naive Cytotoxic	gem_group_3
GATTCGGAATCTTC-3	CD8+ Cytotoxic T	gem_group_3
GATTCTACTAACCG-3	CD56+ NK	gem_group_3
GATTCTTGCCTAAG-3	CD8+/CD45RA+ Naive Cytotoxic	gem_group_3
GATTGGACACACCA-3	CD8+ Cytotoxic T	gem_group_3
GATTGGACTTGACG-3	CD56+ NK	gem_group_3
GATTGGTGGTACAC-3	CD8+ Cytotoxic T	gem_group_3
GCAACCCTTGGGAG-3	Dendritic	gem_group_3
GCAATTCTCTCCCA-3	CD8+/CD45RA+ Naive Cytotoxic	gem_group_3
GCACAAACTAAAGG-3	CD8+/CD45RA+ Naive Cytotoxic	gem_group_3
GCACAATGCGACTA-3	CD4+/CD45RO+ Memory	gem_group_3
GCACACCTCACTTT-3	CD19+ B	gem_group_3
GCACCACTGCGTAT-3	CD4+/CD25 T Reg	gem_group_3
GCACCTACCCTATT-3	Dendritic	gem_group_3
GCACCTACTAGCGT-3	CD4+/CD45RA+/CD25- Naive T	gem_group_3
GCACCTTGAACTGC-3	CD56+ NK	gem_group_3
GCACGGACCTTCCG-3	CD19+ B	gem_group_3
GCACGGTGAAAAGC-3	CD8+ Cytotoxic T	gem_group_3
GCACGGTGTGTCGA-3	Dendritic	gem_group_3
GCACTAGAAAAAGC-3	CD8+/CD45RA+ Naive Cytotoxic	gem_group_3
GCACTAGAAACTGC-3	CD4+/CD25 T Reg	gem_group_3
GCACTGCTTGCAGT-3	CD8+ Cytotoxic T	gem_group_3
GCAGATACCTGTGA-3	CD56+ NK	gem_group_3
GCAGCCGACAACCA-3	CD4+/CD45RO+ Memory	gem_group_3
GCAGGCACCCTAAG-3	CD4+/CD25 T Reg	gem_group_3
GCAGTCCTACCCAA-3	CD8+/CD45RA+ Naive Cytotoxic	gem_group_3
GCAGTCCTCCGCTT-3	CD4+/CD45RA+/CD25- Naive T	gem_group_3
GCATCAGAATCGTG-3	CD8+ Cytotoxic T	gem_group_3
GCATCAGACTACCC-3	CD8+/CD45RA+ Naive Cytotoxic	gem_group_3
GCATGTGAGCATCA-3	CD56+ NK	gem_group_3
GCCAAAACTCTTCA-3	CD14+ Monocyte	gem_group_3
GCCAAATGCACTCC-3	CD4+/CD25 T Reg	gem_group_3
GCCAAATGGTTTCT-3	CD4+/CD45RA+/CD25- Naive T	gem_group_3
GCCAACCTCGACTA-3	CD8+/CD45RA+ Naive Cytotoxic	gem_group_3
GCCAACCTGTAGGG-3	Dendritic	gem_group_3
GCCAACCTTCCCGT-3	CD19+ B	gem_group_3
GCCACGGACAGTCA-3	CD8+ Cytotoxic T	gem_group_3
GCCACGGACTTTAC-3	CD8+/CD45RA+ Naive Cytotoxic	gem_group_3
GCCACGGATGCAAC-3	CD19+ B	gem_group_3
GCCACTACGTCATG-3	CD8+/CD45RA+ Naive Cytotoxic	gem_group_3
GCCATCACAGAAGT-3	CD8+/CD45RA+ Naive Cytotoxic	gem_group_3
GCCATCACCTTCGC-3	CD14+ Monocyte	gem_group_3
GCCATGCTATCGTG-3	CD8+/CD45RA+ Naive Cytotoxic	gem_group_3
GCCATGCTTGAGGG-3	CD8+/CD45RA+ Naive Cytotoxic	gem_group_3
GCCCAACTGAAACA-3	CD4+/CD45RO+ Memory	gem_group_3
GCCCAGGATTTCAC-3	CD56+ NK	gem_group_3
GCCGAGTGACTCAG-3	CD8+/CD45RA+ Naive Cytotoxic	gem_group_3
GCCGAGTGACTGTG-3	CD4+/CD25 T Reg	gem_group_3
GCCGAGTGGCGATT-3	CD4+/CD25 T Reg	gem_group_3
GCCGGAACAGAGAT-3	CD19+ B	gem_group_3
GCCGGAACCCTCCA-3	CD8+ Cytotoxic T	gem_group_3
GCCTACACAGGCGA-3	CD4+/CD25 T Reg	gem_group_3
GCCTACACGGTCTA-3	CD8+ Cytotoxic T	gem_group_3
GCGAAGGACCCAAA-3	CD14+ Monocyte	gem_group_3
GCGAAGGAGAAAGT-3	CD56+ NK	gem_group_3
GCGAAGGATTTGTC-3	CD56+ NK	gem_group_3
GCGATATGAGTGCT-3	CD8+ Cytotoxic T	gem_group_3
GCGCACGAAAAACG-3	Dendritic	gem_group_3
GCGCACGAACGACT-3	CD8+/CD45RA+ Naive Cytotoxic	gem_group_3
GCGCGATGCACTTT-3	CD8+/CD45RA+ Naive Cytotoxic	gem_group_3
GCGCGATGCGGAGA-3	CD56+ NK	gem_group_3
GCGGACTGGTCAAC-3	CD8+ Cytotoxic T	gem_group_3
GCGGCAACCCATGA-3	CD4+/CD25 T Reg	gem_group_3
GCGGCAACCGTGTA-3	CD8+ Cytotoxic T	gem_group_3
GCGGGACTTGTCAG-3	CD8+/CD45RA+ Naive Cytotoxic	gem_group_3
GCGGGACTTTGTCT-3	CD4+/CD45RO+ Memory	gem_group_3
GCGTAATGTATGGC-3	CD8+ Cytotoxic T	gem_group_3
GCGTACCTGCATAC-3	CD4+/CD45RO+ Memory	gem_group_3
GCGTATGACAACTG-3	CD8+ Cytotoxic T	gem_group_3
GCGTATGAGACACT-3	CD4+/CD25 T Reg	gem_group_3
GCGTATGAGCCATA-3	CD8+ Cytotoxic T	gem_group_3
GCGTATGAGTTGCA-3	CD56+ NK	gem_group_3
GCTACAGAATCGAC-3	CD8+ Cytotoxic T	gem_group_3
GCTACAGACCGTAA-3	CD8+/CD45RA+ Naive Cytotoxic	gem_group_3
GCTACAGATCGCAA-3	CD8+ Cytotoxic T	gem_group_3
GCTACGCTATACCG-3	CD8+ Cytotoxic T	gem_group_3
GCTAGAACAGGTTC-3	CD8+ Cytotoxic T	gem_group_3
GCTAGAACGGACTT-3	CD4+/CD25 T Reg	gem_group_3
GCTAGAACTTGCTT-3	CD56+ NK	gem_group_3
GCTAGATGGGTATC-3	CD4+/CD45RO+ Memory	gem_group_3
GCTCACTGGTGCTA-3	CD8+ Cytotoxic T	gem_group_3
GCTCCATGAGATCC-3	CD8+ Cytotoxic T	gem_group_3
GCTGATGATCCAGA-3	CD56+ NK	gem_group_3
GCTTGAGAAGATGA-3	CD8+ Cytotoxic T	gem_group_3
GCTTGAGATTTCTG-3	CD8+ Cytotoxic T	gem_group_3
GGAACTTGACGCAT-3	CD56+ NK	gem_group_3
GGAATCTGGAGCTT-3	CD4+/CD25 T Reg	gem_group_3
GGACAACTACGTTG-3	CD8+ Cytotoxic T	gem_group_3
GGACAGGAAAAACG-3	CD8+/CD45RA+ Naive Cytotoxic	gem_group_3
GGACAGGACTGTTT-3	CD8+ Cytotoxic T	gem_group_3
GGACATTGGGACTT-3	CD8+ Cytotoxic T	gem_group_3
GGACATTGGTCTAG-3	CD8+/CD45RA+ Naive Cytotoxic	gem_group_3
GGACCCGACTCTTA-3	CD56+ NK	gem_group_3
GGACCCGAGTGTCA-3	CD8+ Cytotoxic T	gem_group_3
GGACGCACCATGGT-3	CD8+/CD45RA+ Naive Cytotoxic	gem_group_3
GGACGCACGTTTGG-3	Dendritic	gem_group_3
GGACTATGCGAGAG-3	CD4+/CD45RA+/CD25- Naive T	gem_group_3
GGAGACGATCAGTG-3	Dendritic	gem_group_3
GGAGCGCTAGTAGA-3	CD56+ NK	gem_group_3
GGAGGATGGATGAA-3	Dendritic	gem_group_3
GGAGGTGATACTCT-3	Dendritic	gem_group_3
GGAGTTTGAAACGA-3	CD14+ Monocyte	gem_group_3
GGATGTACCAGAGG-3	CD8+ Cytotoxic T	gem_group_3
GGATGTTGAGATCC-3	CD56+ NK	gem_group_3
GGATGTTGTGCCAA-3	CD56+ NK	gem_group_3
GGATGTTGTGGTAC-3	CD8+ Cytotoxic T	gem_group_3
GGATTGTGACTAGC-3	CD8+/CD45RA+ Naive Cytotoxic	gem_group_3
GGATTGTGGTCGTA-3	CD19+ B	gem_group_3
GGATTTCTCCAATG-3	CD19+ B	gem_group_3
GGCAAGGAACCGAT-3	CD4+/CD45RO+ Memory	gem_group_3
GGCAAGGAACGCTA-3	CD56+ NK	gem_group_3
GGCAATACAAGTGA-3	CD8+ Cytotoxic T	gem_group_3
GGCAATACCTGAGT-3	CD4+/CD25 T Reg	gem_group_3
GGCAATACTTACTC-3	CD8+/CD45RA+ Naive Cytotoxic	gem_group_3
GGCACTCTACGTTG-3	CD8+/CD45RA+ Naive Cytotoxic	gem_group_3
GGCACTCTCTGATG-3	CD8+ Cytotoxic T	gem_group_3
GGCCACGAAGAAGT-3	CD8+/CD45RA+ Naive Cytotoxic	gem_group_3
GGCCACGACGAACT-3	CD19+ B	gem_group_3
GGCCAGACGGACAG-3	CD8+/CD45RA+ Naive Cytotoxic	gem_group_3
GGCCAGACTTCAGG-3	CD56+ NK	gem_group_3
GGCCCAGACTAGCA-3	CD8+/CD45RA+ Naive Cytotoxic	gem_group_3
GGCCCAGAGTCTTT-3	CD56+ NK	gem_group_3
GGCCGAACAGAACA-3	CD19+ B	gem_group_3
GGCGCATGATTCCT-3	CD8+/CD45RA+ Naive Cytotoxic	gem_group_3
GGCGCATGTGCTAG-3	CD34+	gem_group_3
GGCGGACTCACCAA-3	CD8+/CD45RA+ Naive Cytotoxic	gem_group_3
GGGAACGAACCTAG-3	CD8+ Cytotoxic T	gem_group_3
GGGAAGTGGCTCCT-3	CD8+ Cytotoxic T	gem_group_3
GGGACCTGAGTCTG-3	CD8+ Cytotoxic T	gem_group_3
GGGACCTGGGGACA-3	CD4+/CD45RO+ Memory	gem_group_3
GGGATGGACTTCGC-3	CD8+/CD45RA+ Naive Cytotoxic	gem_group_3
GGGATGGAGTTGGT-3	CD14+ Monocyte	gem_group_3
GGGCACACGCCATA-3	CD56+ NK	gem_group_3
GGGCAGCTCCTACC-3	CD4+/CD45RO+ Memory	gem_group_3
GGGCCAACGGAAGC-3	CD56+ NK	gem_group_3
GGGTTAACGTACAC-3	CD8+ Cytotoxic T	gem_group_3
GGTAGTACCGTAGT-3	CD8+/CD45RA+ Naive Cytotoxic	gem_group_3
GGTATGACAGAAGT-3	CD14+ Monocyte	gem_group_3
GGTATGACAGGAGC-3	CD8+/CD45RA+ Naive Cytotoxic	gem_group_3
GGTCAAACTCCTGC-3	CD8+/CD45RA+ Naive Cytotoxic	gem_group_3
GGTCTAGAATCAGC-3	CD19+ B	gem_group_3
GGTGATACATGTCG-3	CD8+/CD45RA+ Naive Cytotoxic	gem_group_3
GGTGGAGAAAGAGT-3	CD8+ Cytotoxic T	gem_group_3
GGTGGAGATGTTCT-3	CD8+ Cytotoxic T	gem_group_3
GGTTGAACTCGATG-3	CD8+ Cytotoxic T	gem_group_3
GGTTTACTCTGTCC-3	CD4+/CD25 T Reg	gem_group_3
GTAAGCACTCTGGA-3	CD4+/CD45RA+/CD25- Naive T	gem_group_3
GTAAGCACTTGTGG-3	CD8+ Cytotoxic T	gem_group_3
GTACCCTGTATCTC-3	CD8+/CD45RA+ Naive Cytotoxic	gem_group_3
GTACGTGAGATGAA-3	CD8+/CD45RA+ Naive Cytotoxic	gem_group_3
GTACTACTGAGGTG-3	CD8+ Cytotoxic T	gem_group_3
GTAGCAACTCTTAC-3	CD8+ Cytotoxic T	gem_group_3
GTAGCTGAACGTGT-3	CD4+/CD25 T Reg	gem_group_3
GTAGCTGAGTCCTC-3	CD8+ Cytotoxic T	gem_group_3
GTAGGTACCCTCGT-3	CD4+/CD25 T Reg	gem_group_3
GTAGTCGATCGTAG-3	CD8+/CD45RA+ Naive Cytotoxic	gem_group_3
GTAGTGACATCGGT-3	CD8+ Cytotoxic T	gem_group_3
GTAGTGTGTATGGC-3	CD8+ Cytotoxic T	gem_group_3
GTATCACTAAGCCT-3	CD8+ Cytotoxic T	gem_group_3
GTATCTACAACAGA-3	CD4+/CD25 T Reg	gem_group_3
GTATGGTGGTGAGG-3	CD8+ Cytotoxic T	gem_group_3
GTATTCACCTTGTT-3	CD8+/CD45RA+ Naive Cytotoxic	gem_group_3
GTCAACGAAATGCC-3	CD8+ Cytotoxic T	gem_group_3
GTCACAGAACCAGT-3	CD8+ Cytotoxic T	gem_group_3
GTCCAAGAGTATGC-3	CD4+/CD25 T Reg	gem_group_3
GTCCACACACAGTC-3	CD8+/CD45RA+ Naive Cytotoxic	gem_group_3
GTCGACCTTGTCAG-3	CD34+	gem_group_3
GTCTAGGAAAAAGC-3	CD56+ NK	gem_group_3
GTCTGAGATGGAGG-3	CD8+/CD45RA+ Naive Cytotoxic	gem_group_3
GTGAGGGAGTACCA-3	CD4+/CD45RO+ Memory	gem_group_3
GTGATCGAAGTGTC-3	CD56+ NK	gem_group_3
GTGATCGAATCGTG-3	CD56+ NK	gem_group_3
GTGATCGAGCTACA-3	CD8+ Cytotoxic T	gem_group_3
GTGATCGATGTCAG-3	CD4+/CD45RO+ Memory	gem_group_3
GTGATGACGCAAGG-3	CD8+/CD45RA+ Naive Cytotoxic	gem_group_3
GTGATGACTGGTGT-3	CD8+/CD45RA+ Naive Cytotoxic	gem_group_3
GTGCCACTGGTGAG-3	CD19+ B	gem_group_3
GTGGAGGATGATGC-3	Dendritic	gem_group_3
GTGGTAACACCCTC-3	CD8+/CD45RA+ Naive Cytotoxic	gem_group_3
GTGTAGTGACAGTC-3	CD4+/CD25 T Reg	gem_group_3
GTGTCAGACTAAGC-3	CD8+/CD45RA+ Naive Cytotoxic	gem_group_3
GTGTCAGATCACGA-3	CD8+/CD45RA+ Naive Cytotoxic	gem_group_3
GTGTGATGCGCATA-3	CD56+ NK	gem_group_3
GTTAACCTGAGCAG-3	CD8+ Cytotoxic T	gem_group_3
GTTACTACATGGTC-3	CD4+/CD45RO+ Memory	gem_group_3
GTTACTACCTTGAG-3	CD8+/CD45RA+ Naive Cytotoxic	gem_group_3
GTTAGGTGGAATGA-3	CD56+ NK	gem_group_3
GTTATAGAGGTCTA-3	CD8+ Cytotoxic T	gem_group_3
GTTATCTGTTCTAC-3	CD8+/CD45RA+ Naive Cytotoxic	gem_group_3
GTTATCTGTTGAGC-3	CD19+ B	gem_group_3
GTTATGCTACCTCC-3	CD14+ Monocyte	gem_group_3
GTTATGCTCGAATC-3	CD8+/CD45RA+ Naive Cytotoxic	gem_group_3
GTTATGCTGTTCAG-3	CD8+ Cytotoxic T	gem_group_3
GTTCAACTTCTCTA-3	CD8+ Cytotoxic T	gem_group_3
GTTCAACTTGAAGA-3	CD8+/CD45RA+ Naive Cytotoxic	gem_group_3
GTTCAGGAGATAGA-3	CD8+ Cytotoxic T	gem_group_3
GTTGGATGACGCAT-3	CD14+ Monocyte	gem_group_3
GTTGGATGTCTTAC-3	CD56+ NK	gem_group_3
GTTTAAGACATCAG-3	CD4+/CD25 T Reg	gem_group_3
GTTTAAGAGACGTT-3	CD8+/CD45RA+ Naive Cytotoxic	gem_group_3
GTTTAAGATCGCCT-3	CD14+ Monocyte	gem_group_3
TAAATCGACCGCTT-3	CD56+ NK	gem_group_3
TAAATCGAGCCATA-3	CD8+ Cytotoxic T	gem_group_3
TAAATCGATTCGTT-3	CD8+/CD45RA+ Naive Cytotoxic	gem_group_3
TAACACCTCAGTCA-3	CD8+/CD45RA+ Naive Cytotoxic	gem_group_3
TAACATGACTAGAC-3	CD8+ Cytotoxic T	gem_group_3
TAACCGGAACCACA-3	CD8+/CD45RA+ Naive Cytotoxic	gem_group_3
TAACCGGACCATGA-3	CD56+ NK	gem_group_3
TAACGTCTCACAAC-3	CD56+ NK	gem_group_3
TAACGTCTCACACA-3	CD8+ Cytotoxic T	gem_group_3
TAAGAACTATTCCT-3	CD14+ Monocyte	gem_group_3
TAAGAGGACCGTTC-3	CD4+/CD25 T Reg	gem_group_3
TAAGATACACCGAT-3	CD56+ NK	gem_group_3
TAAGATACTGCTGA-3	CD8+ Cytotoxic T	gem_group_3
TAAGATTGTTTCGT-3	CD56+ NK	gem_group_3
TAAGCTCTTGGATC-3	CD8+/CD45RA+ Naive Cytotoxic	gem_group_3
TAAGGGCTACCGAT-3	CD19+ B	gem_group_3
TAAGGGCTCTGCTC-3	CD8+/CD45RA+ Naive Cytotoxic	gem_group_3
TAAGTAACGGTAGG-3	CD4+/CD25 T Reg	gem_group_3
TAAGTCCTAATGCC-3	CD8+/CD45RA+ Naive Cytotoxic	gem_group_3
TAAGTCCTACACTG-3	CD56+ NK	gem_group_3
TAAGTCCTAGAATG-3	CD4+/CD25 T Reg	gem_group_3
TAATCGCTGGCGAA-3	CD19+ B	gem_group_3
TAATCGCTTCTCAT-3	Dendritic	gem_group_3
TAATGATGACGTTG-3	CD56+ NK	gem_group_3
TAATGTGAACACGT-3	CD56+ NK	gem_group_3
TAATGTGATAACGC-3	CD8+ Cytotoxic T	gem_group_3
TAATGTGATGTGCA-3	CD56+ NK	gem_group_3
TACACACTAGAGGC-3	CD4+/CD25 T Reg	gem_group_3
TACATCACATTCCT-3	CD8+ Cytotoxic T	gem_group_3
TACCGAGACTACCC-3	CD8+ Cytotoxic T	gem_group_3
TACCGGCTTTCGTT-3	CD19+ B	gem_group_3
TACGACGATTCTCA-3	CD8+ Cytotoxic T	gem_group_3
TACGAGACACCTTT-3	CD8+ Cytotoxic T	gem_group_3
TACGAGACTGTAGC-3	CD8+ Cytotoxic T	gem_group_3
TACGAGACTTTGTC-3	CD8+ Cytotoxic T	gem_group_3
TACGAGTGCATGCA-3	CD8+/CD45RA+ Naive Cytotoxic	gem_group_3
TACGCAGAGCTATG-3	CD56+ NK	gem_group_3
TACGGCCTTCGACA-3	CD56+ NK	gem_group_3
TACGTACTAGATCC-3	CD8+ Cytotoxic T	gem_group_3
TACGTTACAGGGTG-3	CD8+ Cytotoxic T	gem_group_3
TACTACACGCGAGA-3	CD8+/CD45RA+ Naive Cytotoxic	gem_group_3
TACTCAACCTCCCA-3	CD8+ Cytotoxic T	gem_group_3
TACTCCCTCTTCGC-3	CD19+ B	gem_group_3
TACTCTGACCTTAT-3	CD8+ Cytotoxic T	gem_group_3
TACTGGGACTACCC-3	CD56+ NK	gem_group_3
TACTTGACATAAGG-3	CD8+ Cytotoxic T	gem_group_3
TACTTGACCTTAGG-3	Dendritic	gem_group_3
TACTTGACTGTAGC-3	CD56+ NK	gem_group_3
TACTTTCTGTCTTT-3	CD8+/CD45RA+ Naive Cytotoxic	gem_group_3
TAGAAACTCTTCCG-3	CD19+ B	gem_group_3
TAGAATTGTAGCGT-3	CD8+ Cytotoxic T	gem_group_3
TAGAGAGACTGGAT-3	CD8+ Cytotoxic T	gem_group_3
TAGAGAGAGAGAGC-3	CD8+ Cytotoxic T	gem_group_3
TAGATCCTCGCTAA-3	CD56+ NK	gem_group_3
TAGATCCTGGCAAG-3	CD4+/CD45RO+ Memory	gem_group_3
TAGATCCTTGTGGT-3	CD8+ Cytotoxic T	gem_group_3
TAGCCCACCTTAGG-3	CD8+/CD45RA+ Naive Cytotoxic	gem_group_3
TAGCGATGCACTGA-3	CD8+/CD45RA+ Naive Cytotoxic	gem_group_3
TAGCGATGGATGAA-3	CD8+ Cytotoxic T	gem_group_3
TAGCGATGGGTATC-3	CD8+/CD45RA+ Naive Cytotoxic	gem_group_3
TAGCTACTACCTTT-3	CD8+ Cytotoxic T	gem_group_3
TAGGAGCTCACTGA-3	CD8+/CD45RA+ Naive Cytotoxic	gem_group_3
TAGGAGCTGGTGTT-3	CD4+/CD45RA+/CD25- Naive T	gem_group_3
TAGGCTGACTCAAG-3	CD56+ NK	gem_group_3
TAGGCTGACTCGAA-3	CD8+ Cytotoxic T	gem_group_3
TAGGTTCTTCTCTA-3	CD4+/CD25 T Reg	gem_group_3
TAGTAATGTGCAAC-3	CD56+ NK	gem_group_3
TAGTATGACCTGAA-3	CD8+/CD45RA+ Naive Cytotoxic	gem_group_3
TAGTATGATGGTGT-3	CD8+/CD45RA+ Naive Cytotoxic	gem_group_3
TAGTCTTGTCTAGG-3	CD19+ B	gem_group_3
TAGTTAGAGGTAAA-3	CD4+/CD25 T Reg	gem_group_3
TAGTTCACGAGCAG-3	CD8+/CD45RA+ Naive Cytotoxic	gem_group_3
TAGTTGCTAGTCTG-3	CD56+ NK	gem_group_3
TATAAGACCTACGA-3	CD8+/CD45RA+ Naive Cytotoxic	gem_group_3
TATAAGACTCTTTG-3	CD4+/CD45RO+ Memory	gem_group_3
TATAAGTGGAATAG-3	CD8+/CD45RA+ Naive Cytotoxic	gem_group_3
TATAAGTGTCAGGT-3	CD8+ Cytotoxic T	gem_group_3
TATACCACCTGAAC-3	CD19+ B	gem_group_3
TATACCACCTTCCG-3	CD4+/CD25 T Reg	gem_group_3
TATACGCTAGAGGC-3	CD8+/CD45RA+ Naive Cytotoxic	gem_group_3
TATCAAGACCTTAT-3	CD19+ B	gem_group_3
TATCCAACAGAATG-3	CD56+ NK	gem_group_3
TATCCTGAGACACT-3	CD8+ Cytotoxic T	gem_group_3
TATCTCGAAGGAGC-3	CD8+/CD45RA+ Naive Cytotoxic	gem_group_3
TATCTCGAAGTAGA-3	CD4+/CD25 T Reg	gem_group_3
TATCTCGAGTTGCA-3	CD8+/CD45RA+ Naive Cytotoxic	gem_group_3
TATGCGGACGAACT-3	CD14+ Monocyte	gem_group_3
TATGCGGACTACTT-3	CD8+ Cytotoxic T	gem_group_3
TATGCGGATCCAAG-3	CD8+/CD45RA+ Naive Cytotoxic	gem_group_3
TATGGGACGGAAGC-3	CD8+ Cytotoxic T	gem_group_3
TATGGTCTCGGTAT-3	CD8+ Cytotoxic T	gem_group_3
TATGGTCTGGGATG-3	CD8+/CD45RA+ Naive Cytotoxic	gem_group_3
TATGTCTGTCAGGT-3	CD8+ Cytotoxic T	gem_group_3
TATTGCTGTCGTGA-3	CD8+/CD45RA+ Naive Cytotoxic	gem_group_3
TCAACACTCGTCTC-3	CD8+ Cytotoxic T	gem_group_3
TCAAGGACGCGAGA-3	CD8+/CD45RA+ Naive Cytotoxic	gem_group_3
TCAAGGTGGGACTT-3	CD8+/CD45RA+ Naive Cytotoxic	gem_group_3
TCAATAGATCTCGC-3	CD56+ NK	gem_group_3
TCAATAGATGGCAT-3	CD56+ NK	gem_group_3
TCACCGTGCGCTAA-3	CD56+ NK	gem_group_3
TCACGAGAAGGGTG-3	CD4+/CD45RA+/CD25- Naive T	gem_group_3
TCACGAGAATTCGG-3	CD8+/CD45RA+ Naive Cytotoxic	gem_group_3
TCACGAGAGAATAG-3	CD8+ Cytotoxic T	gem_group_3
TCAGTGGAAGATGA-3	CD8+ Cytotoxic T	gem_group_3
TCAGTGGAAGCACT-3	CD4+/CD45RA+/CD25- Naive T	gem_group_3
TCAGTGGATGCATG-3	CD8+ Cytotoxic T	gem_group_3
TCAGTTACAAGGCG-3	CD8+/CD45RA+ Naive Cytotoxic	gem_group_3
TCATCAACAAACAG-3	CD4+/CD25 T Reg	gem_group_3
TCATCAACCATTGG-3	CD8+ Cytotoxic T	gem_group_3
TCATCAACCCCTTG-3	CD56+ NK	gem_group_3
TCATCCCTCGAACT-3	CD56+ NK	gem_group_3
TCATGTACCCTCCA-3	CD8+/CD45RA+ Naive Cytotoxic	gem_group_3
TCATGTACCTGAAC-3	CD4+/CD45RA+/CD25- Naive T	gem_group_3
TCATGTACCTGTGA-3	CD8+ Cytotoxic T	gem_group_3
TCATTCGAGTCTGA-3	CD19+ B	gem_group_3
TCATTCGATTTCTG-3	CD4+/CD45RA+/CD25- Naive T	gem_group_3
TCCACTCTTGGATC-3	CD4+/CD25 T Reg	gem_group_3
TCCATAACGTCTAG-3	CD8+/CD45RA+ Naive Cytotoxic	gem_group_3
TCCATCCTTATTCC-3	CD56+ NK	gem_group_3
TCCATCCTTGTCCC-3	CD8+ Cytotoxic T	gem_group_3
TCCCACGACCCACT-3	CD19+ B	gem_group_3
TCCCACGATTTCTG-3	CD8+/CD45RA+ Naive Cytotoxic	gem_group_3
TCCCATCTCCTTCG-3	CD8+ Cytotoxic T	gem_group_3
TCCCATCTTCATTC-3	CD8+ Cytotoxic T	gem_group_3
TCCCGAACACTAGC-3	CD8+/CD45RA+ Naive Cytotoxic	gem_group_3
TCCCGAACAGATGA-3	CD56+ NK	gem_group_3
TCCCTACTGGGAGT-3	CD8+/CD45RA+ Naive Cytotoxic	gem_group_3
TCCGAGCTGCTGTA-3	CD8+ Cytotoxic T	gem_group_3
TCCTAATGGAGGGT-3	CD8+ Cytotoxic T	gem_group_3
TCGACCTGATCAGC-3	CD8+/CD45RA+ Naive Cytotoxic	gem_group_3
TCGACGCTCAGCTA-3	CD4+/CD25 T Reg	gem_group_3
TCGAGAACAGCGTT-3	CD8+ Cytotoxic T	gem_group_3
TCGAGAACTAAGGA-3	CD8+/CD45RA+ Naive Cytotoxic	gem_group_3
TCGAGCCTGGATTC-3	CD8+/CD45RA+ Naive Cytotoxic	gem_group_3
TCGAGCCTTCGACA-3	CD14+ Monocyte	gem_group_3
TCGCAAGATTCGCC-3	CD8+ Cytotoxic T	gem_group_3
TCGCACACGATGAA-3	CD4+/CD25 T Reg	gem_group_3
TCGCAGCTGCATAC-3	CD8+/CD45RA+ Naive Cytotoxic	gem_group_3
TCGCAGCTGTAGGG-3	CD8+/CD45RA+ Naive Cytotoxic	gem_group_3
TCGCCATGTTTGGG-3	CD8+ Cytotoxic T	gem_group_3
TCGGACCTTCAAGC-3	CD56+ NK	gem_group_3
TCGGACCTTGTCGA-3	CD8+/CD45RA+ Naive Cytotoxic	gem_group_3
TCGGCACTACCGAT-3	CD4+/CD45RA+/CD25- Naive T	gem_group_3
TCGGCACTCCAGTA-3	CD8+ Cytotoxic T	gem_group_3
TCGGCACTCGTACA-3	CD56+ NK	gem_group_3
TCGGCACTTGAGGG-3	CD8+ Cytotoxic T	gem_group_3
TCGGTAGAGTGTCA-3	CD56+ NK	gem_group_3
TCGTAGGAGGTAAA-3	CD14+ Monocyte	gem_group_3
TCGTTATGAAACAG-3	CD56+ NK	gem_group_3
TCGTTATGCGTAGT-3	CD8+ Cytotoxic T	gem_group_3
TCTAACACGGTGTT-3	CD8+/CD45RA+ Naive Cytotoxic	gem_group_3
TCTAAGCTCGACTA-3	CD8+ Cytotoxic T	gem_group_3
TCTACAACACTGTG-3	CD8+/CD45RA+ Naive Cytotoxic	gem_group_3
TCTACAACTAACGC-3	CD19+ B	gem_group_3
TCTACAACTCTCAT-3	CD8+ Cytotoxic T	gem_group_3
TCTAGACTTCCTTA-3	CD8+/CD45RA+ Naive Cytotoxic	gem_group_3
TCTAGTTGTAAAGG-3	CD8+/CD45RA+ Naive Cytotoxic	gem_group_3
TCTATGTGTTGAGC-3	CD56+ NK	gem_group_3
TCTCTAGACAGGAG-3	CD8+ Cytotoxic T	gem_group_3
TCTCTAGACCGTTC-3	CD8+ Cytotoxic T	gem_group_3
TCTCTAGATCGCCT-3	CD8+/CD45RA+ Naive Cytotoxic	gem_group_3
TCTGATACGAGAGC-3	CD56+ NK	gem_group_3
TCTTACGACCGATA-3	CD8+/CD45RA+ Naive Cytotoxic	gem_group_3
TCTTACGACGGGAA-3	Dendritic	gem_group_3
TCTTACGACTAGCA-3	CD8+/CD45RA+ Naive Cytotoxic	gem_group_3
TCTTACGAGGGTGA-3	CD8+ Cytotoxic T	gem_group_3
TCTTGATGGGAGCA-3	CD8+ Cytotoxic T	gem_group_3
TGAAATTGCGTACA-3	CD8+ Cytotoxic T	gem_group_3
TGAACCGAGCAGTT-3	Dendritic	gem_group_3
TGAAGCACGTCGAT-3	CD8+ Cytotoxic T	gem_group_3
TGAAGCTGCGAACT-3	CD8+/CD45RA+ Naive Cytotoxic	gem_group_3
TGAAGCTGGTGCTA-3	CD8+/CD45RA+ Naive Cytotoxic	gem_group_3
TGAAGCTGTGCTGA-3	CD8+ Cytotoxic T	gem_group_3
TGACACGATTTCGT-3	CD8+ Cytotoxic T	gem_group_3
TGACCGCTCCCTCA-3	CD19+ B	gem_group_3
TGACGAACCTCTAT-3	CD8+ Cytotoxic T	gem_group_3
TGACGATGGAATAG-3	CD4+/CD45RO+ Memory	gem_group_3
TGACTGGACTAGTG-3	CD56+ NK	gem_group_3
TGACTTTGTGAAGA-3	CD8+ Cytotoxic T	gem_group_3
TGAGCAACAGAACA-3	CD4+/CD25 T Reg	gem_group_3
TGAGGACTGTTCTT-3	CD14+ Monocyte	gem_group_3
TGAGGTACCAGTTG-3	CD34+	gem_group_3
TGAGTCGACTTAGG-3	CD19+ B	gem_group_3
TGAGTCGAGAGAGC-3	CD8+ Cytotoxic T	gem_group_3
TGAGTGACCTTACT-3	CD4+/CD45RO+ Memory	gem_group_3
TGAGTGACTAAAGG-3	CD4+/CD25 T Reg	gem_group_3
TGATAAACCATGAC-3	CD8+ Cytotoxic T	gem_group_3
TGATACCTACGCAT-3	CD56+ NK	gem_group_3
TGATACCTTTGCTT-3	CD4+/CD45RO+ Memory	gem_group_3
TGATCGGAAAACGA-3	CD8+ Cytotoxic T	gem_group_3
TGATCGGAGACGGA-3	CD8+/CD45RA+ Naive Cytotoxic	gem_group_3
TGATTAGAAAACAG-3	CD8+ Cytotoxic T	gem_group_3
TGATTCACTGTCTT-3	CD56+ NK	gem_group_3
TGCAACGAGACAGG-3	CD8+/CD45RA+ Naive Cytotoxic	gem_group_3
TGCAATCTGCTATG-3	CD19+ B	gem_group_3
TGCCAAGAGGTAGG-3	CD8+ Cytotoxic T	gem_group_3
TGCGATGAAGTTCG-3	CD4+/CD25 T Reg	gem_group_3
TGCGCACTGCTCCT-3	CD14+ Monocyte	gem_group_3
TGCGTAGATAACGC-3	CD8+/CD45RA+ Naive Cytotoxic	gem_group_3
TGCGTAGATCGACA-3	CD4+/CD25 T Reg	gem_group_3
TGCTAGGAAAACAG-3	CD8+ Cytotoxic T	gem_group_3
TGCTAGGACATGAC-3	CD8+ Cytotoxic T	gem_group_3
TGCTAGGATCCGTC-3	CD8+ Cytotoxic T	gem_group_3
TGCTATACTACTGG-3	CD4+/CD25 T Reg	gem_group_3
TGCTATACTGGAGG-3	CD8+/CD45RA+ Naive Cytotoxic	gem_group_3
TGCTGAGAATCACG-3	CD8+/CD45RA+ Naive Cytotoxic	gem_group_3
TGCTGAGAGAGGGT-3	CD8+/CD45RA+ Naive Cytotoxic	gem_group_3
TGGAACTGAGTGCT-3	CD8+ Cytotoxic T	gem_group_3
TGGAAGCTTCTACT-3	CD19+ B	gem_group_3
TGGACCCTTGTTTC-3	CD4+/CD45RO+ Memory	gem_group_3
TGGACTGAAGCAAA-3	CD8+/CD45RA+ Naive Cytotoxic	gem_group_3
TGGACTGACATGCA-3	CD8+/CD45RA+ Naive Cytotoxic	gem_group_3
TGGACTGAGTTCTT-3	CD8+/CD45RA+ Naive Cytotoxic	gem_group_3
TGGAGACTCGGTAT-3	Dendritic	gem_group_3
TGGATCGACGTAGT-3	CD8+ Cytotoxic T	gem_group_3
TGGATGTGGTGAGG-3	CD4+/CD45RA+/CD25- Naive T	gem_group_3
TGGATGTGTGGTTG-3	CD8+ Cytotoxic T	gem_group_3
TGGATTCTCTTGGA-3	CD56+ NK	gem_group_3
TGGCAATGTGTCCC-3	CD8+/CD45RA+ Naive Cytotoxic	gem_group_3
TGGCACCTGTCATG-3	CD8+ Cytotoxic T	gem_group_3
TGGGTATGAGTCTG-3	CD8+/CD45RA+ Naive Cytotoxic	gem_group_3
TGGTACGACCAGTA-3	CD14+ Monocyte	gem_group_3
TGGTAGACCAATCG-3	CD8+ Cytotoxic T	gem_group_3
TGGTAGTGACAGCT-3	CD56+ NK	gem_group_3
TGGTATCTCTTAGG-3	CD8+ Cytotoxic T	gem_group_3
TGGTATCTGGAAGC-3	CD56+ NK	gem_group_3
TGGTCAGAATAAGG-3	CD8+/CD45RA+ Naive Cytotoxic	gem_group_3
TGGTCAGACTGAAC-3	CD56+ NK	gem_group_3
TGGTCAGACTTGAG-3	CD56+ NK	gem_group_3
TGGTCAGATACTCT-3	CD56+ NK	gem_group_3
TGTACTTGGGGACA-3	CD8+/CD45RA+ Naive Cytotoxic	gem_group_3
TGTAGGTGATGTGC-3	CD56+ NK	gem_group_3
TGTAGGTGTGTTCT-3	CD19+ B	gem_group_3
TGTAGTCTAGTACC-3	CD8+ Cytotoxic T	gem_group_3
TGTAGTCTTGTCAG-3	CD8+ Cytotoxic T	gem_group_3
TGTATCTGCCAGTA-3	CD4+/CD45RO+ Memory	gem_group_3
TGTATCTGTGCCAA-3	CD34+	gem_group_3
TGTATGCTAAAGTG-3	CD8+/CD45RA+ Naive Cytotoxic	gem_group_3
TGTATGCTAGCTCA-3	CD8+ Cytotoxic T	gem_group_3
TGTATGCTCACCAA-3	CD8+ Cytotoxic T	gem_group_3
TGTCAGGACAGATC-3	CD19+ B	gem_group_3
TGTGGATGAGGGTG-3	CD8+ Cytotoxic T	gem_group_3
TGTGGATGGTGCAT-3	CD4+/CD45RO+ Memory	gem_group_3
TGTTAAGAGTTTCT-3	CD4+/CD45RA+/CD25- Naive T	gem_group_3
TGTTACACCATCAG-3	CD8+ Cytotoxic T	gem_group_3
TGTTACACTATCGG-3	CD8+/CD45RA+ Naive Cytotoxic	gem_group_3
TGTTACTGGAGATA-3	CD8+ Cytotoxic T	gem_group_3
TTAACCACGCTCCT-3	CD8+ Cytotoxic T	gem_group_3
TTACAGCTCTGTGA-3	CD4+/CD45RO+ Memory	gem_group_3
TTACCATGTAGACC-3	CD8+ Cytotoxic T	gem_group_3
TTACGACTCAAGCT-3	CD19+ B	gem_group_3
TTACGACTTTGACG-3	CD8+ Cytotoxic T	gem_group_3
TTACGTACGGAGTG-3	CD19+ B	gem_group_3
TTACGTACTCAGAC-3	CD56+ NK	gem_group_3
TTAGACCTAAAGCA-3	CD19+ B	gem_group_3
TTAGACCTCTATGG-3	CD4+/CD45RA+/CD25- Naive T	gem_group_3
TTAGACCTCTTCCG-3	CD8+ Cytotoxic T	gem_group_3
TTAGGGTGCCCTCA-3	CD4+/CD25 T Reg	gem_group_3
TTAGGTCTTGGAGG-3	CD56+ NK	gem_group_3
TTAGTCTGAGCCTA-3	CD56+ NK	gem_group_3
TTAGTCTGCAGATC-3	CD8+ Cytotoxic T	gem_group_3
TTATGAGAACGCAT-3	CD8+/CD45RA+ Naive Cytotoxic	gem_group_3
TTATTCCTAAGATG-3	CD4+/CD45RO+ Memory	gem_group_3
TTATTCCTGAAAGT-3	CD4+/CD45RA+/CD25- Naive T	gem_group_3
TTCAAAGACGTCTC-3	CD4+/CD25 T Reg	gem_group_3
TTCAAAGATGATGC-3	CD4+/CD25 T Reg	gem_group_3
TTCAACACCGTACA-3	CD8+/CD45RA+ Naive Cytotoxic	gem_group_3
TTCAACACGCTAAC-3	CD8+/CD45RA+ Naive Cytotoxic	gem_group_3
TTCACAACTGAGGG-3	CD8+/CD45RA+ Naive Cytotoxic	gem_group_3
TTCAGACTCTTGCC-3	CD4+/CD25 T Reg	gem_group_3
TTCAGTACAAGATG-3	CD8+/CD45RA+ Naive Cytotoxic	gem_group_3
TTCAGTACAGCTCA-3	CD8+ Cytotoxic T	gem_group_3
TTCATCGAGGACTT-3	CD8+ Cytotoxic T	gem_group_3
TTCCAAACGCGTAT-3	CD4+/CD45RO+ Memory	gem_group_3
TTCCCACTTCTCTA-3	CD19+ B	gem_group_3
TTCGAGGACGACTA-3	CD8+ Cytotoxic T	gem_group_3
TTCGAGGACGTGTA-3	CD4+/CD45RO+ Memory	gem_group_3
TTCGAGGACTTGTT-3	CD19+ B	gem_group_3
TTCGAGGATCTATC-3	CD34+	gem_group_3
TTCGGAGAGGTAAA-3	CD8+/CD45RA+ Naive Cytotoxic	gem_group_3
TTCGGAGAGTATGC-3	CD56+ NK	gem_group_3
TTCGTATGACCTCC-3	CD8+ Cytotoxic T	gem_group_3
TTCGTATGAGACTC-3	CD8+/CD45RA+ Naive Cytotoxic	gem_group_3
TTCGTATGCTTTAC-3	CD4+/CD25 T Reg	gem_group_3
TTCTACGACAGTTG-3	CD8+ Cytotoxic T	gem_group_3
TTCTACGAGCTCCT-3	Dendritic	gem_group_3
TTCTAGTGAGCTAC-3	CD8+/CD45RA+ Naive Cytotoxic	gem_group_3
TTCTAGTGCTTGAG-3	CD8+ Cytotoxic T	gem_group_3
TTGAACCTACCCAA-3	CD8+/CD45RA+ Naive Cytotoxic	gem_group_3
TTGAATGACGTTAG-3	CD8+ Cytotoxic T	gem_group_3
TTGACACTGTGTTG-3	CD8+/CD45RA+ Naive Cytotoxic	gem_group_3
TTGAGGACACTAGC-3	CD8+ Cytotoxic T	gem_group_3
TTGAGGTGATTCTC-3	CD56+ NK	gem_group_3
TTGAGGTGGTTACG-3	CD4+/CD45RO+ Memory	gem_group_3
TTGAGGTGTAGCCA-3	CD4+/CD45RO+ Memory	gem_group_3
TTGCTAACACAGTC-3	CD56+ NK	gem_group_3
TTGCTAACTGTAGC-3	CD8+/CD45RA+ Naive Cytotoxic	gem_group_3
TTGCTATGACAGTC-3	CD4+/CD25 T Reg	gem_group_3
TTGGAGACTGCATG-3	CD8+/CD45RA+ Naive Cytotoxic	gem_group_3
TTGGAGACTGCTAG-3	CD56+ NK	gem_group_3
TTGGAGTGCGTCTC-3	CD56+ NK	gem_group_3
TTGGTACTATCAGC-3	CD4+/CD45RO+ Memory	gem_group_3
TTGTACACACTAGC-3	CD8+/CD45RA+ Naive Cytotoxic	gem_group_3
TTGTAGCTTAGACC-3	CD4+/CD25 T Reg	gem_group_3
TTGTAGCTTCCGTC-3	CD8+/CD45RA+ Naive Cytotoxic	gem_group_3
TTGTCATGCTGGTA-3	CD4+/CD45RA+/CD25- Naive T	gem_group_3
TTGTCATGGGTTCA-3	CD8+ Cytotoxic T	gem_group_3
TTTCACGAGAGATA-3	Dendritic	gem_group_3
TTTCACGAGGCATT-3	CD8+ Cytotoxic T	gem_group_3
TTTCCAGAAGCACT-3	CD4+/CD45RO+ Memory	gem_group_3
TTTCCAGATCGATG-3	CD56+ NK	gem_group_3
TTTCTACTCTTAGG-3	CD8+ Cytotoxic T	gem_group_3
TTTGACTGATTGGC-3	CD8+ Cytotoxic T	gem_group_3
AAACATACCATGGT-4	CD4+/CD25 T Reg	gem_group_4
AAACATTGCACTGA-4	CD8+ Cytotoxic T	gem_group_4
AAACCGTGCGGTAT-4	CD4+/CD25 T Reg	gem_group_4
AAACGCTGCGAGAG-4	CD8+/CD45RA+ Naive Cytotoxic	gem_group_4
AAACGGCTAAGGCG-4	CD8+ Cytotoxic T	gem_group_4
AAACGGCTAGAGAT-4	CD14+ Monocyte	gem_group_4
AAACTTGATGTCCC-4	CD8+ Cytotoxic T	gem_group_4
AAACTTGATTTCAC-4	CD4+/CD45RO+ Memory	gem_group_4
AAAGACGAGAGCTT-4	CD8+/CD45RA+ Naive Cytotoxic	gem_group_4
AAAGATCTCTGTCC-4	CD8+ Cytotoxic T	gem_group_4
AAAGCAGACGAGAG-4	CD8+ Cytotoxic T	gem_group_4
AAAGCAGACGCAAT-4	CD4+/CD25 T Reg	gem_group_4
AAAGCAGAGTTCTT-4	CD19+ B	gem_group_4
AAAGCAGATGGCAT-4	CD8+/CD45RA+ Naive Cytotoxic	gem_group_4
AAAGGCCTCTTCCG-4	CD4+/CD25 T Reg	gem_group_4
AAATACTGAAGAAC-4	CD8+/CD45RA+ Naive Cytotoxic	gem_group_4
AAATCAACTGTTCT-4	CD8+ Cytotoxic T	gem_group_4
AAATCCCTTGACAC-4	CD19+ B	gem_group_4
AAATCTGAAAACGA-4	CD8+ Cytotoxic T	gem_group_4
AAATCTGATGTTCT-4	CD4+/CD25 T Reg	gem_group_4
AAATCTGATTCCGC-4	CD8+/CD45RA+ Naive Cytotoxic	gem_group_4
AAATGTTGAGTTCG-4	CD56+ NK	gem_group_4
AAATGTTGTCCTGC-4	CD8+ Cytotoxic T	gem_group_4
AAATTCGAGTTGAC-4	CD8+ Cytotoxic T	gem_group_4
AACAAACTTAGACC-4	CD56+ NK	gem_group_4
AACAATACTGCCAA-4	CD8+/CD45RA+ Naive Cytotoxic	gem_group_4
AACACGTGCTAGTG-4	CD8+ Cytotoxic T	gem_group_4
AACACTCTGAAAGT-4	CD8+/CD45RA+ Naive Cytotoxic	gem_group_4
AACAGAGAAGATGA-4	CD8+/CD45RA+ Naive Cytotoxic	gem_group_4
AACAGAGACTCTAT-4	CD8+/CD45RA+ Naive Cytotoxic	gem_group_4
AACATATGACCACA-4	CD19+ B	gem_group_4
AACATATGCGAATC-4	CD56+ NK	gem_group_4
AACCACGAATCGAC-4	CD8+ Cytotoxic T	gem_group_4
AACCACGATCATTC-4	CD14+ Monocyte	gem_group_4
AACCACGATGCTCC-4	CD8+/CD45RA+ Naive Cytotoxic	gem_group_4
AACCAGTGGGAGTG-4	CD8+/CD45RA+ Naive Cytotoxic	gem_group_4
AACCAGTGTAAGCC-4	CD14+ Monocyte	gem_group_4
AACCAGTGTTGCGA-4	CD14+ Monocyte	gem_group_4
AACCTTACTCCTCG-4	CD19+ B	gem_group_4
AACCTTACTCGATG-4	CD8+/CD45RA+ Naive Cytotoxic	gem_group_4
AACCTTTGCTCCCA-4	CD14+ Monocyte	gem_group_4
AACGCCCTTTCAGG-4	CD14+ Monocyte	gem_group_4
AACGGTTGGCAAGG-4	CD8+ Cytotoxic T	gem_group_4
AACGGTTGGTTACG-4	CD8+ Cytotoxic T	gem_group_4
AACGTCGACTCCCA-4	CD14+ Monocyte	gem_group_4
AACGTTCTAGTGCT-4	CD56+ NK	gem_group_4
AACGTTCTCACACA-4	CD56+ NK	gem_group_4
AACTACCTCAGATC-4	CD8+/CD45RA+ Naive Cytotoxic	gem_group_4
AACTCACTGTGTTG-4	CD14+ Monocyte	gem_group_4
AACTCGGAATGCCA-4	CD56+ NK	gem_group_4
AACTCGGACCGCTT-4	CD8+/CD45RA+ Naive Cytotoxic	gem_group_4
AACTCGGACCGTAA-4	CD8+ Cytotoxic T	gem_group_4
AACTCTTGCACTCC-4	CD4+/CD25 T Reg	gem_group_4
AACTTGCTGTACAC-4	CD8+ Cytotoxic T	gem_group_4
AACTTGCTTCAAGC-4	CD8+/CD45RA+ Naive Cytotoxic	gem_group_4
AACTTGCTTCGTAG-4	CD8+ Cytotoxic T	gem_group_4
AAGAAGACAACGGG-4	CD8+ Cytotoxic T	gem_group_4
AAGAAGACGCCATA-4	CD8+/CD45RA+ Naive Cytotoxic	gem_group_4
AAGAATCTCGACTA-4	CD8+/CD45RA+ Naive Cytotoxic	gem_group_4
AAGACAGAGGGTGA-4	CD14+ Monocyte	gem_group_4
AAGAGATGCTTCGC-4	CD8+ Cytotoxic T	gem_group_4
AAGATGGAGTCATG-4	CD56+ NK	gem_group_4
AAGCAAGAGGCGAA-4	CD8+/CD45RA+ Naive Cytotoxic	gem_group_4
AAGCAAGATTCTTG-4	CD8+/CD45RA+ Naive Cytotoxic	gem_group_4
AAGCGACTGGGACA-4	CD4+/CD25 T Reg	gem_group_4
AAGCGACTGTCAAC-4	CD56+ NK	gem_group_4
AAGCGACTTCTTCA-4	CD8+ Cytotoxic T	gem_group_4
AAGCGTACCGACAT-4	CD8+/CD45RA+ Naive Cytotoxic	gem_group_4
AAGGCTTGAGAGGC-4	CD14+ Monocyte	gem_group_4
AAGGCTTGCTGATG-4	CD4+/CD25 T Reg	gem_group_4
AAGGCTTGGAAACA-4	CD19+ B	gem_group_4
AAGGTCTGAACGTC-4	CD56+ NK	gem_group_4
AAGGTCTGACGTAC-4	CD14+ Monocyte	gem_group_4
AAGGTGCTCGGTAT-4	CD4+/CD25 T Reg	gem_group_4
AAGTAGGAAGCCTA-4	CD8+/CD45RA+ Naive Cytotoxic	gem_group_4
AAGTAGGAGAAAGT-4	CD8+ Cytotoxic T	gem_group_4
AAGTAGGAGAGAGC-4	CD8+ Cytotoxic T	gem_group_4
AAGTATACCACTCC-4	CD8+/CD45RA+ Naive Cytotoxic	gem_group_4
AAGTATACCTGAAC-4	CD8+ Cytotoxic T	gem_group_4
AAGTATACGTTAGC-4	CD8+ Cytotoxic T	gem_group_4
AAGTCCGACCACCT-4	Dendritic	gem_group_4
AAGTCCGAGCATAC-4	CD8+/CD45RA+ Naive Cytotoxic	gem_group_4
AAGTGCACGTTGAC-4	CD8+/CD45RA+ Naive Cytotoxic	gem_group_4
AAGTTATGGTTACG-4	CD8+ Cytotoxic T	gem_group_4
AAGTTATGTCAGGT-4	CD8+ Cytotoxic T	gem_group_4
AAGTTCCTGGCGAA-4	CD4+/CD25 T Reg	gem_group_4
AAGTTCCTTACGCA-4	CD8+/CD45RA+ Naive Cytotoxic	gem_group_4
AATAACACAGTTCG-4	CD8+/CD45RA+ Naive Cytotoxic	gem_group_4
AATAACACCGCAAT-4	CD8+ Cytotoxic T	gem_group_4
AATAAGCTCCTTGC-4	CD4+/CD25 T Reg	gem_group_4
AATAAGCTTGTCAG-4	CD8+ Cytotoxic T	gem_group_4
AATACCCTGAAACA-4	CD19+ B	gem_group_4
AATACCCTGAGACG-4	CD8+ Cytotoxic T	gem_group_4
AATACCCTTCGTAG-4	CD8+/CD45RA+ Naive Cytotoxic	gem_group_4
AATACCCTTTTGGG-4	CD8+ Cytotoxic T	gem_group_4
AATAGGGATGGTTG-4	CD19+ B	gem_group_4
AATATCGACCGCTT-4	CD4+/CD25 T Reg	gem_group_4
AATATCGACGAACT-4	CD8+ Cytotoxic T	gem_group_4
AATCCGGATCTTTG-4	CD8+/CD45RA+ Naive Cytotoxic	gem_group_4
AATCCTACACCTTT-4	CD8+ Cytotoxic T	gem_group_4
AATCCTACCCTATT-4	CD56+ NK	gem_group_4
AATCCTACTACGCA-4	CD8+ Cytotoxic T	gem_group_4
AATCTAGAGACAAA-4	CD4+/CD25 T Reg	gem_group_4
AATGAGGAGGTAGG-4	CD4+/CD25 T Reg	gem_group_4
AATGATACCAGAGG-4	CD4+/CD45RA+/CD25- Naive T	gem_group_4
AATGCGTGGTCGAT-4	CD8+ Cytotoxic T	gem_group_4
AATGGAGAGCCATA-4	CD19+ B	gem_group_4
AATGGAGAGGTGGA-4	CD19+ B	gem_group_4
AATGGCTGCATCAG-4	CD8+/CD45RA+ Naive Cytotoxic	gem_group_4
AATGGCTGGGTCAT-4	CD14+ Monocyte	gem_group_4
AATGGCTGTTCTAC-4	CD56+ NK	gem_group_4
AATGTAACGCGAAG-4	CD8+ Cytotoxic T	gem_group_4
AATGTTGAGGGACA-4	CD4+/CD25 T Reg	gem_group_4
AATGTTGATAAAGG-4	CD19+ B	gem_group_4
AATGTTGATTTCTG-4	CD8+ Cytotoxic T	gem_group_4
AATTACGACGGTAT-4	CD8+/CD45RA+ Naive Cytotoxic	gem_group_4
AATTACGATCGTGA-4	CD4+/CD25 T Reg	gem_group_4
AATTGTGATGTGCA-4	CD8+/CD45RA+ Naive Cytotoxic	gem_group_4
ACAAAGGATAGAAG-4	CD8+ Cytotoxic T	gem_group_4
ACAAAGGATCGCAA-4	CD8+/CD45RA+ Naive Cytotoxic	gem_group_4
ACAACCGACGTACA-4	CD8+ Cytotoxic T	gem_group_4
ACAACCGATCTACT-4	CD8+/CD45RA+ Naive Cytotoxic	gem_group_4
ACAAGAGAATGACC-4	CD8+ Cytotoxic T	gem_group_4
ACAATTGACTTCCG-4	CD4+/CD25 T Reg	gem_group_4
ACACAGACCATTGG-4	CD19+ B	gem_group_4
ACACATCTCATGGT-4	CD8+ Cytotoxic T	gem_group_4
ACACCCTGACGTTG-4	CD8+ Cytotoxic T	gem_group_4
ACACCCTGCCCTTG-4	CD56+ NK	gem_group_4
ACACCCTGCGGTAT-4	CD8+ Cytotoxic T	gem_group_4
ACACCCTGGGAGGT-4	CD8+ Cytotoxic T	gem_group_4
ACACGAACAGGTTC-4	CD8+ Cytotoxic T	gem_group_4
ACACGTGAGCTTCC-4	CD8+/CD45RA+ Naive Cytotoxic	gem_group_4
ACAGACACAACCGT-4	CD8+ Cytotoxic T	gem_group_4
ACAGCAACTGATGC-4	CD19+ B	gem_group_4
ACAGCAACTTTGTC-4	CD4+/CD25 T Reg	gem_group_4
ACAGGTACAGAAGT-4	CD14+ Monocyte	gem_group_4
ACAGTCGAGAGCAG-4	Dendritic	gem_group_4
ACAGTCGAGTCCTC-4	CD8+ Cytotoxic T	gem_group_4
ACAGTGACATTTCC-4	CD8+/CD45RA+ Naive Cytotoxic	gem_group_4
ACAGTGACGAGCTT-4	CD56+ NK	gem_group_4
ACAGTGACTGAAGA-4	CD8+/CD45RA+ Naive Cytotoxic	gem_group_4
ACAGTTCTGGAGCA-4	CD8+ Cytotoxic T	gem_group_4
ACATCACTGTATCG-4	CD8+ Cytotoxic T	gem_group_4
ACCAACGACCCTTG-4	CD14+ Monocyte	gem_group_4
ACCACAGAGGTTCA-4	CD8+ Cytotoxic T	gem_group_4
ACCACCTGCGTAGT-4	CD8+ Cytotoxic T	gem_group_4
ACCACGCTGGATCT-4	CD56+ NK	gem_group_4
ACCACGCTTCTTAC-4	CD19+ B	gem_group_4
ACCAGCCTGGAAGC-4	CD8+/CD45RA+ Naive Cytotoxic	gem_group_4
ACCATTACCTTCGC-4	CD8+/CD45RA+ Naive Cytotoxic	gem_group_4
ACCATTACTGCACA-4	CD8+/CD45RA+ Naive Cytotoxic	gem_group_4
ACCCAAGACTTATC-4	CD8+ Cytotoxic T	gem_group_4
ACCCAGCTACTTTC-4	CD8+/CD45RA+ Naive Cytotoxic	gem_group_4
ACCCGTTGGGACAG-4	CD56+ NK	gem_group_4
ACCCGTTGGTACGT-4	CD8+ Cytotoxic T	gem_group_4
ACCCTCGAATTCCT-4	CD8+/CD45RA+ Naive Cytotoxic	gem_group_4
ACCCTCGATTTGTC-4	CD8+ Cytotoxic T	gem_group_4
ACCGAAACGTTGGT-4	CD14+ Monocyte	gem_group_4
ACCGAAACTCTTTG-4	CD56+ NK	gem_group_4
ACCGCGGAACTCAG-4	CD8+ Cytotoxic T	gem_group_4
ACCGCGGAGTCTAG-4	CD8+/CD45RA+ Naive Cytotoxic	gem_group_4
ACCGCGGATTCAGG-4	CD8+/CD45RA+ Naive Cytotoxic	gem_group_4
ACCGTGCTCATGCA-4	CD56+ NK	gem_group_4
ACCGTGCTTCCGAA-4	CD14+ Monocyte	gem_group_4
ACCTATTGGACGTT-4	CD8+/CD45RA+ Naive Cytotoxic	gem_group_4
ACCTATTGTCAAGC-4	CD8+/CD45RA+ Naive Cytotoxic	gem_group_4
ACCTATTGTGTCAG-4	CD8+/CD45RA+ Naive Cytotoxic	gem_group_4
ACCTCCGAAGCGTT-4	CD19+ B	gem_group_4
ACCTGGCTAGCGTT-4	Dendritic	gem_group_4
ACCTGGCTTGCTGA-4	CD8+/CD45RA+ Naive Cytotoxic	gem_group_4
ACCTTTGAATCGAC-4	CD8+ Cytotoxic T	gem_group_4
ACCTTTGACTATGG-4	CD8+/CD45RA+ Naive Cytotoxic	gem_group_4
ACGAACACAGGGTG-4	CD8+ Cytotoxic T	gem_group_4
ACGAAGCTAGGAGC-4	CD8+ Cytotoxic T	gem_group_4
ACGAAGCTGCCTTC-4	CD8+/CD45RA+ Naive Cytotoxic	gem_group_4
ACGAAGCTTAACGC-4	CD4+/CD25 T Reg	gem_group_4
ACGACCCTATACCG-4	CD56+ NK	gem_group_4
ACGACCCTCTGTTT-4	CD8+ Cytotoxic T	gem_group_4
ACGACCCTGGTTAC-4	CD56+ NK	gem_group_4
ACGCAATGACCCTC-4	CD4+/CD45RO+ Memory	gem_group_4
ACGCCACTAAAAGC-4	CD8+ Cytotoxic T	gem_group_4
ACGCCACTGGAAGC-4	CD8+/CD45RA+ Naive Cytotoxic	gem_group_4
ACGCCGGAACCATG-4	CD8+/CD45RA+ Naive Cytotoxic	gem_group_4
ACGCCTTGGACAGG-4	CD8+/CD45RA+ Naive Cytotoxic	gem_group_4
ACGCCTTGTCTCTA-4	CD8+/CD45RA+ Naive Cytotoxic	gem_group_4
ACGCGGTGACCATG-4	CD8+ Cytotoxic T	gem_group_4
ACGCTGCTAAACAG-4	CD8+ Cytotoxic T	gem_group_4
ACGCTGCTCGTCTC-4	CD19+ B	gem_group_4
ACGCTGCTCTGTGA-4	CD8+ Cytotoxic T	gem_group_4
ACGGAACTTTAGGC-4	CD14+ Monocyte	gem_group_4
ACGGAGGAACACGT-4	Dendritic	gem_group_4
ACGGCGTGTGCTAG-4	CD8+/CD45RA+ Naive Cytotoxic	gem_group_4
ACGGCTCTACACCA-4	CD8+/CD45RA+ Naive Cytotoxic	gem_group_4
ACGGCTCTACGACT-4	CD8+ Cytotoxic T	gem_group_4
ACGGCTCTTACTCT-4	CD8+ Cytotoxic T	gem_group_4
ACGGTAACCGTACA-4	CD56+ NK	gem_group_4
ACGGTAACGCTATG-4	CD4+/CD45RO+ Memory	gem_group_4
ACGGTATGCCGCTT-4	CD8+/CD45RA+ Naive Cytotoxic	gem_group_4
ACGGTATGGGGAGT-4	CD34+	gem_group_4
ACGGTATGTGCTAG-4	CD4+/CD25 T Reg	gem_group_4
ACGGTATGTGTTTC-4	CD4+/CD25 T Reg	gem_group_4
ACGGTCCTGCGTTA-4	CD8+/CD45RA+ Naive Cytotoxic	gem_group_4
ACGGTCCTGGAGGT-4	CD8+/CD45RA+ Naive Cytotoxic	gem_group_4
ACGTCCTGAGATCC-4	CD8+/CD45RA+ Naive Cytotoxic	gem_group_4
ACGTCCTGCCCTCA-4	CD19+ B	gem_group_4
ACGTGATGGTCACA-4	CD8+/CD45RA+ Naive Cytotoxic	gem_group_4
ACGTTACTAGGCGA-4	CD8+/CD45RA+ Naive Cytotoxic	gem_group_4
ACGTTACTGACGGA-4	CD19+ B	gem_group_4
ACGTTGGACAGAAA-4	CD8+ Cytotoxic T	gem_group_4
ACGTTGGAGCTACA-4	CD56+ NK	gem_group_4
ACGTTTACATTCTC-4	CD4+/CD25 T Reg	gem_group_4
ACTAAAACCTCGCT-4	CD8+ Cytotoxic T	gem_group_4
ACTACGGATCGCAA-4	CD56+ NK	gem_group_4
ACTACGGATTCCAT-4	CD19+ B	gem_group_4
ACTACTACCCTACC-4	CD8+ Cytotoxic T	gem_group_4
ACTACTACCTGCTC-4	CD56+ NK	gem_group_4
ACTATCACAGCTCA-4	CD56+ NK	gem_group_4
ACTCAGGAGCCCTT-4	CD8+/CD45RA+ Naive Cytotoxic	gem_group_4
ACTCCCGACGCAAT-4	CD4+/CD45RO+ Memory	gem_group_4
ACTCCTCTCCAATG-4	CD8+ Cytotoxic T	gem_group_4
ACTCCTCTGAGGGT-4	CD8+/CD45RA+ Naive Cytotoxic	gem_group_4
ACTCGCACTGATGC-4	CD4+/CD25 T Reg	gem_group_4
ACTCGCACTTCCGC-4	CD56+ NK	gem_group_4
ACTCTATGAAAGCA-4	CD8+ Cytotoxic T	gem_group_4
ACTCTATGTTTACC-4	CD4+/CD25 T Reg	gem_group_4
ACTGAGACAGTCAC-4	CD56+ NK	gem_group_4
ACTGCCTGCAGTCA-4	CD8+/CD45RA+ Naive Cytotoxic	gem_group_4
ACTGGCCTAGAACA-4	CD19+ B	gem_group_4
ACTGGCCTCCAGTA-4	CD56+ NK	gem_group_4
ACTGGCCTCGCATA-4	CD4+/CD25 T Reg	gem_group_4
ACTGGCCTTCCTTA-4	CD4+/CD45RO+ Memory	gem_group_4
ACTGTTACCCAAGT-4	CD8+/CD45RA+ Naive Cytotoxic	gem_group_4
ACTGTTACCTGGAT-4	CD4+/CD25 T Reg	gem_group_4
ACTGTTACTGAAGA-4	CD8+ Cytotoxic T	gem_group_4
ACTTAGCTTTGCGA-4	CD8+ Cytotoxic T	gem_group_4
ACTTCTGACCTACC-4	CD8+ Cytotoxic T	gem_group_4
ACTTGGGAGCCAAT-4	CD14+ Monocyte	gem_group_4
ACTTTGTGTCTCGC-4	CD4+/CD25 T Reg	gem_group_4
AGAAACGATCTCTA-4	CD8+/CD45RA+ Naive Cytotoxic	gem_group_4
AGAAAGTGAAGAGT-4	CD8+/CD45RA+ Naive Cytotoxic	gem_group_4
AGAACGCTGAGCTT-4	CD8+/CD45RA+ Naive Cytotoxic	gem_group_4
AGAACGCTGCTACA-4	CD4+/CD25 T Reg	gem_group_4
AGAATACTCGACAT-4	CD19+ B	gem_group_4
AGAATTTGTATTCC-4	CD4+/CD45RA+/CD25- Naive T	gem_group_4
AGACACACAGTAGA-4	CD8+ Cytotoxic T	gem_group_4
AGACACACAGTGCT-4	CD8+/CD45RA+ Naive Cytotoxic	gem_group_4
AGACACACGCAGTT-4	CD8+ Cytotoxic T	gem_group_4
AGACCTGAGGCATT-4	CD56+ NK	gem_group_4
AGACGTACTCCGTC-4	CD8+/CD45RA+ Naive Cytotoxic	gem_group_4
AGACTCGATTCACT-4	CD56+ NK	gem_group_4
AGACTTCTTCGTGA-4	CD8+ Cytotoxic T	gem_group_4
AGAGATGAGAAGGC-4	Dendritic	gem_group_4
AGAGATGATCTACT-4	CD8+ Cytotoxic T	gem_group_4
AGAGCGGACTGGAT-4	CD56+ NK	gem_group_4
AGAGCGGATACAGC-4	CD56+ NK	gem_group_4
AGAGCTACATGTCG-4	Dendritic	gem_group_4
AGAGTCACAAGCAA-4	CD19+ B	gem_group_4
AGATATACAAGGCG-4	CD56+ NK	gem_group_4
AGATATTGCATCAG-4	CD8+ Cytotoxic T	gem_group_4
AGATATTGCGTGTA-4	CD8+ Cytotoxic T	gem_group_4
AGATCTCTTCTCTA-4	CD4+/CD25 T Reg	gem_group_4
AGATTAACATACCG-4	CD56+ NK	gem_group_4
AGATTAACTCAGTG-4	CD8+ Cytotoxic T	gem_group_4
AGATTAACTCCAGA-4	CD4+/CD25 T Reg	gem_group_4
AGATTCCTAACCGT-4	CD8+ Cytotoxic T	gem_group_4
AGCAAGCTCAACCA-4	CD8+ Cytotoxic T	gem_group_4
AGCAAGCTTATCTC-4	CD8+/CD45RA+ Naive Cytotoxic	gem_group_4
AGCATGACAGCAAA-4	CD8+ Cytotoxic T	gem_group_4
AGCATGACCCTCCA-4	CD8+/CD45RA+ Naive Cytotoxic	gem_group_4
AGCATTCTGCGATT-4	CD8+ Cytotoxic T	gem_group_4
AGCATTCTTTCCAT-4	CD8+/CD45RA+ Naive Cytotoxic	gem_group_4
AGCCAATGAAGCAA-4	Dendritic	gem_group_4
AGCCAATGGGATTC-4	CD8+ Cytotoxic T	gem_group_4
AGCCAATGTGAGGG-4	CD8+/CD45RA+ Naive Cytotoxic	gem_group_4
AGCCAATGTTCACT-4	CD8+ Cytotoxic T	gem_group_4
AGCCGGACAGTAGA-4	CD8+ Cytotoxic T	gem_group_4
AGCCGGACCGTAAC-4	CD8+ Cytotoxic T	gem_group_4
AGCCGGTGCATACG-4	CD56+ NK	gem_group_4
AGCCGGTGCGCATA-4	CD8+ Cytotoxic T	gem_group_4
AGCCGTCTGAGGAC-4	Dendritic	gem_group_4
AGCCTCACAGCGTT-4	CD8+ Cytotoxic T	gem_group_4
AGCCTCTGCTTGGA-4	CD8+ Cytotoxic T	gem_group_4
AGCGAACTGGTCTA-4	CD8+ Cytotoxic T	gem_group_4
AGCGATACAAGTAG-4	CD8+ Cytotoxic T	gem_group_4
AGCGATACGGGAGT-4	CD8+ Cytotoxic T	gem_group_4
AGCGATTGACGGTT-4	CD8+ Cytotoxic T	gem_group_4
AGCGCCGAAGCCAT-4	CD8+ Cytotoxic T	gem_group_4
AGCGCCGATGGTTG-4	CD8+/CD45RA+ Naive Cytotoxic	gem_group_4
AGCGCTCTATGTGC-4	CD19+ B	gem_group_4
AGCGGCACCTTACT-4	CD8+/CD45RA+ Naive Cytotoxic	gem_group_4
AGCGGGCTAGATCC-4	CD8+/CD45RA+ Naive Cytotoxic	gem_group_4
AGCGGGCTCGTAGT-4	CD8+ Cytotoxic T	gem_group_4
AGCGGGCTGGAAGC-4	CD8+ Cytotoxic T	gem_group_4
AGCTGCCTGCATCA-4	CD4+/CD45RO+ Memory	gem_group_4
AGCTTTACACGTTG-4	CD8+ Cytotoxic T	gem_group_4
AGGAAATGCTTGTT-4	CD4+/CD45RO+ Memory	gem_group_4
AGGAAATGGATGAA-4	CD8+ Cytotoxic T	gem_group_4
AGGAAATGTACTTC-4	CD4+/CD25 T Reg	gem_group_4
AGGAATGACCGATA-4	CD8+ Cytotoxic T	gem_group_4
AGGAATGACGAGTT-4	CD8+/CD45RA+ Naive Cytotoxic	gem_group_4
AGGACACTAAAGCA-4	CD8+/CD45RA+ Naive Cytotoxic	gem_group_4
AGGATAGATTCTAC-4	CD8+ Cytotoxic T	gem_group_4
AGGCCTCTCATCAG-4	CD4+/CD25 T Reg	gem_group_4
AGGCCTCTCTGAAC-4	CD8+/CD45RA+ Naive Cytotoxic	gem_group_4
AGGCCTCTTTATCC-4	CD19+ B	gem_group_4
AGGCCTCTTTTCGT-4	CD4+/CD45RA+/CD25- Naive T	gem_group_4
AGGGACGACTCAGA-4	CD19+ B	gem_group_4
AGGGACGAGGAGCA-4	CD8+/CD45RA+ Naive Cytotoxic	gem_group_4
AGGGACGAGTAAAG-4	CD8+/CD45RA+ Naive Cytotoxic	gem_group_4
AGGGCCTGACACGT-4	CD4+/CD25 T Reg	gem_group_4
AGGGCGCTACGGTT-4	CD19+ B	gem_group_4
AGGGTGGATCGCAA-4	CD8+/CD45RA+ Naive Cytotoxic	gem_group_4
AGGGTTTGTCCGTC-4	CD19+ B	gem_group_4
AGGTACACCGTAAC-4	CD8+ Cytotoxic T	gem_group_4
AGGTACACTGAGGG-4	CD8+/CD45RA+ Naive Cytotoxic	gem_group_4
AGGTACACTGGAAA-4	CD19+ B	gem_group_4
AGGTACTGGATACC-4	CD8+/CD45RA+ Naive Cytotoxic	gem_group_4
AGGTCATGCCCACT-4	CD8+ Cytotoxic T	gem_group_4
AGGTGGGACCAGTA-4	CD8+ Cytotoxic T	gem_group_4
AGGTGTTGAGCATC-4	CD14+ Monocyte	gem_group_4
AGGTGTTGATCACG-4	CD4+/CD25 T Reg	gem_group_4
AGGTGTTGGGACAG-4	CD8+ Cytotoxic T	gem_group_4
AGGTGTTGTTATCC-4	CD8+/CD45RA+ Naive Cytotoxic	gem_group_4
AGGTTGTGAAAAGC-4	Dendritic	gem_group_4
AGTAATTGTCCAGA-4	CD8+ Cytotoxic T	gem_group_4
AGTACGTGAGTCAC-4	CD8+/CD45RA+ Naive Cytotoxic	gem_group_4
AGTACGTGGAGCAG-4	CD14+ Monocyte	gem_group_4
AGTAGAGATCAGAC-4	CD4+/CD25 T Reg	gem_group_4
AGTAGAGATCCTGC-4	CD8+/CD45RA+ Naive Cytotoxic	gem_group_4
AGTATAACATTCGG-4	CD56+ NK	gem_group_4
AGTCACGAATCTTC-4	CD4+/CD25 T Reg	gem_group_4
AGTCACGACTCCAC-4	CD4+/CD25 T Reg	gem_group_4
AGTCAGACGACTAC-4	CD56+ NK	gem_group_4
AGTCCAGACCAAGT-4	CD56+ NK	gem_group_4
AGTCGAACCAACCA-4	CD8+ Cytotoxic T	gem_group_4
AGTGACACCGATAC-4	CD8+/CD45RA+ Naive Cytotoxic	gem_group_4
AGTGACACCTTATC-4	CD8+ Cytotoxic T	gem_group_4
AGTGTGACCTCCAC-4	CD8+/CD45RA+ Naive Cytotoxic	gem_group_4
AGTGTGACGCGATT-4	CD8+/CD45RA+ Naive Cytotoxic	gem_group_4
AGTGTGACTTTGGG-4	CD8+/CD45RA+ Naive Cytotoxic	gem_group_4
AGTGTTCTGTTAGC-4	CD56+ NK	gem_group_4
AGTTAAACCCGTAA-4	CD14+ Monocyte	gem_group_4
AGTTATGACTGGTA-4	CD8+ Cytotoxic T	gem_group_4
AGTTCTACGTTAGC-4	CD8+/CD45RA+ Naive Cytotoxic	gem_group_4
AGTTCTACTTCCGC-4	Dendritic	gem_group_4
AGTTGTCTGACACT-4	CD8+/CD45RA+ Naive Cytotoxic	gem_group_4
AGTTTGCTCTTGTT-4	CD8+/CD45RA+ Naive Cytotoxic	gem_group_4
ATAACAACCACTTT-4	CD19+ B	gem_group_4
ATAACAACCAGTTG-4	CD8+ Cytotoxic T	gem_group_4
ATAACATGAACCTG-4	CD4+/CD45RO+ Memory	gem_group_4
ATAACATGAGTGTC-4	CD19+ B	gem_group_4
ATAAGTACGGACGA-4	CD56+ NK	gem_group_4
ATAAGTTGACGGGA-4	CD8+/CD45RA+ Naive Cytotoxic	gem_group_4
ATAAGTTGGCAGAG-4	CD19+ B	gem_group_4
ATAAGTTGTGCATG-4	CD8+/CD45RA+ Naive Cytotoxic	gem_group_4
ATAATCGAAGAGGC-4	CD56+ NK	gem_group_4
ATAATGACGCCTTC-4	CD8+/CD45RA+ Naive Cytotoxic	gem_group_4
ATACAATGCCTGAA-4	CD8+/CD45RA+ Naive Cytotoxic	gem_group_4
ATACAATGTTGCAG-4	CD8+ Cytotoxic T	gem_group_4
ATACACCTGTGCAT-4	CD8+ Cytotoxic T	gem_group_4
ATACCACTAGTCGT-4	CD8+ Cytotoxic T	gem_group_4
ATACCGGACTCCCA-4	Dendritic	gem_group_4
ATACCGGAGACGTT-4	CD8+ Cytotoxic T	gem_group_4
ATACCTTGGTGCAT-4	CD8+/CD45RA+ Naive Cytotoxic	gem_group_4
ATACGGACCGAATC-4	CD4+/CD45RO+ Memory	gem_group_4
ATACGGACGCGTAT-4	CD4+/CD25 T Reg	gem_group_4
ATACGTCTGGTATC-4	CD56+ NK	gem_group_4
ATACTCTGAGACTC-4	CD56+ NK	gem_group_4
ATAGATTGATGGTC-4	CD8+ Cytotoxic T	gem_group_4
ATAGATTGGCAAGG-4	CD8+/CD45RA+ Naive Cytotoxic	gem_group_4
ATAGATTGGGACAG-4	CD19+ B	gem_group_4
ATAGATTGGGGCAA-4	CD8+/CD45RA+ Naive Cytotoxic	gem_group_4
ATAGCGTGACTTTC-4	CD8+/CD45RA+ Naive Cytotoxic	gem_group_4
ATAGCGTGTCTGGA-4	CD8+ Cytotoxic T	gem_group_4
ATAGCTCTCTACGA-4	CD56+ NK	gem_group_4
ATAGGCTGGGGCAA-4	CD8+ Cytotoxic T	gem_group_4
ATAGTCCTAACGGG-4	CD4+/CD25 T Reg	gem_group_4
ATAGTCCTGAACTC-4	CD8+/CD45RA+ Naive Cytotoxic	gem_group_4
ATAGTCCTTAAAGG-4	CD8+/CD45RA+ Naive Cytotoxic	gem_group_4
ATAGTTGATGGTTG-4	CD8+ Cytotoxic T	gem_group_4
ATATGAACACGCTA-4	CD8+ Cytotoxic T	gem_group_4
ATATGAACTTTGTC-4	CD8+/CD45RA+ Naive Cytotoxic	gem_group_4
ATATGCCTGCATCA-4	CD8+ Cytotoxic T	gem_group_4
ATCAACCTCCAAGT-4	CD4+/CD25 T Reg	gem_group_4
ATCAACCTCTCTTA-4	CD4+/CD25 T Reg	gem_group_4
ATCACTACGGAGTG-4	CD8+ Cytotoxic T	gem_group_4
ATCATCTGCCTTTA-4	CD8+ Cytotoxic T	gem_group_4
ATCATCTGGTGCAT-4	CD8+/CD45RA+ Naive Cytotoxic	gem_group_4
ATCATCTGTCCAAG-4	CD14+ Monocyte	gem_group_4
ATCCAGGACTCAGA-4	CD8+ Cytotoxic T	gem_group_4
ATCCCGTGTTACCT-4	CD8+/CD45RA+ Naive Cytotoxic	gem_group_4
ATCCGCACAAGGCG-4	CD4+/CD45RA+/CD25- Naive T	gem_group_4
ATCCGCACTGAACC-4	CD8+/CD45RA+ Naive Cytotoxic	gem_group_4
ATCCGCACTGGTAC-4	CD8+ Cytotoxic T	gem_group_4
ATCCTAACTAGCGT-4	CD19+ B	gem_group_4
ATCGCAGACCAAGT-4	CD8+ Cytotoxic T	gem_group_4
ATCGCAGATTGCTT-4	CD8+ Cytotoxic T	gem_group_4
ATCGCCACCTCGAA-4	CD8+ Cytotoxic T	gem_group_4
ATCGGAACCCATAG-4	CD19+ B	gem_group_4
ATCGGTGATGCAGT-4	CD8+/CD45RA+ Naive Cytotoxic	gem_group_4
ATCGTTTGAGGAGC-4	CD19+ B	gem_group_4
ATCTACACGGTGAG-4	CD56+ NK	gem_group_4
ATCTACACGGTTTG-4	CD8+ Cytotoxic T	gem_group_4
ATCTCAACAAGAAC-4	CD4+/CD25 T Reg	gem_group_4
ATCTCAACCAGCTA-4	Dendritic	gem_group_4
ATCTGACTCCAGTA-4	CD8+ Cytotoxic T	gem_group_4
ATCTGACTTAGCGT-4	CD8+ Cytotoxic T	gem_group_4
ATCTGGGAACGGTT-4	CD4+/CD25 T Reg	gem_group_4
ATCTGGGACTAGAC-4	CD8+/CD45RA+ Naive Cytotoxic	gem_group_4
ATGAAACTTCCTCG-4	CD8+/CD45RA+ Naive Cytotoxic	gem_group_4
ATGAAACTTGGGAG-4	CD19+ B	gem_group_4
ATGAAGGAGTTTGG-4	CD8+ Cytotoxic T	gem_group_4
ATGAAGGATCTCCG-4	CD4+/CD25 T Reg	gem_group_4
ATGAGAGACTAGCA-4	CD14+ Monocyte	gem_group_4
ATGAGAGAGGGTGA-4	CD8+/CD45RA+ Naive Cytotoxic	gem_group_4
ATGAGCACATGCTG-4	CD8+/CD45RA+ Naive Cytotoxic	gem_group_4
ATGATATGTGTCCC-4	CD4+/CD45RO+ Memory	gem_group_4
ATGCACGAAAGGGC-4	CD8+ Cytotoxic T	gem_group_4
ATGCACGAGTCGAT-4	CD19+ B	gem_group_4
ATGCAGACGAGGTG-4	CD8+ Cytotoxic T	gem_group_4
ATGCCGCTCTTCGC-4	CD8+ Cytotoxic T	gem_group_4
ATGCGATGGAGCAG-4	CD8+ Cytotoxic T	gem_group_4
ATGCGATGTGCAAC-4	CD8+/CD45RA+ Naive Cytotoxic	gem_group_4
ATGCGCCTTCCGTC-4	CD56+ NK	gem_group_4
ATGGGTACACCGAT-4	CD56+ NK	gem_group_4
ATGGTGACGATAAG-4	CD8+ Cytotoxic T	gem_group_4
ATGGTGACTACGCA-4	CD8+/CD45RA+ Naive Cytotoxic	gem_group_4
ATGTAAACAGCTAC-4	CD14+ Monocyte	gem_group_4
ATGTTCACGCGTTA-4	CD56+ NK	gem_group_4
ATGTTGCTAAGATG-4	CD8+/CD45RA+ Naive Cytotoxic	gem_group_4
ATTAACGAGGTCAT-4	CD8+ Cytotoxic T	gem_group_4
ATTAAGACATCTTC-4	CD4+/CD25 T Reg	gem_group_4
ATTAAGACATTCTC-4	CD8+ Cytotoxic T	gem_group_4
ATTACCTGACAGTC-4	CD56+ NK	gem_group_4
ATTACCTGACGGTT-4	CD8+ Cytotoxic T	gem_group_4
ATTACCTGTAGCCA-4	CD56+ NK	gem_group_4
ATTAGATGGGACGA-4	CD8+ Cytotoxic T	gem_group_4
ATTAGATGGTGCTA-4	CD8+ Cytotoxic T	gem_group_4
ATTAGATGTGAGGG-4	CD56+ NK	gem_group_4
ATTAGTGAGATGAA-4	CD8+/CD45RA+ Naive Cytotoxic	gem_group_4
ATTAGTGATGCATG-4	CD19+ B	gem_group_4
ATTCAGCTCACTGA-4	CD19+ B	gem_group_4
ATTCCAACCACCAA-4	CD14+ Monocyte	gem_group_4
ATTCCAACGCATCA-4	CD8+/CD45RA+ Naive Cytotoxic	gem_group_4
ATTCCAACTTCGTT-4	CD8+ Cytotoxic T	gem_group_4
ATTCCATGTTCCCG-4	CD19+ B	gem_group_4
ATTCGACTAAACAG-4	CD19+ B	gem_group_4
ATTCGGGAATTTCC-4	CD8+ Cytotoxic T	gem_group_4
ATTCGGGACCGTTC-4	CD8+ Cytotoxic T	gem_group_4
ATTCGGGAGAATGA-4	CD8+ Cytotoxic T	gem_group_4
ATTCTGACAGCAAA-4	CD8+/CD45RA+ Naive Cytotoxic	gem_group_4
ATTCTGACGTCGAT-4	CD19+ B	gem_group_4
ATTCTGACTCAGTG-4	CD4+/CD45RO+ Memory	gem_group_4
ATTCTGACTCCTCG-4	CD19+ B	gem_group_4
ATTCTTCTGAATCC-4	CD8+ Cytotoxic T	gem_group_4
ATTGAATGTCGACA-4	CD4+/CD25 T Reg	gem_group_4
ATTGATGACAATCG-4	CD8+ Cytotoxic T	gem_group_4
ATTGATGACGATAC-4	CD8+/CD45RA+ Naive Cytotoxic	gem_group_4
ATTGATGAGAGCAG-4	CD56+ NK	gem_group_4
ATTGCACTACCCTC-4	CD4+/CD25 T Reg	gem_group_4
ATTGCGGACCACAA-4	CD56+ NK	gem_group_4
ATTGCTACCCTTTA-4	CD14+ Monocyte	gem_group_4
ATTGGGTGCAACCA-4	CD8+ Cytotoxic T	gem_group_4
ATTGGTCTTTGACG-4	CD8+ Cytotoxic T	gem_group_4
ATTGTAGACCCGTT-4	CD8+/CD45RA+ Naive Cytotoxic	gem_group_4
ATTTCCGATCTTTG-4	CD8+ Cytotoxic T	gem_group_4
ATTTCCGATGTCTT-4	CD8+/CD45RA+ Naive Cytotoxic	gem_group_4
ATTTCCGATGTTCT-4	CD8+ Cytotoxic T	gem_group_4
ATTTGCACCATGGT-4	CD14+ Monocyte	gem_group_4
CAAACTCTCGCAAT-4	CD4+/CD25 T Reg	gem_group_4
CAACAGACTAGCGT-4	CD8+ Cytotoxic T	gem_group_4
CAACCGCTAATCGC-4	CD8+ Cytotoxic T	gem_group_4
CAACCGCTGGAAAT-4	CD56+ NK	gem_group_4
CAACCGCTGGAACG-4	CD8+/CD45RA+ Naive Cytotoxic	gem_group_4
CAACGATGCCAATG-4	CD8+/CD45RA+ Naive Cytotoxic	gem_group_4
CAACGTGACTTATC-4	CD8+ Cytotoxic T	gem_group_4
CAACGTGATGAGCT-4	CD56+ NK	gem_group_4
CAAGACACCATGAC-4	CD8+/CD45RA+ Naive Cytotoxic	gem_group_4
CAAGCCCTGACGTT-4	CD8+/CD45RA+ Naive Cytotoxic	gem_group_4
CAAGCTGAAAAGTG-4	CD8+ Cytotoxic T	gem_group_4
CAAGCTGAGTACGT-4	CD19+ B	gem_group_4
CAAGGACTCTCATT-4	CD8+/CD45RA+ Naive Cytotoxic	gem_group_4
CAAGGACTTGGCAT-4	CD8+ Cytotoxic T	gem_group_4
CAAGTCGATCTTAC-4	CD8+ Cytotoxic T	gem_group_4
CAAGTTCTCCTCCA-4	CD4+/CD45RA+/CD25- Naive T	gem_group_4
CAAGTTCTTACAGC-4	CD4+/CD25 T Reg	gem_group_4
CAATAAACTAACGC-4	CD8+/CD45RA+ Naive Cytotoxic	gem_group_4
CAATCGGAACGGAG-4	CD8+/CD45RA+ Naive Cytotoxic	gem_group_4
CAATCTACCCAAGT-4	CD4+/CD25 T Reg	gem_group_4
CAATGGACCGCATA-4	Dendritic	gem_group_4
CAATGGACTCCGTC-4	CD8+/CD45RA+ Naive Cytotoxic	gem_group_4
CAATTCACTGGTCA-4	CD56+ NK	gem_group_4
CAATTCTGCTCAAG-4	CD8+ Cytotoxic T	gem_group_4
CACAGTGAGTCGAT-4	CD8+/CD45RA+ Naive Cytotoxic	gem_group_4
CACATGGACCGTAA-4	CD56+ NK	gem_group_4
CACCCATGGTAAAG-4	CD8+ Cytotoxic T	gem_group_4
CACCGGGAAGCTCA-4	CD8+/CD45RA+ Naive Cytotoxic	gem_group_4
CACCGTACACGGGA-4	CD8+/CD45RA+ Naive Cytotoxic	gem_group_4
CACCGTACCGTTAG-4	CD8+ Cytotoxic T	gem_group_4
CACGAAACATCGAC-4	CD4+/CD45RO+ Memory	gem_group_4
CACGAAACCTCAAG-4	CD4+/CD25 T Reg	gem_group_4
CACGAAACGGTCTA-4	CD19+ B	gem_group_4
CACGACCTACACCA-4	CD56+ NK	gem_group_4
CACGATGACTTCGC-4	CD56+ NK	gem_group_4
CACGCTACTGTGAC-4	CD56+ NK	gem_group_4
CACGGGTGCTCAAG-4	CD8+ Cytotoxic T	gem_group_4
CACGGGTGGTGCAT-4	CD4+/CD45RO+ Memory	gem_group_4
CACTAGGAAGTCGT-4	CD8+ Cytotoxic T	gem_group_4
CACTAGGAGCCATA-4	CD8+ Cytotoxic T	gem_group_4
CACTGAGACTGGAT-4	CD19+ B	gem_group_4
CACTGCACAACAGA-4	CD8+ Cytotoxic T	gem_group_4
CACTGCACTAAAGG-4	CD8+/CD45RA+ Naive Cytotoxic	gem_group_4
CACTTAACAGAGGC-4	CD19+ B	gem_group_4
CACTTTGAAGAAGT-4	CD8+/CD45RA+ Naive Cytotoxic	gem_group_4
CACTTTGAATCTTC-4	CD8+ Cytotoxic T	gem_group_4
CACTTTGACTCGAA-4	CD56+ NK	gem_group_4
CAGAAGCTAGCCAT-4	CD8+ Cytotoxic T	gem_group_4
CAGAAGCTCCTTCG-4	CD8+/CD45RA+ Naive Cytotoxic	gem_group_4
CAGAAGCTTAAGGA-4	CD8+/CD45RA+ Naive Cytotoxic	gem_group_4
CAGACATGAAAAGC-4	CD4+/CD45RO+ Memory	gem_group_4
CAGACCCTGGTGAG-4	CD8+/CD45RA+ Naive Cytotoxic	gem_group_4
CAGACTGATAGAAG-4	CD56+ NK	gem_group_4
CAGCATGAGCTTCC-4	CD19+ B	gem_group_4
CAGCATGATTATCC-4	CD19+ B	gem_group_4
CAGCGGACGCATCA-4	CD4+/CD25 T Reg	gem_group_4
CAGCGTCTAAACGA-4	CD14+ Monocyte	gem_group_4
CAGCGTCTATGGTC-4	CD8+ Cytotoxic T	gem_group_4
CAGCGTCTCCATAG-4	CD56+ NK	gem_group_4
CAGCTAGACTTGTT-4	CD8+/CD45RA+ Naive Cytotoxic	gem_group_4
CAGCTCACAGTAGA-4	CD8+ Cytotoxic T	gem_group_4
CAGGAACTGCAAGG-4	CD8+ Cytotoxic T	gem_group_4
CAGGCCGATAGAGA-4	CD8+ Cytotoxic T	gem_group_4
CAGGGCACAAAAGC-4	CD8+/CD45RA+ Naive Cytotoxic	gem_group_4
CAGGTAACTTTGCT-4	CD8+ Cytotoxic T	gem_group_4
CAGGTTGAACCTTT-4	CD8+/CD45RA+ Naive Cytotoxic	gem_group_4
CAGGTTGACAATCG-4	CD56+ NK	gem_group_4
CAGGTTGACAGAGG-4	Dendritic	gem_group_4
CAGTCAGAACGGGA-4	CD8+ Cytotoxic T	gem_group_4
CAGTGATGTTGCAG-4	CD56+ NK	gem_group_4
CAGTGTGATTCATC-4	CD8+/CD45RA+ Naive Cytotoxic	gem_group_4
CAGTTACTGAGGGT-4	Dendritic	gem_group_4
CAGTTGGATAACGC-4	CD8+ Cytotoxic T	gem_group_4
CAGTTTACAATGCC-4	CD8+ Cytotoxic T	gem_group_4
CAGTTTACGTTGAC-4	CD4+/CD25 T Reg	gem_group_4
CATAAATGCCTGAA-4	CD8+/CD45RA+ Naive Cytotoxic	gem_group_4
CATAACCTCTCGAA-4	CD56+ NK	gem_group_4
CATAACCTTGGTTG-4	CD8+/CD45RA+ Naive Cytotoxic	gem_group_4
CATACTACCAGAAA-4	CD8+ Cytotoxic T	gem_group_4
CATCAACTACGGGA-4	CD8+ Cytotoxic T	gem_group_4
CATCAACTGTTGGT-4	CD56+ NK	gem_group_4
CATCGGCTGAACCT-4	CD8+/CD45RA+ Naive Cytotoxic	gem_group_4
CATCTCCTGGGCAA-4	Dendritic	gem_group_4
CATCTTGATCAGTG-4	Dendritic	gem_group_4
CATGAGACAGTCGT-4	CD56+ NK	gem_group_4
CATGAGACGCATAC-4	CD8+/CD45RA+ Naive Cytotoxic	gem_group_4
CATGCCACTGCCTC-4	CD56+ NK	gem_group_4
CATGGATGCAGCTA-4	CD4+/CD25 T Reg	gem_group_4
CATGGCCTTGTTCT-4	CD8+ Cytotoxic T	gem_group_4
CATGTTTGACGGTT-4	CD8+/CD45RA+ Naive Cytotoxic	gem_group_4
CATTGTACGCAGAG-4	CD4+/CD45RA+/CD25- Naive T	gem_group_4
CATTGTACGTTCTT-4	Dendritic	gem_group_4
CATTGTTGTACTCT-4	CD8+/CD45RA+ Naive Cytotoxic	gem_group_4
CATTTGTGCCTTTA-4	CD8+/CD45RA+ Naive Cytotoxic	gem_group_4
CCAAAGTGAGGGTG-4	CD8+ Cytotoxic T	gem_group_4
CCAAAGTGCTACGA-4	CD56+ NK	gem_group_4
CCAACCTGCTTCCG-4	CD8+/CD45RA+ Naive Cytotoxic	gem_group_4
CCAACCTGGTATGC-4	CD8+ Cytotoxic T	gem_group_4
CCAAGATGTTGAGC-4	CD8+ Cytotoxic T	gem_group_4
CCAAGTGATGGGAG-4	CD19+ B	gem_group_4
CCAAGTGATTCCGC-4	CD8+ Cytotoxic T	gem_group_4
CCAATGGACCGAAT-4	CD4+/CD45RO+ Memory	gem_group_4
CCAATGGACGAGTT-4	CD8+ Cytotoxic T	gem_group_4
CCACCATGTCGCAA-4	CD8+ Cytotoxic T	gem_group_4
CCACCTGATATTCC-4	CD8+ Cytotoxic T	gem_group_4
CCACTGACAGTCGT-4	CD8+/CD45RA+ Naive Cytotoxic	gem_group_4
CCACTGACGACAGG-4	CD56+ NK	gem_group_4
CCACTGACGAGGAC-4	CD19+ B	gem_group_4
CCACTGTGATCAGC-4	CD56+ NK	gem_group_4
CCACTTCTTGCTAG-4	CD4+/CD45RA+/CD25- Naive T	gem_group_4
CCAGAAACCCGATA-4	CD4+/CD25 T Reg	gem_group_4
CCAGATGACCACCT-4	CD56+ NK	gem_group_4
CCAGATGACTCCAC-4	CD8+ Cytotoxic T	gem_group_4
CCAGCACTCTAGAC-4	CD8+/CD45RA+ Naive Cytotoxic	gem_group_4
CCAGCACTTGTCTT-4	CD56+ NK	gem_group_4
CCAGCGGAAGTGCT-4	CD19+ B	gem_group_4
CCAGCTACCCAAGT-4	CD8+/CD45RA+ Naive Cytotoxic	gem_group_4
CCAGCTACGGAGGT-4	CD56+ NK	gem_group_4
CCAGTGCTCCTTGC-4	CD8+ Cytotoxic T	gem_group_4
CCATAGGACGCAAT-4	CD8+ Cytotoxic T	gem_group_4
CCATAGGACTCAAG-4	CD4+/CD25 T Reg	gem_group_4
CCATTAACATGCCA-4	CD4+/CD45RA+/CD25- Naive T	gem_group_4
CCATTAACCCGTTC-4	CD19+ B	gem_group_4
CCATTAACCTCTCG-4	CD8+/CD45RA+ Naive Cytotoxic	gem_group_4
CCATTAACGGGTGA-4	CD8+/CD45RA+ Naive Cytotoxic	gem_group_4
CCCAAAGAGGGCAA-4	CD8+/CD45RA+ Naive Cytotoxic	gem_group_4
CCCAACTGGCCCTT-4	CD8+ Cytotoxic T	gem_group_4
CCCAGACTATCACG-4	CD8+ Cytotoxic T	gem_group_4
CCCATGTGAGGCGA-4	CD56+ NK	gem_group_4
CCCGAACTCAGTTG-4	CD8+/CD45RA+ Naive Cytotoxic	gem_group_4
CCCTAGTGTCACCC-4	CD8+/CD45RA+ Naive Cytotoxic	gem_group_4
CCCTCAGACTGACA-4	CD8+/CD45RA+ Naive Cytotoxic	gem_group_4
CCCTCAGATTGTGG-4	CD8+/CD45RA+ Naive Cytotoxic	gem_group_4
CCCTGAACCAATCG-4	CD56+ NK	gem_group_4
CCCTGATGAAAAGC-4	CD4+/CD25 T Reg	gem_group_4
CCCTTACTCATTTC-4	CD8+ Cytotoxic T	gem_group_4
CCCTTACTGCTTCC-4	CD8+/CD45RA+ Naive Cytotoxic	gem_group_4
CCGAAAACCTAGTG-4	CD4+/CD25 T Reg	gem_group_4
CCGACTACGCGAAG-4	CD8+ Cytotoxic T	gem_group_4
CCGCGAGAGGTATC-4	Dendritic	gem_group_4
CCGGAGACACTGTG-4	CD8+/CD45RA+ Naive Cytotoxic	gem_group_4
CCGGAGTGCTCATT-4	CD4+/CD25 T Reg	gem_group_4
CCGGTACTGGGACA-4	CD4+/CD45RA+/CD25- Naive T	gem_group_4
CCGGTACTTAGCGT-4	CD8+/CD45RA+ Naive Cytotoxic	gem_group_4
CCGTAAGAGCCATA-4	CD8+ Cytotoxic T	gem_group_4
CCTAAACTACGGTT-4	CD8+ Cytotoxic T	gem_group_4
CCTAAACTTTCGGA-4	CD56+ NK	gem_group_4
CCTAAGGACTGCTC-4	CD19+ B	gem_group_4
CCTAAGGATACTGG-4	Dendritic	gem_group_4
CCTATAACTCTAGG-4	CD19+ B	gem_group_4
CCTCGAACAGAAGT-4	CD8+/CD45RA+ Naive Cytotoxic	gem_group_4
CCTCTACTCCTTGC-4	CD19+ B	gem_group_4
CCTCTACTTACTTC-4	CD8+ Cytotoxic T	gem_group_4
CCTGACTGTGACAC-4	CD56+ NK	gem_group_4
CCTGAGCTATGGTC-4	CD8+ Cytotoxic T	gem_group_4
CCTGAGCTTCCAGA-4	CD8+ Cytotoxic T	gem_group_4
CGAAGTACTGGAAA-4	CD4+/CD25 T Reg	gem_group_4
CGACCGGATTCCGC-4	CD14+ Monocyte	gem_group_4
CGACCTACTACTCT-4	CD8+/CD45RA+ Naive Cytotoxic	gem_group_4
CGACTCACTCAGGT-4	CD8+ Cytotoxic T	gem_group_4
CGACTCACTCTTCA-4	CD8+ Cytotoxic T	gem_group_4
CGACTCTGCATCAG-4	CD4+/CD25 T Reg	gem_group_4
CGACTGCTCGTGAT-4	CD8+/CD45RA+ Naive Cytotoxic	gem_group_4
CGACTGCTGGGAGT-4	CD19+ B	gem_group_4
CGACTGCTTTCTCA-4	CD19+ B	gem_group_4
CGAGAACTAAGGCG-4	CD56+ NK	gem_group_4
CGAGAACTTCGTAG-4	CD19+ B	gem_group_4
CGAGATTGAACAGA-4	CD8+/CD45RA+ Naive Cytotoxic	gem_group_4
CGAGATTGAAGTGA-4	CD56+ NK	gem_group_4
CGAGCCGAGACGGA-4	CD8+/CD45RA+ Naive Cytotoxic	gem_group_4
CGAGCCGATCTTCA-4	CD56+ NK	gem_group_4
CGAGCCGATGCACA-4	CD8+/CD45RA+ Naive Cytotoxic	gem_group_4
CGAGCCGATTCGTT-4	CD8+/CD45RA+ Naive Cytotoxic	gem_group_4
CGAGCGTGCGTGAT-4	CD8+/CD45RA+ Naive Cytotoxic	gem_group_4
CGAGGAGATATCGG-4	CD8+/CD45RA+ Naive Cytotoxic	gem_group_4
CGAGGCACCCCGTT-4	CD4+/CD25 T Reg	gem_group_4
CGAGGCTGCTTGAG-4	CD19+ B	gem_group_4
CGAGGGCTGACAGG-4	CD8+ Cytotoxic T	gem_group_4
CGAGGGCTTTCGGA-4	CD56+ NK	gem_group_4
CGATACGATAGCCA-4	CD4+/CD25 T Reg	gem_group_4
CGATCAGAAGAGTA-4	CD56+ NK	gem_group_4
CGATCAGATCTCTA-4	CD4+/CD45RA+/CD25- Naive T	gem_group_4
CGATCCACGAGCTT-4	CD56+ NK	gem_group_4
CGCAACCTACCACA-4	CD19+ B	gem_group_4
CGCACGGAAGCATC-4	CD8+/CD45RA+ Naive Cytotoxic	gem_group_4
CGCACGGATTCACT-4	CD19+ B	gem_group_4
CGCACTACAGCATC-4	CD8+ Cytotoxic T	gem_group_4
CGCACTACGTCGTA-4	CD19+ B	gem_group_4
CGCAGGTGCACAAC-4	CD8+ Cytotoxic T	gem_group_4
CGCCTAACCCCTTG-4	CD8+ Cytotoxic T	gem_group_4
CGCGAGACGTACAC-4	CD4+/CD45RA+/CD25- Naive T	gem_group_4
CGCTACACGGGTGA-4	Dendritic	gem_group_4
CGCTACTGAAGAGT-4	CD19+ B	gem_group_4
CGCTCATGATGTCG-4	CD4+/CD25 T Reg	gem_group_4
CGCTCATGGTACAC-4	CD8+ Cytotoxic T	gem_group_4
CGGACCGAGGTGTT-4	CD4+/CD45RO+ Memory	gem_group_4
CGGAGGCTCATTGG-4	CD56+ NK	gem_group_4
CGGAGGCTCGCCTT-4	CD56+ NK	gem_group_4
CGGAGGCTCTTGAG-4	CD8+/CD45RA+ Naive Cytotoxic	gem_group_4
CGGAGGCTTCCCGT-4	CD8+/CD45RA+ Naive Cytotoxic	gem_group_4
CGGATAACGGAAGC-4	CD8+ Cytotoxic T	gem_group_4
CGGATATGGACGTT-4	CD4+/CD45RO+ Memory	gem_group_4
CGGATATGGACTAC-4	CD8+ Cytotoxic T	gem_group_4
CGGCACGAACTAGC-4	CD8+/CD45RA+ Naive Cytotoxic	gem_group_4
CGGCACGAAGCGTT-4	CD8+ Cytotoxic T	gem_group_4
CGGCGAACAGAACA-4	CD8+/CD45RA+ Naive Cytotoxic	gem_group_4
CGGCGATGTGAAGA-4	CD8+/CD45RA+ Naive Cytotoxic	gem_group_4
CGGCGATGTGGTAC-4	CD4+/CD25 T Reg	gem_group_4
CGGGCATGAATCGC-4	CD8+ Cytotoxic T	gem_group_4
CGGGCATGCCTGTC-4	CD8+ Cytotoxic T	gem_group_4
CGGTAAACCTTGTT-4	CD8+ Cytotoxic T	gem_group_4
CGGTAAACGGATTC-4	CD8+ Cytotoxic T	gem_group_4
CGGTCACTATGACC-4	CD4+/CD25 T Reg	gem_group_4
CGTACAGAAAGTGA-4	CD8+/CD45RA+ Naive Cytotoxic	gem_group_4
CGTACAGACTAGCA-4	CD8+/CD45RA+ Naive Cytotoxic	gem_group_4
CGTCGACTCCATGA-4	CD8+ Cytotoxic T	gem_group_4
CGTCGACTGTTGCA-4	CD8+/CD45RA+ Naive Cytotoxic	gem_group_4
CGTGAAACAAAGCA-4	CD4+/CD25 T Reg	gem_group_4
CGTGAAACTCCTGC-4	CD8+ Cytotoxic T	gem_group_4
CGTGAATGCTCCCA-4	CD8+ Cytotoxic T	gem_group_4
CGTGATGAAGCAAA-4	CD14+ Monocyte	gem_group_4
CGTGATGATCTACT-4	CD4+/CD45RA+/CD25- Naive T	gem_group_4
CGTTAACTAGATCC-4	CD14+ Monocyte	gem_group_4
CGTTAGGACCTGAA-4	CD8+ Cytotoxic T	gem_group_4
CGTTAGGATGCACA-4	Dendritic	gem_group_4
CGTTAGGATTACCT-4	CD14+ Monocyte	gem_group_4
CGTTTAACACCACA-4	CD8+/CD45RA+ Naive Cytotoxic	gem_group_4
CTAAACCTACCTAG-4	CD8+/CD45RA+ Naive Cytotoxic	gem_group_4
CTAAACCTCTCATT-4	CD8+/CD45RA+ Naive Cytotoxic	gem_group_4
CTAAACCTTACGCA-4	CD4+/CD25 T Reg	gem_group_4
CTAACACTCCTGAA-4	CD8+ Cytotoxic T	gem_group_4
CTAACTACGACGTT-4	CD8+ Cytotoxic T	gem_group_4
CTAAGGACCTTCGC-4	CD56+ NK	gem_group_4
CTAAGGACTCGCAA-4	CD19+ B	gem_group_4
CTACAACTTGTTTC-4	CD8+ Cytotoxic T	gem_group_4
CTACGCACTCCAGA-4	CD4+/CD25 T Reg	gem_group_4
CTACTATGTTCAGG-4	CD19+ B	gem_group_4
CTACTCCTCTGTCC-4	CD19+ B	gem_group_4
CTAGGATGAAGGTA-4	CD8+ Cytotoxic T	gem_group_4
CTAGGATGCTTGTT-4	CD8+ Cytotoxic T	gem_group_4
CTAGGATGGTGTCA-4	CD8+ Cytotoxic T	gem_group_4
CTAGGCCTTGGTCA-4	CD8+ Cytotoxic T	gem_group_4
CTAGTTTGAACGGG-4	CD8+ Cytotoxic T	gem_group_4
CTATAAGACAGTCA-4	CD8+/CD45RA+ Naive Cytotoxic	gem_group_4
CTATACTGGAGCAG-4	CD14+ Monocyte	gem_group_4
CTATAGCTGGTGGA-4	CD8+/CD45RA+ Naive Cytotoxic	gem_group_4
CTATCAACTGGGAG-4	CD56+ NK	gem_group_4
CTATCATGAGGTTC-4	CD8+ Cytotoxic T	gem_group_4
CTATCATGGTAAGA-4	CD4+/CD45RO+ Memory	gem_group_4
CTATGACTCGACAT-4	CD8+/CD45RA+ Naive Cytotoxic	gem_group_4
CTATGTACAGATGA-4	CD8+ Cytotoxic T	gem_group_4
CTATTGACACCAAC-4	Dendritic	gem_group_4
CTATTGACTGCCCT-4	CD8+/CD45RA+ Naive Cytotoxic	gem_group_4
CTCAGCACAAAGTG-4	CD19+ B	gem_group_4
CTCAGGCTCTGGTA-4	Dendritic	gem_group_4
CTCAGGCTGCTATG-4	CD8+/CD45RA+ Naive Cytotoxic	gem_group_4
CTCAGGCTGTGTAC-4	CD4+/CD25 T Reg	gem_group_4
CTCAGGCTTGGCAT-4	CD4+/CD45RO+ Memory	gem_group_4
CTCATTGAATCTTC-4	CD8+ Cytotoxic T	gem_group_4
CTCCACGACTGTGA-4	CD4+/CD25 T Reg	gem_group_4
CTCCACGAGCGATT-4	CD4+/CD25 T Reg	gem_group_4
CTCGAAGATACTCT-4	CD56+ NK	gem_group_4
CTCGACTGCTCATT-4	CD8+ Cytotoxic T	gem_group_4
CTCTAAACAGATCC-4	CD8+/CD45RA+ Naive Cytotoxic	gem_group_4
CTCTAAACGAAGGC-4	CD19+ B	gem_group_4
CTGAACGAAGTCTG-4	CD14+ Monocyte	gem_group_4
CTGAACGAGGTCTA-4	CD8+ Cytotoxic T	gem_group_4
CTGAAGTGCTTGTT-4	CD8+ Cytotoxic T	gem_group_4
CTGACAGAAACTGC-4	CD8+/CD45RA+ Naive Cytotoxic	gem_group_4
CTGACAGATGTCTT-4	CD8+ Cytotoxic T	gem_group_4
CTGAGAACCCTCCA-4	CD8+ Cytotoxic T	gem_group_4
CTGAGCCTCTACCC-4	CD8+/CD45RA+ Naive Cytotoxic	gem_group_4
CTGAGCCTCTACGA-4	CD19+ B	gem_group_4
CTGATACTTCTGGA-4	CD56+ NK	gem_group_4
CTGATGGAGGACGA-4	CD4+/CD25 T Reg	gem_group_4
CTGATTTGACTCTT-4	CD8+ Cytotoxic T	gem_group_4
CTGATTTGGTGAGG-4	CD4+/CD25 T Reg	gem_group_4
CTGATTTGTCTTCA-4	CD56+ NK	gem_group_4
CTGCAGCTAACAGA-4	CD8+ Cytotoxic T	gem_group_4
CTGCAGCTACCTTT-4	CD8+/CD45RA+ Naive Cytotoxic	gem_group_4
CTGCCAACATACCG-4	CD8+ Cytotoxic T	gem_group_4
CTGGATGAAGAGAT-4	CD34+	gem_group_4
CTGGATGAATCTTC-4	CD4+/CD25 T Reg	gem_group_4
CTGGATGACACTTT-4	CD8+ Cytotoxic T	gem_group_4
CTGGCACTAAGAAC-4	CD8+ Cytotoxic T	gem_group_4
CTGTATACAATGCC-4	CD19+ B	gem_group_4
CTGTATACCAGAGG-4	CD8+/CD45RA+ Naive Cytotoxic	gem_group_4
CTTAAAGATCCTAT-4	CD8+ Cytotoxic T	gem_group_4
CTTAACACTCGTGA-4	CD8+/CD45RA+ Naive Cytotoxic	gem_group_4
CTTAACACTCTTTG-4	CD8+/CD45RA+ Naive Cytotoxic	gem_group_4
CTTAACACTGATGC-4	CD19+ B	gem_group_4
CTTAAGCTCTGTCC-4	CD8+/CD45RA+ Naive Cytotoxic	gem_group_4
CTTACAACTGAGAA-4	CD8+/CD45RA+ Naive Cytotoxic	gem_group_4
CTTACAACTTCGTT-4	CD8+ Cytotoxic T	gem_group_4
CTTACATGAATCGC-4	CD8+/CD45RA+ Naive Cytotoxic	gem_group_4
CTTACATGCCGAAT-4	CD56+ NK	gem_group_4
CTTACATGCCTATT-4	CD8+/CD45RA+ Naive Cytotoxic	gem_group_4
CTTAGGGACCGAAT-4	CD8+/CD45RA+ Naive Cytotoxic	gem_group_4
CTTATCGAGAGATA-4	CD19+ B	gem_group_4
CTTCACCTTACTCT-4	CD8+/CD45RA+ Naive Cytotoxic	gem_group_4
CTTCATGACAATCG-4	CD19+ B	gem_group_4
CTTGAACTGTTGGT-4	CD4+/CD25 T Reg	gem_group_4
CTTGAGGACTCGAA-4	CD14+ Monocyte	gem_group_4
CTTGAGGATGTCTT-4	CD19+ B	gem_group_4
CTTGATTGAGTACC-4	CD14+ Monocyte	gem_group_4
CTTGTATGTCTACT-4	CD56+ NK	gem_group_4
CTTTAGTGTACGAC-4	CD4+/CD25 T Reg	gem_group_4
CTTTAGTGTAGACC-4	CD8+ Cytotoxic T	gem_group_4
CTTTGATGTCCCAC-4	CD19+ B	gem_group_4
GAAACAGACCCTTG-4	CD19+ B	gem_group_4
GAAACAGAGTCTAG-4	CD8+ Cytotoxic T	gem_group_4
GAAACCTGCCGATA-4	CD8+ Cytotoxic T	gem_group_4
GAAACCTGTAAGGA-4	CD56+ NK	gem_group_4
GAAAGTGACCCTTG-4	CD4+/CD45RO+ Memory	gem_group_4
GAAAGTGAGTTCAG-4	CD8+/CD45RA+ Naive Cytotoxic	gem_group_4
GAAATACTGATACC-4	CD8+ Cytotoxic T	gem_group_4
GAACACACACCCAA-4	CD56+ NK	gem_group_4
GAACACACGCATAC-4	CD19+ B	gem_group_4
GAACACACGTCAAC-4	CD8+/CD45RA+ Naive Cytotoxic	gem_group_4
GAACAGCTAAACGA-4	CD56+ NK	gem_group_4
GAACAGCTCCTTGC-4	CD14+ Monocyte	gem_group_4
GAACAGCTCTTGGA-4	CD8+/CD45RA+ Naive Cytotoxic	gem_group_4
GAACAGCTTAGTCG-4	CD8+ Cytotoxic T	gem_group_4
GAACGGGACAACTG-4	CD4+/CD25 T Reg	gem_group_4
GAACGGGACCTAAG-4	CD56+ NK	gem_group_4
GAACGGGACGTACA-4	CD8+ Cytotoxic T	gem_group_4
GAACGTTGCTACTT-4	CD56+ NK	gem_group_4
GAACGTTGTTTCTG-4	CD8+ Cytotoxic T	gem_group_4
GAACTGTGGTGCAT-4	CD8+ Cytotoxic T	gem_group_4
GAAGAATGCTTAGG-4	CD4+/CD25 T Reg	gem_group_4
GAAGATGATAGCCA-4	CD8+ Cytotoxic T	gem_group_4
GAAGCGGATCAAGC-4	CD56+ NK	gem_group_4
GAAGCTTGAAGAAC-4	CD8+/CD45RA+ Naive Cytotoxic	gem_group_4
GAAGCTTGACACCA-4	CD4+/CD45RA+/CD25- Naive T	gem_group_4
GAAGCTTGTGTCAG-4	CD14+ Monocyte	gem_group_4
GAAGGGTGCGCATA-4	CD14+ Monocyte	gem_group_4
GAAGGTCTACGTTG-4	CD4+/CD45RA+/CD25- Naive T	gem_group_4
GAAGGTCTTGGGAG-4	CD8+/CD45RA+ Naive Cytotoxic	gem_group_4
GAAGTAGAACGTTG-4	CD8+/CD45RA+ Naive Cytotoxic	gem_group_4
GAAGTAGAATCGAC-4	CD8+ Cytotoxic T	gem_group_4
GAAGTAGATCGTAG-4	CD4+/CD25 T Reg	gem_group_4
GAAGTCACCTAGTG-4	CD8+/CD45RA+ Naive Cytotoxic	gem_group_4
GAAGTCTGGAGACG-4	CD19+ B	gem_group_4
GAAGTGCTAAGGTA-4	CD8+ Cytotoxic T	gem_group_4
GAAGTGCTTGAGCT-4	CD4+/CD45RO+ Memory	gem_group_4
GAATGGCTTCTAGG-4	CD8+ Cytotoxic T	gem_group_4
GAATTAACACCATG-4	CD8+/CD45RA+ Naive Cytotoxic	gem_group_4
GAATTAACCGAACT-4	CD8+ Cytotoxic T	gem_group_4
GACAACACACCTAG-4	CD14+ Monocyte	gem_group_4
GACACTGAAGAGGC-4	CD8+ Cytotoxic T	gem_group_4
GACACTGATGCCTC-4	CD8+/CD45RA+ Naive Cytotoxic	gem_group_4
GACAGTTGTGCACA-4	CD8+/CD45RA+ Naive Cytotoxic	gem_group_4
GACCATGAAGAATG-4	CD56+ NK	gem_group_4
GACCATGACATGAC-4	Dendritic	gem_group_4
GACCTAGATCTATC-4	CD4+/CD25 T Reg	gem_group_4
GACCTCACATCGGT-4	CD8+ Cytotoxic T	gem_group_4
GACCTCACCGTAGT-4	CD14+ Monocyte	gem_group_4
GACCTCACCTAGAC-4	CD4+/CD45RA+/CD25- Naive T	gem_group_4
GACCTCACTGCTAG-4	CD8+ Cytotoxic T	gem_group_4
GACGGCACGGGAGT-4	CD8+/CD45RA+ Naive Cytotoxic	gem_group_4
GACGTAACCCTAAG-4	CD19+ B	gem_group_4
GACGTAACGGTGAG-4	CD4+/CD45RO+ Memory	gem_group_4
GACGTCCTATCGTG-4	Dendritic	gem_group_4
GACTGATGCTTATC-4	CD8+/CD45RA+ Naive Cytotoxic	gem_group_4
GACTGTGAACCAAC-4	CD4+/CD25 T Reg	gem_group_4
GACTGTGATAAGGA-4	CD4+/CD25 T Reg	gem_group_4
GACTTTACCAGAGG-4	CD19+ B	gem_group_4
GAGAAATGTGTGAC-4	CD4+/CD25 T Reg	gem_group_4
GAGAGGTGAAAGTG-4	CD19+ B	gem_group_4
GAGAGGTGCATACG-4	CD8+/CD45RA+ Naive Cytotoxic	gem_group_4
GAGAGGTGGTCACA-4	CD19+ B	gem_group_4
GAGATCACCTCGCT-4	CD8+ Cytotoxic T	gem_group_4
GAGATGCTACGTGT-4	CD19+ B	gem_group_4
GAGATGCTATCGGT-4	CD8+/CD45RA+ Naive Cytotoxic	gem_group_4
GAGATGCTTCTCTA-4	CD56+ NK	gem_group_4
GAGATGCTTTCAGG-4	CD8+ Cytotoxic T	gem_group_4
GAGCGCACGGTCAT-4	CD8+/CD45RA+ Naive Cytotoxic	gem_group_4
GAGCGGCTGTCACA-4	CD8+ Cytotoxic T	gem_group_4
GAGCTCCTAAACAG-4	CD8+ Cytotoxic T	gem_group_4
GAGCTCCTGAGCTT-4	CD56+ NK	gem_group_4
GAGGACGACGAGTT-4	CD8+ Cytotoxic T	gem_group_4
GAGGATCTATCGAC-4	CD8+/CD45RA+ Naive Cytotoxic	gem_group_4
GAGGATCTATGTGC-4	CD8+ Cytotoxic T	gem_group_4
GAGGCCACGTCATG-4	CD8+ Cytotoxic T	gem_group_4
GAGGGATGGGATTC-4	CD4+/CD25 T Reg	gem_group_4
GAGGGCCTGTCAAC-4	CD56+ NK	gem_group_4
GAGGGCCTTCCTGC-4	CD8+ Cytotoxic T	gem_group_4
GAGGGCCTTTCCAT-4	CD8+/CD45RA+ Naive Cytotoxic	gem_group_4
GAGGTTACAGCTCA-4	CD8+ Cytotoxic T	gem_group_4
GAGGTTACCCTCAC-4	CD4+/CD25 T Reg	gem_group_4
GAGGTTTGCGCCTT-4	CD8+/CD45RA+ Naive Cytotoxic	gem_group_4
GAGTACTGCGCAAT-4	CD14+ Monocyte	gem_group_4
GAGTCAACTGGTCA-4	CD8+ Cytotoxic T	gem_group_4
GAGTCTGACCAACA-4	CD8+ Cytotoxic T	gem_group_4
GAGTCTGACCTCGT-4	CD56+ NK	gem_group_4
GAGTGGGACAGAGG-4	CD19+ B	gem_group_4
GAGTGGGAGCCTTC-4	CD8+/CD45RA+ Naive Cytotoxic	gem_group_4
GATAAGGAAGCTAC-4	CD19+ B	gem_group_4
GATAAGGAGCCAAT-4	CD8+/CD45RA+ Naive Cytotoxic	gem_group_4
GATACTCTGAGGGT-4	CD8+ Cytotoxic T	gem_group_4
GATAGCACAAAGTG-4	CD8+/CD45RA+ Naive Cytotoxic	gem_group_4
GATATATGATCGTG-4	CD8+/CD45RA+ Naive Cytotoxic	gem_group_4
GATATATGGAATCC-4	CD8+ Cytotoxic T	gem_group_4
GATATCCTGGAGGT-4	CD8+/CD45RA+ Naive Cytotoxic	gem_group_4
GATATTGACCTTGC-4	CD4+/CD45RO+ Memory	gem_group_4
GATATTGATGCATG-4	CD4+/CD25 T Reg	gem_group_4
GATCATCTACGTAC-4	CD8+ Cytotoxic T	gem_group_4
GATCATCTCGTCTC-4	CD8+ Cytotoxic T	gem_group_4
GATCCCTGCGTTGA-4	CD8+ Cytotoxic T	gem_group_4
GATCCGCTACCTCC-4	CD56+ NK	gem_group_4
GATCCGCTGAAACA-4	CD8+ Cytotoxic T	gem_group_4
GATCGAACAACGAA-4	CD4+/CD45RA+/CD25- Naive T	gem_group_4
GATCGAACTGACAC-4	CD8+ Cytotoxic T	gem_group_4
GATCGAACTTTCAC-4	CD4+/CD25 T Reg	gem_group_4
GATCGTGACGCAAT-4	CD19+ B	gem_group_4
GATCGTGATTCATC-4	CD8+ Cytotoxic T	gem_group_4
GATCTTACAGCGTT-4	Dendritic	gem_group_4
GATCTTACCACTCC-4	CD56+ NK	gem_group_4
GATGCATGTCTTAC-4	CD8+/CD45RA+ Naive Cytotoxic	gem_group_4
GATGCCCTTAGAGA-4	CD8+ Cytotoxic T	gem_group_4
GATTACCTCTTAGG-4	CD19+ B	gem_group_4
GATTACCTTCAGGT-4	CD8+ Cytotoxic T	gem_group_4
GATTACCTTGTTCT-4	CD8+ Cytotoxic T	gem_group_4
GATTACCTTTGTGG-4	CD8+/CD45RA+ Naive Cytotoxic	gem_group_4
GATTCTACCGCATA-4	CD4+/CD25 T Reg	gem_group_4
GATTCTACGCGAGA-4	CD56+ NK	gem_group_4
GATTCTTGACGGAG-4	CD4+/CD45RA+/CD25- Naive T	gem_group_4
GATTCTTGAGCATC-4	CD56+ NK	gem_group_4
GATTGGACAAAGTG-4	CD8+/CD45RA+ Naive Cytotoxic	gem_group_4
GATTGGACCTACGA-4	CD8+ Cytotoxic T	gem_group_4
GATTTAGACATGGT-4	CD19+ B	gem_group_4
GATTTAGACTAGAC-4	CD8+/CD45RA+ Naive Cytotoxic	gem_group_4
GATTTAGAGACTAC-4	CD34+	gem_group_4
GCAAACTGCTTAGG-4	CD8+/CD45RA+ Naive Cytotoxic	gem_group_4
GCAACCCTAGCCAT-4	CD8+ Cytotoxic T	gem_group_4
GCAACCCTGAACTC-4	CD8+/CD45RA+ Naive Cytotoxic	gem_group_4
GCAACCCTTAACGC-4	CD8+ Cytotoxic T	gem_group_4
GCAACTGAACCTAG-4	CD8+ Cytotoxic T	gem_group_4
GCAACTGACCCTTG-4	CD8+/CD45RA+ Naive Cytotoxic	gem_group_4
GCAACTGACTATGG-4	CD8+/CD45RA+ Naive Cytotoxic	gem_group_4
GCAAGACTGATAAG-4	CD8+/CD45RA+ Naive Cytotoxic	gem_group_4
GCAATCGAACCTCC-4	CD8+ Cytotoxic T	gem_group_4
GCAATCGACATTCT-4	CD8+ Cytotoxic T	gem_group_4
GCAATTCTCCAACA-4	CD19+ B	gem_group_4
GCACAAACATCGAC-4	CD4+/CD25 T Reg	gem_group_4
GCACAATGACTTTC-4	CD8+ Cytotoxic T	gem_group_4
GCACAATGTGCAAC-4	CD56+ NK	gem_group_4
GCACCACTGGGTGA-4	CD8+/CD45RA+ Naive Cytotoxic	gem_group_4
GCACCTACGTTGTG-4	CD56+ NK	gem_group_4
GCACCTTGAAGGGC-4	CD19+ B	gem_group_4
GCACCTTGCATTCT-4	CD4+/CD25 T Reg	gem_group_4
GCACCTTGTGCACA-4	CD8+/CD45RA+ Naive Cytotoxic	gem_group_4
GCACGGACTACGAC-4	CD8+ Cytotoxic T	gem_group_4
GCAGATACGACAGG-4	CD56+ NK	gem_group_4
GCAGATACTTCGGA-4	CD56+ NK	gem_group_4
GCAGCCGAAGCTCA-4	CD8+/CD45RA+ Naive Cytotoxic	gem_group_4
GCAGCCGAGACACT-4	CD14+ Monocyte	gem_group_4
GCAGCGTGGCGTTA-4	CD8+/CD45RA+ Naive Cytotoxic	gem_group_4
GCAGCTCTGTCCTC-4	CD8+/CD45RA+ Naive Cytotoxic	gem_group_4
GCAGTCCTTTTGGG-4	CD4+/CD45RA+/CD25- Naive T	gem_group_4
GCAGTTGACTGGAT-4	CD8+ Cytotoxic T	gem_group_4
GCAGTTGAGGACGA-4	CD56+ NK	gem_group_4
GCAGTTGATCTATC-4	CD19+ B	gem_group_4
GCATCAGACCCACT-4	CD8+ Cytotoxic T	gem_group_4
GCATCAGACCCTTG-4	CD19+ B	gem_group_4
GCATGTGACCATAG-4	CD19+ B	gem_group_4
GCATGTGAGAAGGC-4	CD4+/CD25 T Reg	gem_group_4
GCATGTGATCAAGC-4	CD14+ Monocyte	gem_group_4
GCATGTGATGCTTT-4	CD4+/CD25 T Reg	gem_group_4
GCATTGGACGGAGA-4	CD4+/CD25 T Reg	gem_group_4
GCCAAAACGGAAGC-4	CD8+ Cytotoxic T	gem_group_4
GCCAAAACTTCAGG-4	CD8+/CD45RA+ Naive Cytotoxic	gem_group_4
GCCAACCTTACAGC-4	CD19+ B	gem_group_4
GCCACGGAAAGAGT-4	CD8+ Cytotoxic T	gem_group_4
GCCACTACGAGATA-4	CD8+/CD45RA+ Naive Cytotoxic	gem_group_4
GCCATCACACCTTT-4	CD8+ Cytotoxic T	gem_group_4
GCCATGCTATCTTC-4	CD8+/CD45RA+ Naive Cytotoxic	gem_group_4
GCCCAACTAACGTC-4	CD8+ Cytotoxic T	gem_group_4
GCCCATACCGAGTT-4	CD56+ NK	gem_group_4
GCCGGAACTAGTCG-4	CD8+/CD45RA+ Naive Cytotoxic	gem_group_4
GCCGTACTCCCGTT-4	CD56+ NK	gem_group_4
GCCGTACTTCCTCG-4	CD8+ Cytotoxic T	gem_group_4
GCCTACACGTTGGT-4	CD8+/CD45RA+ Naive Cytotoxic	gem_group_4
GCCTACACTTCGGA-4	CD8+ Cytotoxic T	gem_group_4
GCCTCATGAGTACC-4	CD8+ Cytotoxic T	gem_group_4
GCGAAGGAAAGGGC-4	Dendritic	gem_group_4
GCGACTCTACGTAC-4	CD8+/CD45RA+ Naive Cytotoxic	gem_group_4
GCGACTCTCAATCG-4	CD8+/CD45RA+ Naive Cytotoxic	gem_group_4
GCGACTCTGCGAGA-4	CD8+/CD45RA+ Naive Cytotoxic	gem_group_4
GCGAGAGAAGTGTC-4	CD56+ NK	gem_group_4
GCGCACGAGATGAA-4	CD8+ Cytotoxic T	gem_group_4
GCGCATCTAAGGTA-4	CD8+ Cytotoxic T	gem_group_4
GCGCATCTTCGTTT-4	CD56+ NK	gem_group_4
GCGCGAACACCTTT-4	CD4+/CD25 T Reg	gem_group_4
GCGGAGCTGTGTTG-4	CD56+ NK	gem_group_4
GCGGCAACGGTAGG-4	CD8+/CD45RA+ Naive Cytotoxic	gem_group_4
GCGGGACTACCAAC-4	CD4+/CD25 T Reg	gem_group_4
GCGGGACTGGAGCA-4	CD8+/CD45RA+ Naive Cytotoxic	gem_group_4
GCGGGACTTTGAGC-4	CD8+/CD45RA+ Naive Cytotoxic	gem_group_4
GCGTAAACAAGGCG-4	CD8+/CD45RA+ Naive Cytotoxic	gem_group_4
GCGTAAACGTAGCT-4	CD8+/CD45RA+ Naive Cytotoxic	gem_group_4
GCGTAATGATGGTC-4	CD56+ NK	gem_group_4
GCGTACCTTTGCGA-4	CD8+/CD45RA+ Naive Cytotoxic	gem_group_4
GCGTATGACTATTC-4	Dendritic	gem_group_4
GCGTATGATGCCTC-4	CD8+ Cytotoxic T	gem_group_4
GCTACAGATAAAGG-4	CD4+/CD45RO+ Memory	gem_group_4
GCTACAGATGCCTC-4	CD19+ B	gem_group_4
GCTACCTGATCACG-4	CD8+ Cytotoxic T	gem_group_4
GCTACCTGATCGTG-4	CD19+ B	gem_group_4
GCTACGCTCTAAGC-4	CD8+/CD45RA+ Naive Cytotoxic	gem_group_4
GCTAGAACGACAGG-4	CD8+/CD45RA+ Naive Cytotoxic	gem_group_4
GCTAGATGCTCGCT-4	CD56+ NK	gem_group_4
GCTCACTGCTGTAG-4	CD19+ B	gem_group_4
GCTGATGACTCTTA-4	CD4+/CD25 T Reg	gem_group_4
GCTTAACTTTCTAC-4	CD8+/CD45RA+ Naive Cytotoxic	gem_group_4
GCTTGAGAAAGTGA-4	CD8+/CD45RA+ Naive Cytotoxic	gem_group_4
GCTTGAGATCCAGA-4	CD56+ NK	gem_group_4
GGAACACTTCGTAG-4	CD8+/CD45RA+ Naive Cytotoxic	gem_group_4
GGAACTTGTAGACC-4	CD8+/CD45RA+ Naive Cytotoxic	gem_group_4
GGAAGGACGCGAAG-4	Dendritic	gem_group_4
GGAAGGACGTCACA-4	CD8+ Cytotoxic T	gem_group_4
GGAAGGACGTCTTT-4	CD4+/CD25 T Reg	gem_group_4
GGAATCTGGAACCT-4	CD8+/CD45RA+ Naive Cytotoxic	gem_group_4
GGAATCTGGGTAAA-4	CD8+/CD45RA+ Naive Cytotoxic	gem_group_4
GGAATCTGGTTAGC-4	CD8+ Cytotoxic T	gem_group_4
GGAATGCTTAACCG-4	CD19+ B	gem_group_4
GGAATGCTTAGCGT-4	CD8+/CD45RA+ Naive Cytotoxic	gem_group_4
GGACAGGAAGCAAA-4	CD8+ Cytotoxic T	gem_group_4
GGACAGGATCCGTC-4	CD8+/CD45RA+ Naive Cytotoxic	gem_group_4
GGACAGGATTCACT-4	CD8+ Cytotoxic T	gem_group_4
GGACCGTGTGCAAC-4	CD14+ Monocyte	gem_group_4
GGACCGTGTGTAGC-4	CD8+/CD45RA+ Naive Cytotoxic	gem_group_4
GGACCTCTTCTCGC-4	CD8+ Cytotoxic T	gem_group_4
GGACGAGACCTCAC-4	CD4+/CD25 T Reg	gem_group_4
GGAGAGACCATTGG-4	CD56+ NK	gem_group_4
GGAGCAGAACGTAC-4	CD8+ Cytotoxic T	gem_group_4
GGAGGATGACGTTG-4	CD8+ Cytotoxic T	gem_group_4
GGAGGATGTTCTGT-4	CD4+/CD25 T Reg	gem_group_4
GGAGGCCTAAGAAC-4	CD8+ Cytotoxic T	gem_group_4
GGAGGCCTTCGACA-4	CD56+ NK	gem_group_4
GGAGGTGAATGACC-4	CD8+/CD45RA+ Naive Cytotoxic	gem_group_4
GGAGGTGATGAGGG-4	CD4+/CD25 T Reg	gem_group_4
GGAGGTGATTGCTT-4	CD8+ Cytotoxic T	gem_group_4
GGATGTACAAGCCT-4	CD56+ NK	gem_group_4
GGATGTACCAAAGA-4	CD8+ Cytotoxic T	gem_group_4
GGATGTACCATGAC-4	CD8+ Cytotoxic T	gem_group_4
GGATGTTGTGTGCA-4	CD8+/CD45RA+ Naive Cytotoxic	gem_group_4
GGATTTCTGGTGTT-4	CD8+ Cytotoxic T	gem_group_4
GGCAAGGACAACTG-4	CD8+ Cytotoxic T	gem_group_4
GGCATATGGTCTTT-4	CD8+ Cytotoxic T	gem_group_4
GGCCACGATCCTAT-4	CD8+/CD45RA+ Naive Cytotoxic	gem_group_4
GGCCCAGATTCAGG-4	CD8+ Cytotoxic T	gem_group_4
GGCCGAACAAGTAG-4	CD19+ B	gem_group_4
GGCCGAACGCATAC-4	CD8+/CD45RA+ Naive Cytotoxic	gem_group_4
GGCCGAACTGTGAC-4	CD19+ B	gem_group_4
GGCCGATGCTGGAT-4	CD19+ B	gem_group_4
GGCGCATGACTACG-4	CD8+/CD45RA+ Naive Cytotoxic	gem_group_4
GGCTAAACTTTGCT-4	CD8+/CD45RA+ Naive Cytotoxic	gem_group_4
GGCTACCTTCGCTC-4	CD8+ Cytotoxic T	gem_group_4
GGGAAGACAAAGCA-4	CD4+/CD25 T Reg	gem_group_4
GGGAAGTGGTCACA-4	CD8+/CD45RA+ Naive Cytotoxic	gem_group_4
GGGACCTGACTAGC-4	CD19+ B	gem_group_4
GGGACCTGACTGGT-4	CD8+ Cytotoxic T	gem_group_4
GGGACCTGGTTCAG-4	CD56+ NK	gem_group_4
GGGATTACTGTCCC-4	CD19+ B	gem_group_4
GGGCAAGAAGACTC-4	CD8+ Cytotoxic T	gem_group_4
GGGCAGCTTTGCGA-4	CD4+/CD25 T Reg	gem_group_4
GGGCCAACATTGGC-4	CD4+/CD45RA+/CD25- Naive T	gem_group_4
GGGCCAACGAGAGC-4	CD8+/CD45RA+ Naive Cytotoxic	gem_group_4
GGGCCAACTGCATG-4	CD8+ Cytotoxic T	gem_group_4
GGGCCAACTGTCAG-4	CD8+/CD45RA+ Naive Cytotoxic	gem_group_4
GGGCCATGAGCCAT-4	CD4+/CD25 T Reg	gem_group_4
GGGTAACTCGTGAT-4	CD8+ Cytotoxic T	gem_group_4
GGGTTATGTATGCG-4	CD19+ B	gem_group_4
GGTACAACACCACA-4	CD8+ Cytotoxic T	gem_group_4
GGTACAACCCAACA-4	CD8+/CD45RA+ Naive Cytotoxic	gem_group_4
GGTACAACCTGTTT-4	CD8+ Cytotoxic T	gem_group_4
GGTACAACGGTGTT-4	CD8+/CD45RA+ Naive Cytotoxic	gem_group_4
GGTACAACGTCAAC-4	CD56+ NK	gem_group_4
GGTACATGTGTCTT-4	CD4+/CD25 T Reg	gem_group_4
GGTACTGATAACCG-4	CD8+/CD45RA+ Naive Cytotoxic	gem_group_4
GGTACTGATAGACC-4	CD8+ Cytotoxic T	gem_group_4
GGTAGTACAGTGCT-4	CD8+ Cytotoxic T	gem_group_4
GGTAGTACAGTTCG-4	CD8+/CD45RA+ Naive Cytotoxic	gem_group_4
GGTAGTACATGACC-4	CD8+ Cytotoxic T	gem_group_4
GGTATCGAAAGAAC-4	CD8+/CD45RA+ Naive Cytotoxic	gem_group_4
GGTATGACACCATG-4	CD4+/CD45RO+ Memory	gem_group_4
GGTCTAGATACAGC-4	CD8+ Cytotoxic T	gem_group_4
GGTCTAGATCCTCG-4	CD14+ Monocyte	gem_group_4
GGTCTAGATTCATC-4	CD19+ B	gem_group_4
GGTGGAGACCACCT-4	CD8+/CD45RA+ Naive Cytotoxic	gem_group_4
GGTTGAACATCTCT-4	CD19+ B	gem_group_4
GGTTTACTCACTGA-4	CD8+/CD45RA+ Naive Cytotoxic	gem_group_4
GGTTTACTTTGCAG-4	CD8+/CD45RA+ Naive Cytotoxic	gem_group_4
GTAAGCACATAAGG-4	CD8+ Cytotoxic T	gem_group_4
GTAAGCACTCTTCA-4	CD4+/CD45RA+/CD25- Naive T	gem_group_4
GTAAGCTGCCTACC-4	CD8+ Cytotoxic T	gem_group_4
GTAAGCTGCCTGAA-4	CD8+ Cytotoxic T	gem_group_4
GTAAGCTGGGTGAG-4	CD8+ Cytotoxic T	gem_group_4
GTAAGCTGTCAGTG-4	CD8+ Cytotoxic T	gem_group_4
GTAATAACCTAGCA-4	CD19+ B	gem_group_4
GTACAGTGAAGGGC-4	CD14+ Monocyte	gem_group_4
GTACAGTGAGCAAA-4	CD14+ Monocyte	gem_group_4
GTACCCTGTTGCAG-4	CD8+ Cytotoxic T	gem_group_4
GTACGTGAGAGATA-4	Dendritic	gem_group_4
GTACGTGAGGTAAA-4	Dendritic	gem_group_4
GTACGTGATGCTCC-4	CD8+ Cytotoxic T	gem_group_4
GTACTTTGAAAGCA-4	CD4+/CD25 T Reg	gem_group_4
GTAGCAACACTACG-4	CD19+ B	gem_group_4
GTAGCAACCAACTG-4	CD8+ Cytotoxic T	gem_group_4
GTAGCTGATTATCC-4	CD8+/CD45RA+ Naive Cytotoxic	gem_group_4
GTAGTCGAAGCATC-4	CD19+ B	gem_group_4
GTAGTCGACGAACT-4	CD14+ Monocyte	gem_group_4
GTAGTGTGGACGGA-4	CD8+ Cytotoxic T	gem_group_4
GTAGTGTGGCTTAG-4	CD4+/CD25 T Reg	gem_group_4
GTATCACTGCGAGA-4	CD8+/CD45RA+ Naive Cytotoxic	gem_group_4
GTATCTACGTATGC-4	CD4+/CD45RO+ Memory	gem_group_4
GTATGGTGAAGGTA-4	CD8+ Cytotoxic T	gem_group_4
GTATTCACGTACAC-4	CD8+/CD45RA+ Naive Cytotoxic	gem_group_4
GTATTCACTGTCGA-4	CD8+/CD45RA+ Naive Cytotoxic	gem_group_4
GTCAACGACTAAGC-4	CD8+ Cytotoxic T	gem_group_4
GTCAATCTCCCGTT-4	CD8+ Cytotoxic T	gem_group_4
GTCACAGACACTTT-4	CD56+ NK	gem_group_4
GTCACAGACATCAG-4	CD56+ NK	gem_group_4
GTCACAGAGTGTCA-4	CD19+ B	gem_group_4
GTCATACTCTTGCC-4	CD8+ Cytotoxic T	gem_group_4
GTCATACTGGGCAA-4	CD8+/CD45RA+ Naive Cytotoxic	gem_group_4
GTCATACTGTACGT-4	CD56+ NK	gem_group_4
GTCATACTTGGAGG-4	CD19+ B	gem_group_4
GTCCACACCCTAAG-4	CD8+ Cytotoxic T	gem_group_4
GTCCACTGTCCGAA-4	CD8+/CD45RA+ Naive Cytotoxic	gem_group_4
GTCCCATGACGTTG-4	CD19+ B	gem_group_4
GTCCCATGGTTCTT-4	CD56+ NK	gem_group_4
GTCGAATGACGACT-4	CD8+/CD45RA+ Naive Cytotoxic	gem_group_4
GTCGAATGTGACAC-4	CD8+ Cytotoxic T	gem_group_4
GTCGACCTGGTTCA-4	CD4+/CD45RA+/CD25- Naive T	gem_group_4
GTCTAACTAGGTCT-4	CD8+ Cytotoxic T	gem_group_4
GTCTAACTTAAGGA-4	CD4+/CD45RO+ Memory	gem_group_4
GTCTAACTTTCATC-4	CD4+/CD45RA+/CD25- Naive T	gem_group_4
GTCTGAGAACCGAT-4	CD8+ Cytotoxic T	gem_group_4
GTCTGAGATCCGTC-4	CD8+/CD45RA+ Naive Cytotoxic	gem_group_4
GTGAACACAGCGTT-4	CD19+ B	gem_group_4
GTGAACACGACGAG-4	CD8+ Cytotoxic T	gem_group_4
GTGAACACGTCGTA-4	CD8+ Cytotoxic T	gem_group_4
GTGACAACGGGTGA-4	CD8+ Cytotoxic T	gem_group_4
GTGACCCTCCTTCG-4	CD8+ Cytotoxic T	gem_group_4
GTGAGGGACTGACA-4	CD8+/CD45RA+ Naive Cytotoxic	gem_group_4
GTGATCGAACCAAC-4	CD4+/CD45RA+/CD25- Naive T	gem_group_4
GTGATCGAAGGCGA-4	CD4+/CD45RO+ Memory	gem_group_4
GTGATCGACACACA-4	CD8+ Cytotoxic T	gem_group_4
GTGATCGACAGCTA-4	CD8+/CD45RA+ Naive Cytotoxic	gem_group_4
GTGATGACAGTCTG-4	CD8+/CD45RA+ Naive Cytotoxic	gem_group_4
GTGGTAACATGTCG-4	CD8+/CD45RA+ Naive Cytotoxic	gem_group_4
GTGTACGAGGCGAA-4	CD8+/CD45RA+ Naive Cytotoxic	gem_group_4
GTGTATCTACACAC-4	CD8+ Cytotoxic T	gem_group_4
GTGTATCTCACTTT-4	CD14+ Monocyte	gem_group_4
GTGTATCTTCTCTA-4	CD8+/CD45RA+ Naive Cytotoxic	gem_group_4
GTGTCAGAACTGGT-4	CD8+/CD45RA+ Naive Cytotoxic	gem_group_4
GTGTGATGGAGGGT-4	CD4+/CD25 T Reg	gem_group_4
GTGTGATGTGTTTC-4	CD19+ B	gem_group_4
GTTAACCTCACACA-4	CD4+/CD25 T Reg	gem_group_4
GTTAACCTCTGTAG-4	CD56+ NK	gem_group_4
GTTACGGAACCCAA-4	CD8+ Cytotoxic T	gem_group_4
GTTACTACTCTGGA-4	CD8+ Cytotoxic T	gem_group_4
GTTAGGTGGTTCTT-4	CD8+ Cytotoxic T	gem_group_4
GTTATAGAACCTTT-4	CD8+ Cytotoxic T	gem_group_4
GTTATAGAACGCTA-4	CD8+ Cytotoxic T	gem_group_4
GTTATAGAAGAACA-4	CD8+/CD45RA+ Naive Cytotoxic	gem_group_4
GTTATCTGAAAACG-4	CD56+ NK	gem_group_4
GTTCATACAACCGT-4	CD8+ Cytotoxic T	gem_group_4
GTTGACGAGAGCTT-4	CD8+/CD45RA+ Naive Cytotoxic	gem_group_4
GTTGACGATATCGG-4	CD4+/CD25 T Reg	gem_group_4
GTTGAGTGAACAGA-4	CD4+/CD45RO+ Memory	gem_group_4
GTTGAGTGTGCAAC-4	CD8+/CD45RA+ Naive Cytotoxic	gem_group_4
GTTGATCTGGTTCA-4	CD14+ Monocyte	gem_group_4
GTTTAAGATTTCTG-4	CD19+ B	gem_group_4
TAAACAACACCACA-4	CD19+ B	gem_group_4
TAAAGACTACCCAA-4	CD8+ Cytotoxic T	gem_group_4
TAAAGACTACGCAT-4	CD8+ Cytotoxic T	gem_group_4
TAAAGACTTAAGGA-4	CD8+/CD45RA+ Naive Cytotoxic	gem_group_4
TAAATCGACATGAC-4	CD56+ NK	gem_group_4
TAAATCGACGAGAG-4	CD8+ Cytotoxic T	gem_group_4
TAAATGTGGACTAC-4	CD14+ Monocyte	gem_group_4
TAAATGTGTACAGC-4	CD8+ Cytotoxic T	gem_group_4
TAACCGGAACGACT-4	CD8+ Cytotoxic T	gem_group_4
TAACCGGACTTGGA-4	CD56+ NK	gem_group_4
TAACCGGATACAGC-4	CD8+ Cytotoxic T	gem_group_4
TAACCGGATCGTAG-4	CD8+ Cytotoxic T	gem_group_4
TAACTAGATAAAGG-4	CD19+ B	gem_group_4
TAACTAGATTCAGG-4	CD56+ NK	gem_group_4
TAACTCACGAGGTG-4	CD8+ Cytotoxic T	gem_group_4
TAAGAGGACACTGA-4	CD4+/CD25 T Reg	gem_group_4
TAAGAGGACCCACT-4	CD8+ Cytotoxic T	gem_group_4
TAAGAGGAGGATTC-4	CD19+ B	gem_group_4
TAAGATTGGTTGAC-4	CD56+ NK	gem_group_4
TAAGCGTGTACTCT-4	CD4+/CD25 T Reg	gem_group_4
TAAGCTCTTGGGAG-4	CD8+ Cytotoxic T	gem_group_4
TAAGGCTGGTTGAC-4	CD8+ Cytotoxic T	gem_group_4
TAAGTAACACTCTT-4	CD19+ B	gem_group_4
TAAGTAACTCTACT-4	CD8+/CD45RA+ Naive Cytotoxic	gem_group_4
TAAGTCCTCTTACT-4	CD8+/CD45RA+ Naive Cytotoxic	gem_group_4
TAAGTCCTTGTCCC-4	CD8+/CD45RA+ Naive Cytotoxic	gem_group_4
TAATCCACCTTACT-4	CD8+/CD45RA+ Naive Cytotoxic	gem_group_4
TAATCCACTCCTCG-4	CD8+ Cytotoxic T	gem_group_4
TAATCGCTCAGAGG-4	CD8+ Cytotoxic T	gem_group_4
TAATCGCTCATTCT-4	CD14+ Monocyte	gem_group_4
TAATGATGCTCCAC-4	CD8+/CD45RA+ Naive Cytotoxic	gem_group_4
TAATGCCTCATTCT-4	CD8+ Cytotoxic T	gem_group_4
TAATGCCTTGACTG-4	CD8+ Cytotoxic T	gem_group_4
TACAATGAAATGCC-4	CD8+/CD45RA+ Naive Cytotoxic	gem_group_4
TACAATGACTAGCA-4	CD4+/CD45RA+/CD25- Naive T	gem_group_4
TACAATGATGTGGT-4	CD8+/CD45RA+ Naive Cytotoxic	gem_group_4
TACACACTATGACC-4	CD8+ Cytotoxic T	gem_group_4
TACACACTTTCGCC-4	CD8+ Cytotoxic T	gem_group_4
TACATCACGTCGTA-4	Dendritic	gem_group_4
TACATCACTGCGTA-4	CD8+/CD45RA+ Naive Cytotoxic	gem_group_4
TACCATTGAGTTCG-4	CD8+/CD45RA+ Naive Cytotoxic	gem_group_4
TACCGCTGTCCAGA-4	CD56+ NK	gem_group_4
TACCGGCTACTGTG-4	CD4+/CD25 T Reg	gem_group_4
TACCGGCTCTAGAC-4	CD4+/CD45RA+/CD25- Naive T	gem_group_4
TACGACGACATGGT-4	Dendritic	gem_group_4
TACGAGACCGTGTA-4	CD14+ Monocyte	gem_group_4
TACGAGTGAGCGGA-4	CD19+ B	gem_group_4
TACGAGTGTTCTAC-4	CD8+ Cytotoxic T	gem_group_4
TACGATCTCTAGCA-4	CD4+/CD45RA+/CD25- Naive T	gem_group_4
TACGCAGACGTGTA-4	CD4+/CD25 T Reg	gem_group_4
TACGCGCTAGAGAT-4	CD56+ NK	gem_group_4
TACGTACTCAACTG-4	CD8+/CD45RA+ Naive Cytotoxic	gem_group_4
TACGTTACAAACAG-4	CD8+ Cytotoxic T	gem_group_4
TACGTTACACCTAG-4	CD8+/CD45RA+ Naive Cytotoxic	gem_group_4
TACTAAGAGGTGAG-4	CD56+ NK	gem_group_4
TACTAAGATGCAGT-4	CD56+ NK	gem_group_4
TACTAAGATTACTC-4	CD4+/CD25 T Reg	gem_group_4
TACTACACCGGGAA-4	CD8+ Cytotoxic T	gem_group_4
TACTCAACAAACAG-4	CD8+ Cytotoxic T	gem_group_4
TACTCCCTGCCATA-4	CD4+/CD25 T Reg	gem_group_4
TACTCTGAAGTCTG-4	CD4+/CD45RO+ Memory	gem_group_4
TACTCTGAGCTGTA-4	Dendritic	gem_group_4
TACTCTGAGGGAGT-4	CD8+ Cytotoxic T	gem_group_4
TACTCTGATGCATG-4	CD56+ NK	gem_group_4
TACTCTGATTCATC-4	CD8+/CD45RA+ Naive Cytotoxic	gem_group_4
TACTGTTGGAACTC-4	CD8+/CD45RA+ Naive Cytotoxic	gem_group_4
TACTTGACTCACCC-4	Dendritic	gem_group_4
TACTTTCTAGAGAT-4	CD19+ B	gem_group_4
TAGAATACAGCCTA-4	CD8+ Cytotoxic T	gem_group_4
TAGAATTGTGACAC-4	CD4+/CD45RA+/CD25- Naive T	gem_group_4
TAGAGAGACAGATC-4	CD8+ Cytotoxic T	gem_group_4
TAGAGCACCTAGAC-4	CD4+/CD25 T Reg	gem_group_4
TAGAGCACGCGAAG-4	CD56+ NK	gem_group_4
TAGATTGACGAGAG-4	CD8+ Cytotoxic T	gem_group_4
TAGATTGAGTACCA-4	CD8+/CD45RA+ Naive Cytotoxic	gem_group_4
TAGCATCTCACTGA-4	CD56+ NK	gem_group_4
TAGCATCTCAGTTG-4	CD8+/CD45RA+ Naive Cytotoxic	gem_group_4
TAGCATCTCCTCGT-4	CD56+ NK	gem_group_4
TAGCCCACGTAGCT-4	CD8+/CD45RA+ Naive Cytotoxic	gem_group_4
TAGCCCACTTCCCG-4	Dendritic	gem_group_4
TAGCCGCTTTCGTT-4	CD4+/CD25 T Reg	gem_group_4
TAGCGATGACCACA-4	CD8+ Cytotoxic T	gem_group_4
TAGCTACTATGCTG-4	CD14+ Monocyte	gem_group_4
TAGCTACTGGATCT-4	CD8+ Cytotoxic T	gem_group_4
TAGCTACTTTGCGA-4	CD8+ Cytotoxic T	gem_group_4
TAGGAGCTGACGAG-4	CD19+ B	gem_group_4
TAGGAGCTGGAGGT-4	CD19+ B	gem_group_4
TAGGCAACAACTGC-4	CD4+/CD45RA+/CD25- Naive T	gem_group_4
TAGGCAACGACAAA-4	CD34+	gem_group_4
TAGGCAACTCTAGG-4	CD8+ Cytotoxic T	gem_group_4
TAGGCATGGCCATA-4	CD8+/CD45RA+ Naive Cytotoxic	gem_group_4
TAGGCTGAGACGTT-4	CD8+ Cytotoxic T	gem_group_4
TAGGGACTCCCACT-4	CD8+/CD45RA+ Naive Cytotoxic	gem_group_4
TAGGGACTCGATAC-4	Dendritic	gem_group_4
TAGGTCGATAGCCA-4	CD56+ NK	gem_group_4
TAGGTCGATTACCT-4	CD8+ Cytotoxic T	gem_group_4
TAGGTGACAGTCAC-4	CD8+/CD45RA+ Naive Cytotoxic	gem_group_4
TAGGTGACCACAAC-4	CD8+/CD45RA+ Naive Cytotoxic	gem_group_4
TAGGTTCTTGCAGT-4	CD4+/CD45RO+ Memory	gem_group_4
TAGTAAACCTCGCT-4	CD8+/CD45RA+ Naive Cytotoxic	gem_group_4
TAGTAATGTTGAGC-4	CD19+ B	gem_group_4
TAGTACCTCTATGG-4	CD4+/CD25 T Reg	gem_group_4
TAGTATGATTCACT-4	CD8+ Cytotoxic T	gem_group_4
TAGTATGATTCTTG-4	CD56+ NK	gem_group_4
TAGTCACTAGCCTA-4	CD8+ Cytotoxic T	gem_group_4
TAGTCACTTTGGTG-4	CD8+/CD45RA+ Naive Cytotoxic	gem_group_4
TAGTCGGAACCCTC-4	CD8+/CD45RA+ Naive Cytotoxic	gem_group_4
TAGTCTTGCTCTCG-4	CD14+ Monocyte	gem_group_4
TAGTGGTGGCGTTA-4	CD8+ Cytotoxic T	gem_group_4
TAGTGGTGGTTACG-4	CD8+/CD45RA+ Naive Cytotoxic	gem_group_4
TAGTTAGAAAGAAC-4	CD56+ NK	gem_group_4
TAGTTAGAACCATG-4	CD4+/CD25 T Reg	gem_group_4
TAGTTAGAGCTACA-4	CD8+ Cytotoxic T	gem_group_4
TAGTTAGATGCTAG-4	CD56+ NK	gem_group_4
TATAAGTGGATAAG-4	CD8+ Cytotoxic T	gem_group_4
TATACCACCGCCTT-4	CD4+/CD25 T Reg	gem_group_4
TATAGCCTCGGGAA-4	Dendritic	gem_group_4
TATAGCCTTTGTGG-4	CD8+ Cytotoxic T	gem_group_4
TATCAAGACCTGTC-4	CD8+/CD45RA+ Naive Cytotoxic	gem_group_4
TATCAAGACTGCAA-4	CD4+/CD45RO+ Memory	gem_group_4
TATCACTGGATGAA-4	Dendritic	gem_group_4
TATCAGCTCGAATC-4	CD8+ Cytotoxic T	gem_group_4
TATCAGCTGGTACT-4	CD4+/CD45RA+/CD25- Naive T	gem_group_4
TATCGACTAGAGGC-4	CD8+/CD45RA+ Naive Cytotoxic	gem_group_4
TATCGACTAGGAGC-4	CD19+ B	gem_group_4
TATCTCGAAGAGAT-4	CD34+	gem_group_4
TATGGTCTCACACA-4	CD14+ Monocyte	gem_group_4
TATGGTCTCATACG-4	CD8+ Cytotoxic T	gem_group_4
TATGTCACAAAAGC-4	CD8+ Cytotoxic T	gem_group_4
TATGTCACTGGTGT-4	CD56+ NK	gem_group_4
TATGTCACTGTCCC-4	CD8+/CD45RA+ Naive Cytotoxic	gem_group_4
TATGTGCTTCTATC-4	CD8+ Cytotoxic T	gem_group_4
TATTTCCTAACAGA-4	CD8+/CD45RA+ Naive Cytotoxic	gem_group_4
TCAAGGACACTAGC-4	CD56+ NK	gem_group_4
TCAAGGACGTGTTG-4	CD8+/CD45RA+ Naive Cytotoxic	gem_group_4
TCAAGGTGCACTCC-4	CD8+ Cytotoxic T	gem_group_4
TCAAGTCTAGAATG-4	CD8+/CD45RA+ Naive Cytotoxic	gem_group_4
TCAAGTCTCACTAG-4	CD8+/CD45RA+ Naive Cytotoxic	gem_group_4
TCACAACTGTAAGA-4	CD8+ Cytotoxic T	gem_group_4
TCACCGTGAAAAGC-4	CD8+ Cytotoxic T	gem_group_4
TCACCGTGGCGTTA-4	CD8+ Cytotoxic T	gem_group_4
TCACCTCTTGGTGT-4	CD8+/CD45RA+ Naive Cytotoxic	gem_group_4
TCACTATGAGTTCG-4	CD56+ NK	gem_group_4
TCAGACGAAGCGGA-4	CD19+ B	gem_group_4
TCAGACGACTGTAG-4	Dendritic	gem_group_4
TCAGAGACTTGGTG-4	CD8+/CD45RA+ Naive Cytotoxic	gem_group_4
TCAGCAGAAGCGTT-4	CD8+/CD45RA+ Naive Cytotoxic	gem_group_4
TCAGCAGACTCTAT-4	CD8+/CD45RA+ Naive Cytotoxic	gem_group_4
TCAGCAGAGGTGGA-4	CD8+/CD45RA+ Naive Cytotoxic	gem_group_4
TCAGTACTCCGAAT-4	CD56+ NK	gem_group_4
TCAGTGGAACGGTT-4	CD8+/CD45RA+ Naive Cytotoxic	gem_group_4
TCATCAACTGAAGA-4	CD4+/CD45RO+ Memory	gem_group_4
TCATCATGTTCGCC-4	CD56+ NK	gem_group_4
TCATTCGAAGCTCA-4	CD8+ Cytotoxic T	gem_group_4
TCATTCGACCTTTA-4	CD19+ B	gem_group_4
TCATTCGACTTGGA-4	CD8+/CD45RA+ Naive Cytotoxic	gem_group_4
TCATTCGAGGACAG-4	CD8+/CD45RA+ Naive Cytotoxic	gem_group_4
TCCACGTGCTTGAG-4	CD56+ NK	gem_group_4
TCCACTCTGTCGTA-4	CD8+ Cytotoxic T	gem_group_4
TCCAGAGACAGCTA-4	CD56+ NK	gem_group_4
TCCATAACAGGTTC-4	CD8+ Cytotoxic T	gem_group_4
TCCATCCTTGGTAC-4	CD8+/CD45RA+ Naive Cytotoxic	gem_group_4
TCCCACGAACCGAT-4	CD8+/CD45RA+ Naive Cytotoxic	gem_group_4
TCCCTACTGTATGC-4	CD8+/CD45RA+ Naive Cytotoxic	gem_group_4
TCCCTACTTCGCTC-4	Dendritic	gem_group_4
TCCGAAGAACTCTT-4	CD4+/CD25 T Reg	gem_group_4
TCCGAAGAATGACC-4	CD8+ Cytotoxic T	gem_group_4
TCCGAGCTTTGGCA-4	CD8+ Cytotoxic T	gem_group_4
TCCGGACTTATTCC-4	CD4+/CD25 T Reg	gem_group_4
TCCTAAACTATTCC-4	CD8+ Cytotoxic T	gem_group_4
TCCTAATGTCAGGT-4	Dendritic	gem_group_4
TCCTACCTTCAGTG-4	Dendritic	gem_group_4
TCGAATCTGTTCTT-4	CD8+/CD45RA+ Naive Cytotoxic	gem_group_4
TCGACCTGACGACT-4	CD8+/CD45RA+ Naive Cytotoxic	gem_group_4
TCGACCTGCCATAG-4	CD8+ Cytotoxic T	gem_group_4
TCGACGCTGAAGGC-4	CD4+/CD25 T Reg	gem_group_4
TCGAGAACGTCCTC-4	CD56+ NK	gem_group_4
TCGAGCCTACTGGT-4	CD4+/CD25 T Reg	gem_group_4
TCGAGCCTGCTCCT-4	CD19+ B	gem_group_4
TCGATACTAGCTCA-4	CD8+/CD45RA+ Naive Cytotoxic	gem_group_4
TCGATTTGAACCAC-4	CD8+ Cytotoxic T	gem_group_4
TCGATTTGGAACTC-4	CD8+/CD45RA+ Naive Cytotoxic	gem_group_4
TCGATTTGTAACGC-4	CD8+/CD45RA+ Naive Cytotoxic	gem_group_4
TCGCACACAGTAGA-4	CD4+/CD45RA+/CD25- Naive T	gem_group_4
TCGCACACTGATGC-4	CD8+/CD45RA+ Naive Cytotoxic	gem_group_4
TCGCACTGCCTTCG-4	CD8+ Cytotoxic T	gem_group_4
TCGCACTGGGTACT-4	CD8+ Cytotoxic T	gem_group_4
TCGCACTGTCCTGC-4	CD8+ Cytotoxic T	gem_group_4
TCGGACCTATTCGG-4	CD8+ Cytotoxic T	gem_group_4
TCGGTAGAGCTCCT-4	CD8+ Cytotoxic T	gem_group_4
TCGGTAGAGTACAC-4	CD8+ Cytotoxic T	gem_group_4
TCGTAGGAAGAATG-4	CD19+ B	gem_group_4
TCGTAGGACACCAA-4	CD8+ Cytotoxic T	gem_group_4
TCGTAGGATGGTTG-4	CD4+/CD25 T Reg	gem_group_4
TCTAACACCACCAA-4	CD4+/CD45RO+ Memory	gem_group_4
TCTAAGCTATCAGC-4	CD14+ Monocyte	gem_group_4
TCTAAGCTGTATGC-4	CD56+ NK	gem_group_4
TCTAAGCTGTTGTG-4	CD8+ Cytotoxic T	gem_group_4
TCTACAACCAACCA-4	CD56+ NK	gem_group_4
TCTAGTTGACCACA-4	CD8+ Cytotoxic T	gem_group_4
TCTAGTTGAGAAGT-4	CD19+ B	gem_group_4
TCTAGTTGTAAGCC-4	CD14+ Monocyte	gem_group_4
TCTATGTGACCACA-4	CD4+/CD45RO+ Memory	gem_group_4
TCTATGTGCCCGTT-4	CD19+ B	gem_group_4
TCTCAAACTGTAGC-4	CD8+ Cytotoxic T	gem_group_4
TCTCCACTGGTCAT-4	CD8+ Cytotoxic T	gem_group_4
TCTGATACTCTTCA-4	CD8+/CD45RA+ Naive Cytotoxic	gem_group_4
TCTTACGAAGGCGA-4	CD8+/CD45RA+ Naive Cytotoxic	gem_group_4
TCTTGATGAACCAC-4	CD19+ B	gem_group_4
TCTTGATGACCTTT-4	CD8+ Cytotoxic T	gem_group_4
TGAACCGAATGCCA-4	CD4+/CD45RO+ Memory	gem_group_4
TGAAGCACTTCGTT-4	CD8+ Cytotoxic T	gem_group_4
TGAAGCTGACGTTG-4	CD8+ Cytotoxic T	gem_group_4
TGAAGCTGGTGCAT-4	CD56+ NK	gem_group_4
TGAATAACACTTTC-4	CD8+/CD45RA+ Naive Cytotoxic	gem_group_4
TGACACGAATCGGT-4	CD8+/CD45RA+ Naive Cytotoxic	gem_group_4
TGACACGATTAGGC-4	CD8+ Cytotoxic T	gem_group_4
TGACCAGACAGAAA-4	CD8+ Cytotoxic T	gem_group_4
TGACGCCTACTAGC-4	CD19+ B	gem_group_4
TGACGCCTGGATCT-4	CD8+ Cytotoxic T	gem_group_4
TGACTGGACGTACA-4	CD8+ Cytotoxic T	gem_group_4
TGACTTACAGCTCA-4	CD8+ Cytotoxic T	gem_group_4
TGACTTACCTGGTA-4	CD8+ Cytotoxic T	gem_group_4
TGACTTACGCCATA-4	CD19+ B	gem_group_4
TGACTTACTCAGAC-4	CD4+/CD45RO+ Memory	gem_group_4
TGACTTTGCAGGAG-4	CD19+ B	gem_group_4
TGAGCAACAAGCCT-4	CD8+/CD45RA+ Naive Cytotoxic	gem_group_4
TGAGCAACCTGTCC-4	CD56+ NK	gem_group_4
TGAGCAACTCATTC-4	CD8+/CD45RA+ Naive Cytotoxic	gem_group_4
TGAGCTGACCGTTC-4	CD19+ B	gem_group_4
TGAGGACTTCCAGA-4	CD4+/CD45RO+ Memory	gem_group_4
TGAGGTACCCCTAC-4	CD8+/CD45RA+ Naive Cytotoxic	gem_group_4
TGAGTCGAGGATCT-4	CD4+/CD25 T Reg	gem_group_4
TGATAAACGTGTTG-4	CD4+/CD25 T Reg	gem_group_4
TGATACCTCTACTT-4	CD8+/CD45RA+ Naive Cytotoxic	gem_group_4
TGATACCTCTGTGA-4	CD8+ Cytotoxic T	gem_group_4
TGATACCTGGGACA-4	CD56+ NK	gem_group_4
TGATCACTTCTGGA-4	CD8+/CD45RA+ Naive Cytotoxic	gem_group_4
TGATCGGATGGCAT-4	CD8+ Cytotoxic T	gem_group_4
TGATTAGAATGGTC-4	CD8+/CD45RA+ Naive Cytotoxic	gem_group_4
TGATTCACCCTTGC-4	CD8+ Cytotoxic T	gem_group_4
TGATTCTGACCACA-4	CD4+/CD25 T Reg	gem_group_4
TGCAAGACGTTACG-4	CD8+ Cytotoxic T	gem_group_4
TGCAAGTGCTGTCC-4	CD56+ NK	gem_group_4
TGCAATCTGAACCT-4	CD56+ NK	gem_group_4
TGCAGATGGAACTC-4	CD8+ Cytotoxic T	gem_group_4
TGCCAAGAGACGTT-4	CD19+ B	gem_group_4
TGCCAGCTTAGCGT-4	CD8+ Cytotoxic T	gem_group_4
TGCGATGAACACGT-4	CD4+/CD25 T Reg	gem_group_4
TGCGCACTACCAAC-4	CD8+/CD45RA+ Naive Cytotoxic	gem_group_4
TGCGTAGAAGTGTC-4	CD34+	gem_group_4
TGCGTAGACTCAGA-4	CD14+ Monocyte	gem_group_4
TGCGTAGAGCCTTC-4	Dendritic	gem_group_4
TGCGTAGAGTGAGG-4	CD8+ Cytotoxic T	gem_group_4
TGCGTAGATATTCC-4	CD56+ NK	gem_group_4
TGCGTAGATGAGGG-4	CD19+ B	gem_group_4
TGCTAGGATATGGC-4	CD4+/CD45RA+/CD25- Naive T	gem_group_4
TGCTAGGATTGCAG-4	CD56+ NK	gem_group_4
TGCTTAACGATGAA-4	CD19+ B	gem_group_4
TGCTTAACTTGGCA-4	CD19+ B	gem_group_4
TGGAAAGAAAAACG-4	CD8+/CD45RA+ Naive Cytotoxic	gem_group_4
TGGAAAGAAGAACA-4	CD14+ Monocyte	gem_group_4
TGGAACACACCAAC-4	CD4+/CD25 T Reg	gem_group_4
TGGAAGCTATGGTC-4	CD8+ Cytotoxic T	gem_group_4
TGGAAGCTCCTTTA-4	CD8+ Cytotoxic T	gem_group_4
TGGAAGCTGGTGTT-4	CD4+/CD25 T Reg	gem_group_4
TGGACCCTCGAATC-4	CD56+ NK	gem_group_4
TGGACCCTCTATGG-4	CD8+ Cytotoxic T	gem_group_4
TGGACTGATTGACG-4	CD8+/CD45RA+ Naive Cytotoxic	gem_group_4
TGGATCGATGGAGG-4	CD8+ Cytotoxic T	gem_group_4
TGGATGACGAATCC-4	CD8+ Cytotoxic T	gem_group_4
TGGATGTGGGTGTT-4	CD4+/CD25 T Reg	gem_group_4
TGGATTCTATAAGG-4	CD56+ NK	gem_group_4
TGGATTCTGTTTGG-4	CD8+ Cytotoxic T	gem_group_4
TGGGTATGGGGATG-4	CD8+/CD45RA+ Naive Cytotoxic	gem_group_4
TGGTAGTGCTCGAA-4	CD19+ B	gem_group_4
TGGTATCTCATTCT-4	CD19+ B	gem_group_4
TGGTATCTCGTTAG-4	CD56+ NK	gem_group_4
TGGTATCTTGGAGG-4	CD8+/CD45RA+ Naive Cytotoxic	gem_group_4
TGGTCAGAGAACCT-4	CD8+ Cytotoxic T	gem_group_4
TGTAAAACGAGCAG-4	CD56+ NK	gem_group_4
TGTAACCTCGCTAA-4	CD56+ NK	gem_group_4
TGTAGGTGGTGCAT-4	CD8+/CD45RA+ Naive Cytotoxic	gem_group_4
TGTAGTCTACCTGA-4	CD8+/CD45RA+ Naive Cytotoxic	gem_group_4
TGTAGTCTGGACGA-4	CD4+/CD25 T Reg	gem_group_4
TGTAGTCTGGTTCA-4	CD56+ NK	gem_group_4
TGTAGTCTTGTCCC-4	CD4+/CD45RO+ Memory	gem_group_4
TGTAGTCTTTCAGG-4	CD8+ Cytotoxic T	gem_group_4
TGTATCTGCTGAAC-4	CD8+ Cytotoxic T	gem_group_4
TGTATGCTACACTG-4	CD8+/CD45RA+ Naive Cytotoxic	gem_group_4
TGTATGCTCTACTT-4	CD8+ Cytotoxic T	gem_group_4
TGTATGCTTCCTAT-4	CD8+ Cytotoxic T	gem_group_4
TGTCAGGAATGGTC-4	CD56+ NK	gem_group_4
TGTGACGAACTAGC-4	CD8+/CD45RA+ Naive Cytotoxic	gem_group_4
TGTGACGACAGCTA-4	CD8+ Cytotoxic T	gem_group_4
TGTGACGAGCCTTC-4	CD8+ Cytotoxic T	gem_group_4
TGTGGATGTCGCCT-4	CD8+/CD45RA+ Naive Cytotoxic	gem_group_4
TGTTACACGGCAAG-4	CD4+/CD25 T Reg	gem_group_4
TGTTACTGAACCGT-4	CD8+/CD45RA+ Naive Cytotoxic	gem_group_4
TGTTACTGGTTCTT-4	CD4+/CD45RA+/CD25- Naive T	gem_group_4
TGTTACTGTTACCT-4	CD8+ Cytotoxic T	gem_group_4
TTAACCACCTTGTT-4	CD4+/CD45RO+ Memory	gem_group_4
TTAACCACTTTGCT-4	CD19+ B	gem_group_4
TTACACACTCGCTC-4	CD8+/CD45RA+ Naive Cytotoxic	gem_group_4
TTACCATGCTTAGG-4	CD56+ NK	gem_group_4
TTACGTACCTTCTA-4	CD8+ Cytotoxic T	gem_group_4
TTACTCGATGCCCT-4	CD8+/CD45RA+ Naive Cytotoxic	gem_group_4
TTAGACCTCCACAA-4	CD8+ Cytotoxic T	gem_group_4
TTAGGGACGCCAAT-4	CD8+ Cytotoxic T	gem_group_4
TTAGGGTGACTAGC-4	CD8+/CD45RA+ Naive Cytotoxic	gem_group_4
TTAGGGTGCACACA-4	CD56+ NK	gem_group_4
TTAGGGTGGAACCT-4	CD19+ B	gem_group_4
TTAGGTCTCACTCC-4	Dendritic	gem_group_4
TTAGGTCTCCCAAA-4	CD8+ Cytotoxic T	gem_group_4
TTAGGTCTTGGAGG-4	CD8+ Cytotoxic T	gem_group_4
TTAGTCACAGCTAC-4	CD56+ NK	gem_group_4
TTAGTCACTAAAGG-4	CD4+/CD45RA+/CD25- Naive T	gem_group_4
TTAGTCTGAGGTCT-4	CD56+ NK	gem_group_4
TTAGTCTGGCGAGA-4	CD8+ Cytotoxic T	gem_group_4
TTATCCGATGCGTA-4	CD8+/CD45RA+ Naive Cytotoxic	gem_group_4
TTATGAGATCTCGC-4	CD8+ Cytotoxic T	gem_group_4
TTATGCACAATCGC-4	CD56+ NK	gem_group_4
TTCAAAGACCCTCA-4	CD8+ Cytotoxic T	gem_group_4
TTCAACACATACCG-4	CD56+ NK	gem_group_4
TTCAACACCTGGTA-4	CD8+/CD45RA+ Naive Cytotoxic	gem_group_4
TTCAAGCTGGATCT-4	CD8+ Cytotoxic T	gem_group_4
TTCACAACCACTCC-4	CD8+ Cytotoxic T	gem_group_4
TTCACCCTCAATCG-4	CD8+/CD45RA+ Naive Cytotoxic	gem_group_4
TTCACCCTCCTAAG-4	CD56+ NK	gem_group_4
TTCATGACAAAGCA-4	CD4+/CD25 T Reg	gem_group_4
TTCATGACGCTATG-4	CD19+ B	gem_group_4
TTCATTCTTTCACT-4	CD8+ Cytotoxic T	gem_group_4
TTCATTCTTTGCTT-4	CD8+/CD45RA+ Naive Cytotoxic	gem_group_4
TTCCAAACGACGAG-4	CD4+/CD45RO+ Memory	gem_group_4
TTCCAAACTGGAAA-4	CD8+/CD45RA+ Naive Cytotoxic	gem_group_4
TTCCATGAAACCGT-4	CD8+ Cytotoxic T	gem_group_4
TTCCATGATAGCGT-4	CD19+ B	gem_group_4
TTCCTAGATGCGTA-4	CD8+/CD45RA+ Naive Cytotoxic	gem_group_4
TTCGATTGAATCGC-4	CD56+ NK	gem_group_4
TTCGATTGATGCTG-4	CD4+/CD25 T Reg	gem_group_4
TTCGGAGAGAGGTG-4	CD8+ Cytotoxic T	gem_group_4
TTCGTATGCTCAGA-4	CD8+ Cytotoxic T	gem_group_4
TTCTACGACAGAGG-4	CD4+/CD25 T Reg	gem_group_4
TTCTACGAGGGTGA-4	CD8+/CD45RA+ Naive Cytotoxic	gem_group_4
TTCTAGTGTAGCCA-4	CD8+ Cytotoxic T	gem_group_4
TTCTCAGACTAGAC-4	CD4+/CD25 T Reg	gem_group_4
TTCTGATGAGTTCG-4	CD8+ Cytotoxic T	gem_group_4
TTCTTACTGCTGTA-4	CD8+/CD45RA+ Naive Cytotoxic	gem_group_4
TTCTTACTGTACCA-4	CD8+ Cytotoxic T	gem_group_4
TTGAACCTTCACGA-4	CD56+ NK	gem_group_4
TTGAATGAATTTCC-4	CD56+ NK	gem_group_4
TTGAATGAGAAACA-4	CD56+ NK	gem_group_4
TTGAATGATACGCA-4	CD4+/CD25 T Reg	gem_group_4
TTGACACTGCAGAG-4	CD56+ NK	gem_group_4
TTGACACTGTCTTT-4	CD8+/CD45RA+ Naive Cytotoxic	gem_group_4
TTGAGGACGGAAAT-4	CD56+ NK	gem_group_4
TTGAGGTGTGTCAG-4	CD56+ NK	gem_group_4
TTGATCTGCGTAAC-4	CD56+ NK	gem_group_4
TTGCTATGAGTTCG-4	CD4+/CD45RO+ Memory	gem_group_4
TTGGAGACAAGTGA-4	CD4+/CD25 T Reg	gem_group_4
TTGGAGACAGCCAT-4	CD8+ Cytotoxic T	gem_group_4
TTGGAGACCCTTTA-4	CD19+ B	gem_group_4
TTGGAGACCTCTAT-4	CD8+/CD45RA+ Naive Cytotoxic	gem_group_4
TTGGTACTCGAACT-4	CD8+ Cytotoxic T	gem_group_4
TTGGTACTTAAGCC-4	CD8+/CD45RA+ Naive Cytotoxic	gem_group_4
TTGGTACTTGCGTA-4	CD8+ Cytotoxic T	gem_group_4
TTGTACACGCGAGA-4	CD19+ B	gem_group_4
TTGTACACGCGTAT-4	CD8+ Cytotoxic T	gem_group_4
TTGTCATGTGCCCT-4	CD8+ Cytotoxic T	gem_group_4
TTTAGAGATAGAAG-4	CD4+/CD25 T Reg	gem_group_4
TTTAGGCTACAGCT-4	CD8+ Cytotoxic T	gem_group_4
TTTCACGACCCTTG-4	CD8+ Cytotoxic T	gem_group_4
TTTCACGACTTGCC-4	CD8+ Cytotoxic T	gem_group_4
TTTCTACTCCTAAG-4	CD8+/CD45RA+ Naive Cytotoxic	gem_group_4
TTTGACTGGAGGGT-4	CD4+/CD25 T Reg	gem_group_4
TTTGACTGTCTCGC-4	CD19+ B	gem_group_4
AAACATTGGTCTAG-5	CD8+ Cytotoxic T	gem_group_5
AAACCGTGAAGTAG-5	CD4+/CD45RA+/CD25- Naive T	gem_group_5
AAACGCTGACACAC-5	Dendritic	gem_group_5
AAAGACGACACTCC-5	CD8+ Cytotoxic T	gem_group_5
AAAGACGATCTCGC-5	CD8+ Cytotoxic T	gem_group_5
AAAGACGATCTGGA-5	CD8+/CD45RA+ Naive Cytotoxic	gem_group_5
AAAGAGACTAACCG-5	CD4+/CD45RO+ Memory	gem_group_5
AAAGATCTGATAAG-5	CD8+/CD45RA+ Naive Cytotoxic	gem_group_5
AAAGCAGATAACGC-5	CD56+ NK	gem_group_5
AAAGCCTGCGAGAG-5	CD8+ Cytotoxic T	gem_group_5
AAAGGCCTAAGAAC-5	CD19+ B	gem_group_5
AAAGGCCTTCCAAG-5	CD4+/CD25 T Reg	gem_group_5
AAATACTGAGGTCT-5	CD4+/CD25 T Reg	gem_group_5
AAATCATGTGTGGT-5	CD19+ B	gem_group_5
AAATCCCTCTGTCC-5	CD4+/CD45RO+ Memory	gem_group_5
AAATGTTGGTGCAT-5	CD8+/CD45RA+ Naive Cytotoxic	gem_group_5
AAATTCGAAGTCTG-5	CD19+ B	gem_group_5
AAATTCGAGTTTCT-5	CD8+ Cytotoxic T	gem_group_5
AAATTGACTACTCT-5	CD14+ Monocyte	gem_group_5
AAATTGACTTACCT-5	CD8+/CD45RA+ Naive Cytotoxic	gem_group_5
AACAAACTGTCGTA-5	CD4+/CD25 T Reg	gem_group_5
AACACGTGAAGATG-5	CD19+ B	gem_group_5
AACAGAGACCTAAG-5	CD4+/CD45RA+/CD25- Naive T	gem_group_5
AACAGCACTTCTGT-5	CD4+/CD45RO+ Memory	gem_group_5
AACATATGACGCTA-5	CD8+/CD45RA+ Naive Cytotoxic	gem_group_5
AACCACGAGTATCG-5	CD4+/CD45RA+/CD25- Naive T	gem_group_5
AACCGCCTAGCGTT-5	CD4+/CD45RA+/CD25- Naive T	gem_group_5
AACCGCCTGGTTAC-5	CD8+ Cytotoxic T	gem_group_5
AACCGCCTGTCATG-5	CD8+/CD45RA+ Naive Cytotoxic	gem_group_5
AACCTACTGGAGTG-5	CD8+ Cytotoxic T	gem_group_5
AACCTACTGTAAGA-5	CD8+/CD45RA+ Naive Cytotoxic	gem_group_5
AACCTTACAATCGC-5	CD19+ B	gem_group_5
AACCTTTGTCCGTC-5	CD8+/CD45RA+ Naive Cytotoxic	gem_group_5
AACCTTTGTCTCTA-5	CD19+ B	gem_group_5
AACCTTTGTGTTCT-5	CD8+ Cytotoxic T	gem_group_5
AACGCAACGTGCTA-5	CD56+ NK	gem_group_5
AACGCATGCCACAA-5	CD8+ Cytotoxic T	gem_group_5
AACGCCCTAAGAAC-5	CD8+/CD45RA+ Naive Cytotoxic	gem_group_5
AACGCCCTGTACGT-5	CD4+/CD25 T Reg	gem_group_5
AACGGTACAAACGA-5	CD8+ Cytotoxic T	gem_group_5
AACGGTACAGAGGC-5	CD4+/CD45RO+ Memory	gem_group_5
AACGGTACATCTCT-5	CD4+/CD45RO+ Memory	gem_group_5
AACGTCGAACGTGT-5	Dendritic	gem_group_5
AACGTTCTAGATGA-5	CD4+/CD45RO+ Memory	gem_group_5
AACGTTCTGATGAA-5	CD8+ Cytotoxic T	gem_group_5
AACTACCTCCACAA-5	CD8+ Cytotoxic T	gem_group_5
AACTCGGACGTCTC-5	CD8+ Cytotoxic T	gem_group_5
AACTCGGACTGATG-5	CD8+ Cytotoxic T	gem_group_5
AACTCGGATCATTC-5	CD4+/CD45RO+ Memory	gem_group_5
AACTCTTGGGTGTT-5	CD14+ Monocyte	gem_group_5
AACTGTCTGGTATC-5	CD8+/CD45RA+ Naive Cytotoxic	gem_group_5
AACTGTCTTTCTGT-5	CD4+/CD25 T Reg	gem_group_5
AACTTGCTTGCTGA-5	CD8+ Cytotoxic T	gem_group_5
AAGAACGAATGGTC-5	CD8+ Cytotoxic T	gem_group_5
AAGAACGATTGGCA-5	CD8+/CD45RA+ Naive Cytotoxic	gem_group_5
AAGAAGACGTTAGC-5	CD8+/CD45RA+ Naive Cytotoxic	gem_group_5
AAGAATCTCTAGAC-5	CD8+ Cytotoxic T	gem_group_5
AAGACAGAGAGCTT-5	CD8+ Cytotoxic T	gem_group_5
AAGACAGATGGTGT-5	CD8+/CD45RA+ Naive Cytotoxic	gem_group_5
AAGAGATGTGCTGA-5	CD56+ NK	gem_group_5
AAGATGGACCTTGC-5	CD8+/CD45RA+ Naive Cytotoxic	gem_group_5
AAGATGGACGTTGA-5	CD56+ NK	gem_group_5
AAGCAAGAAAGAAC-5	CD8+/CD45RA+ Naive Cytotoxic	gem_group_5
AAGCACTGCCTACC-5	CD8+/CD45RA+ Naive Cytotoxic	gem_group_5
AAGCCAACGGATCT-5	CD8+ Cytotoxic T	gem_group_5
AAGCCAACTATGCG-5	CD8+ Cytotoxic T	gem_group_5
AAGCCAACTTGAGC-5	CD8+ Cytotoxic T	gem_group_5
AAGCCATGTTCGTT-5	CD8+ Cytotoxic T	gem_group_5
AAGCGACTCTGACA-5	CD8+/CD45RA+ Naive Cytotoxic	gem_group_5
AAGCGACTGGAAGC-5	CD8+ Cytotoxic T	gem_group_5
AAGCGACTTGGATC-5	CD8+ Cytotoxic T	gem_group_5
AAGCGTACAGTCTG-5	CD8+ Cytotoxic T	gem_group_5
AAGCGTACGTCAAC-5	CD8+ Cytotoxic T	gem_group_5
AAGGCTACGGTAAA-5	CD8+ Cytotoxic T	gem_group_5
AAGGCTACGGTACT-5	CD56+ NK	gem_group_5
AAGGCTTGAAAGCA-5	CD4+/CD45RO+ Memory	gem_group_5
AAGGTCACCCCGTT-5	CD8+ Cytotoxic T	gem_group_5
AAGTAACTCTCATT-5	CD8+/CD45RA+ Naive Cytotoxic	gem_group_5
AAGTAACTGCATCA-5	CD8+ Cytotoxic T	gem_group_5
AAGTAGGACACCAA-5	CD4+/CD45RA+/CD25- Naive T	gem_group_5
AAGTATACAAGAAC-5	CD8+ Cytotoxic T	gem_group_5
AAGTGCACATGTCG-5	CD8+ Cytotoxic T	gem_group_5
AAGTGCACCGAGAG-5	CD8+ Cytotoxic T	gem_group_5
AAGTGCACTCGACA-5	CD4+/CD45RA+/CD25- Naive T	gem_group_5
AAGTGGCTATTGGC-5	CD19+ B	gem_group_5
AAGTGGCTCGTAAC-5	CD8+/CD45RA+ Naive Cytotoxic	gem_group_5
AAGTTCCTATTCGG-5	CD4+/CD45RO+ Memory	gem_group_5
AAGTTCCTCTTGGA-5	CD8+/CD45RA+ Naive Cytotoxic	gem_group_5
AAGTTCCTGGTAGG-5	CD8+ Cytotoxic T	gem_group_5
AATAAGCTCACACA-5	CD56+ NK	gem_group_5
AATAAGCTGTCTTT-5	CD56+ NK	gem_group_5
AATACTGAACCTAG-5	CD8+ Cytotoxic T	gem_group_5
AATATCGACTACTT-5	CD8+ Cytotoxic T	gem_group_5
AATATCGAGAGAGC-5	CD8+ Cytotoxic T	gem_group_5
AATCAAACTAACGC-5	CD56+ NK	gem_group_5
AATCCGGACTATGG-5	CD8+ Cytotoxic T	gem_group_5
AATCCGGATGGATC-5	CD4+/CD25 T Reg	gem_group_5
AATCCTACCTGACA-5	Dendritic	gem_group_5
AATCCTACGCGTTA-5	CD8+/CD45RA+ Naive Cytotoxic	gem_group_5
AATCCTACTGTCAG-5	CD56+ NK	gem_group_5
AATCCTTGCGACTA-5	CD8+ Cytotoxic T	gem_group_5
AATCTAGAGCCATA-5	CD4+/CD25 T Reg	gem_group_5
AATCTCACTGCGTA-5	CD4+/CD25 T Reg	gem_group_5
AATGGAGACAGGAG-5	CD8+/CD45RA+ Naive Cytotoxic	gem_group_5
AATGGAGAGACTAC-5	CD14+ Monocyte	gem_group_5
AATGGAGATTGACG-5	CD19+ B	gem_group_5
AATGTCCTTGTCAG-5	CD8+ Cytotoxic T	gem_group_5
AATGTTGATGGTCA-5	CD8+/CD45RA+ Naive Cytotoxic	gem_group_5
AATTACGACACTCC-5	CD4+/CD25 T Reg	gem_group_5
AATTCCTGGCTAAC-5	CD56+ NK	gem_group_5
AATTGATGATTCTC-5	CD14+ Monocyte	gem_group_5
AATTGTGACCTCGT-5	CD8+/CD45RA+ Naive Cytotoxic	gem_group_5
ACAACCGAAGAGTA-5	CD8+/CD45RA+ Naive Cytotoxic	gem_group_5
ACAACCGAAGTTCG-5	CD8+ Cytotoxic T	gem_group_5
ACAAGCACCTCTAT-5	CD4+/CD45RO+ Memory	gem_group_5
ACAATAACACACAC-5	CD8+/CD45RA+ Naive Cytotoxic	gem_group_5
ACAATAACCATTTC-5	Dendritic	gem_group_5
ACAATTGAGGCATT-5	CD8+/CD45RA+ Naive Cytotoxic	gem_group_5
ACACATCTCCCACT-5	CD4+/CD25 T Reg	gem_group_5
ACACCAGATTCACT-5	CD19+ B	gem_group_5
ACAGACACACGTTG-5	CD8+/CD45RA+ Naive Cytotoxic	gem_group_5
ACAGACACGACGGA-5	CD8+ Cytotoxic T	gem_group_5
ACAGCAACCTGGAT-5	CD8+/CD45RA+ Naive Cytotoxic	gem_group_5
ACAGCAACGAACTC-5	CD56+ NK	gem_group_5
ACAGCAACTTTCGT-5	CD4+/CD25 T Reg	gem_group_5
ACAGTGACTCCAAG-5	CD8+/CD45RA+ Naive Cytotoxic	gem_group_5
ACAGTGTGTGTTCT-5	CD4+/CD25 T Reg	gem_group_5
ACAGTTCTGAGGTG-5	CD8+/CD45RA+ Naive Cytotoxic	gem_group_5
ACATACCTCTAGCA-5	CD8+/CD45RA+ Naive Cytotoxic	gem_group_5
ACATCACTTCTCAT-5	CD19+ B	gem_group_5
ACATGGTGCCACCT-5	CD14+ Monocyte	gem_group_5
ACATGGTGTCCCAC-5	CD8+/CD45RA+ Naive Cytotoxic	gem_group_5
ACATTCTGGAAACA-5	CD4+/CD25 T Reg	gem_group_5
ACCACAGACTGAGT-5	CD8+ Cytotoxic T	gem_group_5
ACCACAGAGTCAAC-5	CD4+/CD45RO+ Memory	gem_group_5
ACCACAGAGTTGCA-5	CD4+/CD45RO+ Memory	gem_group_5
ACCACGCTACGTAC-5	CD8+/CD45RA+ Naive Cytotoxic	gem_group_5
ACCAGCCTATTCCT-5	CD8+/CD45RA+ Naive Cytotoxic	gem_group_5
ACCAGTGACGTACA-5	CD8+ Cytotoxic T	gem_group_5
ACCATTACACCCTC-5	Dendritic	gem_group_5
ACCATTACCTTGCC-5	CD4+/CD25 T Reg	gem_group_5
ACCATTACGTCCTC-5	CD8+/CD45RA+ Naive Cytotoxic	gem_group_5
ACCATTACTTTACC-5	CD56+ NK	gem_group_5
ACCCAGCTCTGACA-5	CD19+ B	gem_group_5
ACCCGTTGCTCTAT-5	CD8+/CD45RA+ Naive Cytotoxic	gem_group_5
ACCCGTTGTCGCAA-5	CD4+/CD25 T Reg	gem_group_5
ACCGAAACGAATCC-5	CD19+ B	gem_group_5
ACCGTGCTCCACCT-5	CD4+/CD25 T Reg	gem_group_5
ACCTATTGGCTCCT-5	CD19+ B	gem_group_5
ACCTCCGACTACGA-5	CD8+ Cytotoxic T	gem_group_5
ACCTCCGAGTATGC-5	CD19+ B	gem_group_5
ACCTCGTGACCTCC-5	CD8+ Cytotoxic T	gem_group_5
ACCTCGTGCCTTCG-5	CD8+ Cytotoxic T	gem_group_5
ACCTCGTGCTGTCC-5	CD8+/CD45RA+ Naive Cytotoxic	gem_group_5
ACCTCGTGGCGTAT-5	CD8+ Cytotoxic T	gem_group_5
ACCTTTGAGGCATT-5	CD8+/CD45RA+ Naive Cytotoxic	gem_group_5
ACGAACTGTAGCCA-5	CD8+/CD45RA+ Naive Cytotoxic	gem_group_5
ACGAAGCTGCGAGA-5	CD8+/CD45RA+ Naive Cytotoxic	gem_group_5
ACGACCCTCCCGTT-5	CD56+ NK	gem_group_5
ACGAGTACACGGTT-5	CD8+/CD45RA+ Naive Cytotoxic	gem_group_5
ACGATCGAATTCGG-5	CD14+ Monocyte	gem_group_5
ACGATCGACGCAAT-5	CD8+ Cytotoxic T	gem_group_5
ACGATGACACACAC-5	CD8+ Cytotoxic T	gem_group_5
ACGCACCTGCAAGG-5	CD56+ NK	gem_group_5
ACGCCACTCAATCG-5	CD8+/CD45RA+ Naive Cytotoxic	gem_group_5
ACGCCACTTAGTCG-5	CD4+/CD25 T Reg	gem_group_5
ACGCCGGACGTGAT-5	CD19+ B	gem_group_5
ACGCCGGAGTGCTA-5	CD8+ Cytotoxic T	gem_group_5
ACGCCTTGGTCTGA-5	CD4+/CD45RA+/CD25- Naive T	gem_group_5
ACGGATTGACACCA-5	CD8+/CD45RA+ Naive Cytotoxic	gem_group_5
ACGGATTGAGCCAT-5	CD8+/CD45RA+ Naive Cytotoxic	gem_group_5
ACGGATTGCACCAA-5	CD56+ NK	gem_group_5
ACGGATTGCCTTTA-5	CD8+ Cytotoxic T	gem_group_5
ACGGCTCTATCGGT-5	CD56+ NK	gem_group_5
ACGGCTCTCAGATC-5	CD19+ B	gem_group_5
ACGGGAGAAACAGA-5	CD56+ NK	gem_group_5
ACGGTAACAAAGCA-5	CD56+ NK	gem_group_5
ACGGTAACACCACA-5	CD56+ NK	gem_group_5
ACGGTAACACGGTT-5	CD8+ Cytotoxic T	gem_group_5
ACGGTAACGGGTGA-5	CD8+/CD45RA+ Naive Cytotoxic	gem_group_5
ACGGTAACTTACCT-5	CD14+ Monocyte	gem_group_5
ACGGTATGCTTTAC-5	CD8+/CD45RA+ Naive Cytotoxic	gem_group_5
ACGGTATGTAGACC-5	CD8+ Cytotoxic T	gem_group_5
ACGGTATGTCTCAT-5	CD8+ Cytotoxic T	gem_group_5
ACGTCCTGCTAAGC-5	CD4+/CD45RA+/CD25- Naive T	gem_group_5
ACGTCCTGGAACTC-5	CD8+/CD45RA+ Naive Cytotoxic	gem_group_5
ACGTCCTGTTTCAC-5	CD8+ Cytotoxic T	gem_group_5
ACGTGATGGCTTAG-5	CD56+ NK	gem_group_5
ACGTTACTTCTCAT-5	CD4+/CD45RO+ Memory	gem_group_5
ACGTTGGATGTGCA-5	CD8+ Cytotoxic T	gem_group_5
ACTAAAACCGATAC-5	CD4+/CD25 T Reg	gem_group_5
ACTACGGACGAGAG-5	CD8+/CD45RA+ Naive Cytotoxic	gem_group_5
ACTATCACACCAGT-5	CD56+ NK	gem_group_5
ACTCAGGACCATGA-5	CD56+ NK	gem_group_5
ACTCCCGACTCCCA-5	CD56+ NK	gem_group_5
ACTCCCGAGTCTGA-5	CD4+/CD45RA+/CD25- Naive T	gem_group_5
ACTCGAGAAGATCC-5	CD8+ Cytotoxic T	gem_group_5
ACTCGAGAATGTCG-5	CD8+/CD45RA+ Naive Cytotoxic	gem_group_5
ACTCGAGACACACA-5	CD14+ Monocyte	gem_group_5
ACTCTATGGAATCC-5	CD4+/CD45RA+/CD25- Naive T	gem_group_5
ACTGAGACCATCAG-5	CD19+ B	gem_group_5
ACTGAGACTAGACC-5	CD8+ Cytotoxic T	gem_group_5
ACTGCCTGAAACGA-5	CD56+ NK	gem_group_5
ACTGCCTGTCCGAA-5	CD8+ Cytotoxic T	gem_group_5
ACTGGCCTACGTGT-5	CD8+/CD45RA+ Naive Cytotoxic	gem_group_5
ACTGGCCTCTGAGT-5	CD56+ NK	gem_group_5
ACTGTTACGCTGAT-5	CD56+ NK	gem_group_5
ACTGTTACGTAGGG-5	CD8+/CD45RA+ Naive Cytotoxic	gem_group_5
ACTTAAGACTACCC-5	CD8+ Cytotoxic T	gem_group_5
ACTTAAGATGTGGT-5	CD56+ NK	gem_group_5
ACTTCAACAAGGTA-5	CD56+ NK	gem_group_5
ACTTCTGAGTACCA-5	CD8+ Cytotoxic T	gem_group_5
ACTTGGGAAGCATC-5	CD19+ B	gem_group_5
ACTTGGGAGCGAAG-5	CD8+/CD45RA+ Naive Cytotoxic	gem_group_5
ACTTGTACTCTAGG-5	CD56+ NK	gem_group_5
AGAAACGAGAGGGT-5	CD8+/CD45RA+ Naive Cytotoxic	gem_group_5
AGAAACGATCTCTA-5	CD8+/CD45RA+ Naive Cytotoxic	gem_group_5
AGAAAGTGTATCTC-5	CD34+	gem_group_5
AGAACAGATCAGGT-5	CD8+ Cytotoxic T	gem_group_5
AGAACGCTCATGAC-5	CD8+/CD45RA+ Naive Cytotoxic	gem_group_5
AGAAGATGATCGGT-5	CD8+/CD45RA+ Naive Cytotoxic	gem_group_5
AGAATACTATGGTC-5	CD19+ B	gem_group_5
AGAATTTGATCGTG-5	Dendritic	gem_group_5
AGACACACATCTTC-5	CD8+ Cytotoxic T	gem_group_5
AGACACACCTTTAC-5	CD8+ Cytotoxic T	gem_group_5
AGACACACGCAGAG-5	CD4+/CD25 T Reg	gem_group_5
AGACACTGTGGTGT-5	CD4+/CD25 T Reg	gem_group_5
AGACGTACTAAGCC-5	CD8+ Cytotoxic T	gem_group_5
AGACTGACCCGTTC-5	CD8+/CD45RA+ Naive Cytotoxic	gem_group_5
AGACTTCTCCGTAA-5	CD56+ NK	gem_group_5
AGAGATGACACTCC-5	CD56+ NK	gem_group_5
AGAGATGACGTACA-5	CD8+ Cytotoxic T	gem_group_5
AGAGATGATGCACA-5	CD4+/CD45RA+/CD25- Naive T	gem_group_5
AGAGTCACAGCACT-5	CD14+ Monocyte	gem_group_5
AGAGTCACGACAAA-5	CD56+ NK	gem_group_5
AGAGTCACTTCTCA-5	CD56+ NK	gem_group_5
AGAGTCTGTCCTGC-5	CD8+/CD45RA+ Naive Cytotoxic	gem_group_5
AGAGTCTGTGCCAA-5	CD8+ Cytotoxic T	gem_group_5
AGAGTGCTGGACGA-5	CD56+ NK	gem_group_5
AGAGTGCTGTGAGG-5	CD56+ NK	gem_group_5
AGATATACGGTAGG-5	CD8+ Cytotoxic T	gem_group_5
AGATATTGCCGAAT-5	CD8+/CD45RA+ Naive Cytotoxic	gem_group_5
AGATATTGTAGTCG-5	CD19+ B	gem_group_5
AGATCGTGTGGATC-5	CD8+ Cytotoxic T	gem_group_5
AGATCTCTATTGGC-5	CD19+ B	gem_group_5
AGATCTCTGAATGA-5	CD8+ Cytotoxic T	gem_group_5
AGATTCCTCTTTAC-5	CD4+/CD25 T Reg	gem_group_5
AGATTCCTTCAGTG-5	CD8+/CD45RA+ Naive Cytotoxic	gem_group_5
AGCAAAGAAGCATC-5	CD4+/CD45RO+ Memory	gem_group_5
AGCAAAGATGTCCC-5	CD4+/CD25 T Reg	gem_group_5
AGCAACACTCTAGG-5	CD8+/CD45RA+ Naive Cytotoxic	gem_group_5
AGCAAGCTCGTACA-5	CD8+/CD45RA+ Naive Cytotoxic	gem_group_5
AGCACAACTGCTAG-5	CD8+ Cytotoxic T	gem_group_5
AGCACTGATTGTCT-5	CD4+/CD25 T Reg	gem_group_5
AGCATCGAACGTGT-5	CD4+/CD45RO+ Memory	gem_group_5
AGCATGACACCATG-5	CD8+ Cytotoxic T	gem_group_5
AGCATTCTCCTGAA-5	CD8+/CD45RA+ Naive Cytotoxic	gem_group_5
AGCATTCTCCTTAT-5	CD8+ Cytotoxic T	gem_group_5
AGCATTCTCTTGTT-5	CD8+ Cytotoxic T	gem_group_5
AGCATTCTTTTACC-5	CD4+/CD25 T Reg	gem_group_5
AGCCACCTGCCTTC-5	CD8+ Cytotoxic T	gem_group_5
AGCCGGACTTACCT-5	CD56+ NK	gem_group_5
AGCCGGTGGCAAGG-5	CD8+ Cytotoxic T	gem_group_5
AGCCGTCTGGATCT-5	CD8+/CD45RA+ Naive Cytotoxic	gem_group_5
AGCGAACTCATCAG-5	CD8+/CD45RA+ Naive Cytotoxic	gem_group_5
AGCGAACTGGAACG-5	CD8+/CD45RA+ Naive Cytotoxic	gem_group_5
AGCGATACTGCACA-5	CD8+/CD45RA+ Naive Cytotoxic	gem_group_5
AGCGATTGTACTGG-5	CD8+/CD45RA+ Naive Cytotoxic	gem_group_5
AGCGCCGAAGCATC-5	CD8+ Cytotoxic T	gem_group_5
AGCGCCGAGGTAGG-5	CD14+ Monocyte	gem_group_5
AGCGCTCTAAGGTA-5	CD8+ Cytotoxic T	gem_group_5
AGCGCTCTACACTG-5	CD8+ Cytotoxic T	gem_group_5
AGCGGCTGCTTCCG-5	CD56+ NK	gem_group_5
AGCTGAACCTCATT-5	CD8+/CD45RA+ Naive Cytotoxic	gem_group_5
AGCTGTGACCCGTT-5	CD56+ NK	gem_group_5
AGCTGTGAGCGGAA-5	CD14+ Monocyte	gem_group_5
AGCTTACTCTGGTA-5	CD8+ Cytotoxic T	gem_group_5
AGCTTACTGTGTAC-5	CD4+/CD25 T Reg	gem_group_5
AGGAAATGCCTGTC-5	CD56+ NK	gem_group_5
AGGAAATGGAACTC-5	CD8+/CD45RA+ Naive Cytotoxic	gem_group_5
AGGAATGATCCTTA-5	CD4+/CD45RO+ Memory	gem_group_5
AGGAGTCTGCCAAT-5	CD4+/CD45RA+/CD25- Naive T	gem_group_5
AGGATAGAGGTTAC-5	CD8+ Cytotoxic T	gem_group_5
AGGATGCTAAGTAG-5	CD8+ Cytotoxic T	gem_group_5
AGGCAGGAACCCTC-5	CD8+ Cytotoxic T	gem_group_5
AGGGCCACCTTCTA-5	CD8+/CD45RA+ Naive Cytotoxic	gem_group_5
AGGGTTTGAGGTTC-5	CD19+ B	gem_group_5
AGGGTTTGCAGAGG-5	CD8+/CD45RA+ Naive Cytotoxic	gem_group_5
AGGGTTTGGGATTC-5	CD8+ Cytotoxic T	gem_group_5
AGGGTTTGGTCTAG-5	CD8+ Cytotoxic T	gem_group_5
AGGTACTGAAACGA-5	CD4+/CD45RA+/CD25- Naive T	gem_group_5
AGGTACTGCTGCTC-5	CD4+/CD45RO+ Memory	gem_group_5
AGGTACTGGGTGTT-5	CD8+/CD45RA+ Naive Cytotoxic	gem_group_5
AGGTCATGCGAGAG-5	CD8+ Cytotoxic T	gem_group_5
AGGTCTGACAATCG-5	CD8+/CD45RA+ Naive Cytotoxic	gem_group_5
AGGTCTGAGAGGGT-5	CD8+ Cytotoxic T	gem_group_5
AGGTGGGACTCTAT-5	CD4+/CD45RO+ Memory	gem_group_5
AGGTGGGAGTATCG-5	CD8+/CD45RA+ Naive Cytotoxic	gem_group_5
AGGTTCGAGCATAC-5	CD56+ NK	gem_group_5
AGGTTGTGCAAGCT-5	CD4+/CD25 T Reg	gem_group_5
AGGTTGTGTCTGGA-5	CD19+ B	gem_group_5
AGTAAGGAGTACCA-5	CD19+ B	gem_group_5
AGTAATTGTCAGAC-5	CD8+ Cytotoxic T	gem_group_5
AGTACGTGGGATTC-5	CD4+/CD25 T Reg	gem_group_5
AGTAGAGAAAAAGC-5	CD8+ Cytotoxic T	gem_group_5
AGTATAACTTGTGG-5	CD8+/CD45RA+ Naive Cytotoxic	gem_group_5
AGTATCCTGCTGTA-5	CD8+ Cytotoxic T	gem_group_5
AGTATCCTTTGAGC-5	CD4+/CD45RO+ Memory	gem_group_5
AGTCACGATCAGTG-5	CD8+/CD45RA+ Naive Cytotoxic	gem_group_5
AGTCAGACAACCAC-5	CD4+/CD25 T Reg	gem_group_5
AGTCAGACCTCATT-5	CD8+/CD45RA+ Naive Cytotoxic	gem_group_5
AGTCCAGAACTCTT-5	CD8+/CD45RA+ Naive Cytotoxic	gem_group_5
AGTCGAACGTACGT-5	CD8+/CD45RA+ Naive Cytotoxic	gem_group_5
AGTCGCCTGAGACG-5	CD14+ Monocyte	gem_group_5
AGTCTACTAACGAA-5	CD56+ NK	gem_group_5
AGTCTACTACGCAT-5	CD14+ Monocyte	gem_group_5
AGTCTACTTATTCC-5	CD8+ Cytotoxic T	gem_group_5
AGTGAAGAGTTGTG-5	CD14+ Monocyte	gem_group_5
AGTGACACCATTGG-5	CD4+/CD25 T Reg	gem_group_5
AGTGCAACATGCTG-5	CD19+ B	gem_group_5
AGTGCAACCATACG-5	CD19+ B	gem_group_5
AGTGTGACTACTCT-5	CD8+ Cytotoxic T	gem_group_5
AGTGTTCTCACCAA-5	CD8+ Cytotoxic T	gem_group_5
AGTTAAACCGTTAG-5	CD56+ NK	gem_group_5
AGTTAAACCTGCAA-5	CD8+/CD45RA+ Naive Cytotoxic	gem_group_5
AGTTCTACTCCTCG-5	CD8+ Cytotoxic T	gem_group_5
AGTTCTACTCGATG-5	CD8+/CD45RA+ Naive Cytotoxic	gem_group_5
AGTTCTACTGACAC-5	CD8+ Cytotoxic T	gem_group_5
AGTTCTTGCGAATC-5	CD8+ Cytotoxic T	gem_group_5
AGTTTAGACTACCC-5	CD19+ B	gem_group_5
AGTTTAGACTGTGA-5	CD8+ Cytotoxic T	gem_group_5
AGTTTCACGTCGAT-5	CD8+/CD45RA+ Naive Cytotoxic	gem_group_5
ATAAACACAAAAGC-5	CD8+/CD45RA+ Naive Cytotoxic	gem_group_5
ATAAACACTGCTAG-5	CD8+ Cytotoxic T	gem_group_5
ATAACAACCTAGCA-5	CD8+ Cytotoxic T	gem_group_5
ATAATCGACCAAGT-5	CD8+ Cytotoxic T	gem_group_5
ATAATCGATCACGA-5	CD8+/CD45RA+ Naive Cytotoxic	gem_group_5
ATACAATGGTTAGC-5	CD8+ Cytotoxic T	gem_group_5
ATACACCTACCTGA-5	CD56+ NK	gem_group_5
ATACCACTTGCTCC-5	CD8+ Cytotoxic T	gem_group_5
ATACCGGAGCCAAT-5	CD14+ Monocyte	gem_group_5
ATACCGGATTATCC-5	CD56+ NK	gem_group_5
ATACCTACGACAAA-5	CD8+/CD45RA+ Naive Cytotoxic	gem_group_5
ATACGGACTGTGCA-5	CD19+ B	gem_group_5
ATAGAACTGACGAG-5	CD8+/CD45RA+ Naive Cytotoxic	gem_group_5
ATAGAACTTAAGCC-5	CD8+ Cytotoxic T	gem_group_5
ATAGATTGCATTTC-5	CD8+/CD45RA+ Naive Cytotoxic	gem_group_5
ATAGATTGTTGTGG-5	CD8+/CD45RA+ Naive Cytotoxic	gem_group_5
ATAGCCGATCCAGA-5	CD8+ Cytotoxic T	gem_group_5
ATAGCTCTAGGGTG-5	CD8+ Cytotoxic T	gem_group_5
ATAGGAGAGTTGGT-5	CD8+ Cytotoxic T	gem_group_5
ATAGGAGATTCAGG-5	CD8+/CD45RA+ Naive Cytotoxic	gem_group_5
ATAGTCCTAACGTC-5	CD14+ Monocyte	gem_group_5
ATATAGTGCTACCC-5	CD8+ Cytotoxic T	gem_group_5
ATCAAATGTGCTCC-5	CD8+ Cytotoxic T	gem_group_5
ATCAACCTTCGCAA-5	CD8+/CD45RA+ Naive Cytotoxic	gem_group_5
ATCACACTTGCAAC-5	CD8+/CD45RA+ Naive Cytotoxic	gem_group_5
ATCACGGACGGAGA-5	CD8+ Cytotoxic T	gem_group_5
ATCACGGAGTCTGA-5	CD8+ Cytotoxic T	gem_group_5
ATCACTACTTGCTT-5	CD56+ NK	gem_group_5
ATCACTTGCATTTC-5	CD8+ Cytotoxic T	gem_group_5
ATCATCTGAAGTGA-5	CD8+ Cytotoxic T	gem_group_5
ATCATGCTCTTGTT-5	CD8+/CD45RA+ Naive Cytotoxic	gem_group_5
ATCCATACGCTACA-5	CD4+/CD25 T Reg	gem_group_5
ATCCGCACTCCTAT-5	CD4+/CD25 T Reg	gem_group_5
ATCCTAACCTGTAG-5	CD8+/CD45RA+ Naive Cytotoxic	gem_group_5
ATCGACGATTTGTC-5	CD56+ NK	gem_group_5
ATCGAGTGGTCGAT-5	CD8+ Cytotoxic T	gem_group_5
ATCGCAGAACACTG-5	CD8+/CD45RA+ Naive Cytotoxic	gem_group_5
ATCGCGCTCCGAAT-5	CD56+ NK	gem_group_5
ATCGCGCTTTAGGC-5	CD8+ Cytotoxic T	gem_group_5
ATCTACACGTCTTT-5	CD8+/CD45RA+ Naive Cytotoxic	gem_group_5
ATCTACTGCTGAAC-5	CD8+/CD45RA+ Naive Cytotoxic	gem_group_5
ATCTACTGTTGTCT-5	CD56+ NK	gem_group_5
ATCTGGGAGTTGCA-5	CD56+ NK	gem_group_5
ATCTTGACAAGGTA-5	CD8+/CD45RA+ Naive Cytotoxic	gem_group_5
ATCTTTCTTACGAC-5	CD8+ Cytotoxic T	gem_group_5
ATCTTTCTTACTTC-5	CD8+/CD45RA+ Naive Cytotoxic	gem_group_5
ATCTTTCTTCTCCG-5	CD4+/CD45RA+/CD25- Naive T	gem_group_5
ATGAAACTAGATGA-5	CD8+ Cytotoxic T	gem_group_5
ATGAAACTGGTTTG-5	CD14+ Monocyte	gem_group_5
ATGAAGGAGTGTTG-5	CD8+/CD45RA+ Naive Cytotoxic	gem_group_5
ATGAGAGATATCTC-5	CD8+/CD45RA+ Naive Cytotoxic	gem_group_5
ATGAGCACGTTTGG-5	CD14+ Monocyte	gem_group_5
ATGATAACAAAGCA-5	CD8+/CD45RA+ Naive Cytotoxic	gem_group_5
ATGATATGTCAGAC-5	CD8+ Cytotoxic T	gem_group_5
ATGCACGACCATAG-5	CD4+/CD25 T Reg	gem_group_5
ATGCAGACTACGCA-5	CD56+ NK	gem_group_5
ATGCAGTGTTGCAG-5	CD56+ NK	gem_group_5
ATGCCAGACTGTGA-5	CD8+ Cytotoxic T	gem_group_5
ATGCCGCTGTACGT-5	CD8+ Cytotoxic T	gem_group_5
ATGCCGCTGTCAAC-5	CD4+/CD25 T Reg	gem_group_5
ATGCCGCTGTCACA-5	CD8+/CD45RA+ Naive Cytotoxic	gem_group_5
ATGCGATGTGTTTC-5	CD8+ Cytotoxic T	gem_group_5
ATGCGCCTACAGTC-5	CD8+ Cytotoxic T	gem_group_5
ATGCGCCTTGTGAC-5	CD8+ Cytotoxic T	gem_group_5
ATGCTTTGAAACAG-5	CD8+/CD45RA+ Naive Cytotoxic	gem_group_5
ATGGACACCTGTTT-5	CD8+ Cytotoxic T	gem_group_5
ATGGGTACACGCAT-5	CD8+ Cytotoxic T	gem_group_5
ATGGTGACAGTAGA-5	CD4+/CD45RA+/CD25- Naive T	gem_group_5
ATGGTGACCTTGCC-5	CD14+ Monocyte	gem_group_5
ATGTAAACCATTCT-5	CD8+ Cytotoxic T	gem_group_5
ATGTCACTCTGAGT-5	CD8+ Cytotoxic T	gem_group_5
ATGTTAGAGGTTAC-5	CD8+ Cytotoxic T	gem_group_5
ATGTTCACCATGAC-5	CD19+ B	gem_group_5
ATGTTCACTCAGTG-5	CD8+ Cytotoxic T	gem_group_5
ATGTTGCTAGCTAC-5	CD8+ Cytotoxic T	gem_group_5
ATTAACGACTGCAA-5	CD56+ NK	gem_group_5
ATTACCTGCCCTAC-5	CD19+ B	gem_group_5
ATTAGATGCCTGTC-5	CD56+ NK	gem_group_5
ATTAGTGAACGACT-5	CD8+/CD45RA+ Naive Cytotoxic	gem_group_5
ATTATGGAACCTAG-5	CD4+/CD25 T Reg	gem_group_5
ATTATGGAGGAAAT-5	CD8+/CD45RA+ Naive Cytotoxic	gem_group_5
ATTCCATGGCGTTA-5	CD56+ NK	gem_group_5
ATTCGACTGGGATG-5	CD4+/CD45RO+ Memory	gem_group_5
ATTCTGACTGCGTA-5	CD8+ Cytotoxic T	gem_group_5
ATTGAAACGTGTCA-5	CD8+/CD45RA+ Naive Cytotoxic	gem_group_5
ATTGATGATCAGTG-5	CD19+ B	gem_group_5
ATTGATGATGACAC-5	CD4+/CD25 T Reg	gem_group_5
ATTGCGGAAAGGGC-5	CD8+ Cytotoxic T	gem_group_5
ATTGCGGACGTCTC-5	Dendritic	gem_group_5
ATTGCTACAGGTTC-5	CD8+ Cytotoxic T	gem_group_5
ATTGGGTGTTCTAC-5	CD8+ Cytotoxic T	gem_group_5
ATTGGTCTAAGGGC-5	CD8+ Cytotoxic T	gem_group_5
ATTGTCTGCGGAGA-5	CD8+/CD45RA+ Naive Cytotoxic	gem_group_5
ATTGTCTGGCAGTT-5	CD8+ Cytotoxic T	gem_group_5
ATTTAGGATCTCGC-5	CD8+ Cytotoxic T	gem_group_5
ATTTAGGATGTGAC-5	CD8+/CD45RA+ Naive Cytotoxic	gem_group_5
ATTTCCGACTCAAG-5	CD8+ Cytotoxic T	gem_group_5
ATTTCTCTCACCAA-5	CD8+/CD45RA+ Naive Cytotoxic	gem_group_5
ATTTGCACCTACCC-5	CD8+ Cytotoxic T	gem_group_5
ATTTGCACGACGTT-5	CD56+ NK	gem_group_5
CAAACTCTGACAGG-5	CD4+/CD25 T Reg	gem_group_5
CAAAGCACACGGGA-5	Dendritic	gem_group_5
CAAAGCTGGTTGCA-5	CD8+/CD45RA+ Naive Cytotoxic	gem_group_5
CAAATTGACCGCTT-5	CD56+ NK	gem_group_5
CAACAGACCGTAGT-5	CD8+/CD45RA+ Naive Cytotoxic	gem_group_5
CAACAGACTTCATC-5	CD8+/CD45RA+ Naive Cytotoxic	gem_group_5
CAACCAGAGCCCTT-5	CD19+ B	gem_group_5
CAACCGCTGTTACG-5	CD8+/CD45RA+ Naive Cytotoxic	gem_group_5
CAACGAACACGTGT-5	CD4+/CD25 T Reg	gem_group_5
CAACGATGGACGGA-5	CD8+ Cytotoxic T	gem_group_5
CAACGTGATTCTCA-5	CD8+/CD45RA+ Naive Cytotoxic	gem_group_5
CAACTTTGTCGTAG-5	CD8+ Cytotoxic T	gem_group_5
CAAGAAGAAGCAAA-5	CD8+/CD45RA+ Naive Cytotoxic	gem_group_5
CAAGACACACCTCC-5	CD8+/CD45RA+ Naive Cytotoxic	gem_group_5
CAAGACTGACGACT-5	CD14+ Monocyte	gem_group_5
CAAGACTGACTGTG-5	CD56+ NK	gem_group_5
CAAGCATGCTTACT-5	CD8+/CD45RA+ Naive Cytotoxic	gem_group_5
CAAGGACTTCTCCG-5	CD8+/CD45RA+ Naive Cytotoxic	gem_group_5
CAAGTCGACATTTC-5	CD8+/CD45RA+ Naive Cytotoxic	gem_group_5
CAAGTTCTCCGAAT-5	CD8+/CD45RA+ Naive Cytotoxic	gem_group_5
CAAGTTCTTCGTGA-5	CD8+ Cytotoxic T	gem_group_5
CAATAAACCGTTGA-5	CD4+/CD45RO+ Memory	gem_group_5
CAATAAACGACGTT-5	CD56+ NK	gem_group_5
CAATAATGAAGAAC-5	CD4+/CD45RA+/CD25- Naive T	gem_group_5
CAATATGAGCTGTA-5	CD8+ Cytotoxic T	gem_group_5
CAATGGACTAGACC-5	CD4+/CD45RA+/CD25- Naive T	gem_group_5
CAATGGACTCGTAG-5	CD56+ NK	gem_group_5
CAATTCACATTGGC-5	CD8+ Cytotoxic T	gem_group_5
CACAACGACGTGTA-5	CD8+/CD45RA+ Naive Cytotoxic	gem_group_5
CACACCTGCTCAAG-5	CD4+/CD25 T Reg	gem_group_5
CACACCTGCTGACA-5	CD8+ Cytotoxic T	gem_group_5
CACAGAACAAGGCG-5	CD8+/CD45RA+ Naive Cytotoxic	gem_group_5
CACAGAACAGATCC-5	CD19+ B	gem_group_5
CACAGATGATCTTC-5	CD8+ Cytotoxic T	gem_group_5
CACAGATGGTTGCA-5	CD8+/CD45RA+ Naive Cytotoxic	gem_group_5
CACAGCCTCCCACT-5	CD4+/CD25 T Reg	gem_group_5
CACAGCCTGTGTAC-5	CD8+/CD45RA+ Naive Cytotoxic	gem_group_5
CACAGTGACTTCGC-5	Dendritic	gem_group_5
CACATACTTACGCA-5	CD4+/CD25 T Reg	gem_group_5
CACATACTTCCAGA-5	CD56+ NK	gem_group_5
CACATGGACTCCCA-5	CD8+/CD45RA+ Naive Cytotoxic	gem_group_5
CACGAAACCATGCA-5	CD4+/CD45RO+ Memory	gem_group_5
CACTAACTCGCTAA-5	CD56+ NK	gem_group_5
CACTAGGACGGTAT-5	CD8+ Cytotoxic T	gem_group_5
CACTAGGAGTGTCA-5	CD8+/CD45RA+ Naive Cytotoxic	gem_group_5
CACTCCGAGTCATG-5	CD14+ Monocyte	gem_group_5
CACTCTCTCCAAGT-5	CD56+ NK	gem_group_5
CACTCTCTGCATAC-5	CD8+/CD45RA+ Naive Cytotoxic	gem_group_5
CACTTAACGTTTGG-5	CD4+/CD25 T Reg	gem_group_5
CACTTTGACTGTTT-5	CD8+/CD45RA+ Naive Cytotoxic	gem_group_5
CACTTTGAGACGGA-5	CD8+/CD45RA+ Naive Cytotoxic	gem_group_5
CACTTTGATCCTAT-5	CD8+/CD45RA+ Naive Cytotoxic	gem_group_5
CAGACATGCGAGTT-5	CD8+ Cytotoxic T	gem_group_5
CAGACATGCTGAAC-5	CD56+ NK	gem_group_5
CAGACCCTTTACTC-5	Dendritic	gem_group_5
CAGACTGACTACGA-5	CD56+ NK	gem_group_5
CAGAGGGAATCTCT-5	CD8+/CD45RA+ Naive Cytotoxic	gem_group_5
CAGATGACGACGAG-5	CD8+/CD45RA+ Naive Cytotoxic	gem_group_5
CAGCCTTGCTAGAC-5	CD4+/CD45RO+ Memory	gem_group_5
CAGCCTTGTGGAGG-5	CD8+ Cytotoxic T	gem_group_5
CAGCTAGACAGCTA-5	CD4+/CD45RO+ Memory	gem_group_5
CAGCTCACGCCCTT-5	CD19+ B	gem_group_5
CAGGCCGAACCAAC-5	CD4+/CD25 T Reg	gem_group_5
CAGGCCGATGGTGT-5	CD8+ Cytotoxic T	gem_group_5
CAGGTATGTTGGTG-5	CD14+ Monocyte	gem_group_5
CAGTTACTGGCATT-5	CD4+/CD25 T Reg	gem_group_5
CAGTTACTGGGCAA-5	CD4+/CD45RO+ Memory	gem_group_5
CATAAAACAAACAG-5	CD8+/CD45RA+ Naive Cytotoxic	gem_group_5
CATAAAACGCATCA-5	CD8+ Cytotoxic T	gem_group_5
CATAAATGCGAGTT-5	CD8+ Cytotoxic T	gem_group_5
CATAAATGGTCCTC-5	CD8+ Cytotoxic T	gem_group_5
CATACTACATTCCT-5	CD56+ NK	gem_group_5
CATACTTGTTCACT-5	CD8+ Cytotoxic T	gem_group_5
CATAGTCTACACTG-5	CD8+ Cytotoxic T	gem_group_5
CATAGTCTACAGCT-5	CD4+/CD25 T Reg	gem_group_5
CATCAACTTCAGTG-5	CD8+ Cytotoxic T	gem_group_5
CATCAGGACAGTTG-5	CD4+/CD25 T Reg	gem_group_5
CATCAGGACTGTTT-5	CD4+/CD45RO+ Memory	gem_group_5
CATGCCACACCCTC-5	CD8+/CD45RA+ Naive Cytotoxic	gem_group_5
CATGCCACGCCAAT-5	CD8+/CD45RA+ Naive Cytotoxic	gem_group_5
CATGCCACGCTAAC-5	CD8+/CD45RA+ Naive Cytotoxic	gem_group_5
CATGGCCTCTATGG-5	Dendritic	gem_group_5
CATGGCCTTCTCTA-5	CD56+ NK	gem_group_5
CATGTTACTCAGTG-5	CD19+ B	gem_group_5
CATTACACCTGTGA-5	CD4+/CD25 T Reg	gem_group_5
CATTAGCTGAATAG-5	CD8+ Cytotoxic T	gem_group_5
CATTCCCTGTATGC-5	CD8+ Cytotoxic T	gem_group_5
CATTCCCTTTTCTG-5	CD8+ Cytotoxic T	gem_group_5
CATTGACTAAGCAA-5	CD8+ Cytotoxic T	gem_group_5
CATTGACTCCTGAA-5	CD19+ B	gem_group_5
CATTGGGAGATGAA-5	CD8+ Cytotoxic T	gem_group_5
CATTGTTGGCCAAT-5	CD8+/CD45RA+ Naive Cytotoxic	gem_group_5
CATTGTTGGGTAGG-5	CD8+ Cytotoxic T	gem_group_5
CATTGTTGTTGACG-5	CD8+ Cytotoxic T	gem_group_5
CATTTCGAACGGAG-5	CD8+ Cytotoxic T	gem_group_5
CCAACCTGGGGACA-5	CD4+/CD45RO+ Memory	gem_group_5
CCAACCTGTGTTTC-5	CD8+ Cytotoxic T	gem_group_5
CCAAGAACAAGCAA-5	CD4+/CD25 T Reg	gem_group_5
CCAAGAACTTCAGG-5	CD8+ Cytotoxic T	gem_group_5
CCAAGATGATGTGC-5	CD8+ Cytotoxic T	gem_group_5
CCAAGTGAAGTCGT-5	CD8+/CD45RA+ Naive Cytotoxic	gem_group_5
CCAATGGAACGTTG-5	CD4+/CD45RO+ Memory	gem_group_5
CCACCTGAACGGGA-5	Dendritic	gem_group_5
CCACCTGAGTCTAG-5	CD8+ Cytotoxic T	gem_group_5
CCACCTGATCTCCG-5	CD56+ NK	gem_group_5
CCACGGGACCTATT-5	CD8+/CD45RA+ Naive Cytotoxic	gem_group_5
CCACGGGATAACCG-5	CD8+ Cytotoxic T	gem_group_5
CCACTTCTAGACTC-5	CD8+/CD45RA+ Naive Cytotoxic	gem_group_5
CCACTTCTCATGCA-5	CD8+ Cytotoxic T	gem_group_5
CCAGACCTTTGAGC-5	CD8+ Cytotoxic T	gem_group_5
CCAGCACTCGGTAT-5	CD8+ Cytotoxic T	gem_group_5
CCAGCACTCTGACA-5	CD8+/CD45RA+ Naive Cytotoxic	gem_group_5
CCAGCACTCTGTCC-5	CD8+/CD45RA+ Naive Cytotoxic	gem_group_5
CCAGCACTTGTTCT-5	CD56+ NK	gem_group_5
CCAGCTACCCATGA-5	CD8+ Cytotoxic T	gem_group_5
CCAGGTCTCTGACA-5	CD8+/CD45RA+ Naive Cytotoxic	gem_group_5
CCAGTCTGGATACC-5	CD8+ Cytotoxic T	gem_group_5
CCAGTCTGTCACGA-5	CD8+ Cytotoxic T	gem_group_5
CCAGTGCTCGTAAC-5	CD8+/CD45RA+ Naive Cytotoxic	gem_group_5
CCATAGGAGTCATG-5	CD8+ Cytotoxic T	gem_group_5
CCATATACAGTCGT-5	CD56+ NK	gem_group_5
CCATATACCTCTTA-5	CD8+ Cytotoxic T	gem_group_5
CCATATACGGACGA-5	CD8+/CD45RA+ Naive Cytotoxic	gem_group_5
CCATATACTTGAGC-5	CD8+ Cytotoxic T	gem_group_5
CCATGCTGACGGTT-5	CD8+ Cytotoxic T	gem_group_5
CCATTAACGACGGA-5	CD8+ Cytotoxic T	gem_group_5
CCATTAACTGATGC-5	CD8+ Cytotoxic T	gem_group_5
CCCAAAGAAGTACC-5	CD4+/CD45RO+ Memory	gem_group_5
CCCAACACCAAAGA-5	CD4+/CD25 T Reg	gem_group_5
CCCAACTGCCGTTC-5	CD8+ Cytotoxic T	gem_group_5
CCCAGACTGGAACG-5	CD14+ Monocyte	gem_group_5
CCCAGTTGATGTGC-5	CD8+/CD45RA+ Naive Cytotoxic	gem_group_5
CCCAGTTGTCCAAG-5	CD19+ B	gem_group_5
CCCAGTTGTGCCCT-5	CD8+ Cytotoxic T	gem_group_5
CCCATCGAGTCACA-5	CD56+ NK	gem_group_5
CCCATGTGCAGGAG-5	CD19+ B	gem_group_5
CCCGAACTATCTCT-5	CD56+ NK	gem_group_5
CCCGATTGGCTGTA-5	CD8+ Cytotoxic T	gem_group_5
CCCGATTGTCCTCG-5	CD8+/CD45RA+ Naive Cytotoxic	gem_group_5
CCCGGAGATATGCG-5	CD8+/CD45RA+ Naive Cytotoxic	gem_group_5
CCCTACGAAATCGC-5	CD8+/CD45RA+ Naive Cytotoxic	gem_group_5
CCCTAGTGTTTCAC-5	CD8+ Cytotoxic T	gem_group_5
CCCTCAGATCAGAC-5	CD8+/CD45RA+ Naive Cytotoxic	gem_group_5
CCCTCAGATTCCCG-5	CD56+ NK	gem_group_5
CCCTGATGGAATAG-5	CD4+/CD25 T Reg	gem_group_5
CCCTTACTGTGCAT-5	CD56+ NK	gem_group_5
CCGACACTGAGCAG-5	CD56+ NK	gem_group_5
CCGACACTTCCTCG-5	CD56+ NK	gem_group_5
CCGCGAGAGTGTCA-5	CD8+ Cytotoxic T	gem_group_5
CCGCGAGATCTATC-5	CD14+ Monocyte	gem_group_5
CCGCTATGACCAAC-5	CD56+ NK	gem_group_5
CCGGAGACGTTGGT-5	CD8+ Cytotoxic T	gem_group_5
CCGGAGTGAGAGGC-5	CD8+/CD45RA+ Naive Cytotoxic	gem_group_5
CCGGAGTGAGTCTG-5	CD4+/CD25 T Reg	gem_group_5
CCGGAGTGCACCAA-5	CD8+ Cytotoxic T	gem_group_5
CCGTAAGACAGTTG-5	CD8+ Cytotoxic T	gem_group_5
CCTAAGGAGTTTCT-5	CD8+ Cytotoxic T	gem_group_5
CCTAGAGAGGTATC-5	CD8+/CD45RA+ Naive Cytotoxic	gem_group_5
CCTAGAGATACTCT-5	Dendritic	gem_group_5
CCTAGAGATGCTCC-5	CD14+ Monocyte	gem_group_5
CCTATAACGCGTAT-5	CD8+ Cytotoxic T	gem_group_5
CCTATTGAGTTACG-5	CD8+ Cytotoxic T	gem_group_5
CCTCATCTCCGCTT-5	CD4+/CD25 T Reg	gem_group_5
CCTCATCTGGTATC-5	CD8+ Cytotoxic T	gem_group_5
CCTCATCTTTTGGG-5	CD4+/CD45RO+ Memory	gem_group_5
CCTCGAACCCCACT-5	CD19+ B	gem_group_5
CCTCTACTCTGTAG-5	CD4+/CD45RA+/CD25- Naive T	gem_group_5
CCTGACTGCTGACA-5	CD8+ Cytotoxic T	gem_group_5
CCTGACTGTGGAGG-5	CD4+/CD45RA+/CD25- Naive T	gem_group_5
CCTGAGCTTGGTGT-5	CD4+/CD45RO+ Memory	gem_group_5
CCTGCAACCCTGTC-5	CD8+ Cytotoxic T	gem_group_5
CCTTCACTGGGATG-5	CD4+/CD45RO+ Memory	gem_group_5
CCTTCACTGGTGAG-5	CD8+/CD45RA+ Naive Cytotoxic	gem_group_5
CCTTTAGAGAGCTT-5	CD14+ Monocyte	gem_group_5
CCTTTAGATATGGC-5	CD8+/CD45RA+ Naive Cytotoxic	gem_group_5
CGAAGACTTTGTGG-5	CD8+/CD45RA+ Naive Cytotoxic	gem_group_5
CGAATCGATTCTGT-5	CD19+ B	gem_group_5
CGACCACTTTACTC-5	CD56+ NK	gem_group_5
CGACCGGACTCGCT-5	CD8+ Cytotoxic T	gem_group_5
CGACCGGACTGACA-5	CD8+ Cytotoxic T	gem_group_5
CGACCTACAGCTAC-5	CD8+ Cytotoxic T	gem_group_5
CGACCTACTCATTC-5	CD4+/CD25 T Reg	gem_group_5
CGACCTTGTTGCGA-5	CD8+ Cytotoxic T	gem_group_5
CGACGTCTAGCCAT-5	CD8+ Cytotoxic T	gem_group_5
CGACTCACGGAGGT-5	CD19+ B	gem_group_5
CGACTGCTCTCAGA-5	CD4+/CD25 T Reg	gem_group_5
CGAGCCGACTTGAG-5	CD19+ B	gem_group_5
CGAGCCGATCAGTG-5	CD4+/CD25 T Reg	gem_group_5
CGAGCGTGCTTCCG-5	CD8+ Cytotoxic T	gem_group_5
CGAGCGTGTGCTAG-5	CD8+/CD45RA+ Naive Cytotoxic	gem_group_5
CGAGGCACCAGATC-5	CD19+ B	gem_group_5
CGAGGGCTTTCCGC-5	CD4+/CD45RO+ Memory	gem_group_5
CGAGTATGACACCA-5	CD4+/CD25 T Reg	gem_group_5
CGATACGAACGACT-5	CD4+/CD25 T Reg	gem_group_5
CGATAGACTACGAC-5	CD56+ NK	gem_group_5
CGATCAGATATGCG-5	CD8+ Cytotoxic T	gem_group_5
CGATCCACAATGCC-5	CD8+/CD45RA+ Naive Cytotoxic	gem_group_5
CGATCCACAGAGTA-5	CD8+ Cytotoxic T	gem_group_5
CGATCCACCAGGAG-5	CD56+ NK	gem_group_5
CGATCCACGGGCAA-5	CD8+/CD45RA+ Naive Cytotoxic	gem_group_5
CGATCCACTGTAGC-5	CD4+/CD45RO+ Memory	gem_group_5
CGCAACCTACCCTC-5	CD4+/CD45RO+ Memory	gem_group_5
CGCAACCTGTTGCA-5	CD56+ NK	gem_group_5
CGCACGGACCCTTG-5	CD4+/CD45RO+ Memory	gem_group_5
CGCACTTGAGAACA-5	CD8+ Cytotoxic T	gem_group_5
CGCAGGTGAGCTAC-5	CD4+/CD25 T Reg	gem_group_5
CGCAGGTGCCTCCA-5	CD8+ Cytotoxic T	gem_group_5
CGCATAGAGCTTAG-5	CD56+ NK	gem_group_5
CGCCATACACCTCC-5	CD8+ Cytotoxic T	gem_group_5
CGCCGAGACACTAG-5	CD56+ NK	gem_group_5
CGCCGAGACTCTCG-5	CD8+/CD45RA+ Naive Cytotoxic	gem_group_5
CGCCTAACTCCGTC-5	CD8+ Cytotoxic T	gem_group_5
CGCGATCTTACTCT-5	CD8+/CD45RA+ Naive Cytotoxic	gem_group_5
CGCGGATGAACTGC-5	CD56+ NK	gem_group_5
CGCGGATGAGATGA-5	CD8+/CD45RA+ Naive Cytotoxic	gem_group_5
CGCTACACACCATG-5	CD8+ Cytotoxic T	gem_group_5
CGCTACTGTCAGGT-5	CD8+ Cytotoxic T	gem_group_5
CGCTCATGGCGGAA-5	CD8+ Cytotoxic T	gem_group_5
CGCTCATGGTATGC-5	CD8+ Cytotoxic T	gem_group_5
CGGAATTGGTACGT-5	CD8+ Cytotoxic T	gem_group_5
CGGACTCTGGACGA-5	CD56+ NK	gem_group_5
CGGATAACACAGTC-5	CD56+ NK	gem_group_5
CGGATAACTGTTCT-5	CD56+ NK	gem_group_5
CGGATATGCCATAG-5	CD14+ Monocyte	gem_group_5
CGGCACGAGAGATA-5	CD8+ Cytotoxic T	gem_group_5
CGGCACGATGTTTC-5	Dendritic	gem_group_5
CGGCATCTACGGTT-5	CD19+ B	gem_group_5
CGGCCAGACGCAAT-5	CD8+/CD45RA+ Naive Cytotoxic	gem_group_5
CGGCGAACAATCGC-5	CD8+/CD45RA+ Naive Cytotoxic	gem_group_5
CGGCGAACTGTTCT-5	CD4+/CD45RA+/CD25- Naive T	gem_group_5
CGGGACTGCTTTAC-5	CD8+/CD45RA+ Naive Cytotoxic	gem_group_5
CGGTAAACAAACGA-5	CD8+ Cytotoxic T	gem_group_5
CGGTAAACCATCAG-5	Dendritic	gem_group_5
CGGTACCTTCCGAA-5	Dendritic	gem_group_5
CGGTCACTTCAGTG-5	CD8+/CD45RA+ Naive Cytotoxic	gem_group_5
CGTAACGACTTACT-5	CD8+ Cytotoxic T	gem_group_5
CGTAACGAGCCAAT-5	CD8+ Cytotoxic T	gem_group_5
CGTACAGAGATAAG-5	CD4+/CD25 T Reg	gem_group_5
CGTACCACTCTGGA-5	CD8+/CD45RA+ Naive Cytotoxic	gem_group_5
CGTACCTGAGCTAC-5	CD19+ B	gem_group_5
CGTCAAGATGCTTT-5	CD14+ Monocyte	gem_group_5
CGTCCAACAACCTG-5	CD14+ Monocyte	gem_group_5
CGTCCAACCTACGA-5	CD4+/CD25 T Reg	gem_group_5
CGTCGACTCCGCTT-5	CD8+ Cytotoxic T	gem_group_5
CGTGTAGAAAGAGT-5	CD8+ Cytotoxic T	gem_group_5
CGTTATACTAGAAG-5	CD8+ Cytotoxic T	gem_group_5
CGTTTAACCAACTG-5	CD8+ Cytotoxic T	gem_group_5
CGTTTAACCTGTTT-5	CD56+ NK	gem_group_5
CGTTTAACTCACCC-5	CD56+ NK	gem_group_5
CTAAACCTTGTGCA-5	CD56+ NK	gem_group_5
CTAACACTGTATCG-5	CD56+ NK	gem_group_5
CTAACGGACTCTAT-5	CD4+/CD25 T Reg	gem_group_5
CTAACGGATAGTCG-5	CD19+ B	gem_group_5
CTAAGGACTGCTTT-5	CD8+/CD45RA+ Naive Cytotoxic	gem_group_5
CTAATGCTTCTAGG-5	Dendritic	gem_group_5
CTACAACTCCCTCA-5	CD8+/CD45RA+ Naive Cytotoxic	gem_group_5
CTACCTCTTTCCCG-5	CD8+/CD45RA+ Naive Cytotoxic	gem_group_5
CTACGCACGGGCAA-5	CD8+ Cytotoxic T	gem_group_5
CTACGGCTTAAAGG-5	CD19+ B	gem_group_5
CTACTATGACCAGT-5	CD4+/CD25 T Reg	gem_group_5
CTACTATGGGCGAA-5	CD56+ NK	gem_group_5
CTAGAGACTTTGCT-5	CD8+ Cytotoxic T	gem_group_5
CTAGGATGCTCAAG-5	CD56+ NK	gem_group_5
CTAGGATGGTTAGC-5	CD4+/CD45RA+/CD25- Naive T	gem_group_5
CTAGGCCTACCAAC-5	CD8+ Cytotoxic T	gem_group_5
CTAGGTGACGTAAC-5	CD8+/CD45RA+ Naive Cytotoxic	gem_group_5
CTAGGTGAGAGGAC-5	CD8+ Cytotoxic T	gem_group_5
CTAGTTACCGTGTA-5	CD8+/CD45RA+ Naive Cytotoxic	gem_group_5
CTATACTGGGTTTG-5	CD8+ Cytotoxic T	gem_group_5
CTATACTGGTCATG-5	CD19+ B	gem_group_5
CTATAGCTAAGAAC-5	CD8+ Cytotoxic T	gem_group_5
CTATCAACCCTCCA-5	CD19+ B	gem_group_5
CTATGTACCCTGAA-5	CD19+ B	gem_group_5
CTATGTTGGTCGAT-5	CD56+ NK	gem_group_5
CTATTGTGTGCACA-5	CD19+ B	gem_group_5
CTCAATTGCAGTCA-5	CD8+/CD45RA+ Naive Cytotoxic	gem_group_5
CTCAGAGACTCTCG-5	CD8+/CD45RA+ Naive Cytotoxic	gem_group_5
CTCAGCTGGTAGGG-5	CD4+/CD45RO+ Memory	gem_group_5
CTCAGCTGGTCGTA-5	CD8+ Cytotoxic T	gem_group_5
CTCAGCTGTTGCAG-5	CD4+/CD45RO+ Memory	gem_group_5
CTCAGGCTACGCAT-5	CD56+ NK	gem_group_5
CTCCACGAGATGAA-5	CD8+ Cytotoxic T	gem_group_5
CTCCACGAGCGAAG-5	Dendritic	gem_group_5
CTCCATCTGTGCAT-5	CD34+	gem_group_5
CTCCATCTTGACCA-5	CD4+/CD25 T Reg	gem_group_5
CTCCTACTCTGGAT-5	CD4+/CD25 T Reg	gem_group_5
CTCCTACTGGAAAT-5	CD4+/CD45RO+ Memory	gem_group_5
CTCCTACTGGTGTT-5	CD19+ B	gem_group_5
CTCGAAGACCTTGC-5	CD56+ NK	gem_group_5
CTCGACACACGGAG-5	CD56+ NK	gem_group_5
CTCGACACGGTGGA-5	CD19+ B	gem_group_5
CTCGACACGTGTTG-5	CD8+ Cytotoxic T	gem_group_5
CTCGACTGCGAGTT-5	CD8+/CD45RA+ Naive Cytotoxic	gem_group_5
CTCTAAACCTATTC-5	CD8+ Cytotoxic T	gem_group_5
CTGAACGACCGCTT-5	CD19+ B	gem_group_5
CTGAAGACTCTGGA-5	CD56+ NK	gem_group_5
CTGAAGTGCGCCTT-5	CD8+/CD45RA+ Naive Cytotoxic	gem_group_5
CTGACAGAGAGGAC-5	CD8+ Cytotoxic T	gem_group_5
CTGACAGATGCGTA-5	CD8+ Cytotoxic T	gem_group_5
CTGACCACGTACCA-5	CD8+/CD45RA+ Naive Cytotoxic	gem_group_5
CTGAGCCTGCGATT-5	CD4+/CD25 T Reg	gem_group_5
CTGATACTCTCAGA-5	CD8+/CD45RA+ Naive Cytotoxic	gem_group_5
CTGATGGATTTGGG-5	Dendritic	gem_group_5
CTGATTTGGAAACA-5	CD56+ NK	gem_group_5
CTGCAGCTCCCTTG-5	CD56+ NK	gem_group_5
CTGCCAACCTGGAT-5	CD8+/CD45RA+ Naive Cytotoxic	gem_group_5
CTGCCAACTATCTC-5	CD56+ NK	gem_group_5
CTGCGACTAACAGA-5	CD56+ NK	gem_group_5
CTGCGACTCTAGTG-5	CD8+/CD45RA+ Naive Cytotoxic	gem_group_5
CTGCGACTGCAAGG-5	CD8+/CD45RA+ Naive Cytotoxic	gem_group_5
CTGGAAACGAAAGT-5	Dendritic	gem_group_5
CTGGATGATCTGGA-5	CD8+ Cytotoxic T	gem_group_5
CTGTATACCCAAGT-5	CD8+ Cytotoxic T	gem_group_5
CTGTATACTGCACA-5	CD56+ NK	gem_group_5
CTGTATACTTGCGA-5	CD8+ Cytotoxic T	gem_group_5
CTGTGAGACCCTAC-5	CD56+ NK	gem_group_5
CTTAAAGAACCCTC-5	CD19+ B	gem_group_5
CTTAACACAGACTC-5	CD8+/CD45RA+ Naive Cytotoxic	gem_group_5
CTTACAACAAACGA-5	CD8+/CD45RA+ Naive Cytotoxic	gem_group_5
CTTACATGCATGAC-5	CD19+ B	gem_group_5
CTTACTGAAACCAC-5	CD4+/CD45RO+ Memory	gem_group_5
CTTCACCTCTGGTA-5	CD8+ Cytotoxic T	gem_group_5
CTTGAACTCTGTTT-5	CD8+/CD45RA+ Naive Cytotoxic	gem_group_5
CTTGAGGAGCAAGG-5	CD8+/CD45RA+ Naive Cytotoxic	gem_group_5
CTTTAGACTTACCT-5	CD4+/CD25 T Reg	gem_group_5
CTTTAGTGCTACGA-5	CD8+ Cytotoxic T	gem_group_5
CTTTAGTGCTCTTA-5	CD8+ Cytotoxic T	gem_group_5
CTTTAGTGCTTGCC-5	CD19+ B	gem_group_5
CTTTCAGAATCTCT-5	CD8+ Cytotoxic T	gem_group_5
CTTTCAGATCCAGA-5	CD8+ Cytotoxic T	gem_group_5
CTTTGATGGGACGA-5	CD4+/CD45RO+ Memory	gem_group_5
GAAACCTGCAAGCT-5	CD8+ Cytotoxic T	gem_group_5
GAAACCTGGTACAC-5	CD56+ NK	gem_group_5
GAAACCTGTCCTCG-5	Dendritic	gem_group_5
GAAATACTCACTCC-5	CD8+/CD45RA+ Naive Cytotoxic	gem_group_5
GAAATACTGCGTTA-5	CD56+ NK	gem_group_5
GAACACACACCCTC-5	CD8+ Cytotoxic T	gem_group_5
GAACAGCTGAATGA-5	CD56+ NK	gem_group_5
GAACAGCTTGGTGT-5	CD4+/CD25 T Reg	gem_group_5
GAACCTGACGTTAG-5	CD19+ B	gem_group_5
GAACGGGAAAGTAG-5	Dendritic	gem_group_5
GAACGGGATCTCAT-5	CD4+/CD45RO+ Memory	gem_group_5
GAACGTTGTGATGC-5	CD19+ B	gem_group_5
GAAGAATGCGTAGT-5	CD14+ Monocyte	gem_group_5
GAAGTAGATGCCTC-5	CD8+/CD45RA+ Naive Cytotoxic	gem_group_5
GAAGTCACTGGGAG-5	CD56+ NK	gem_group_5
GAAGTCTGGCGAGA-5	CD4+/CD25 T Reg	gem_group_5
GAAGTCTGTCAAGC-5	CD8+ Cytotoxic T	gem_group_5
GAATGCACAAGTGA-5	CD4+/CD25 T Reg	gem_group_5
GAATGCACCCGTAA-5	CD8+ Cytotoxic T	gem_group_5
GAATGCACCTTAGG-5	CD8+ Cytotoxic T	gem_group_5
GAATGCACGCCAAT-5	CD8+ Cytotoxic T	gem_group_5
GAATGCTGCCTATT-5	CD8+/CD45RA+ Naive Cytotoxic	gem_group_5
GACAACACACCTTT-5	CD4+/CD45RO+ Memory	gem_group_5
GACAACACCGTGAT-5	CD4+/CD25 T Reg	gem_group_5
GACAACACGGTATC-5	CD4+/CD25 T Reg	gem_group_5
GACAACACTGCAAC-5	CD8+ Cytotoxic T	gem_group_5
GACAACTGTGCCCT-5	CD19+ B	gem_group_5
GACAGGGAGTTACG-5	CD8+ Cytotoxic T	gem_group_5
GACAGTACGTCTAG-5	CD14+ Monocyte	gem_group_5
GACAGTACTTTGGG-5	CD8+ Cytotoxic T	gem_group_5
GACAGTTGATAAGG-5	CD8+/CD45RA+ Naive Cytotoxic	gem_group_5
GACAGTTGGCGGAA-5	CD8+ Cytotoxic T	gem_group_5
GACATTCTTTATCC-5	CD8+/CD45RA+ Naive Cytotoxic	gem_group_5
GACCTAGATCTACT-5	CD56+ NK	gem_group_5
GACCTCACTATCTC-5	CD8+/CD45RA+ Naive Cytotoxic	gem_group_5
GACGCCGACAACCA-5	CD8+/CD45RA+ Naive Cytotoxic	gem_group_5
GACGCCGAGAGGCA-5	CD19+ B	gem_group_5
GACGCCGAGTACGT-5	CD4+/CD45RO+ Memory	gem_group_5
GACGCTCTGGTTAC-5	CD56+ NK	gem_group_5
GACGGCACGCTGTA-5	CD14+ Monocyte	gem_group_5
GACGTAACCTACGA-5	CD4+/CD25 T Reg	gem_group_5
GACGTAACGTCACA-5	CD8+/CD45RA+ Naive Cytotoxic	gem_group_5
GACTACGAGTTGGT-5	CD4+/CD45RO+ Memory	gem_group_5
GACTGAACAGCATC-5	CD8+/CD45RA+ Naive Cytotoxic	gem_group_5
GACTGAACTTTACC-5	CD4+/CD45RO+ Memory	gem_group_5
GACTGTGATTCTAC-5	CD8+/CD45RA+ Naive Cytotoxic	gem_group_5
GACTTTACCTTGAG-5	CD19+ B	gem_group_5
GAGAAATGAAAACG-5	CD8+/CD45RA+ Naive Cytotoxic	gem_group_5
GAGAAATGGAAAGT-5	CD8+/CD45RA+ Naive Cytotoxic	gem_group_5
GAGAAATGTCCAGA-5	CD4+/CD25 T Reg	gem_group_5
GAGAGGTGGATACC-5	CD8+ Cytotoxic T	gem_group_5
GAGATAGAAACGGG-5	CD8+ Cytotoxic T	gem_group_5
GAGATAGACTAGAC-5	CD8+ Cytotoxic T	gem_group_5
GAGATAGATTGAGC-5	CD19+ B	gem_group_5
GAGATCACACACTG-5	CD8+/CD45RA+ Naive Cytotoxic	gem_group_5
GAGCAACTTGTTTC-5	CD8+ Cytotoxic T	gem_group_5
GAGCATACACACCA-5	CD8+ Cytotoxic T	gem_group_5
GAGCGCTGTCCTCG-5	CD4+/CD45RO+ Memory	gem_group_5
GAGCGGCTAGTGTC-5	CD56+ NK	gem_group_5
GAGCGGCTGAGGCA-5	CD8+/CD45RA+ Naive Cytotoxic	gem_group_5
GAGCGGCTTAAGGA-5	CD19+ B	gem_group_5
GAGGCAGATGGATC-5	CD8+/CD45RA+ Naive Cytotoxic	gem_group_5
GAGGCCACTCTCGC-5	CD4+/CD25 T Reg	gem_group_5
GAGGCCACTTCGGA-5	CD4+/CD25 T Reg	gem_group_5
GAGGGAACGAGGTG-5	CD8+ Cytotoxic T	gem_group_5
GAGGGATGCCGTAA-5	CD8+ Cytotoxic T	gem_group_5
GAGGGATGTGAGCT-5	CD56+ NK	gem_group_5
GAGGTACTCGAGTT-5	CD8+/CD45RA+ Naive Cytotoxic	gem_group_5
GAGGTACTGAGGAC-5	CD4+/CD25 T Reg	gem_group_5
GAGGTGGACAACCA-5	CD19+ B	gem_group_5
GAGGTGGAGTGTCA-5	CD56+ NK	gem_group_5
GAGGTTACGGGTGA-5	CD8+/CD45RA+ Naive Cytotoxic	gem_group_5
GAGGTTACTGCACA-5	CD56+ NK	gem_group_5
GAGTAAGAAAAGTG-5	CD19+ B	gem_group_5
GAGTAAGAAGACTC-5	CD8+/CD45RA+ Naive Cytotoxic	gem_group_5
GAGTACACCATTGG-5	CD19+ B	gem_group_5
GAGTACTGTACTTC-5	CD4+/CD25 T Reg	gem_group_5
GAGTACTGTGACTG-5	CD56+ NK	gem_group_5
GAGTCAACCGTTAG-5	CD8+ Cytotoxic T	gem_group_5
GAGTGACTATGTCG-5	CD4+/CD25 T Reg	gem_group_5
GAGTTGTGCCTTGC-5	CD8+/CD45RA+ Naive Cytotoxic	gem_group_5
GATAAGGACAGTCA-5	CD14+ Monocyte	gem_group_5
GATACTCTAACCAC-5	CD19+ B	gem_group_5
GATACTCTACCACA-5	CD8+ Cytotoxic T	gem_group_5
GATACTCTCGTAGT-5	CD4+/CD45RO+ Memory	gem_group_5
GATAGAGACTAAGC-5	CD8+/CD45RA+ Naive Cytotoxic	gem_group_5
GATATAACGACGTT-5	CD8+/CD45RA+ Naive Cytotoxic	gem_group_5
GATATAACTCTCTA-5	CD8+ Cytotoxic T	gem_group_5
GATATATGTTCTGT-5	CD8+ Cytotoxic T	gem_group_5
GATATTGATCGTAG-5	CD8+/CD45RA+ Naive Cytotoxic	gem_group_5
GATCATCTAGAACA-5	CD8+ Cytotoxic T	gem_group_5
GATCCCTGTGGTAC-5	CD8+/CD45RA+ Naive Cytotoxic	gem_group_5
GATCCGCTCAGCTA-5	CD8+/CD45RA+ Naive Cytotoxic	gem_group_5
GATCGAACGACGAG-5	Dendritic	gem_group_5
GATCGAACGTTCAG-5	CD8+ Cytotoxic T	gem_group_5
GATCGTGACCAATG-5	CD8+ Cytotoxic T	gem_group_5
GATCGTGAGCGAAG-5	CD8+ Cytotoxic T	gem_group_5
GATCTTTGCTTAGG-5	CD8+ Cytotoxic T	gem_group_5
GATCTTTGGACGTT-5	CD8+/CD45RA+ Naive Cytotoxic	gem_group_5
GATGACACACTGGT-5	CD14+ Monocyte	gem_group_5
GATGACACTCTAGG-5	Dendritic	gem_group_5
GATGCAACATCACG-5	CD56+ NK	gem_group_5
GATGCATGATCTCT-5	CD8+ Cytotoxic T	gem_group_5
GATGCATGCCGCTT-5	CD19+ B	gem_group_5
GATGCATGGCTAAC-5	CD19+ B	gem_group_5
GATGCCCTAGAGGC-5	CD8+ Cytotoxic T	gem_group_5
GATGCCCTTCCCAC-5	CD4+/CD25 T Reg	gem_group_5
GATTACCTCTACGA-5	CD8+ Cytotoxic T	gem_group_5
GATTCGGATCTCGC-5	CD4+/CD45RO+ Memory	gem_group_5
GATTCGGATGACTG-5	CD14+ Monocyte	gem_group_5
GATTCTACGCGAAG-5	CD8+ Cytotoxic T	gem_group_5
GATTGGTGATTGGC-5	CD19+ B	gem_group_5
GATTGGTGTCCGTC-5	CD8+ Cytotoxic T	gem_group_5
GATTGGTGTTCCGC-5	CD19+ B	gem_group_5
GATTTAGATTGGTG-5	CD56+ NK	gem_group_5
GATTTGCTATCAGC-5	CD8+ Cytotoxic T	gem_group_5
GATTTGCTGGACGA-5	CD4+/CD45RO+ Memory	gem_group_5
GCAACCCTGATAGA-5	CD8+ Cytotoxic T	gem_group_5
GCAACTGATCTACT-5	CD8+ Cytotoxic T	gem_group_5
GCAAGACTGAACCT-5	CD8+/CD45RA+ Naive Cytotoxic	gem_group_5
GCAATTCTTTCGCC-5	CD4+/CD45RO+ Memory	gem_group_5
GCACAAACCAGAGG-5	CD8+ Cytotoxic T	gem_group_5
GCACAAACCTGAGT-5	CD4+/CD25 T Reg	gem_group_5
GCACAATGGAACCT-5	CD19+ B	gem_group_5
GCACACCTAGACTC-5	CD8+ Cytotoxic T	gem_group_5
GCACCACTCCTGTC-5	CD4+/CD25 T Reg	gem_group_5
GCACCACTGTGTAC-5	CD8+ Cytotoxic T	gem_group_5
GCACCTACTAAGCC-5	CD19+ B	gem_group_5
GCACGGACCATGCA-5	CD8+ Cytotoxic T	gem_group_5
GCACGGACCTACGA-5	CD4+/CD45RA+/CD25- Naive T	gem_group_5
GCACGGACTTCCCG-5	CD8+ Cytotoxic T	gem_group_5
GCACGGTGGGTTCA-5	CD8+ Cytotoxic T	gem_group_5
GCACTAGACTGACA-5	CD8+/CD45RA+ Naive Cytotoxic	gem_group_5
GCACTAGACTGATG-5	CD8+ Cytotoxic T	gem_group_5
GCACTAGATGGTGT-5	CD56+ NK	gem_group_5
GCACTGCTTAAGCC-5	CD8+ Cytotoxic T	gem_group_5
GCAGATACGAGGCA-5	Dendritic	gem_group_5
GCAGCCGATCCCGT-5	CD19+ B	gem_group_5
GCAGGCACACGTTG-5	CD8+ Cytotoxic T	gem_group_5
GCAGGCACCTATTC-5	CD56+ NK	gem_group_5
GCAGGGCTGAAAGT-5	CD4+/CD45RO+ Memory	gem_group_5
GCAGGGCTTGTCCC-5	CD8+/CD45RA+ Naive Cytotoxic	gem_group_5
GCAGGGCTTTCTAC-5	CD8+ Cytotoxic T	gem_group_5
GCAGTCCTACGTGT-5	CD19+ B	gem_group_5
GCAGTTGAATCTCT-5	CD56+ NK	gem_group_5
GCATCAGACCTACC-5	CD8+ Cytotoxic T	gem_group_5
GCATCAGACTGGTA-5	CD4+/CD45RA+/CD25- Naive T	gem_group_5
GCATGTGAGGTGAG-5	CD8+/CD45RA+ Naive Cytotoxic	gem_group_5
GCATGTGAGTCTAG-5	CD56+ NK	gem_group_5
GCCAAATGAAGGCG-5	CD8+ Cytotoxic T	gem_group_5
GCCAAATGTGTCTT-5	CD8+ Cytotoxic T	gem_group_5
GCCACGGACCATGA-5	CD8+ Cytotoxic T	gem_group_5
GCCACTACTAGTCG-5	CD8+/CD45RA+ Naive Cytotoxic	gem_group_5
GCCATCACATTCGG-5	CD8+ Cytotoxic T	gem_group_5
GCCATCACGTATGC-5	CD4+ T Helper2	gem_group_5
GCCATCACGTCTGA-5	CD8+/CD45RA+ Naive Cytotoxic	gem_group_5
GCCCAACTAGGTTC-5	CD8+ Cytotoxic T	gem_group_5
GCCCAACTGTCGTA-5	CD56+ NK	gem_group_5
GCCGTACTGTTGGT-5	CD4+/CD45RO+ Memory	gem_group_5
GCCTACACAACAGA-5	CD56+ NK	gem_group_5
GCCTACACCCACCT-5	CD8+ Cytotoxic T	gem_group_5
GCCTACACCTTCTA-5	CD4+/CD25 T Reg	gem_group_5
GCCTAGCTAATGCC-5	CD8+/CD45RA+ Naive Cytotoxic	gem_group_5
GCCTCAACGCTGAT-5	Dendritic	gem_group_5
GCCTCATGACTACG-5	CD8+/CD45RA+ Naive Cytotoxic	gem_group_5
GCCTGACTCTGGTA-5	CD4+/CD25 T Reg	gem_group_5
GCGAAGGATCTCAT-5	CD8+ Cytotoxic T	gem_group_5
GCGAGCACCCGAAT-5	CD8+ Cytotoxic T	gem_group_5
GCGAGCACGCCATA-5	CD8+/CD45RA+ Naive Cytotoxic	gem_group_5
GCGCACGACACCAA-5	CD56+ NK	gem_group_5
GCGCATCTACACCA-5	CD8+ Cytotoxic T	gem_group_5
GCGCATCTGATAGA-5	CD8+ Cytotoxic T	gem_group_5
GCGCGAACATCAGC-5	CD8+/CD45RA+ Naive Cytotoxic	gem_group_5
GCGCGATGCACCAA-5	CD8+/CD45RA+ Naive Cytotoxic	gem_group_5
GCGGAGCTACGTGT-5	CD8+ Cytotoxic T	gem_group_5
GCGGGACTACCAGT-5	CD8+ Cytotoxic T	gem_group_5
GCGGGACTCGCATA-5	CD8+/CD45RA+ Naive Cytotoxic	gem_group_5
GCGTAATGGGTTCA-5	CD56+ NK	gem_group_5
GCGTATGATGCACA-5	CD8+/CD45RA+ Naive Cytotoxic	gem_group_5
GCTACAGAGTATCG-5	CD8+ Cytotoxic T	gem_group_5
GCTACCTGTCACCC-5	CD4+/CD25 T Reg	gem_group_5
GCTACGCTATTTCC-5	CD8+/CD45RA+ Naive Cytotoxic	gem_group_5
GCTAGAACGTCACA-5	CD8+/CD45RA+ Naive Cytotoxic	gem_group_5
GCTAGATGGTTCGA-5	CD14+ Monocyte	gem_group_5
GCTCAAGAAAGGCG-5	CD8+ Cytotoxic T	gem_group_5
GCTCAAGACCACAA-5	CD8+ Cytotoxic T	gem_group_5
GCTCAGCTATTCTC-5	CD8+ Cytotoxic T	gem_group_5
GCTCGACTGACGAG-5	CD8+/CD45RA+ Naive Cytotoxic	gem_group_5
GCTCGACTGGGACA-5	CD8+ Cytotoxic T	gem_group_5
GCTCGACTTGAGAA-5	CD8+ Cytotoxic T	gem_group_5
GCTGATGAGCGATT-5	CD56+ NK	gem_group_5
GCTGATGATGTCTT-5	CD34+	gem_group_5
GCTTGAGAGACTAC-5	CD8+ Cytotoxic T	gem_group_5
GGAACTACCAGCTA-5	CD8+/CD45RA+ Naive Cytotoxic	gem_group_5
GGAAGGACGCGATT-5	CD8+ Cytotoxic T	gem_group_5
GGAAGGTGTGCTCC-5	CD8+/CD45RA+ Naive Cytotoxic	gem_group_5
GGAATCTGACCAAC-5	Dendritic	gem_group_5
GGAATCTGCGCTAA-5	CD8+ Cytotoxic T	gem_group_5
GGACATTGCGTACA-5	Dendritic	gem_group_5
GGACCCGACTGGTA-5	CD4+/CD25 T Reg	gem_group_5
GGACCTCTCCAATG-5	CD8+ Cytotoxic T	gem_group_5
GGACGAGACTTATC-5	CD8+ Cytotoxic T	gem_group_5
GGACGCACATCGTG-5	CD4+/CD45RA+/CD25- Naive T	gem_group_5
GGACGCACCACTCC-5	CD8+ Cytotoxic T	gem_group_5
GGACGCACCCCTTG-5	CD8+ Cytotoxic T	gem_group_5
GGACGCACGAATCC-5	CD8+ Cytotoxic T	gem_group_5
GGACGCTGTACTCT-5	CD56+ NK	gem_group_5
GGACTATGATGTGC-5	CD8+ Cytotoxic T	gem_group_5
GGACTATGTCCGTC-5	CD8+/CD45RA+ Naive Cytotoxic	gem_group_5
GGAGACGACACTGA-5	CD56+ NK	gem_group_5
GGAGAGACTTTGTC-5	CD8+ Cytotoxic T	gem_group_5
GGAGCAGAATAAGG-5	CD14+ Monocyte	gem_group_5
GGAGCAGAGCGTTA-5	CD8+ Cytotoxic T	gem_group_5
GGAGCAGATTGGCA-5	CD56+ NK	gem_group_5
GGAGCCACAACGAA-5	CD4+/CD25 T Reg	gem_group_5
GGAGCCACATCGGT-5	CD56+ NK	gem_group_5
GGAGGCCTATCACG-5	CD4+/CD25 T Reg	gem_group_5
GGAGGCCTGAGACG-5	CD56+ NK	gem_group_5
GGAGGTGAGGTATC-5	CD8+/CD45RA+ Naive Cytotoxic	gem_group_5
GGAGTTTGACGTAC-5	CD8+ Cytotoxic T	gem_group_5
GGAGTTTGGATACC-5	CD8+/CD45RA+ Naive Cytotoxic	gem_group_5
GGAGTTTGTGTGAC-5	CD8+ Cytotoxic T	gem_group_5
GGATTGTGACGTGT-5	CD56+ NK	gem_group_5
GGATTGTGATGTGC-5	CD8+/CD45RA+ Naive Cytotoxic	gem_group_5
GGATTGTGTCCGTC-5	CD56+ NK	gem_group_5
GGATTTCTATGACC-5	CD4+/CD25 T Reg	gem_group_5
GGCATATGAAGAAC-5	CD8+/CD45RA+ Naive Cytotoxic	gem_group_5
GGCCCAGATGGAAA-5	CD56+ NK	gem_group_5
GGCCCAGATGTCCC-5	CD8+ Cytotoxic T	gem_group_5
GGCCGAACGTTGTG-5	CD8+ Cytotoxic T	gem_group_5
GGCCGATGCCAAGT-5	CD8+/CD45RA+ Naive Cytotoxic	gem_group_5
GGCGACACTTGCAG-5	CD56+ NK	gem_group_5
GGCGGACTTGGTCA-5	CD19+ B	gem_group_5
GGCTAAACTCTTTG-5	CD4+/CD45RO+ Memory	gem_group_5
GGCTACCTAGTGCT-5	CD8+/CD45RA+ Naive Cytotoxic	gem_group_5
GGCTACCTGATAGA-5	CD8+/CD45RA+ Naive Cytotoxic	gem_group_5
GGCTCACTCATTTC-5	CD8+/CD45RA+ Naive Cytotoxic	gem_group_5
GGCTCACTGCAGTT-5	CD19+ B	gem_group_5
GGCTCACTTTAGGC-5	CD19+ B	gem_group_5
GGGAAGTGTAGTCG-5	CD4+/CD25 T Reg	gem_group_5
GGGACCACAGCGGA-5	CD8+/CD45RA+ Naive Cytotoxic	gem_group_5
GGGACCACCACCAA-5	CD8+ Cytotoxic T	gem_group_5
GGGACCTGGGATTC-5	CD56+ NK	gem_group_5
GGGATTACAGATGA-5	CD19+ B	gem_group_5
GGGCAAGATTTACC-5	CD4+/CD25 T Reg	gem_group_5
GGGCACACAGCCAT-5	CD8+/CD45RA+ Naive Cytotoxic	gem_group_5
GGGCACACTGTAGC-5	CD56+ NK	gem_group_5
GGGCAGCTTGCAGT-5	CD56+ NK	gem_group_5
GGGTAACTAAAAGC-5	CD4+/CD45RA+/CD25- Naive T	gem_group_5
GGGTTAACCTTGCC-5	CD8+/CD45RA+ Naive Cytotoxic	gem_group_5
GGTAAAGAGTTGCA-5	CD4+/CD45RO+ Memory	gem_group_5
GGTACAACAAGGTA-5	CD4+/CD45RO+ Memory	gem_group_5
GGTACAACATACCG-5	CD19+ B	gem_group_5
GGTACATGCCTCCA-5	CD8+/CD45RA+ Naive Cytotoxic	gem_group_5
GGTACATGGAGAGC-5	CD4+/CD45RO+ Memory	gem_group_5
GGTAGTACAAGTAG-5	CD8+/CD45RA+ Naive Cytotoxic	gem_group_5
GGTAGTACCCTATT-5	CD8+ Cytotoxic T	gem_group_5
GGTATCGAGTAGGG-5	CD8+ Cytotoxic T	gem_group_5
GGTATGACTATGGC-5	CD4+/CD25 T Reg	gem_group_5
GGTCAAACTCTTCA-5	CD8+ Cytotoxic T	gem_group_5
GGTCTAGATGTGGT-5	CD8+/CD45RA+ Naive Cytotoxic	gem_group_5
GGTTGAACGTACCA-5	CD8+/CD45RA+ Naive Cytotoxic	gem_group_5
GGTTTACTCAGAAA-5	CD8+/CD45RA+ Naive Cytotoxic	gem_group_5
GGTTTACTGTACGT-5	CD19+ B	gem_group_5
GTAATAACAAGATG-5	CD8+/CD45RA+ Naive Cytotoxic	gem_group_5
GTACAGTGATCACG-5	Dendritic	gem_group_5
GTACGTGAACAGCT-5	CD56+ NK	gem_group_5
GTACGTGACAAAGA-5	CD8+ Cytotoxic T	gem_group_5
GTACTACTATGTGC-5	CD8+/CD45RA+ Naive Cytotoxic	gem_group_5
GTACTACTCCTGAA-5	CD8+/CD45RA+ Naive Cytotoxic	gem_group_5
GTACTACTGTGTCA-5	CD19+ B	gem_group_5
GTACTTTGGACTAC-5	CD19+ B	gem_group_5
GTAGACTGCAGTCA-5	CD8+ Cytotoxic T	gem_group_5
GTAGCAACCTACTT-5	Dendritic	gem_group_5
GTAGCAACTCCCAC-5	CD8+ Cytotoxic T	gem_group_5
GTAGCATGAATCGC-5	CD8+ Cytotoxic T	gem_group_5
GTAGCATGTGAACC-5	CD8+/CD45RA+ Naive Cytotoxic	gem_group_5
GTAGCTGAAGTCGT-5	CD8+/CD45RA+ Naive Cytotoxic	gem_group_5
GTAGGTACCGCTAA-5	CD4+/CD25 T Reg	gem_group_5
GTAGTCGAATCACG-5	CD8+ Cytotoxic T	gem_group_5
GTAGTGACCAGCTA-5	CD4+/CD45RO+ Memory	gem_group_5
GTAGTGACCCGCTT-5	CD8+/CD45RA+ Naive Cytotoxic	gem_group_5
GTAGTGACTTCTAC-5	CD56+ NK	gem_group_5
GTAGTGTGAGATCC-5	CD56+ NK	gem_group_5
GTATCACTACAGCT-5	Dendritic	gem_group_5
GTATCACTGTATGC-5	CD8+/CD45RA+ Naive Cytotoxic	gem_group_5
GTATGGTGTTGTCT-5	CD8+/CD45RA+ Naive Cytotoxic	gem_group_5
GTATTCACGTGCTA-5	CD8+/CD45RA+ Naive Cytotoxic	gem_group_5
GTCACAGATTGTGG-5	CD4+/CD45RA+/CD25- Naive T	gem_group_5
GTCACCTGTAGTCG-5	CD56+ NK	gem_group_5
GTCACCTGTTACTC-5	CD8+ Cytotoxic T	gem_group_5
GTCCAGCTGAAGGC-5	CD56+ NK	gem_group_5
GTCCCATGTGCTTT-5	CD19+ B	gem_group_5
GTCGACCTACTGTG-5	CD8+ Cytotoxic T	gem_group_5
GTCTAACTAGAGAT-5	CD8+/CD45RA+ Naive Cytotoxic	gem_group_5
GTCTAGGATGTGAC-5	CD8+/CD45RA+ Naive Cytotoxic	gem_group_5
GTGAACACGCGATT-5	CD8+/CD45RA+ Naive Cytotoxic	gem_group_5
GTGACAACTGAGGG-5	CD56+ NK	gem_group_5
GTGACCCTAGTGCT-5	CD8+ Cytotoxic T	gem_group_5
GTGAGGGAAAGTGA-5	CD8+ Cytotoxic T	gem_group_5
GTGAGGGACTCTAT-5	CD4+/CD25 T Reg	gem_group_5
GTGAGGGAGAACCT-5	CD56+ NK	gem_group_5
GTGAGGGATCAAGC-5	CD14+ Monocyte	gem_group_5
GTGCCACTAAAGTG-5	CD56+ NK	gem_group_5
GTGCCACTAGTACC-5	CD8+/CD45RA+ Naive Cytotoxic	gem_group_5
GTGCTAGAAAACGA-5	CD8+ Cytotoxic T	gem_group_5
GTGCTAGACTATTC-5	CD8+ Cytotoxic T	gem_group_5
GTGCTAGAGATAGA-5	CD8+/CD45RA+ Naive Cytotoxic	gem_group_5
GTGGATTGGAAAGT-5	CD8+/CD45RA+ Naive Cytotoxic	gem_group_5
GTGGTAACTAGCCA-5	CD56+ NK	gem_group_5
GTGTCAGAATGCCA-5	CD8+ Cytotoxic T	gem_group_5
GTTACGGATCAGAC-5	CD8+/CD45RA+ Naive Cytotoxic	gem_group_5
GTTAGTCTCCACCT-5	CD4+/CD25 T Reg	gem_group_5
GTTAGTCTGTTGTG-5	CD8+ Cytotoxic T	gem_group_5
GTTATAGAGCGTAT-5	CD8+/CD45RA+ Naive Cytotoxic	gem_group_5
GTTCAACTACGGGA-5	CD8+/CD45RA+ Naive Cytotoxic	gem_group_5
GTTCAACTACGTGT-5	CD4+/CD45RO+ Memory	gem_group_5
GTTCAGGAGAATAG-5	CD4+/CD45RO+ Memory	gem_group_5
GTTGACGATCCAAG-5	CD8+ Cytotoxic T	gem_group_5
GTTGACGATGCACA-5	CD8+ Cytotoxic T	gem_group_5
GTTGAGTGTTCCAT-5	CD8+ Cytotoxic T	gem_group_5
GTTGATCTGCCAAT-5	CD8+/CD45RA+ Naive Cytotoxic	gem_group_5
GTTGGATGTAGAAG-5	CD8+/CD45RA+ Naive Cytotoxic	gem_group_5
GTTTAAGACCTCAC-5	CD19+ B	gem_group_5
TAAAGACTCTTGCC-5	CD8+ Cytotoxic T	gem_group_5
TAAAGTTGATCAGC-5	CD56+ NK	gem_group_5
TAAATCGAGACGTT-5	CD56+ NK	gem_group_5
TAAATCGATGTCGA-5	CD8+ Cytotoxic T	gem_group_5
TAAATGTGGGTTAC-5	CD19+ B	gem_group_5
TAAATGTGTCTTCA-5	CD56+ NK	gem_group_5
TAACATGACCGTAA-5	CD34+	gem_group_5
TAACATGATATGGC-5	CD56+ NK	gem_group_5
TAACCGGACATTCT-5	CD19+ B	gem_group_5
TAAGAACTACAGTC-5	CD14+ Monocyte	gem_group_5
TAAGAGGAGGAGCA-5	CD8+/CD45RA+ Naive Cytotoxic	gem_group_5
TAAGATACGTATCG-5	CD8+ Cytotoxic T	gem_group_5
TAAGATACTTACTC-5	CD8+ Cytotoxic T	gem_group_5
TAAGCTCTACTCTT-5	CD14+ Monocyte	gem_group_5
TAAGCTCTAGTCTG-5	CD4+/CD45RA+/CD25- Naive T	gem_group_5
TAAGGCTGCGAGAG-5	CD8+/CD45RA+ Naive Cytotoxic	gem_group_5
TAAGGCTGGGCGAA-5	CD8+/CD45RA+ Naive Cytotoxic	gem_group_5
TAAGGGCTTAAAGG-5	CD8+ Cytotoxic T	gem_group_5
TAAGGGCTTAGTCG-5	CD4+/CD45RO+ Memory	gem_group_5
TAAGTAACTCCAGA-5	CD19+ B	gem_group_5
TAATCCACACCACA-5	CD8+/CD45RA+ Naive Cytotoxic	gem_group_5
TAATCGCTCAAAGA-5	CD8+ Cytotoxic T	gem_group_5
TAATGAACCCTCCA-5	CD8+/CD45RA+ Naive Cytotoxic	gem_group_5
TAATGATGGGTTCA-5	CD8+ Cytotoxic T	gem_group_5
TAATGTGAAACTGC-5	CD8+/CD45RA+ Naive Cytotoxic	gem_group_5
TACAAATGGCCTTC-5	CD56+ NK	gem_group_5
TACAATGACTTCGC-5	CD8+/CD45RA+ Naive Cytotoxic	gem_group_5
TACACACTACTCTT-5	CD8+ Cytotoxic T	gem_group_5
TACACACTGTTCGA-5	CD8+/CD45RA+ Naive Cytotoxic	gem_group_5
TACATCACTGCTCC-5	CD8+/CD45RA+ Naive Cytotoxic	gem_group_5
TACCATTGCTAGCA-5	CD19+ B	gem_group_5
TACCATTGTATCTC-5	CD56+ NK	gem_group_5
TACCGAGACTGGAT-5	CD8+ Cytotoxic T	gem_group_5
TACCGCTGAGAAGT-5	CD8+ Cytotoxic T	gem_group_5
TACCGCTGGTAAAG-5	CD8+ Cytotoxic T	gem_group_5
TACGAGACCAGAAA-5	CD4+ T Helper2	gem_group_5
TACGCCACCTACTT-5	CD8+ Cytotoxic T	gem_group_5
TACGCCACGACGAG-5	CD8+/CD45RA+ Naive Cytotoxic	gem_group_5
TACGCCACTCCCAC-5	CD8+ Cytotoxic T	gem_group_5
TACGGAACAAAGCA-5	CD8+ Cytotoxic T	gem_group_5
TACGGAACTTCGCC-5	CD4+/CD45RO+ Memory	gem_group_5
TACGGCCTGTAGGG-5	CD4+/CD25 T Reg	gem_group_5
TACGTACTGATAGA-5	Dendritic	gem_group_5
TACGTTACGCGAGA-5	CD4+/CD45RA+/CD25- Naive T	gem_group_5
TACTACACCAAGCT-5	CD8+ Cytotoxic T	gem_group_5
TACTACACTCTGGA-5	CD56+ NK	gem_group_5
TACTCAACCTACCC-5	CD8+/CD45RA+ Naive Cytotoxic	gem_group_5
TACTGGGAAAGCCT-5	CD4+/CD45RO+ Memory	gem_group_5
TACTTGACGACGGA-5	CD8+/CD45RA+ Naive Cytotoxic	gem_group_5
TACTTTCTGTACCA-5	CD56+ NK	gem_group_5
TAGAAACTCTCAGA-5	CD14+ Monocyte	gem_group_5
TAGAATACATGGTC-5	CD8+ Cytotoxic T	gem_group_5
TAGAATACCTATGG-5	CD8+/CD45RA+ Naive Cytotoxic	gem_group_5
TAGATCCTAAGCCT-5	CD4+/CD45RO+ Memory	gem_group_5
TAGATCCTGTCAAC-5	CD8+ Cytotoxic T	gem_group_5
TAGCATCTAGAGGC-5	CD8+ Cytotoxic T	gem_group_5
TAGCATCTCAGTCA-5	CD4+/CD45RO+ Memory	gem_group_5
TAGCCCACGCCAAT-5	CD4+/CD25 T Reg	gem_group_5
TAGCGATGTGGAGG-5	CD14+ Monocyte	gem_group_5
TAGCTACTAACCAC-5	CD14+ Monocyte	gem_group_5
TAGCTACTGATAAG-5	CD19+ B	gem_group_5
TAGCTACTGTGAGG-5	CD8+/CD45RA+ Naive Cytotoxic	gem_group_5
TAGGACTGAGTTCG-5	CD56+ NK	gem_group_5
TAGGAGCTACGGTT-5	CD8+ Cytotoxic T	gem_group_5
TAGGAGCTCCTTCG-5	CD8+ Cytotoxic T	gem_group_5
TAGGAGCTCTAGCA-5	CD56+ NK	gem_group_5
TAGGCAACATTCCT-5	CD8+ Cytotoxic T	gem_group_5
TAGGCAACGAACCT-5	CD8+/CD45RA+ Naive Cytotoxic	gem_group_5
TAGGCATGCGGAGA-5	CD4+/CD45RA+/CD25- Naive T	gem_group_5
TAGGCATGCTAGCA-5	CD8+/CD45RA+ Naive Cytotoxic	gem_group_5
TAGGTCGAATCGAC-5	CD56+ NK	gem_group_5
TAGGTCGATCTATC-5	CD8+ Cytotoxic T	gem_group_5
TAGGTCGATGTAGC-5	CD8+ Cytotoxic T	gem_group_5
TAGGTGACTCTCAT-5	CD4+/CD25 T Reg	gem_group_5
TAGGTGTGGTCTTT-5	CD8+ Cytotoxic T	gem_group_5
TAGGTGTGTGCTAG-5	CD4+/CD25 T Reg	gem_group_5
TAGGTTCTGTTGAC-5	CD8+ Cytotoxic T	gem_group_5
TAGTAATGTGAACC-5	CD8+ Cytotoxic T	gem_group_5
TAGTACCTCACTAG-5	CD8+ Cytotoxic T	gem_group_5
TAGTCACTAACGTC-5	Dendritic	gem_group_5
TAGTCACTGCCAAT-5	CD4+/CD25 T Reg	gem_group_5
TAGTCACTGCGATT-5	CD8+ Cytotoxic T	gem_group_5
TAGTGGTGATGTCG-5	CD8+ Cytotoxic T	gem_group_5
TAGTTCACCCATAG-5	CD14+ Monocyte	gem_group_5
TAGTTCACGAGATA-5	CD19+ B	gem_group_5
TAGTTCACTTGCGA-5	CD8+ Cytotoxic T	gem_group_5
TATAAGTGACGCAT-5	CD8+/CD45RA+ Naive Cytotoxic	gem_group_5
TATAAGTGGTGCAT-5	CD8+ Cytotoxic T	gem_group_5
TATACCACCGAGAG-5	CD4+/CD45RO+ Memory	gem_group_5
TATACCACGTTGAC-5	CD56+ NK	gem_group_5
TATACCACTTGAGC-5	CD8+/CD45RA+ Naive Cytotoxic	gem_group_5
TATCAAGAAGGCGA-5	CD8+ Cytotoxic T	gem_group_5
TATCAAGACGACTA-5	CD8+ Cytotoxic T	gem_group_5
TATCAGCTAACCGT-5	CD4+/CD45RO+ Memory	gem_group_5
TATCCAACAGCCTA-5	CD8+ Cytotoxic T	gem_group_5
TATCCAACCCTTAT-5	CD4+/CD45RA+/CD25- Naive T	gem_group_5
TATCCAACGTCTTT-5	CD8+/CD45RA+ Naive Cytotoxic	gem_group_5
TATCCAACTACTGG-5	CD8+/CD45RA+ Naive Cytotoxic	gem_group_5
TATCGACTAGCCAT-5	CD8+/CD45RA+ Naive Cytotoxic	gem_group_5
TATCGACTAGGCGA-5	CD8+/CD45RA+ Naive Cytotoxic	gem_group_5
TATCGACTCGAGAG-5	CD8+ Cytotoxic T	gem_group_5
TATCGACTGGTAGG-5	CD8+ Cytotoxic T	gem_group_5
TATCGTACACGTTG-5	CD8+/CD45RA+ Naive Cytotoxic	gem_group_5
TATCTCGAACCTTT-5	CD56+ NK	gem_group_5
TATCTTCTTGTCGA-5	CD8+ Cytotoxic T	gem_group_5
TATGAATGACGGAG-5	CD19+ B	gem_group_5
TATGAATGTGCAGT-5	CD4+/CD25 T Reg	gem_group_5
TATGCGGAAAACGA-5	CD8+ Cytotoxic T	gem_group_5
TATGCGGACTTGAG-5	Dendritic	gem_group_5
TATGGGACGTTTGG-5	CD4+/CD25 T Reg	gem_group_5
TATGTCACAACCTG-5	CD8+/CD45RA+ Naive Cytotoxic	gem_group_5
TATGTCACTCTTCA-5	CD19+ B	gem_group_5
TATGTCACTGCCAA-5	CD8+ Cytotoxic T	gem_group_5
TATGTCTGCTGAGT-5	CD19+ B	gem_group_5
TATTTCCTTAGTCG-5	CD8+ Cytotoxic T	gem_group_5
TCAACACTTGACCA-5	CD8+/CD45RA+ Naive Cytotoxic	gem_group_5
TCAAGGACATGCTG-5	CD8+ Cytotoxic T	gem_group_5
TCAAGGTGTCTAGG-5	CD8+/CD45RA+ Naive Cytotoxic	gem_group_5
TCAAGTCTATTCGG-5	CD8+ Cytotoxic T	gem_group_5
TCAAGTCTTCGATG-5	CD8+ Cytotoxic T	gem_group_5
TCAATCACAACGAA-5	CD8+ Cytotoxic T	gem_group_5
TCACAACTGTCGTA-5	CD8+/CD45RA+ Naive Cytotoxic	gem_group_5
TCACATACATGTCG-5	CD8+ Cytotoxic T	gem_group_5
TCACATACATTCTC-5	CD8+ Cytotoxic T	gem_group_5
TCACCGTGACCCAA-5	CD19+ B	gem_group_5
TCACCTCTGGAACG-5	CD56+ NK	gem_group_5
TCAGACGAGGGATG-5	CD8+/CD45RA+ Naive Cytotoxic	gem_group_5
TCAGCAGATCGATG-5	CD8+ Cytotoxic T	gem_group_5
TCAGCGCTAGCAAA-5	CD4+/CD45RO+ Memory	gem_group_5
TCAGTACTAGCACT-5	CD4+/CD45RO+ Memory	gem_group_5
TCAGTACTCATTTC-5	CD8+ Cytotoxic T	gem_group_5
TCAGTTACTTCCCG-5	CD8+/CD45RA+ Naive Cytotoxic	gem_group_5
TCATCAACACTAGC-5	CD8+/CD45RA+ Naive Cytotoxic	gem_group_5
TCATCAACCTCAGA-5	CD4+/CD45RA+/CD25- Naive T	gem_group_5
TCATCAACCTTAGG-5	CD4+/CD45RO+ Memory	gem_group_5
TCATCAACTCTATC-5	CD56+ NK	gem_group_5
TCATCATGGGAAAT-5	CD19+ B	gem_group_5
TCATCATGGTACAC-5	CD8+/CD45RA+ Naive Cytotoxic	gem_group_5
TCATCATGTATCTC-5	CD4+/CD45RA+/CD25- Naive T	gem_group_5
TCATCATGTTCCCG-5	CD8+/CD45RA+ Naive Cytotoxic	gem_group_5
TCATCCCTTTCTTG-5	CD8+/CD45RA+ Naive Cytotoxic	gem_group_5
TCCAGAGAAACTGC-5	CD8+/CD45RA+ Naive Cytotoxic	gem_group_5
TCCAGAGACCACAA-5	CD4+/CD45RA+/CD25- Naive T	gem_group_5
TCCCACGAGCTGTA-5	CD56+ NK	gem_group_5
TCCCACGAGTAAAG-5	CD4+/CD45RO+ Memory	gem_group_5
TCCCGAACAAGTGA-5	CD8+ Cytotoxic T	gem_group_5
TCCCGAACGAGACG-5	CD8+ Cytotoxic T	gem_group_5
TCCCGAACTGCTAG-5	CD19+ B	gem_group_5
TCCCGATGGGTAGG-5	CD19+ B	gem_group_5
TCCGAGCTCTGCTC-5	CD56+ NK	gem_group_5
TCCTAATGATGGTC-5	CD8+ Cytotoxic T	gem_group_5
TCCTACCTTGTGCA-5	CD14+ Monocyte	gem_group_5
TCCTACCTTGTTTC-5	CD56+ NK	gem_group_5
TCCTATGACCAGTA-5	CD4+/CD25 T Reg	gem_group_5
TCCTATGAGTCGTA-5	Dendritic	gem_group_5
TCGAATCTAACCGT-5	CD8+ Cytotoxic T	gem_group_5
TCGAATCTCCGAAT-5	CD19+ B	gem_group_5
TCGAATCTTTCCCG-5	CD4+/CD25 T Reg	gem_group_5
TCGACGCTTGGATC-5	CD8+ Cytotoxic T	gem_group_5
TCGAGCCTTCTAGG-5	CD8+ Cytotoxic T	gem_group_5
TCGAGCCTTGCCAA-5	CD8+ Cytotoxic T	gem_group_5
TCGATACTGTTACG-5	CD56+ NK	gem_group_5
TCGATTTGAGGCGA-5	CD56+ NK	gem_group_5
TCGCACACGATAAG-5	CD8+/CD45RA+ Naive Cytotoxic	gem_group_5
TCGCACTGCGTAAC-5	CD8+/CD45RA+ Naive Cytotoxic	gem_group_5
TCGCAGCTTTGCAG-5	CD8+/CD45RA+ Naive Cytotoxic	gem_group_5
TCGGACCTGTCTAG-5	CD14+ Monocyte	gem_group_5
TCGGTAGATTCATC-5	CD8+ Cytotoxic T	gem_group_5
TCGTAGGACGCAAT-5	CD8+ Cytotoxic T	gem_group_5
TCGTGAGAAACGTC-5	CD4+/CD45RO+ Memory	gem_group_5
TCGTGAGAGGTCTA-5	CD56+ NK	gem_group_5
TCGTTATGCTGAGT-5	CD8+/CD45RA+ Naive Cytotoxic	gem_group_5
TCTAACACATGACC-5	CD19+ B	gem_group_5
TCTAACACATTGGC-5	CD8+ Cytotoxic T	gem_group_5
TCTAACACTGTGAC-5	CD4+/CD25 T Reg	gem_group_5
TCTAACTGTCCGAA-5	CD8+/CD45RA+ Naive Cytotoxic	gem_group_5
TCTAAGCTAGGGTG-5	CD8+ Cytotoxic T	gem_group_5
TCTAGACTACTAGC-5	CD8+ Cytotoxic T	gem_group_5
TCTAGACTGTAGGG-5	CD14+ Monocyte	gem_group_5
TCTAGACTTGACCA-5	CD8+ Cytotoxic T	gem_group_5
TCTAGTTGTGACTG-5	CD19+ B	gem_group_5
TCTATGTGCATTCT-5	CD8+ Cytotoxic T	gem_group_5
TCTTCAGAAGGAGC-5	CD8+/CD45RA+ Naive Cytotoxic	gem_group_5
TGAAATTGTACGCA-5	CD8+/CD45RA+ Naive Cytotoxic	gem_group_5
TGAAGCACGTTCTT-5	CD8+ Cytotoxic T	gem_group_5
TGAAGCTGATTCCT-5	CD4+/CD25 T Reg	gem_group_5
TGACACGATTTCGT-5	CD4+/CD25 T Reg	gem_group_5
TGACGAACGCCAAT-5	CD56+ NK	gem_group_5
TGACGATGGCCTTC-5	CD8+/CD45RA+ Naive Cytotoxic	gem_group_5
TGACGATGTCCTCG-5	CD34+	gem_group_5
TGACGCCTGAATAG-5	CD8+/CD45RA+ Naive Cytotoxic	gem_group_5
TGACTTTGATACCG-5	CD8+ Cytotoxic T	gem_group_5
TGAGACACGTAAGA-5	CD8+/CD45RA+ Naive Cytotoxic	gem_group_5
TGAGCAACCCTCAC-5	CD8+ Cytotoxic T	gem_group_5
TGAGGACTTCGTGA-5	CD8+/CD45RA+ Naive Cytotoxic	gem_group_5
TGAGGTACGTATGC-5	CD56+ NK	gem_group_5
TGAGTGACACTGTG-5	CD4+/CD25 T Reg	gem_group_5
TGATACCTCTTGGA-5	CD8+ Cytotoxic T	gem_group_5
TGATACCTGTAAAG-5	CD56+ NK	gem_group_5
TGATCGGAAAGATG-5	CD4+/CD45RO+ Memory	gem_group_5
TGATCGGAGTCAAC-5	CD19+ B	gem_group_5
TGATCGGATGGTAC-5	CD14+ Monocyte	gem_group_5
TGATTAGAGAGGGT-5	CD19+ B	gem_group_5
TGATTAGATCTCGC-5	CD8+ Cytotoxic T	gem_group_5
TGCAACGACGCTAA-5	CD19+ B	gem_group_5
TGCAAGTGCCAGTA-5	CD8+/CD45RA+ Naive Cytotoxic	gem_group_5
TGCACAGACAATCG-5	CD56+ NK	gem_group_5
TGCACGCTGCCCTT-5	CD8+ Cytotoxic T	gem_group_5
TGCAGATGGAGGGT-5	Dendritic	gem_group_5
TGCATGGACAAAGA-5	CD19+ B	gem_group_5
TGCCAAGATTGCTT-5	CD8+/CD45RA+ Naive Cytotoxic	gem_group_5
TGCCCAACAGTCAC-5	CD56+ NK	gem_group_5
TGCGAAACTGCTGA-5	CD8+ Cytotoxic T	gem_group_5
TGCGAAACTGTGGT-5	CD8+ Cytotoxic T	gem_group_5
TGCGAAACTTTCAC-5	Dendritic	gem_group_5
TGCGATGAGGAAAT-5	CD8+ Cytotoxic T	gem_group_5
TGCGATGAGTTCGA-5	CD56+ NK	gem_group_5
TGCGCACTGCGTTA-5	CD56+ NK	gem_group_5
TGCTAGGAATTTCC-5	CD8+/CD45RA+ Naive Cytotoxic	gem_group_5
TGCTTAACCACCAA-5	CD8+ Cytotoxic T	gem_group_5
TGGAAAGACTCAGA-5	CD4+/CD25 T Reg	gem_group_5
TGGAACACCACTAG-5	CD14+ Monocyte	gem_group_5
TGGAACACCCTCGT-5	CD8+/CD45RA+ Naive Cytotoxic	gem_group_5
TGGAACACGTAGCT-5	CD19+ B	gem_group_5
TGGACCCTGGAAGC-5	CD8+ Cytotoxic T	gem_group_5
TGGACTGAACACTG-5	CD8+ Cytotoxic T	gem_group_5
TGGACTGAGTTTCT-5	CD4+/CD45RA+/CD25- Naive T	gem_group_5
TGGACTGATAGCGT-5	CD19+ B	gem_group_5
TGGAGACTGTACCA-5	CD4+/CD25 T Reg	gem_group_5
TGGAGGGAATGTCG-5	CD8+ Cytotoxic T	gem_group_5
TGGATCGAGATACC-5	CD8+ Cytotoxic T	gem_group_5
TGGATGACCCTTTA-5	CD8+ Cytotoxic T	gem_group_5
TGGATGTGGGCGAA-5	CD4+/CD25 T Reg	gem_group_5
TGGATTCTAGTCAC-5	CD8+ Cytotoxic T	gem_group_5
TGGATTCTCACTCC-5	CD8+ Cytotoxic T	gem_group_5
TGGCAATGTATGCG-5	CD19+ B	gem_group_5
TGGCACCTCGCATA-5	CD8+ Cytotoxic T	gem_group_5
TGGCACCTCTCCAC-5	CD4+/CD25 T Reg	gem_group_5
TGGCACCTGTTGTG-5	CD56+ NK	gem_group_5
TGGCACCTTATTCC-5	CD8+/CD45RA+ Naive Cytotoxic	gem_group_5
TGGCACCTTGCTCC-5	CD8+ Cytotoxic T	gem_group_5
TGGTACGAAGGGTG-5	CD4+/CD45RA+/CD25- Naive T	gem_group_5
TGGTAGTGACGTGT-5	CD8+ Cytotoxic T	gem_group_5
TGGTAGTGGGAGTG-5	CD8+ Cytotoxic T	gem_group_5
TGGTAGTGGTTCTT-5	CD8+ Cytotoxic T	gem_group_5
TGGTCAGACTTACT-5	CD8+ Cytotoxic T	gem_group_5
TGGTTACTCTAGTG-5	CD8+/CD45RA+ Naive Cytotoxic	gem_group_5
TGGTTACTCTGTTT-5	CD8+ Cytotoxic T	gem_group_5
TGTAATGAGTTTCT-5	CD8+/CD45RA+ Naive Cytotoxic	gem_group_5
TGTACTTGATTCCT-5	CD8+/CD45RA+ Naive Cytotoxic	gem_group_5
TGTAGGTGGAGCTT-5	CD14+ Monocyte	gem_group_5
TGTAGGTGTTTCTG-5	CD14+ Monocyte	gem_group_5
TGTAGTCTTCGTGA-5	CD56+ NK	gem_group_5
TGTATCTGAAAGTG-5	CD19+ B	gem_group_5
TGTATGCTCAGAGG-5	CD8+/CD45RA+ Naive Cytotoxic	gem_group_5
TGTATGCTCTCGCT-5	Dendritic	gem_group_5
TGTATGCTGAGAGC-5	CD4+/CD45RO+ Memory	gem_group_5
TGTATGCTTGACTG-5	CD19+ B	gem_group_5
TGTCAGGAAGTCAC-5	CD4+/CD45RO+ Memory	gem_group_5
TGTCAGGAGAGCAG-5	CD8+ Cytotoxic T	gem_group_5
TGTCAGGATTTCTG-5	CD8+ Cytotoxic T	gem_group_5
TGTCTAACTACAGC-5	CD14+ Monocyte	gem_group_5
TGTCTAACTTTCAC-5	CD4+/CD45RO+ Memory	gem_group_5
TGTGAGTGTGTCTT-5	CD19+ B	gem_group_5
TGTGATCTATGCTG-5	CD4+/CD25 T Reg	gem_group_5
TGTGGATGTATGGC-5	CD8+/CD45RA+ Naive Cytotoxic	gem_group_5
TGTTAAGAGCGTAT-5	CD4+/CD45RO+ Memory	gem_group_5
TGTTAAGATTCGTT-5	CD56+ NK	gem_group_5
TGTTACACAGGAGC-5	CD8+/CD45RA+ Naive Cytotoxic	gem_group_5
TGTTACACCTCATT-5	CD4+/CD25 T Reg	gem_group_5
TGTTACACGCGTTA-5	CD8+ Cytotoxic T	gem_group_5
TGTTACTGTAAAGG-5	CD4+/CD45RA+/CD25- Naive T	gem_group_5
TTAACCACCCAATG-5	CD56+ NK	gem_group_5
TTACACACCTGTTT-5	CD8+ Cytotoxic T	gem_group_5
TTACAGCTATCGTG-5	CD8+ Cytotoxic T	gem_group_5
TTACAGCTGAGCAG-5	CD4+/CD25 T Reg	gem_group_5
TTACGACTCACCAA-5	CD4+/CD45RA+/CD25- Naive T	gem_group_5
TTACTCGAGAACCT-5	CD56+ NK	gem_group_5
TTACTCGATCCCAC-5	CD8+ Cytotoxic T	gem_group_5
TTAGAATGGCTACA-5	CD56+ NK	gem_group_5
TTAGACCTGAATCC-5	CD8+/CD45RA+ Naive Cytotoxic	gem_group_5
TTAGACCTTCTCAT-5	CD8+ Cytotoxic T	gem_group_5
TTAGGGACAGTGTC-5	CD8+ Cytotoxic T	gem_group_5
TTAGGGTGAAAGTG-5	CD8+/CD45RA+ Naive Cytotoxic	gem_group_5
TTAGGGTGTGTAGC-5	CD14+ Monocyte	gem_group_5
TTAGGTCTACCTTT-5	CD8+/CD45RA+ Naive Cytotoxic	gem_group_5
TTAGGTCTACGTGT-5	CD4+/CD45RA+/CD25- Naive T	gem_group_5
TTAGGTCTGAGCAG-5	CD14+ Monocyte	gem_group_5
TTAGTCACCTTGCC-5	CD56+ NK	gem_group_5
TTATCCGAGAGGAC-5	CD8+/CD45RA+ Naive Cytotoxic	gem_group_5
TTATGCACCGGTAT-5	CD8+/CD45RA+ Naive Cytotoxic	gem_group_5
TTATTCCTCGTAAC-5	CD19+ B	gem_group_5
TTCAAAGAACGGTT-5	CD8+/CD45RA+ Naive Cytotoxic	gem_group_5
TTCAACACAAACAG-5	CD8+/CD45RA+ Naive Cytotoxic	gem_group_5
TTCAACACGGAGGT-5	CD14+ Monocyte	gem_group_5
TTCAACACTCCCAC-5	CD56+ NK	gem_group_5
TTCAAGCTACTCTT-5	CD8+/CD45RA+ Naive Cytotoxic	gem_group_5
TTCAAGCTTGAGGG-5	CD8+ Cytotoxic T	gem_group_5
TTCACAACGATAAG-5	CD8+ Cytotoxic T	gem_group_5
TTCAGTACGACGGA-5	CD8+/CD45RA+ Naive Cytotoxic	gem_group_5
TTCATCGAAAGCAA-5	CD8+ Cytotoxic T	gem_group_5
TTCATGTGGTTTGG-5	CD8+ Cytotoxic T	gem_group_5
TTCATTCTCGCCTT-5	CD56+ NK	gem_group_5
TTCATTCTTTTCAC-5	CD56+ NK	gem_group_5
TTCCATGATGCGTA-5	CD56+ NK	gem_group_5
TTCCCACTGGCATT-5	CD8+ Cytotoxic T	gem_group_5
TTCCTAGAGGTACT-5	CD56+ NK	gem_group_5
TTCGGAGATTCCCG-5	CD8+/CD45RA+ Naive Cytotoxic	gem_group_5
TTCTACGAGTTACG-5	CD8+ Cytotoxic T	gem_group_5
TTCTCAGACCAACA-5	CD56+ NK	gem_group_5
TTCTCAGATGGTCA-5	CD8+/CD45RA+ Naive Cytotoxic	gem_group_5
TTCTGATGCCAAGT-5	CD8+/CD45RA+ Naive Cytotoxic	gem_group_5
TTCTGATGCTGACA-5	CD56+ NK	gem_group_5
TTCTGATGTCTCGC-5	CD14+ Monocyte	gem_group_5
TTCTTACTGTTTCT-5	CD8+ Cytotoxic T	gem_group_5
TTGAACCTCCCAAA-5	CD8+ Cytotoxic T	gem_group_5
TTGAACCTGAGGCA-5	CD4+/CD45RO+ Memory	gem_group_5
TTGAACCTTACGCA-5	CD8+ Cytotoxic T	gem_group_5
TTGAACCTTTCTTG-5	CD4+/CD25 T Reg	gem_group_5
TTGAATGACAACCA-5	CD8+ Cytotoxic T	gem_group_5
TTGAGGACAAGGGC-5	CD8+ Cytotoxic T	gem_group_5
TTGAGGACACCTTT-5	CD8+/CD45RA+ Naive Cytotoxic	gem_group_5
TTGCATTGGATAAG-5	CD8+/CD45RA+ Naive Cytotoxic	gem_group_5
TTGGAGTGGGACTT-5	CD8+ Cytotoxic T	gem_group_5
TTGGGAACACTCTT-5	CD8+ Cytotoxic T	gem_group_5
TTGGTACTAGCTCA-5	CD8+/CD45RA+ Naive Cytotoxic	gem_group_5
TTGGTACTGCTATG-5	CD4+/CD25 T Reg	gem_group_5
TTGGTACTGGTAAA-5	CD4+/CD45RA+/CD25- Naive T	gem_group_5
TTGTAGCTGGTCTA-5	CD4+/CD45RO+ Memory	gem_group_5
TTGTAGCTGTAGGG-5	CD8+/CD45RA+ Naive Cytotoxic	gem_group_5
TTGTAGCTTAAGGA-5	CD4+/CD25 T Reg	gem_group_5
TTGTCATGGCTGTA-5	CD56+ NK	gem_group_5
TTTAGAGAACGGGA-5	CD8+ Cytotoxic T	gem_group_5
TTTAGAGACCTAAG-5	CD8+ Cytotoxic T	gem_group_5
TTTAGAGACTATGG-5	CD4+/CD25 T Reg	gem_group_5
TTTAGCTGAGAGAT-5	CD4+/CD45RO+ Memory	gem_group_5
TTTATCCTAGATGA-5	CD4+/CD25 T Reg	gem_group_5
TTTATCCTGAGGTG-5	CD8+/CD45RA+ Naive Cytotoxic	gem_group_5
TTTCACGAGCGAGA-5	CD8+ Cytotoxic T	gem_group_5
TTTCACGATTCATC-5	Dendritic	gem_group_5
TTTCCAGACCATGA-5	Dendritic	gem_group_5
TTTCGAACTTCTAC-5	CD8+/CD45RA+ Naive Cytotoxic	gem_group_5
TTTCTACTGTGTTG-5	CD8+ Cytotoxic T	gem_group_5
AAACATACCCTATT-6	CD8+ Cytotoxic T	gem_group_6
AAACTTGACTCAAG-6	CD8+/CD45RA+ Naive Cytotoxic	gem_group_6
AAACTTGAGTAGCT-6	CD4+/CD45RO+ Memory	gem_group_6
AAACTTGATTGAGC-6	CD8+ Cytotoxic T	gem_group_6
AAAGACGAGAGCAG-6	CD4+/CD45RO+ Memory	gem_group_6
AAAGACGATTACCT-6	CD8+/CD45RA+ Naive Cytotoxic	gem_group_6
AAAGAGACACCTGA-6	CD8+ Cytotoxic T	gem_group_6
AAAGAGACGGCAAG-6	CD8+ Cytotoxic T	gem_group_6
AAAGATCTGGTATC-6	CD4+/CD25 T Reg	gem_group_6
AAAGATCTTTTGGG-6	CD8+/CD45RA+ Naive Cytotoxic	gem_group_6
AAAGCAGACCCTTG-6	CD56+ NK	gem_group_6
AAAGCCTGCTTCCG-6	CD8+ Cytotoxic T	gem_group_6
AAAGGCCTCGTACA-6	CD8+/CD45RA+ Naive Cytotoxic	gem_group_6
AAAGGCCTCTTGCC-6	CD19+ B	gem_group_6
AAAGGCCTTAACCG-6	CD8+/CD45RA+ Naive Cytotoxic	gem_group_6
AAAGGCCTTGTGCA-6	CD14+ Monocyte	gem_group_6
AAAGTTTGTTCTTG-6	CD8+ Cytotoxic T	gem_group_6
AAATACTGGTTGGT-6	CD8+ Cytotoxic T	gem_group_6
AAATCATGGTCACA-6	CD14+ Monocyte	gem_group_6
AAATCATGTCGCCT-6	CD8+ Cytotoxic T	gem_group_6
AAATCCCTAGGTCT-6	CD19+ B	gem_group_6
AAATGGGAGGACTT-6	CD8+ Cytotoxic T	gem_group_6
AAATGGGATGGTCA-6	CD8+ Cytotoxic T	gem_group_6
AAATGTTGAAAGCA-6	CD14+ Monocyte	gem_group_6
AAATTCGAACGGGA-6	CD8+/CD45RA+ Naive Cytotoxic	gem_group_6
AAATTCGAAGCACT-6	CD8+/CD45RA+ Naive Cytotoxic	gem_group_6
AAATTCGATAGTCG-6	CD8+ Cytotoxic T	gem_group_6
AAATTCGATGAGAA-6	CD8+ Cytotoxic T	gem_group_6
AAATTGACGCCTTC-6	CD56+ NK	gem_group_6
AACAAACTAGACTC-6	CD4+/CD45RO+ Memory	gem_group_6
AACAAACTGGCATT-6	CD56+ NK	gem_group_6
AACAGCACCTGGTA-6	CD4+/CD25 T Reg	gem_group_6
AACAGCACGGGTGA-6	CD8+/CD45RA+ Naive Cytotoxic	gem_group_6
AACATTGAGCAAGG-6	CD8+ Cytotoxic T	gem_group_6
AACATTGAGGTACT-6	CD8+/CD45RA+ Naive Cytotoxic	gem_group_6
AACCACGACCTGTC-6	CD8+/CD45RA+ Naive Cytotoxic	gem_group_6
AACCACGAGTTGGT-6	CD19+ B	gem_group_6
AACCGATGCGTACA-6	CD19+ B	gem_group_6
AACCGATGGGGACA-6	CD4+/CD25 T Reg	gem_group_6
AACCGCCTGATACC-6	CD8+ Cytotoxic T	gem_group_6
AACCTACTCTGCAA-6	CD19+ B	gem_group_6
AACCTACTCTGTTT-6	CD8+/CD45RA+ Naive Cytotoxic	gem_group_6
AACCTACTTATCGG-6	CD8+/CD45RA+ Naive Cytotoxic	gem_group_6
AACCTTACGTCCTC-6	CD8+ Cytotoxic T	gem_group_6
AACCTTACTTAGGC-6	CD8+/CD45RA+ Naive Cytotoxic	gem_group_6
AACCTTTGCGATAC-6	CD4+/CD45RO+ Memory	gem_group_6
AACGCCCTGGAACG-6	CD56+ NK	gem_group_6
AACGCCCTTGTCCC-6	CD8+/CD45RA+ Naive Cytotoxic	gem_group_6
AACGGTACCCAACA-6	CD8+ Cytotoxic T	gem_group_6
AACGGTACGCGATT-6	CD4+/CD25 T Reg	gem_group_6
AACGTGTGGGTTAC-6	CD4+/CD45RO+ Memory	gem_group_6
AACGTGTGGTACCA-6	CD8+ Cytotoxic T	gem_group_6
AACGTTCTACAGTC-6	CD8+/CD45RA+ Naive Cytotoxic	gem_group_6
AACGTTCTAGGCGA-6	CD8+/CD45RA+ Naive Cytotoxic	gem_group_6
AACTCACTCATGCA-6	CD8+ Cytotoxic T	gem_group_6
AACTCTTGGGGTGA-6	CD8+/CD45RA+ Naive Cytotoxic	gem_group_6
AAGAAGACCCAATG-6	CD4+/CD25 T Reg	gem_group_6
AAGAAGACGTTTCT-6	CD8+/CD45RA+ Naive Cytotoxic	gem_group_6
AAGAATCTCTACCC-6	CD8+/CD45RA+ Naive Cytotoxic	gem_group_6
AAGAGATGAGTCTG-6	CD56+ NK	gem_group_6
AAGATGGAATTGGC-6	CD4+/CD25 T Reg	gem_group_6
AAGATTACCATGAC-6	CD4+/CD45RO+ Memory	gem_group_6
AAGCACTGCCCTCA-6	CD4+/CD45RA+/CD25- Naive T	gem_group_6
AAGCCATGGTGTCA-6	CD56+ NK	gem_group_6
AAGCCTGAGGAAAT-6	CD19+ B	gem_group_6
AAGCGTACGTGCTA-6	CD8+/CD45RA+ Naive Cytotoxic	gem_group_6
AAGGTCACGTGTTG-6	CD8+ Cytotoxic T	gem_group_6
AAGGTCACTGGTGT-6	CD4+/CD25 T Reg	gem_group_6
AAGGTGCTAGTCTG-6	CD19+ B	gem_group_6
AAGTAACTAACGAA-6	CD8+ Cytotoxic T	gem_group_6
AAGTAACTTCAAGC-6	CD19+ B	gem_group_6
AAGTCTCTTATTCC-6	CD8+ Cytotoxic T	gem_group_6
AAGTCTCTTGGTAC-6	CD8+/CD45RA+ Naive Cytotoxic	gem_group_6
AAGTGGCTAGTAGA-6	CD19+ B	gem_group_6
AAGTTATGCAGAAA-6	CD8+/CD45RA+ Naive Cytotoxic	gem_group_6
AAGTTCCTTCCTTA-6	CD8+ Cytotoxic T	gem_group_6
AATAACACAAGTGA-6	CD19+ B	gem_group_6
AATAACACGTTGTG-6	CD8+/CD45RA+ Naive Cytotoxic	gem_group_6
AATACTGAACAGCT-6	CD4+/CD25 T Reg	gem_group_6
AATACTGAATCTTC-6	CD8+ Cytotoxic T	gem_group_6
AATACTGATCAGAC-6	CD4+/CD25 T Reg	gem_group_6
AATAGGGAAACCGT-6	CD8+ Cytotoxic T	gem_group_6
AATAGGGACAAAGA-6	CD8+ Cytotoxic T	gem_group_6
AATATCGAGCTTAG-6	CD4+/CD25 T Reg	gem_group_6
AATATCGATCCTGC-6	CD8+ Cytotoxic T	gem_group_6
AATCAAACCTAGAC-6	CD56+ NK	gem_group_6
AATCCGGACTGTTT-6	CD8+/CD45RA+ Naive Cytotoxic	gem_group_6
AATCCGGATTGCAG-6	CD19+ B	gem_group_6
AATCGGTGGCGAAG-6	CD8+ Cytotoxic T	gem_group_6
AATCTAGAAACAGA-6	CD14+ Monocyte	gem_group_6
AATCTAGAACACCA-6	CD4+ T Helper2	gem_group_6
AATCTAGATGTTTC-6	CD4+/CD25 T Reg	gem_group_6
AATCTCACCCGATA-6	CD56+ NK	gem_group_6
AATGAGGACCCGTT-6	CD8+ Cytotoxic T	gem_group_6
AATGAGGAGCTATG-6	CD8+/CD45RA+ Naive Cytotoxic	gem_group_6
AATGCGTGCAGAAA-6	CD4+/CD45RO+ Memory	gem_group_6
AATGGAGACTTCGC-6	CD8+ Cytotoxic T	gem_group_6
AATTACGAGGTAAA-6	CD4+/CD25 T Reg	gem_group_6
AATTACGATTAGGC-6	CD14+ Monocyte	gem_group_6
AATTCCTGTGGCAT-6	CD8+/CD45RA+ Naive Cytotoxic	gem_group_6
AATTGATGCATTGG-6	CD14+ Monocyte	gem_group_6
AATTGTGACACTCC-6	CD8+/CD45RA+ Naive Cytotoxic	gem_group_6
ACAAATTGTTCAGG-6	CD56+ NK	gem_group_6
ACAACCGAGACAAA-6	CD8+ Cytotoxic T	gem_group_6
ACAAGAGAAACCAC-6	CD56+ NK	gem_group_6
ACAAGAGACCTCCA-6	CD8+ Cytotoxic T	gem_group_6
ACAAGAGATTCGCC-6	CD8+ Cytotoxic T	gem_group_6
ACAATAACACCATG-6	CD56+ NK	gem_group_6
ACAATCCTTCTAGG-6	CD8+/CD45RA+ Naive Cytotoxic	gem_group_6
ACAATTGAGAACTC-6	CD8+ Cytotoxic T	gem_group_6
ACACATCTGTTTCT-6	CD8+/CD45RA+ Naive Cytotoxic	gem_group_6
ACACATCTTGCTGA-6	CD8+ Cytotoxic T	gem_group_6
ACACCAGAAGTAGA-6	CD8+/CD45RA+ Naive Cytotoxic	gem_group_6
ACACGAACACTCAG-6	CD14+ Monocyte	gem_group_6
ACACGAACAGCATC-6	CD8+ Cytotoxic T	gem_group_6
ACACGTGAGCGGAA-6	CD56+ NK	gem_group_6
ACAGCAACGAGATA-6	CD8+/CD45RA+ Naive Cytotoxic	gem_group_6
ACAGCAACTTCGGA-6	CD56+ NK	gem_group_6
ACAGTCGAACTAGC-6	CD56+ NK	gem_group_6
ACAGTCGACCAAGT-6	CD19+ B	gem_group_6
ACAGTGTGAGAAGT-6	CD56+ NK	gem_group_6
ACAGTGTGCCTTCG-6	CD8+ Cytotoxic T	gem_group_6
ACAGTGTGCGCATA-6	CD19+ B	gem_group_6
ACATACCTGTCCTC-6	CD19+ B	gem_group_6
ACATACCTGTTCAG-6	CD8+ Cytotoxic T	gem_group_6
ACATCACTAGTGTC-6	Dendritic	gem_group_6
ACATCACTCGTACA-6	CD56+ NK	gem_group_6
ACATTCTGACCACA-6	CD8+/CD45RA+ Naive Cytotoxic	gem_group_6
ACATTCTGGTGCTA-6	CD8+ Cytotoxic T	gem_group_6
ACATTCTGTGCTTT-6	CD56+ NK	gem_group_6
ACCACCTGTGTGAC-6	CD8+ Cytotoxic T	gem_group_6
ACCACGCTTTGACG-6	CD8+ Cytotoxic T	gem_group_6
ACCAGCCTATGTGC-6	Dendritic	gem_group_6
ACCAGCCTTTAGGC-6	CD56+ NK	gem_group_6
ACCAGTGATTCAGG-6	CD8+ Cytotoxic T	gem_group_6
ACCATTACCTTCGC-6	CD8+ Cytotoxic T	gem_group_6
ACCATTTGGCCATA-6	CD8+ Cytotoxic T	gem_group_6
ACCCAAGATTCTAC-6	CD8+ Cytotoxic T	gem_group_6
ACCCAGCTATCGAC-6	CD8+/CD45RA+ Naive Cytotoxic	gem_group_6
ACCCAGCTTCGATG-6	CD8+/CD45RA+ Naive Cytotoxic	gem_group_6
ACCCGTTGTTCGTT-6	CD14+ Monocyte	gem_group_6
ACCCTCGAAACGGG-6	CD56+ NK	gem_group_6
ACCGAAACTTATCC-6	CD8+ Cytotoxic T	gem_group_6
ACCGCGGACTCCAC-6	CD56+ NK	gem_group_6
ACCGCGGATGTCGA-6	CD8+ Cytotoxic T	gem_group_6
ACCGTGCTGTCACA-6	CD14+ Monocyte	gem_group_6
ACCTATTGGGAGTG-6	CD8+/CD45RA+ Naive Cytotoxic	gem_group_6
ACCTCGTGGGTTTG-6	CD56+ NK	gem_group_6
ACCTGGCTAACCGT-6	CD8+ Cytotoxic T	gem_group_6
ACCTGGCTACACAC-6	CD8+ Cytotoxic T	gem_group_6
ACCTGGCTGTTCGA-6	CD4+/CD25 T Reg	gem_group_6
ACCTTTGAGTAGGG-6	CD8+ Cytotoxic T	gem_group_6
ACGAACTGTTCATC-6	CD8+ Cytotoxic T	gem_group_6
ACGAACTGTTTCGT-6	CD8+/CD45RA+ Naive Cytotoxic	gem_group_6
ACGAAGCTGCGTAT-6	CD56+ NK	gem_group_6
ACGACCCTTGTCTT-6	CD4+/CD25 T Reg	gem_group_6
ACGAGGGAAAAAGC-6	CD8+/CD45RA+ Naive Cytotoxic	gem_group_6
ACGAGGGAAGTCTG-6	CD8+ Cytotoxic T	gem_group_6
ACGAGGGATCGCAA-6	CD8+ Cytotoxic T	gem_group_6
ACGAGTACATACCG-6	CD8+ Cytotoxic T	gem_group_6
ACGATCGAATCGGT-6	CD8+/CD45RA+ Naive Cytotoxic	gem_group_6
ACGATCGACTGAGT-6	CD19+ B	gem_group_6
ACGATGACCTCATT-6	CD8+/CD45RA+ Naive Cytotoxic	gem_group_6
ACGATTCTAACGAA-6	CD8+/CD45RA+ Naive Cytotoxic	gem_group_6
ACGATTCTCCTCGT-6	CD8+/CD45RA+ Naive Cytotoxic	gem_group_6
ACGATTCTTCTCTA-6	CD4+/CD25 T Reg	gem_group_6
ACGCACCTGCGATT-6	CD56+ NK	gem_group_6
ACGCACCTGTAGCT-6	CD8+ Cytotoxic T	gem_group_6
ACGCCACTCACTAG-6	CD8+/CD45RA+ Naive Cytotoxic	gem_group_6
ACGCCACTGGTTTG-6	CD8+ Cytotoxic T	gem_group_6
ACGCCACTTTCTGT-6	Dendritic	gem_group_6
ACGCCGGACTACTT-6	CD8+/CD45RA+ Naive Cytotoxic	gem_group_6
ACGCCTTGTAACGC-6	CD8+ Cytotoxic T	gem_group_6
ACGCTGCTAAAGTG-6	CD14+ Monocyte	gem_group_6
ACGCTGCTGGTTTG-6	CD56+ NK	gem_group_6
ACGGAACTACACGT-6	CD8+ Cytotoxic T	gem_group_6
ACGGATTGACTTTC-6	CD4+/CD25 T Reg	gem_group_6
ACGGCTCTCTTGCC-6	CD8+ Cytotoxic T	gem_group_6
ACGGGAGAGAATCC-6	CD8+ Cytotoxic T	gem_group_6
ACGGTAACAACGTC-6	CD4+/CD25 T Reg	gem_group_6
ACGGTAACTCTAGG-6	CD8+ Cytotoxic T	gem_group_6
ACGGTATGATACCG-6	CD8+ Cytotoxic T	gem_group_6
ACGGTATGCCCTTG-6	CD8+/CD45RA+ Naive Cytotoxic	gem_group_6
ACGGTCCTAAGTAG-6	CD8+/CD45RA+ Naive Cytotoxic	gem_group_6
ACGTCAGACTTCTA-6	CD14+ Monocyte	gem_group_6
ACGTGATGAACGGG-6	CD56+ NK	gem_group_6
ACGTGATGCGTGTA-6	CD8+ Cytotoxic T	gem_group_6
ACGTGATGGCAAGG-6	CD8+ Cytotoxic T	gem_group_6
ACGTGATGTGCGTA-6	CD8+ Cytotoxic T	gem_group_6
ACGTTGGACTCTTA-6	CD19+ B	gem_group_6
ACGTTGGACTGTAG-6	CD8+ Cytotoxic T	gem_group_6
ACGTTGGAGTTACG-6	CD8+ Cytotoxic T	gem_group_6
ACTAAAACGTAGCT-6	CD8+ Cytotoxic T	gem_group_6
ACTAAAACTCCCGT-6	CD4+/CD25 T Reg	gem_group_6
ACTACGGAAAGAGT-6	CD14+ Monocyte	gem_group_6
ACTACGGAAGAGTA-6	CD8+/CD45RA+ Naive Cytotoxic	gem_group_6
ACTACTACGAGAGC-6	CD8+/CD45RA+ Naive Cytotoxic	gem_group_6
ACTCAGGAATCTCT-6	CD19+ B	gem_group_6
ACTCCCGAATGCCA-6	CD56+ NK	gem_group_6
ACTCCTCTTCTAGG-6	CD14+ Monocyte	gem_group_6
ACTCGAGACACTAG-6	Dendritic	gem_group_6
ACTCGAGAGTTGCA-6	CD8+ Cytotoxic T	gem_group_6
ACTCGCACCGAGTT-6	CD8+ Cytotoxic T	gem_group_6
ACTCTCCTACCTAG-6	CD8+ Cytotoxic T	gem_group_6
ACTCTCCTCATGAC-6	CD19+ B	gem_group_6
ACTGAGACTGTCTT-6	CD8+/CD45RA+ Naive Cytotoxic	gem_group_6
ACTGCCACCTGTAG-6	CD19+ B	gem_group_6
ACTGCCACTGCAAC-6	CD8+ Cytotoxic T	gem_group_6
ACTGCCTGATGCTG-6	CD19+ B	gem_group_6
ACTGGCCTCTCATT-6	CD8+/CD45RA+ Naive Cytotoxic	gem_group_6
ACTGGCCTTTTGCT-6	CD4+/CD25 T Reg	gem_group_6
ACTGTGGAACTGGT-6	CD8+ Cytotoxic T	gem_group_6
ACTGTTACTTGCTT-6	CD8+ Cytotoxic T	gem_group_6
ACTTAAGAATGCCA-6	CD4+/CD45RA+/CD25- Naive T	gem_group_6
ACTTCCCTTCCGTC-6	CD4+/CD45RA+/CD25- Naive T	gem_group_6
ACTTCTGAAACTGC-6	CD8+/CD45RA+ Naive Cytotoxic	gem_group_6
ACTTCTGATCTCTA-6	CD8+ Cytotoxic T	gem_group_6
ACTTGTACAATCGC-6	CD4+/CD25 T Reg	gem_group_6
ACTTTGTGAGACTC-6	CD8+ Cytotoxic T	gem_group_6
AGAAACGACTCAAG-6	CD56+ NK	gem_group_6
AGAAACGATGGTGT-6	CD56+ NK	gem_group_6
AGAAAGTGCACTTT-6	CD19+ B	gem_group_6
AGAAGATGAGATCC-6	CD56+ NK	gem_group_6
AGAAGATGTAACCG-6	CD14+ Monocyte	gem_group_6
AGAAGATGTGAACC-6	CD56+ NK	gem_group_6
AGAATACTATCAGC-6	CD8+ Cytotoxic T	gem_group_6
AGAATACTCGACTA-6	CD8+ Cytotoxic T	gem_group_6
AGAATTTGTTTACC-6	CD8+/CD45RA+ Naive Cytotoxic	gem_group_6
AGACACACCAGAAA-6	CD56+ NK	gem_group_6
AGACACACGACTAC-6	CD8+/CD45RA+ Naive Cytotoxic	gem_group_6
AGACACACTTGGCA-6	CD56+ NK	gem_group_6
AGACACTGAATGCC-6	CD8+/CD45RA+ Naive Cytotoxic	gem_group_6
AGACACTGGTGTTG-6	CD8+/CD45RA+ Naive Cytotoxic	gem_group_6
AGACACTGTCGCTC-6	CD8+ Cytotoxic T	gem_group_6
AGACGTACCAGTTG-6	CD8+/CD45RA+ Naive Cytotoxic	gem_group_6
AGACTCGAACGGGA-6	CD56+ NK	gem_group_6
AGACTCGACTTGCC-6	CD56+ NK	gem_group_6
AGACTCGATGCAGT-6	CD56+ NK	gem_group_6
AGACTGACAGAGGC-6	CD4+/CD25 T Reg	gem_group_6
AGAGCGGACATTGG-6	Dendritic	gem_group_6
AGAGTCACCTCATT-6	CD8+/CD45RA+ Naive Cytotoxic	gem_group_6
AGAGTCTGGTTTCT-6	CD8+ Cytotoxic T	gem_group_6
AGAGTGCTAAGAAC-6	CD8+ Cytotoxic T	gem_group_6
AGAGTGCTTTGCAG-6	CD8+ Cytotoxic T	gem_group_6
AGATATACAACCAC-6	CD8+/CD45RA+ Naive Cytotoxic	gem_group_6
AGATATACAGTTCG-6	CD14+ Monocyte	gem_group_6
AGATATACGAGGCA-6	CD8+ Cytotoxic T	gem_group_6
AGATCGTGTGCTCC-6	CD8+ Cytotoxic T	gem_group_6
AGATCGTGTTTACC-6	CD56+ NK	gem_group_6
AGATCTCTAACTGC-6	CD56+ NK	gem_group_6
AGATTAACCTGCAA-6	CD8+ Cytotoxic T	gem_group_6
AGATTCCTGTACAC-6	CD56+ NK	gem_group_6
AGCAAAGAAACGAA-6	CD56+ NK	gem_group_6
AGCAAAGAGCTTAG-6	CD8+/CD45RA+ Naive Cytotoxic	gem_group_6
AGCAACACGCAGAG-6	CD19+ B	gem_group_6
AGCAACACTCTTTG-6	CD8+ Cytotoxic T	gem_group_6
AGCAAGCTCTTTAC-6	CD56+ NK	gem_group_6
AGCACAACCGCAAT-6	CD19+ B	gem_group_6
AGCACTGAAAGAGT-6	CD8+/CD45RA+ Naive Cytotoxic	gem_group_6
AGCACTGAATGTCG-6	CD8+/CD45RA+ Naive Cytotoxic	gem_group_6
AGCACTGACGCAAT-6	CD8+ Cytotoxic T	gem_group_6
AGCACTGAGTGCAT-6	CD4+/CD25 T Reg	gem_group_6
AGCACTGATCAAGC-6	CD56+ NK	gem_group_6
AGCATGACCGTGTA-6	CD8+ Cytotoxic T	gem_group_6
AGCATGACTCGCCT-6	CD8+ Cytotoxic T	gem_group_6
AGCATTCTACGACT-6	CD8+ Cytotoxic T	gem_group_6
AGCATTCTGGATCT-6	CD56+ NK	gem_group_6
AGCATTCTGTCGAT-6	CD56+ NK	gem_group_6
AGCCACCTAAACAG-6	CD19+ B	gem_group_6
AGCCGGTGTAAGGA-6	CD8+ Cytotoxic T	gem_group_6
AGCCTCACGTCCTC-6	CD8+/CD45RA+ Naive Cytotoxic	gem_group_6
AGCCTCACTCTATC-6	CD8+ Cytotoxic T	gem_group_6
AGCCTCTGTGGAGG-6	CD8+ Cytotoxic T	gem_group_6
AGCGAACTTTTGGG-6	CD4+/CD45RO+ Memory	gem_group_6
AGCGATACCCAATG-6	CD56+ NK	gem_group_6
AGCGCCGACCTCAC-6	CD8+/CD45RA+ Naive Cytotoxic	gem_group_6
AGCGCTCTAAAGTG-6	CD8+ Cytotoxic T	gem_group_6
AGCGGCACCACTAG-6	CD4+/CD25 T Reg	gem_group_6
AGCGGGCTAGCTCA-6	Dendritic	gem_group_6
AGCGGGCTGAACTC-6	CD14+ Monocyte	gem_group_6
AGCGGGCTGGCAAG-6	CD8+ Cytotoxic T	gem_group_6
AGCGTAACAATGCC-6	CD4+/CD45RO+ Memory	gem_group_6
AGCGTAACCAGAAA-6	CD8+ Cytotoxic T	gem_group_6
AGCGTAACGCGAGA-6	CD19+ B	gem_group_6
AGCTCGCTTTTCTG-6	CD8+ Cytotoxic T	gem_group_6
AGCTGCCTGTTGGT-6	CD8+/CD45RA+ Naive Cytotoxic	gem_group_6
AGCTGTGATGGGAG-6	CD8+ Cytotoxic T	gem_group_6
AGCTTTACTCCTTA-6	CD19+ B	gem_group_6
AGGAATGACCCACT-6	Dendritic	gem_group_6
AGGAATGATGCCCT-6	CD19+ B	gem_group_6
AGGACTTGACACAC-6	CD8+/CD45RA+ Naive Cytotoxic	gem_group_6
AGGACTTGACACTG-6	CD8+/CD45RA+ Naive Cytotoxic	gem_group_6
AGGACTTGCTATTC-6	CD8+ Cytotoxic T	gem_group_6
AGGACTTGGGTCAT-6	CD14+ Monocyte	gem_group_6
AGGAGTCTCCTATT-6	CD8+ Cytotoxic T	gem_group_6
AGGATGCTCGACAT-6	CD8+/CD45RA+ Naive Cytotoxic	gem_group_6
AGGATGCTGTAAAG-6	CD8+ Cytotoxic T	gem_group_6
AGGATGCTTAGTCG-6	CD8+ Cytotoxic T	gem_group_6
AGGCAACTGTAAAG-6	CD8+ Cytotoxic T	gem_group_6
AGGCAGGATTGGCA-6	CD8+ Cytotoxic T	gem_group_6
AGGCCTCTCGCCTT-6	CD8+/CD45RA+ Naive Cytotoxic	gem_group_6
AGGCTAACCAAGCT-6	CD8+ Cytotoxic T	gem_group_6
AGGCTAACCTATTC-6	CD19+ B	gem_group_6
AGGGACGACAGTTG-6	CD8+ Cytotoxic T	gem_group_6
AGGGAGTGACTTTC-6	CD4+/CD45RO+ Memory	gem_group_6
AGGGCCACAGAGGC-6	CD8+ Cytotoxic T	gem_group_6
AGGGCCACTAGTCG-6	CD8+/CD45RA+ Naive Cytotoxic	gem_group_6
AGGGCCACTCGTAG-6	CD19+ B	gem_group_6
AGGGTGGATGTAGC-6	CD8+ Cytotoxic T	gem_group_6
AGGGTGGATTAGGC-6	CD56+ NK	gem_group_6
AGGGTGGATTTGTC-6	CD8+/CD45RA+ Naive Cytotoxic	gem_group_6
AGGGTTTGAACCTG-6	CD19+ B	gem_group_6
AGGGTTTGGGATCT-6	CD8+ Cytotoxic T	gem_group_6
AGGTACACCTCAAG-6	CD56+ NK	gem_group_6
AGGTACTGACTACG-6	CD19+ B	gem_group_6
AGGTACTGCTCAGA-6	CD8+ Cytotoxic T	gem_group_6
AGGTACTGGAGATA-6	CD8+/CD45RA+ Naive Cytotoxic	gem_group_6
AGGTACTGGAGGTG-6	CD8+/CD45RA+ Naive Cytotoxic	gem_group_6
AGGTCATGCCACCT-6	CD4+/CD45RA+/CD25- Naive T	gem_group_6
AGGTGGGACCATGA-6	CD56+ NK	gem_group_6
AGGTGGGACTGGTA-6	CD8+ Cytotoxic T	gem_group_6
AGGTGGGAGACAGG-6	CD8+/CD45RA+ Naive Cytotoxic	gem_group_6
AGGTGGGATACAGC-6	CD56+ NK	gem_group_6
AGGTGTTGGGGATG-6	CD8+ Cytotoxic T	gem_group_6
AGGTTCGACTCAGA-6	CD8+ Cytotoxic T	gem_group_6
AGGTTCGAGAATGA-6	CD8+/CD45RA+ Naive Cytotoxic	gem_group_6
AGGTTGTGAGCGTT-6	CD8+ Cytotoxic T	gem_group_6
AGTAAGGAGTATCG-6	CD8+/CD45RA+ Naive Cytotoxic	gem_group_6
AGTAATACCCAATG-6	CD4+/CD25 T Reg	gem_group_6
AGTAATTGGTACCA-6	CD8+/CD45RA+ Naive Cytotoxic	gem_group_6
AGTACTCTACCCAA-6	CD8+/CD45RA+ Naive Cytotoxic	gem_group_6
AGTAGGCTGTTTGG-6	CD56+ NK	gem_group_6
AGTAGGCTTCTTTG-6	CD8+ Cytotoxic T	gem_group_6
AGTATCCTCACCAA-6	CD8+ Cytotoxic T	gem_group_6
AGTATCCTGTGTCA-6	CD56+ NK	gem_group_6
AGTCACGACTTATC-6	CD19+ B	gem_group_6
AGTCCAGACTCGAA-6	CD8+/CD45RA+ Naive Cytotoxic	gem_group_6
AGTCGAACTCCGTC-6	CD8+ Cytotoxic T	gem_group_6
AGTCTTACTCAGAC-6	CD4+/CD45RO+ Memory	gem_group_6
AGTCTTACTTCTCA-6	CD56+ NK	gem_group_6
AGTGAAGATATGGC-6	CD8+/CD45RA+ Naive Cytotoxic	gem_group_6
AGTGACACGCTCCT-6	CD8+/CD45RA+ Naive Cytotoxic	gem_group_6
AGTGCAACTCGTGA-6	CD8+/CD45RA+ Naive Cytotoxic	gem_group_6
AGTGCAACTGGTTG-6	CD19+ B	gem_group_6
AGTGTGACTGTGAC-6	CD56+ NK	gem_group_6
AGTGTTCTCTCTCG-6	CD19+ B	gem_group_6
AGTTAAACAAACGA-6	CD4+/CD25 T Reg	gem_group_6
AGTTATGAATGTCG-6	CD4+/CD25 T Reg	gem_group_6
AGTTATGATTCGCC-6	CD8+/CD45RA+ Naive Cytotoxic	gem_group_6
AGTTCTACGGAGTG-6	CD8+ Cytotoxic T	gem_group_6
AGTTCTTGGAATCC-6	CD14+ Monocyte	gem_group_6
AGTTGTCTGTTCTT-6	CD19+ B	gem_group_6
AGTTTAGACAGGAG-6	CD8+ Cytotoxic T	gem_group_6
AGTTTAGAGGTTCA-6	CD14+ Monocyte	gem_group_6
AGTTTAGAGTGCTA-6	CD19+ B	gem_group_6
AGTTTCACCCACCT-6	CD56+ NK	gem_group_6
AGTTTCACGAGACG-6	CD8+ Cytotoxic T	gem_group_6
AGTTTGCTATCTCT-6	CD56+ NK	gem_group_6
AGTTTGCTCCTCGT-6	CD8+ Cytotoxic T	gem_group_6
AGTTTGCTGGCATT-6	CD8+ Cytotoxic T	gem_group_6
ATAAACACTCTTAC-6	CD8+/CD45RA+ Naive Cytotoxic	gem_group_6
ATAACATGTTACCT-6	CD8+/CD45RA+ Naive Cytotoxic	gem_group_6
ATAACCCTCAGCTA-6	CD19+ B	gem_group_6
ATAAGTTGCTCATT-6	CD4+/CD45RO+ Memory	gem_group_6
ATACAATGCGAATC-6	CD4+/CD45RO+ Memory	gem_group_6
ATACCGGATAGAAG-6	CD4+/CD25 T Reg	gem_group_6
ATACGGACACTGGT-6	CD8+ Cytotoxic T	gem_group_6
ATACGGACCCGCTT-6	CD8+/CD45RA+ Naive Cytotoxic	gem_group_6
ATACGGACCGTACA-6	CD8+ Cytotoxic T	gem_group_6
ATACGTCTGCTCCT-6	CD8+ Cytotoxic T	gem_group_6
ATACGTCTGGCAAG-6	CD8+/CD45RA+ Naive Cytotoxic	gem_group_6
ATAGAACTGCTGTA-6	CD8+ Cytotoxic T	gem_group_6
ATAGATACGGACGA-6	CD8+ Cytotoxic T	gem_group_6
ATAGATACTTCTCA-6	CD8+ Cytotoxic T	gem_group_6
ATAGCGTGGGACAG-6	CD8+ Cytotoxic T	gem_group_6
ATAGCTCTACCAGT-6	CD4+/CD45RO+ Memory	gem_group_6
ATAGCTCTCAGAAA-6	CD19+ B	gem_group_6
ATAGCTCTCGTCTC-6	CD4+/CD25 T Reg	gem_group_6
ATAGCTCTGTCTGA-6	CD56+ NK	gem_group_6
ATAGGAGACCATAG-6	CD8+ Cytotoxic T	gem_group_6
ATAGTCCTAAAAGC-6	CD56+ NK	gem_group_6
ATAGTCCTGGAGGT-6	CD56+ NK	gem_group_6
ATAGTTGAACGGGA-6	CD8+/CD45RA+ Naive Cytotoxic	gem_group_6
ATATACGAGTTCTT-6	CD4+/CD25 T Reg	gem_group_6
ATATGAACTAGACC-6	CD8+/CD45RA+ Naive Cytotoxic	gem_group_6
ATATGCCTGCGAAG-6	CD8+ Cytotoxic T	gem_group_6
ATCAAATGCAGATC-6	CD56+ NK	gem_group_6
ATCAAATGGGTGGA-6	CD19+ B	gem_group_6
ATCAACCTCCGAAT-6	CD8+ Cytotoxic T	gem_group_6
ATCACACTTATCTC-6	CD8+/CD45RA+ Naive Cytotoxic	gem_group_6
ATCACGGATCTGGA-6	CD56+ NK	gem_group_6
ATCACGGATGAAGA-6	CD8+ Cytotoxic T	gem_group_6
ATCACTACAGAAGT-6	CD8+ Cytotoxic T	gem_group_6
ATCACTACCATGGT-6	CD8+ Cytotoxic T	gem_group_6
ATCAGGTGTTTGCT-6	CD4+/CD25 T Reg	gem_group_6
ATCATCTGTTTGTC-6	CD19+ B	gem_group_6
ATCCAGGACACAAC-6	CD56+ NK	gem_group_6
ATCCAGGATGAAGA-6	CD8+/CD45RA+ Naive Cytotoxic	gem_group_6
ATCCATACGGGTGA-6	CD8+ Cytotoxic T	gem_group_6
ATCCCGTGGCCATA-6	CD8+ Cytotoxic T	gem_group_6
ATCCTAACCCTAAG-6	CD19+ B	gem_group_6
ATCGACGAGGTTCA-6	CD8+ Cytotoxic T	gem_group_6
ATCGCAGAAAGTGA-6	CD14+ Monocyte	gem_group_6
ATCGCCACCCTCGT-6	CD8+ Cytotoxic T	gem_group_6
ATCGCCACGTCTAG-6	CD56+ NK	gem_group_6
ATCGCGCTACCAAC-6	CD19+ B	gem_group_6
ATCGGAACGAACTC-6	CD8+ Cytotoxic T	gem_group_6
ATCGGTGAGATAGA-6	CD19+ B	gem_group_6
ATCTACTGTATGCG-6	CD56+ NK	gem_group_6
ATCTCAACGGTGGA-6	CD8+/CD45RA+ Naive Cytotoxic	gem_group_6
ATCTGACTCGATAC-6	CD8+ Cytotoxic T	gem_group_6
ATCTGTTGCAACCA-6	CD8+/CD45RA+ Naive Cytotoxic	gem_group_6
ATCTTTCTACCCAA-6	CD8+ Cytotoxic T	gem_group_6
ATCTTTCTTGTCCC-6	CD8+ Cytotoxic T	gem_group_6
ATCTTTCTTTACCT-6	CD8+/CD45RA+ Naive Cytotoxic	gem_group_6
ATGACGTGAAGTAG-6	CD4+/CD25 T Reg	gem_group_6
ATGAGAGAAAGATG-6	CD8+ Cytotoxic T	gem_group_6
ATGAGCACAGCTAC-6	CD8+/CD45RA+ Naive Cytotoxic	gem_group_6
ATGAGCACCCTGAA-6	CD56+ NK	gem_group_6
ATGAGCACCGGTAT-6	CD19+ B	gem_group_6
ATGATATGCACTTT-6	Dendritic	gem_group_6
ATGATATGTGAGGG-6	CD8+/CD45RA+ Naive Cytotoxic	gem_group_6
ATGCAGACACTACG-6	CD8+/CD45RA+ Naive Cytotoxic	gem_group_6
ATGCAGACTTCCCG-6	CD19+ B	gem_group_6
ATGCAGACTTGCAG-6	CD14+ Monocyte	gem_group_6
ATGCGATGTCGCTC-6	CD8+/CD45RA+ Naive Cytotoxic	gem_group_6
ATGCGCCTCTGATG-6	CD56+ NK	gem_group_6
ATGGGTACGTTCAG-6	CD56+ NK	gem_group_6
ATGGGTACTCGTAG-6	CD8+/CD45RA+ Naive Cytotoxic	gem_group_6
ATGGTGACGCTGAT-6	Dendritic	gem_group_6
ATGTAAACACCTCC-6	CD4+/CD25 T Reg	gem_group_6
ATGTCACTAGATCC-6	CD8+ Cytotoxic T	gem_group_6
ATGTCGGATGCAAC-6	CD14+ Monocyte	gem_group_6
ATGTTCACGTACGT-6	Dendritic	gem_group_6
ATGTTCACGTCAAC-6	CD4+/CD25 T Reg	gem_group_6
ATGTTGCTCCTTGC-6	CD14+ Monocyte	gem_group_6
ATGTTGCTCTGACA-6	CD19+ B	gem_group_6
ATGTTGCTTGTGCA-6	CD56+ NK	gem_group_6
ATTAACGACGCCTT-6	CD8+ Cytotoxic T	gem_group_6
ATTAAGACTGACAC-6	CD8+/CD45RA+ Naive Cytotoxic	gem_group_6
ATTACCACCGGGAA-6	CD56+ NK	gem_group_6
ATTACCTGAAGTGA-6	CD4+/CD45RO+ Memory	gem_group_6
ATTAGATGACTGTG-6	CD4+/CD45RO+ Memory	gem_group_6
ATTAGTGATGCCCT-6	CD8+/CD45RA+ Naive Cytotoxic	gem_group_6
ATTAGTGATGCTAG-6	CD56+ NK	gem_group_6
ATTATGGAAATCGC-6	CD8+/CD45RA+ Naive Cytotoxic	gem_group_6
ATTCAAGACATTGG-6	CD56+ NK	gem_group_6
ATTCAAGAGCAGTT-6	CD8+ Cytotoxic T	gem_group_6
ATTCAGCTCGGTAT-6	CD56+ NK	gem_group_6
ATTCCAACAAGGCG-6	CD56+ NK	gem_group_6
ATTCCAACAGAACA-6	CD8+ Cytotoxic T	gem_group_6
ATTCCATGTGTCCC-6	CD4+/CD45RA+/CD25- Naive T	gem_group_6
ATTCGACTCGTGTA-6	CD8+ Cytotoxic T	gem_group_6
ATTCGGGACACTCC-6	CD8+ Cytotoxic T	gem_group_6
ATTCGGGATCCTCG-6	CD8+/CD45RA+ Naive Cytotoxic	gem_group_6
ATTCTTCTTCAGTG-6	CD34+	gem_group_6
ATTGAAACCTTGCC-6	CD19+ B	gem_group_6
ATTGAATGAGGAGC-6	CD8+ Cytotoxic T	gem_group_6
ATTGATGAACCTAG-6	CD8+/CD45RA+ Naive Cytotoxic	gem_group_6
ATTGCACTATCTCT-6	CD8+/CD45RA+ Naive Cytotoxic	gem_group_6
ATTGCGGAGGTTAC-6	CD8+ Cytotoxic T	gem_group_6
ATTGCTACGAGGAC-6	CD4+/CD45RO+ Memory	gem_group_6
ATTGCTTGGGTACT-6	CD4+/CD25 T Reg	gem_group_6
ATTGGGTGACGCAT-6	CD8+ Cytotoxic T	gem_group_6
ATTGTCTGCACTGA-6	CD8+ Cytotoxic T	gem_group_6
ATTTCCGATGTCTT-6	CD8+/CD45RA+ Naive Cytotoxic	gem_group_6
ATTTCGTGGGTACT-6	CD8+/CD45RA+ Naive Cytotoxic	gem_group_6
ATTTCTCTCCTAAG-6	CD8+ Cytotoxic T	gem_group_6
ATTTGCACAGAATG-6	CD8+ Cytotoxic T	gem_group_6
CAAAGCACTAGCCA-6	CD19+ B	gem_group_6
CAAAGCTGCACTAG-6	CD8+/CD45RA+ Naive Cytotoxic	gem_group_6
CAAATATGCGTGTA-6	CD8+ Cytotoxic T	gem_group_6
CAACAGACCGATAC-6	CD4+/CD25 T Reg	gem_group_6
CAACCAGAGTCTAG-6	CD4+/CD25 T Reg	gem_group_6
CAACCGCTCAGTTG-6	CD8+ Cytotoxic T	gem_group_6
CAACCGCTCCTCGT-6	CD8+ Cytotoxic T	gem_group_6
CAACCGCTGAAAGT-6	CD8+ Cytotoxic T	gem_group_6
CAACGAACACAGTC-6	CD4+/CD45RO+ Memory	gem_group_6
CAACGAACGGATTC-6	CD56+ NK	gem_group_6
CAACGATGCCGTAA-6	CD8+ Cytotoxic T	gem_group_6
CAACGATGTGCAGT-6	CD4+/CD25 T Reg	gem_group_6
CAAGACTGTATCTC-6	CD8+ Cytotoxic T	gem_group_6
CAAGCATGCGTTGA-6	CD19+ B	gem_group_6
CAAGCCCTTATGCG-6	CD56+ NK	gem_group_6
CAAGGTTGGTACGT-6	CD8+/CD45RA+ Naive Cytotoxic	gem_group_6
CAAGTCGATCAAGC-6	CD19+ B	gem_group_6
CAATAAACCCACCT-6	CD8+/CD45RA+ Naive Cytotoxic	gem_group_6
CAATAAACGAGGTG-6	CD14+ Monocyte	gem_group_6
CAATAAACTAGAGA-6	CD8+ Cytotoxic T	gem_group_6
CAATAATGTTTACC-6	CD8+/CD45RA+ Naive Cytotoxic	gem_group_6
CAATATGAACGGGA-6	CD8+ Cytotoxic T	gem_group_6
CAATATGAAGGGTG-6	CD8+ Cytotoxic T	gem_group_6
CAATATGATGCCCT-6	CD8+ Cytotoxic T	gem_group_6
CAATCGGACACACA-6	CD56+ NK	gem_group_6
CAATCGGAGCTTCC-6	CD8+/CD45RA+ Naive Cytotoxic	gem_group_6
CAATCTACGAAGGC-6	CD4+/CD45RO+ Memory	gem_group_6
CAATGGACTTCTGT-6	CD4+/CD45RA+/CD25- Naive T	gem_group_6
CAATTCTGATCGAC-6	CD19+ B	gem_group_6
CACAACGAAACGGG-6	CD4+/CD25 T Reg	gem_group_6
CACAATCTCTGAGT-6	CD8+ Cytotoxic T	gem_group_6
CACAATCTTCGCAA-6	CD56+ NK	gem_group_6
CACAATCTTGGCAT-6	CD4+/CD45RO+ Memory	gem_group_6
CACACCTGGAATAG-6	CD8+ Cytotoxic T	gem_group_6
CACAGCCTCGGGAA-6	Dendritic	gem_group_6
CACAGCCTTGGAAA-6	CD8+ Cytotoxic T	gem_group_6
CACAGTGAGCTATG-6	CD8+ Cytotoxic T	gem_group_6
CACAGTGATGCACA-6	CD56+ NK	gem_group_6
CACCACTGGGGACA-6	CD8+ Cytotoxic T	gem_group_6
CACCGTACCTCTAT-6	CD4+/CD45RO+ Memory	gem_group_6
CACGATGAGTTGCA-6	CD8+/CD45RA+ Naive Cytotoxic	gem_group_6
CACGCTACCTTGGA-6	CD8+ Cytotoxic T	gem_group_6
CACGCTACTGGTAC-6	CD8+ Cytotoxic T	gem_group_6
CACGGGTGCTAGTG-6	CD19+ B	gem_group_6
CACTAACTCTGACA-6	CD56+ NK	gem_group_6
CACTAACTCTGTCC-6	CD4+/CD25 T Reg	gem_group_6
CACTATACCGTACA-6	CD8+ Cytotoxic T	gem_group_6
CACTCCGATGAGGG-6	Dendritic	gem_group_6
CACTCTCTAAGGTA-6	CD8+ Cytotoxic T	gem_group_6
CACTCTCTCTCAGA-6	CD4+/CD45RO+ Memory	gem_group_6
CACTCTCTTTCTAC-6	CD14+ Monocyte	gem_group_6
CACTGAGAAAGAGT-6	CD8+ Cytotoxic T	gem_group_6
CACTGAGACAGTCA-6	CD56+ NK	gem_group_6
CACTGAGAGGAAGC-6	CD19+ B	gem_group_6
CACTGAGAGTAAGA-6	CD19+ B	gem_group_6
CACTGCACAGCTCA-6	CD8+ Cytotoxic T	gem_group_6
CACTGCACGAAACA-6	CD8+ Cytotoxic T	gem_group_6
CACTGCTGTGACTG-6	CD19+ B	gem_group_6
CACTTATGTTTGTC-6	CD8+/CD45RA+ Naive Cytotoxic	gem_group_6
CAGAAGCTTCATTC-6	CD8+ Cytotoxic T	gem_group_6
CAGAAGCTTCGTAG-6	CD8+/CD45RA+ Naive Cytotoxic	gem_group_6
CAGACAACTGGTAC-6	CD19+ B	gem_group_6
CAGACAACTTACTC-6	CD14+ Monocyte	gem_group_6
CAGACCCTACCGAT-6	CD8+/CD45RA+ Naive Cytotoxic	gem_group_6
CAGAGGGACAGAGG-6	CD8+/CD45RA+ Naive Cytotoxic	gem_group_6
CAGAGGGATGTCGA-6	CD4+/CD25 T Reg	gem_group_6
CAGCAATGATCGAC-6	CD8+ Cytotoxic T	gem_group_6
CAGCATGAACGCTA-6	CD4+/CD45RO+ Memory	gem_group_6
CAGCATGAAGATGA-6	CD56+ NK	gem_group_6
CAGCATGACAGCTA-6	CD56+ NK	gem_group_6
CAGCATGAGAGCTT-6	CD4+/CD25 T Reg	gem_group_6
CAGCCTACGAAGGC-6	CD8+/CD45RA+ Naive Cytotoxic	gem_group_6
CAGCCTTGTGCAGT-6	CD8+/CD45RA+ Naive Cytotoxic	gem_group_6
CAGCGTCTGAGGCA-6	CD4+/CD25 T Reg	gem_group_6
CAGCGTCTGTTACG-6	CD8+/CD45RA+ Naive Cytotoxic	gem_group_6
CAGCTAGACGACAT-6	CD8+ Cytotoxic T	gem_group_6
CAGCTAGAGACGAG-6	CD8+ Cytotoxic T	gem_group_6
CAGCTCTGCCCACT-6	CD56+ NK	gem_group_6
CAGCTCTGTAAGCC-6	CD8+ Cytotoxic T	gem_group_6
CAGGAACTCGCATA-6	CD14+ Monocyte	gem_group_6
CAGGAACTGGTTTG-6	CD8+ Cytotoxic T	gem_group_6
CAGGGCACGTAGGG-6	CD19+ B	gem_group_6
CAGGTATGTTGTCT-6	CD56+ NK	gem_group_6
CAGGTTGAAAGGCG-6	CD8+/CD45RA+ Naive Cytotoxic	gem_group_6
CAGGTTGAGACTAC-6	CD8+ Cytotoxic T	gem_group_6
CAGGTTGAGTATCG-6	CD8+ Cytotoxic T	gem_group_6
CAGTCAGATTCGGA-6	Dendritic	gem_group_6
CAGTGATGAAGAGT-6	CD8+/CD45RA+ Naive Cytotoxic	gem_group_6
CAGTGTGATCCTCG-6	CD19+ B	gem_group_6
CAGTTACTTTGTCT-6	CD56+ NK	gem_group_6
CAGTTGGAATGACC-6	CD8+ Cytotoxic T	gem_group_6
CAGTTGGAGTGAGG-6	CD8+ Cytotoxic T	gem_group_6
CATAAAACGACGTT-6	CD8+ Cytotoxic T	gem_group_6
CATAAATGAGTCAC-6	CD8+ Cytotoxic T	gem_group_6
CATAAATGTTGCGA-6	CD8+ Cytotoxic T	gem_group_6
CATATAGACATTTC-6	CD19+ B	gem_group_6
CATCAACTACTCAG-6	CD8+ Cytotoxic T	gem_group_6
CATCCCGATGGAAA-6	CD56+ NK	gem_group_6
CATCGCTGAGCATC-6	CD56+ NK	gem_group_6
CATCGCTGGACGTT-6	CD8+/CD45RA+ Naive Cytotoxic	gem_group_6
CATCTTGACTGAGT-6	CD8+ Cytotoxic T	gem_group_6
CATCTTGAGGAGGT-6	CD8+ Cytotoxic T	gem_group_6
CATGAGACACCCAA-6	CD4+/CD45RO+ Memory	gem_group_6
CATGAGACGTTTCT-6	CD4+/CD45RA+/CD25- Naive T	gem_group_6
CATGCGCTCGTAGT-6	CD8+ Cytotoxic T	gem_group_6
CATGCGCTGTTTCT-6	CD8+/CD45RA+ Naive Cytotoxic	gem_group_6
CATGGATGTCTGGA-6	CD4+/CD25 T Reg	gem_group_6
CATGGCCTACCTAG-6	CD8+/CD45RA+ Naive Cytotoxic	gem_group_6
CATGGCCTAGCGTT-6	CD56+ NK	gem_group_6
CATGGCCTTCAGAC-6	CD4+/CD25 T Reg	gem_group_6
CATGTACTACGGAG-6	CD8+/CD45RA+ Naive Cytotoxic	gem_group_6
CATGTACTGCATAC-6	CD56+ NK	gem_group_6
CATGTACTTGCCTC-6	CD8+/CD45RA+ Naive Cytotoxic	gem_group_6
CATGTTACCTTGCC-6	CD8+ Cytotoxic T	gem_group_6
CATGTTTGATTCTC-6	CD8+ Cytotoxic T	gem_group_6
CATGTTTGCACTAG-6	CD19+ B	gem_group_6
CATTCCCTGGATCT-6	CD8+ Cytotoxic T	gem_group_6
CATTGGGACTAGCA-6	CD19+ B	gem_group_6
CATTGGGATCCTAT-6	CD19+ B	gem_group_6
CATTGGGATCGACA-6	CD4+/CD25 T Reg	gem_group_6
CATTGTTGCCCTTG-6	CD8+ Cytotoxic T	gem_group_6
CATTTCGAATTGGC-6	CD8+/CD45RA+ Naive Cytotoxic	gem_group_6
CATTTGACAGTCTG-6	CD8+/CD45RA+ Naive Cytotoxic	gem_group_6
CATTTGTGACACGT-6	CD8+ Cytotoxic T	gem_group_6
CCAAGAACAACCGT-6	CD8+/CD45RA+ Naive Cytotoxic	gem_group_6
CCAAGATGTTCGTT-6	CD8+/CD45RA+ Naive Cytotoxic	gem_group_6
CCAAGTGACCCTCA-6	CD4+/CD45RO+ Memory	gem_group_6
CCAAGTGACGTAAC-6	CD19+ B	gem_group_6
CCAAGTGAGAATCC-6	CD8+ Cytotoxic T	gem_group_6
CCAATGGAGAAGGC-6	CD8+ Cytotoxic T	gem_group_6
CCAATTTGGGATCT-6	CD8+ Cytotoxic T	gem_group_6
CCAATTTGTGATGC-6	CD8+ Cytotoxic T	gem_group_6
CCACCATGCGTTAG-6	CD56+ NK	gem_group_6
CCACCTGACGACAT-6	CD8+ Cytotoxic T	gem_group_6
CCACGGGACGAGTT-6	CD8+ Cytotoxic T	gem_group_6
CCACGGGAGGAGGT-6	CD8+/CD45RA+ Naive Cytotoxic	gem_group_6
CCACGGGAGGTCAT-6	CD8+/CD45RA+ Naive Cytotoxic	gem_group_6
CCACTGACCTACGA-6	Dendritic	gem_group_6
CCACTGTGCGACAT-6	CD8+/CD45RA+ Naive Cytotoxic	gem_group_6
CCAGAAACTCCCAC-6	CD8+/CD45RA+ Naive Cytotoxic	gem_group_6
CCAGACCTCCTCAC-6	CD4+/CD25 T Reg	gem_group_6
CCAGCACTCTTCTA-6	CD8+ Cytotoxic T	gem_group_6
CCAGCACTGATACC-6	CD8+/CD45RA+ Naive Cytotoxic	gem_group_6
CCAGCGGAAGTAGA-6	CD8+ Cytotoxic T	gem_group_6
CCAGCGGAGTCGTA-6	CD8+/CD45RA+ Naive Cytotoxic	gem_group_6
CCAGCTACCACACA-6	CD8+ Cytotoxic T	gem_group_6
CCAGCTACTCCTGC-6	CD56+ NK	gem_group_6
CCAGGTCTTGGAGG-6	CD8+ Cytotoxic T	gem_group_6
CCAGTCTGAACGAA-6	CD8+/CD45RA+ Naive Cytotoxic	gem_group_6
CCAGTCTGGCAGAG-6	CD8+ Cytotoxic T	gem_group_6
CCAGTCTGTATTCC-6	CD8+/CD45RA+ Naive Cytotoxic	gem_group_6
CCATATACACACAC-6	CD4+/CD45RO+ Memory	gem_group_6
CCATCCGACGCAAT-6	CD8+ Cytotoxic T	gem_group_6
CCATCGTGACGCTA-6	CD56+ NK	gem_group_6
CCATCGTGCCGATA-6	CD8+/CD45RA+ Naive Cytotoxic	gem_group_6
CCATCGTGGTGCAT-6	CD4+/CD45RO+ Memory	gem_group_6
CCATCGTGTGAGCT-6	CD8+ Cytotoxic T	gem_group_6
CCATGCTGTAACCG-6	CD8+ Cytotoxic T	gem_group_6
CCATGCTGTGCTGA-6	CD56+ NK	gem_group_6
CCATGCTGTGTGCA-6	CD4+/CD25 T Reg	gem_group_6
CCATTAACATCACG-6	CD56+ NK	gem_group_6
CCATTAACGATGAA-6	CD19+ B	gem_group_6
CCATTAACTGGATC-6	CD8+ Cytotoxic T	gem_group_6
CCCAAAGATAGAGA-6	CD8+/CD45RA+ Naive Cytotoxic	gem_group_6
CCCACATGGTTGAC-6	CD8+/CD45RA+ Naive Cytotoxic	gem_group_6
CCCAGACTAGCGGA-6	CD14+ Monocyte	gem_group_6
CCCAGTTGCGTTAG-6	CD4+/CD45RA+/CD25- Naive T	gem_group_6
CCCATCGACCACAA-6	CD8+/CD45RA+ Naive Cytotoxic	gem_group_6
CCCATCGACTCTAT-6	CD8+ Cytotoxic T	gem_group_6
CCCATCGACTTCCG-6	CD8+/CD45RA+ Naive Cytotoxic	gem_group_6
CCCATCGACTTGAG-6	CD8+ Cytotoxic T	gem_group_6
CCCATGTGGTTACG-6	CD8+/CD45RA+ Naive Cytotoxic	gem_group_6
CCCATGTGTGCACA-6	CD8+/CD45RA+ Naive Cytotoxic	gem_group_6
CCCGAACTGGGTGA-6	CD8+/CD45RA+ Naive Cytotoxic	gem_group_6
CCCGAACTTGCCCT-6	CD8+ Cytotoxic T	gem_group_6
CCCGAACTTGTCAG-6	CD8+/CD45RA+ Naive Cytotoxic	gem_group_6
CCCGATTGGGAACG-6	CD8+ Cytotoxic T	gem_group_6
CCCGATTGTCGTTT-6	CD8+ Cytotoxic T	gem_group_6
CCCTACGACGAGTT-6	CD19+ B	gem_group_6
CCCTACGAGTCGTA-6	CD8+/CD45RA+ Naive Cytotoxic	gem_group_6
CCCTCAGAGTTCTT-6	CD8+/CD45RA+ Naive Cytotoxic	gem_group_6
CCCTGAACCCCTCA-6	CD8+ Cytotoxic T	gem_group_6
CCCTGAACCTGCTC-6	CD8+/CD45RA+ Naive Cytotoxic	gem_group_6
CCCTGAACTCGACA-6	CD8+/CD45RA+ Naive Cytotoxic	gem_group_6
CCCTGATGATCTTC-6	CD8+ Cytotoxic T	gem_group_6
CCCTGATGTCGTGA-6	CD8+/CD45RA+ Naive Cytotoxic	gem_group_6
CCCTTACTCTTGTT-6	CD8+/CD45RA+ Naive Cytotoxic	gem_group_6
CCCTTACTGTGTTG-6	CD8+/CD45RA+ Naive Cytotoxic	gem_group_6
CCCTTACTTTTCTG-6	CD4+/CD45RO+ Memory	gem_group_6
CCGACACTAGAAGT-6	CD8+ Cytotoxic T	gem_group_6
CCGACACTCAAAGA-6	CD19+ B	gem_group_6
CCGACACTGAATAG-6	CD4+/CD45RO+ Memory	gem_group_6
CCGCGAGAAGTAGA-6	CD14+ Monocyte	gem_group_6
CCGCGAGACATTGG-6	CD8+/CD45RA+ Naive Cytotoxic	gem_group_6
CCGCGAGACCTGTC-6	CD56+ NK	gem_group_6
CCGCGAGATACTCT-6	CD8+/CD45RA+ Naive Cytotoxic	gem_group_6
CCGCGAGATTTCTG-6	CD8+/CD45RA+ Naive Cytotoxic	gem_group_6
CCGCTATGACCCAA-6	CD4+/CD45RA+/CD25- Naive T	gem_group_6
CCGCTATGGTTCAG-6	CD8+ Cytotoxic T	gem_group_6
CCGGAGTGGGTCAT-6	CD8+ Cytotoxic T	gem_group_6
CCGTACACGTCGAT-6	CD56+ NK	gem_group_6
CCTACCGATGTCTT-6	CD4+/CD25 T Reg	gem_group_6
CCTAGAGACTTGAG-6	CD8+ Cytotoxic T	gem_group_6
CCTATAACCAGAGG-6	CD4+/CD45RO+ Memory	gem_group_6
CCTATAACTAAAGG-6	CD8+/CD45RA+ Naive Cytotoxic	gem_group_6
CCTATTGATAGAGA-6	CD8+ Cytotoxic T	gem_group_6
CCTCATCTTAGCCA-6	CD19+ B	gem_group_6
CCTCATCTTGTCAG-6	CD8+ Cytotoxic T	gem_group_6
CCTCGAACTCTTCA-6	CD34+	gem_group_6
CCTGAGCTCTATTC-6	CD8+/CD45RA+ Naive Cytotoxic	gem_group_6
CCTGAGCTTTCTCA-6	CD8+ Cytotoxic T	gem_group_6
CCTGGACTTCTGGA-6	CD8+ Cytotoxic T	gem_group_6
CCTTAATGTGACAC-6	CD8+/CD45RA+ Naive Cytotoxic	gem_group_6
CCTTTAGAGGCAAG-6	CD8+ Cytotoxic T	gem_group_6
CCTTTAGAGTACCA-6	CD8+ Cytotoxic T	gem_group_6
CGAACATGAGCGGA-6	CD19+ B	gem_group_6
CGAAGACTCGCAAT-6	CD8+/CD45RA+ Naive Cytotoxic	gem_group_6
CGAAGACTGTATCG-6	CD4+/CD45RO+ Memory	gem_group_6
CGAAGGGACTCTCG-6	CD56+ NK	gem_group_6
CGAAGGGATCTTAC-6	CD8+/CD45RA+ Naive Cytotoxic	gem_group_6
CGAATCGAACACAC-6	CD8+ Cytotoxic T	gem_group_6
CGACCTACCACTGA-6	CD56+ NK	gem_group_6
CGACCTTGAAAGTG-6	CD14+ Monocyte	gem_group_6
CGACGTCTACTGTG-6	CD56+ NK	gem_group_6
CGACGTCTTCCAAG-6	CD8+/CD45RA+ Naive Cytotoxic	gem_group_6
CGACTCACCCTCGT-6	CD19+ B	gem_group_6
CGACTCTGACTCAG-6	CD4+/CD25 T Reg	gem_group_6
CGACTCTGCTCTAT-6	CD8+/CD45RA+ Naive Cytotoxic	gem_group_6
CGACTCTGTATCTC-6	CD8+/CD45RA+ Naive Cytotoxic	gem_group_6
CGACTGCTGACAGG-6	CD56+ NK	gem_group_6
CGACTGCTTCTTTG-6	CD4+/CD45RO+ Memory	gem_group_6
CGAGAACTTTCCAT-6	CD8+ Cytotoxic T	gem_group_6
CGAGATTGCCGTAA-6	CD8+ Cytotoxic T	gem_group_6
CGAGCCGAAGTACC-6	CD56+ NK	gem_group_6
CGAGCCGATCTCTA-6	CD8+/CD45RA+ Naive Cytotoxic	gem_group_6
CGAGCCGATTGTGG-6	CD4+/CD25 T Reg	gem_group_6
CGAGGCACGGATCT-6	CD8+/CD45RA+ Naive Cytotoxic	gem_group_6
CGAGGCACTGCCTC-6	CD4+/CD45RO+ Memory	gem_group_6
CGAGGCACTTTACC-6	CD56+ NK	gem_group_6
CGAGGCACTTTCAC-6	CD8+ Cytotoxic T	gem_group_6
CGAGGGCTTCTTTG-6	CD56+ NK	gem_group_6
CGAGTATGTACGAC-6	CD4+/CD45RO+ Memory	gem_group_6
CGATACGAACCCAA-6	CD14+ Monocyte	gem_group_6
CGATACGACTCAGA-6	CD8+/CD45RA+ Naive Cytotoxic	gem_group_6
CGATACGAGCCATA-6	CD8+ Cytotoxic T	gem_group_6
CGATAGACAGCGGA-6	CD8+/CD45RA+ Naive Cytotoxic	gem_group_6
CGATCAGAAGGAGC-6	CD19+ B	gem_group_6
CGATCAGATCAGTG-6	CD56+ NK	gem_group_6
CGATCAGATTCTAC-6	CD8+/CD45RA+ Naive Cytotoxic	gem_group_6
CGCAACCTTTTGCT-6	CD8+ Cytotoxic T	gem_group_6
CGCACTTGTGGTGT-6	CD8+ Cytotoxic T	gem_group_6
CGCAGGACTTCAGG-6	CD4+/CD25 T Reg	gem_group_6
CGCAGGTGAGAAGT-6	CD4+/CD45RO+ Memory	gem_group_6
CGCAGGTGGTAGGG-6	CD8+ Cytotoxic T	gem_group_6
CGCATAGACGCCTT-6	CD8+ Cytotoxic T	gem_group_6
CGCATAGATGAAGA-6	CD8+ Cytotoxic T	gem_group_6
CGCCATTGGGCGAA-6	CD8+/CD45RA+ Naive Cytotoxic	gem_group_6
CGCCATTGTCATTC-6	CD8+ Cytotoxic T	gem_group_6
CGCCGAGACGACTA-6	CD8+/CD45RA+ Naive Cytotoxic	gem_group_6
CGCCGAGATCTACT-6	CD8+ Cytotoxic T	gem_group_6
CGCGGATGCCTACC-6	CD8+ Cytotoxic T	gem_group_6
CGCGGATGCGTTAG-6	CD8+ Cytotoxic T	gem_group_6
CGCTACACATGGTC-6	CD56+ NK	gem_group_6
CGCTACTGCTAGCA-6	CD8+/CD45RA+ Naive Cytotoxic	gem_group_6
CGCTCATGGAAAGT-6	CD8+ Cytotoxic T	gem_group_6
CGGAATTGTCCTCG-6	CD8+/CD45RA+ Naive Cytotoxic	gem_group_6
CGGACTCTGATACC-6	Dendritic	gem_group_6
CGGCATCTAGCCTA-6	CD8+/CD45RA+ Naive Cytotoxic	gem_group_6
CGGCATCTATACCG-6	CD4+/CD25 T Reg	gem_group_6
CGGCCAGACTCAAG-6	CD19+ B	gem_group_6
CGGCGAACTTTGGG-6	Dendritic	gem_group_6
CGGCGATGCATTGG-6	CD8+/CD45RA+ Naive Cytotoxic	gem_group_6
CGGCGATGGGTGGA-6	CD19+ B	gem_group_6
CGGGACTGAGCTCA-6	CD56+ NK	gem_group_6
CGGGCATGGCTAAC-6	CD8+ Cytotoxic T	gem_group_6
CGGTAAACAGCAAA-6	CD19+ B	gem_group_6
CGGTAAACCTCTCG-6	CD8+ Cytotoxic T	gem_group_6
CGGTAAACTAGAGA-6	CD19+ B	gem_group_6
CGGTACCTGGTAAA-6	CD8+ Cytotoxic T	gem_group_6
CGTAACGATGATGC-6	CD8+ Cytotoxic T	gem_group_6
CGTACAGAACACAC-6	CD19+ B	gem_group_6
CGTACCTGCAGAGG-6	CD19+ B	gem_group_6
CGTACCTGCTTGGA-6	CD56+ NK	gem_group_6
CGTACCTGTTCTCA-6	CD8+ Cytotoxic T	gem_group_6
CGTAGCCTCATCAG-6	CD8+/CD45RA+ Naive Cytotoxic	gem_group_6
CGTCCAACCGCAAT-6	CD8+/CD45RA+ Naive Cytotoxic	gem_group_6
CGTCCAACCTGCTC-6	CD8+ Cytotoxic T	gem_group_6
CGTCCAACTTCTTG-6	CD14+ Monocyte	gem_group_6
CGTCCAACTTGTCT-6	CD8+ Cytotoxic T	gem_group_6
CGTCCATGCCTAAG-6	CD8+ Cytotoxic T	gem_group_6
CGTCCATGCTAGCA-6	CD8+/CD45RA+ Naive Cytotoxic	gem_group_6
CGTCCATGGGTATC-6	CD8+/CD45RA+ Naive Cytotoxic	gem_group_6
CGTCCATGTTCGCC-6	CD8+ Cytotoxic T	gem_group_6
CGTGAAACATTCTC-6	CD8+/CD45RA+ Naive Cytotoxic	gem_group_6
CGTGAAACGTCAAC-6	CD8+/CD45RA+ Naive Cytotoxic	gem_group_6
CGTGAAACTTGTGG-6	CD8+ Cytotoxic T	gem_group_6
CGTGAATGACGACT-6	CD14+ Monocyte	gem_group_6
CGTGATGACTCTAT-6	CD8+ Cytotoxic T	gem_group_6
CGTGATGATGGGAG-6	CD8+ Cytotoxic T	gem_group_6
CGTGCACTACTAGC-6	CD4+/CD45RO+ Memory	gem_group_6
CGTTAACTAACAGA-6	CD4+/CD25 T Reg	gem_group_6
CGTTAGGAAAGGTA-6	CD8+/CD45RA+ Naive Cytotoxic	gem_group_6
CGTTATACGAGAGC-6	CD8+ Cytotoxic T	gem_group_6
CTAACACTGGACAG-6	CD8+ Cytotoxic T	gem_group_6
CTAAGGACCACTCC-6	CD8+ Cytotoxic T	gem_group_6
CTAAGGACTGAGCT-6	CD8+/CD45RA+ Naive Cytotoxic	gem_group_6
CTAAGGTGAACGTC-6	CD8+/CD45RA+ Naive Cytotoxic	gem_group_6
CTAAGGTGGCGTAT-6	CD8+ Cytotoxic T	gem_group_6
CTAATAGAGGTCAT-6	CD8+ Cytotoxic T	gem_group_6
CTACAACTGGTGGA-6	Dendritic	gem_group_6
CTACAACTGTAGGG-6	CD56+ NK	gem_group_6
CTACCTCTCTGAGT-6	CD8+/CD45RA+ Naive Cytotoxic	gem_group_6
CTACCTCTCTTACT-6	CD19+ B	gem_group_6
CTACCTCTTTTGGG-6	CD56+ NK	gem_group_6
CTACGCACCTGTCC-6	CD56+ NK	gem_group_6
CTACGGCTTACTCT-6	CD56+ NK	gem_group_6
CTACTATGTGGCAT-6	CD4+/CD45RO+ Memory	gem_group_6
CTACTCCTCGCATA-6	CD4+/CD25 T Reg	gem_group_6
CTACTCCTTGTGAC-6	CD56+ NK	gem_group_6
CTAGAGACGAAGGC-6	CD8+/CD45RA+ Naive Cytotoxic	gem_group_6
CTAGAGACTCTCTA-6	CD8+ Cytotoxic T	gem_group_6
CTAGATCTCGAATC-6	CD8+/CD45RA+ Naive Cytotoxic	gem_group_6
CTAGGATGCGTTAG-6	CD4+/CD25 T Reg	gem_group_6
CTAGGATGTAAGGA-6	CD8+ Cytotoxic T	gem_group_6
CTAGGCCTGGACTT-6	CD8+ Cytotoxic T	gem_group_6
CTAGTTTGGAACTC-6	CD8+ Cytotoxic T	gem_group_6
CTATAAGATCGATG-6	CD8+/CD45RA+ Naive Cytotoxic	gem_group_6
CTATGACTGAGGGT-6	CD8+ Cytotoxic T	gem_group_6
CTATGACTGGAACG-6	CD19+ B	gem_group_6
CTCAATTGCCGTTC-6	CD56+ NK	gem_group_6
CTCAGAGAGGAAGC-6	CD56+ NK	gem_group_6
CTCAGCACTTGCGA-6	CD8+/CD45RA+ Naive Cytotoxic	gem_group_6
CTCAGCTGAGAGTA-6	CD8+/CD45RA+ Naive Cytotoxic	gem_group_6
CTCAGCTGATGTGC-6	CD8+ Cytotoxic T	gem_group_6
CTCAGGCTAGTCGT-6	CD4+/CD45RO+ Memory	gem_group_6
CTCATTGAAGAATG-6	CD8+ Cytotoxic T	gem_group_6
CTCCATCTCAGAGG-6	CD8+/CD45RA+ Naive Cytotoxic	gem_group_6
CTCCATCTTTCATC-6	CD8+ Cytotoxic T	gem_group_6
CTCCGAACATGCCA-6	CD8+ Cytotoxic T	gem_group_6
CTCCTACTTCCTAT-6	CD19+ B	gem_group_6
CTCGAAGATCTACT-6	CD8+ Cytotoxic T	gem_group_6
CTCGACACCCTATT-6	CD8+/CD45RA+ Naive Cytotoxic	gem_group_6
CTCGACACCTGTAG-6	CD4+/CD45RO+ Memory	gem_group_6
CTCGACTGAGTCAC-6	CD14+ Monocyte	gem_group_6
CTCGAGCTTCTATC-6	CD56+ NK	gem_group_6
CTCGAGCTTGTCCC-6	CD8+/CD45RA+ Naive Cytotoxic	gem_group_6
CTCGCATGGTCGAT-6	CD8+ Cytotoxic T	gem_group_6
CTCTAAACCAGTTG-6	CD8+ Cytotoxic T	gem_group_6
CTCTAATGCTATTC-6	CD8+/CD45RA+ Naive Cytotoxic	gem_group_6
CTGAAGTGTAGACC-6	CD8+ Cytotoxic T	gem_group_6
CTGAATCTATCAGC-6	CD8+/CD45RA+ Naive Cytotoxic	gem_group_6
CTGAATCTGTTGAC-6	CD14+ Monocyte	gem_group_6
CTGAATCTTTCGGA-6	CD56+ NK	gem_group_6
CTGACCACACGGAG-6	CD8+ Cytotoxic T	gem_group_6
CTGATTTGGCTCCT-6	CD8+/CD45RA+ Naive Cytotoxic	gem_group_6
CTGATTTGGTGAGG-6	CD4+/CD45RO+ Memory	gem_group_6
CTGCAGCTTCATTC-6	CD8+ Cytotoxic T	gem_group_6
CTGCGACTGGTCTA-6	CD8+ Cytotoxic T	gem_group_6
CTGGAAACGGCGAA-6	CD8+/CD45RA+ Naive Cytotoxic	gem_group_6
CTGGATGAGCAAGG-6	CD4+/CD45RO+ Memory	gem_group_6
CTGGATGATCAAGC-6	CD4+/CD45RA+/CD25- Naive T	gem_group_6
CTGGCACTAGGGTG-6	CD8+ Cytotoxic T	gem_group_6
CTGGCACTCCTGAA-6	CD8+ Cytotoxic T	gem_group_6
CTGTAACTTTCTCA-6	CD8+/CD45RA+ Naive Cytotoxic	gem_group_6
CTTAAAGAGTCACA-6	CD8+ Cytotoxic T	gem_group_6
CTTAAAGATCTGGA-6	CD8+ Cytotoxic T	gem_group_6
CTTAAGCTAAGGTA-6	CD8+/CD45RA+ Naive Cytotoxic	gem_group_6
CTTAAGCTTCTTTG-6	CD4+/CD45RO+ Memory	gem_group_6
CTTACATGAATGCC-6	CD19+ B	gem_group_6
CTTACTGACCACCT-6	CD8+ Cytotoxic T	gem_group_6
CTTACTGATCCTCG-6	CD8+ Cytotoxic T	gem_group_6
CTTAGACTCTTGAG-6	CD8+ Cytotoxic T	gem_group_6
CTTAGACTTGCTTT-6	CD8+/CD45RA+ Naive Cytotoxic	gem_group_6
CTTAGGGAAAAGTG-6	CD4+/CD25 T Reg	gem_group_6
CTTATCGATCGTTT-6	CD4+/CD25 T Reg	gem_group_6
CTTCACCTGTGAGG-6	CD4+/CD25 T Reg	gem_group_6
CTTCTAGAGAACCT-6	CD8+/CD45RA+ Naive Cytotoxic	gem_group_6
CTTGAACTAAGATG-6	CD56+ NK	gem_group_6
CTTGAACTAAGGCG-6	CD56+ NK	gem_group_6
CTTGATTGAAAACG-6	CD8+ Cytotoxic T	gem_group_6
CTTGATTGAAGGTA-6	CD8+/CD45RA+ Naive Cytotoxic	gem_group_6
CTTGTATGAGTAGA-6	CD8+/CD45RA+ Naive Cytotoxic	gem_group_6
CTTGTATGCACTCC-6	CD8+/CD45RA+ Naive Cytotoxic	gem_group_6
CTTGTATGCGAATC-6	CD8+/CD45RA+ Naive Cytotoxic	gem_group_6
CTTTACGATTCGTT-6	Dendritic	gem_group_6
CTTTAGACTGAGCT-6	CD8+/CD45RA+ Naive Cytotoxic	gem_group_6
CTTTAGTGCGGAGA-6	CD8+/CD45RA+ Naive Cytotoxic	gem_group_6
CTTTCAGACGAGAG-6	CD8+ Cytotoxic T	gem_group_6
CTTTCAGACGCATA-6	CD19+ B	gem_group_6
CTTTGATGTTTACC-6	CD19+ B	gem_group_6
GAAACAGAGACAAA-6	CD19+ B	gem_group_6
GAAACCTGGTTCAG-6	CD19+ B	gem_group_6
GAAACCTGTCGTGA-6	Dendritic	gem_group_6
GAAAGATGCATACG-6	CD8+/CD45RA+ Naive Cytotoxic	gem_group_6
GAAAGCCTACCAGT-6	CD56+ NK	gem_group_6
GAAAGCCTACTCAG-6	CD34+	gem_group_6
GAAAGTGAAAGGCG-6	CD8+ Cytotoxic T	gem_group_6
GAAAGTGAATTCTC-6	CD8+ Cytotoxic T	gem_group_6
GAAATACTCTGCTC-6	CD56+ NK	gem_group_6
GAACACACAGAATG-6	CD8+/CD45RA+ Naive Cytotoxic	gem_group_6
GAACAGCTGCCAAT-6	CD8+/CD45RA+ Naive Cytotoxic	gem_group_6
GAACGTTGCCTCAC-6	CD4+/CD25 T Reg	gem_group_6
GAACGTTGGAGGGT-6	CD14+ Monocyte	gem_group_6
GAACTGTGGCTTCC-6	CD8+ Cytotoxic T	gem_group_6
GAACTGTGTCCTCG-6	CD8+/CD45RA+ Naive Cytotoxic	gem_group_6
GAACTGTGTTTACC-6	CD8+/CD45RA+ Naive Cytotoxic	gem_group_6
GAAGATGAGCTACA-6	CD8+ Cytotoxic T	gem_group_6
GAAGATGATTTGTC-6	CD8+/CD45RA+ Naive Cytotoxic	gem_group_6
GAAGCTACACCTTT-6	CD8+/CD45RA+ Naive Cytotoxic	gem_group_6
GAAGCTACATCAGC-6	CD8+ Cytotoxic T	gem_group_6
GAAGGGTGGAATGA-6	CD8+/CD45RA+ Naive Cytotoxic	gem_group_6
GAAGGGTGGTTCTT-6	CD8+/CD45RA+ Naive Cytotoxic	gem_group_6
GAAGGTCTAGTGCT-6	CD4+/CD45RO+ Memory	gem_group_6
GAAGTCACAAAGCA-6	CD56+ NK	gem_group_6
GAAGTCTGGACGGA-6	CD56+ NK	gem_group_6
GAAGTGCTAGATCC-6	CD19+ B	gem_group_6
GAAGTGCTGAGCAG-6	CD4+/CD25 T Reg	gem_group_6
GAATGCACCTGATG-6	CD8+/CD45RA+ Naive Cytotoxic	gem_group_6
GAATGGCTTCTCTA-6	CD8+ Cytotoxic T	gem_group_6
GAATTAACCTCAGA-6	CD56+ NK	gem_group_6
GACAACACCGCTAA-6	CD56+ NK	gem_group_6
GACCATGATACGCA-6	CD4+/CD45RO+ Memory	gem_group_6
GACCCTACGTACGT-6	CD8+/CD45RA+ Naive Cytotoxic	gem_group_6
GACCCTACTGAACC-6	CD8+/CD45RA+ Naive Cytotoxic	gem_group_6
GACCTCACTTCCGC-6	CD56+ NK	gem_group_6
GACCTCTGTTATCC-6	CD4+/CD25 T Reg	gem_group_6
GACGAACTCGATAC-6	CD8+/CD45RA+ Naive Cytotoxic	gem_group_6
GACGAGGAGTTAGC-6	CD8+/CD45RA+ Naive Cytotoxic	gem_group_6
GACGATTGGTACGT-6	CD8+ Cytotoxic T	gem_group_6
GACGCCGATGACAC-6	CD56+ NK	gem_group_6
GACGTATGGCTATG-6	CD8+/CD45RA+ Naive Cytotoxic	gem_group_6
GACGTCCTCAAGCT-6	CD19+ B	gem_group_6
GACTACGACAGCTA-6	CD8+ Cytotoxic T	gem_group_6
GACTACGATCTCCG-6	CD8+/CD45RA+ Naive Cytotoxic	gem_group_6
GACTGATGACCAAC-6	CD8+/CD45RA+ Naive Cytotoxic	gem_group_6
GACTGATGCGACAT-6	CD8+ Cytotoxic T	gem_group_6
GACTGTGAACCTTT-6	CD8+ Cytotoxic T	gem_group_6
GACTGTGACCCTAC-6	CD56+ NK	gem_group_6
GACTGTGACTAGAC-6	CD14+ Monocyte	gem_group_6
GACTGTGATTAGGC-6	CD4+/CD45RA+/CD25- Naive T	gem_group_6
GAGAAATGACGGGA-6	CD8+ Cytotoxic T	gem_group_6
GAGAAATGCAAAGA-6	CD8+/CD45RA+ Naive Cytotoxic	gem_group_6
GAGAAATGTTCCAT-6	CD8+ Cytotoxic T	gem_group_6
GAGATCACAATGCC-6	CD4+/CD25 T Reg	gem_group_6
GAGCAACTCTGAGT-6	CD56+ NK	gem_group_6
GAGCAACTTATTCC-6	CD8+ Cytotoxic T	gem_group_6
GAGCGCTGTGCTCC-6	CD8+/CD45RA+ Naive Cytotoxic	gem_group_6
GAGCGGCTAAAACG-6	CD19+ B	gem_group_6
GAGGACGATTTGGG-6	CD8+ Cytotoxic T	gem_group_6
GAGGATCTCGTCTC-6	CD4+/CD25 T Reg	gem_group_6
GAGGCAGAAGATCC-6	CD8+ Cytotoxic T	gem_group_6
GAGGCAGAGGACTT-6	CD56+ NK	gem_group_6
GAGGCCACAACCAC-6	CD8+/CD45RA+ Naive Cytotoxic	gem_group_6
GAGGGAACCCTTTA-6	CD8+ Cytotoxic T	gem_group_6
GAGGGATGAGAATG-6	Dendritic	gem_group_6
GAGGGCCTGTGTCA-6	CD8+/CD45RA+ Naive Cytotoxic	gem_group_6
GAGGTACTCTAGAC-6	CD4+/CD25 T Reg	gem_group_6
GAGGTACTTGTCGA-6	CD8+ Cytotoxic T	gem_group_6
GAGGTTACAGCCAT-6	CD14+ Monocyte	gem_group_6
GAGGTTACGCGTTA-6	CD8+ Cytotoxic T	gem_group_6
GAGTAAGACGTTGA-6	CD14+ Monocyte	gem_group_6
GAGTAAGATGATGC-6	CD8+ Cytotoxic T	gem_group_6
GAGTACACCTCAGA-6	CD8+ Cytotoxic T	gem_group_6
GAGTACACTGTCAG-6	CD8+ Cytotoxic T	gem_group_6
GAGTACTGTGCATG-6	CD8+ Cytotoxic T	gem_group_6
GAGTCAACAAAGCA-6	CD4+/CD45RO+ Memory	gem_group_6
GAGTCAACCTCAAG-6	CD8+ Cytotoxic T	gem_group_6
GAGTCAACGTACAC-6	CD8+ Cytotoxic T	gem_group_6
GAGTGGGAACTAGC-6	CD56+ NK	gem_group_6
GAGTGGGACCAACA-6	CD8+ Cytotoxic T	gem_group_6
GAGTTGTGGGAGGT-6	CD8+ Cytotoxic T	gem_group_6
GATAAGGAACAGCT-6	CD8+/CD45RA+ Naive Cytotoxic	gem_group_6
GATAAGGAAGCAAA-6	CD8+ Cytotoxic T	gem_group_6
GATAAGGACGTTAG-6	CD8+ Cytotoxic T	gem_group_6
GATAATACGTTGAC-6	CD8+ Cytotoxic T	gem_group_6
GATACTCTAAAGCA-6	CD4+/CD25 T Reg	gem_group_6
GATACTCTGAGATA-6	CD56+ NK	gem_group_6
GATAGAGAAAGGTA-6	CD8+/CD45RA+ Naive Cytotoxic	gem_group_6
GATAGAGACTTTAC-6	CD56+ NK	gem_group_6
GATAGAGAGTTGGT-6	CD56+ NK	gem_group_6
GATAGCACGGCAAG-6	CD19+ B	gem_group_6
GATATAACCTTCTA-6	CD8+ Cytotoxic T	gem_group_6
GATATAACTAGACC-6	CD8+ Cytotoxic T	gem_group_6
GATATAACTCTCTA-6	CD8+ Cytotoxic T	gem_group_6
GATATATGGACAGG-6	CD56+ NK	gem_group_6
GATATCCTTCAGTG-6	CD14+ Monocyte	gem_group_6
GATATTGACTTATC-6	CD8+ Cytotoxic T	gem_group_6
GATATTGAGAGGCA-6	Dendritic	gem_group_6
GATATTGAGATACC-6	CD4+/CD45RO+ Memory	gem_group_6
GATATTGATGTTCT-6	CD8+ Cytotoxic T	gem_group_6
GATCCGCTCTCGAA-6	CD4+/CD25 T Reg	gem_group_6
GATCGATGGGAGTG-6	CD8+/CD45RA+ Naive Cytotoxic	gem_group_6
GATCGATGTCACGA-6	CD4+/CD25 T Reg	gem_group_6
GATCGTGATGAGAA-6	CD19+ B	gem_group_6
GATCTACTAACGAA-6	CD56+ NK	gem_group_6
GATCTACTGTTGGT-6	CD4+/CD25 T Reg	gem_group_6
GATCTTACAGCTAC-6	CD56+ NK	gem_group_6
GATGACACTAGAGA-6	CD8+/CD45RA+ Naive Cytotoxic	gem_group_6
GATGCAACGAACCT-6	CD4+/CD25 T Reg	gem_group_6
GATGCATGCTGCTC-6	CD14+ Monocyte	gem_group_6
GATGCATGCTGTCC-6	CD56+ NK	gem_group_6
GATTACCTTAGCCA-6	CD56+ NK	gem_group_6
GATTCTACACCCTC-6	CD8+ Cytotoxic T	gem_group_6
GATTCTACACGCTA-6	CD4+/CD45RO+ Memory	gem_group_6
GATTCTTGCCCTCA-6	CD8+ Cytotoxic T	gem_group_6
GATTCTTGGCTGTA-6	CD8+ Cytotoxic T	gem_group_6
GATTGGACTCTTTG-6	Dendritic	gem_group_6
GCAAACTGCCTGTC-6	CD56+ NK	gem_group_6
GCAACCCTGGTAAA-6	CD8+ Cytotoxic T	gem_group_6
GCAAGACTTATCTC-6	CD4+/CD45RA+/CD25- Naive T	gem_group_6
GCAATTCTAGCATC-6	CD4+/CD45RA+/CD25- Naive T	gem_group_6
GCACCTACCCCTTG-6	CD14+ Monocyte	gem_group_6
GCACCTTGGACAAA-6	CD8+ Cytotoxic T	gem_group_6
GCACCTTGGGTACT-6	CD8+/CD45RA+ Naive Cytotoxic	gem_group_6
GCACGGACAGGTTC-6	CD8+ Cytotoxic T	gem_group_6
GCACGGACATAAGG-6	CD14+ Monocyte	gem_group_6
GCACGGACCCCTTG-6	CD8+ Cytotoxic T	gem_group_6
GCACGGTGGACGGA-6	CD4+/CD25 T Reg	gem_group_6
GCACGTCTCAACCA-6	CD8+ Cytotoxic T	gem_group_6
GCAGCCGATCTCAT-6	CD4+/CD25 T Reg	gem_group_6
GCAGCGTGACGTTG-6	CD8+/CD45RA+ Naive Cytotoxic	gem_group_6
GCAGCGTGCACTAG-6	CD8+/CD45RA+ Naive Cytotoxic	gem_group_6
GCAGCTCTCGTAGT-6	CD56+ NK	gem_group_6
GCAGGCACTGCTGA-6	CD8+/CD45RA+ Naive Cytotoxic	gem_group_6
GCATGTGAGGGACA-6	CD56+ NK	gem_group_6
GCCAACCTACTCTT-6	CD4+/CD25 T Reg	gem_group_6
GCCACGGATCTCGC-6	CD8+ Cytotoxic T	gem_group_6
GCCACTACGATAGA-6	CD8+ Cytotoxic T	gem_group_6
GCCATCACACTAGC-6	CD56+ NK	gem_group_6
GCCATCACATTCGG-6	CD8+ Cytotoxic T	gem_group_6
GCCATCACGATGAA-6	CD8+/CD45RA+ Naive Cytotoxic	gem_group_6
GCCATCACGGTAGG-6	CD8+ Cytotoxic T	gem_group_6
GCCATGCTAAGGCG-6	CD8+/CD45RA+ Naive Cytotoxic	gem_group_6
GCCATGCTCCGCTT-6	CD8+ Cytotoxic T	gem_group_6
GCCCAGGAGGATTC-6	CD8+ Cytotoxic T	gem_group_6
GCCCAGGAGTTGGT-6	CD56+ NK	gem_group_6
GCCCATACCACAAC-6	CD8+/CD45RA+ Naive Cytotoxic	gem_group_6
GCCGACGACCGTTC-6	CD4+/CD45RO+ Memory	gem_group_6
GCCGAGTGATCTCT-6	CD56+ NK	gem_group_6
GCCGAGTGCCCTCA-6	CD8+ Cytotoxic T	gem_group_6
GCCGAGTGGCATCA-6	CD8+/CD45RA+ Naive Cytotoxic	gem_group_6
GCCGAGTGTTTGCT-6	CD4+/CD25 T Reg	gem_group_6
GCCGGAACACTGGT-6	CD8+ Cytotoxic T	gem_group_6
GCCGGAACGTGTCA-6	CD56+ NK	gem_group_6
GCCGTACTACTTTC-6	CD8+ Cytotoxic T	gem_group_6
GCCGTACTGAGGGT-6	CD8+ Cytotoxic T	gem_group_6
GCCTACACAGATCC-6	CD19+ B	gem_group_6
GCCTAGCTTCCAGA-6	CD4+/CD25 T Reg	gem_group_6
GCCTCATGCTCTAT-6	CD8+ Cytotoxic T	gem_group_6
GCCTCATGGGATCT-6	CD8+/CD45RA+ Naive Cytotoxic	gem_group_6
GCCTGACTAAGCCT-6	CD8+ Cytotoxic T	gem_group_6
GCGCACGAAGCACT-6	Dendritic	gem_group_6
GCGCGATGGCTATG-6	CD8+/CD45RA+ Naive Cytotoxic	gem_group_6
GCGCGATGTGGCAT-6	CD4+/CD25 T Reg	gem_group_6
GCGGACTGCCAGTA-6	CD8+ Cytotoxic T	gem_group_6
GCGGACTGGATACC-6	CD4+/CD25 T Reg	gem_group_6
GCGGACTGTTGACG-6	CD4+/CD25 T Reg	gem_group_6
GCGGCAACAGGTCT-6	CD8+/CD45RA+ Naive Cytotoxic	gem_group_6
GCGGCAACGCTAAC-6	CD8+/CD45RA+ Naive Cytotoxic	gem_group_6
GCGGGACTACTACG-6	CD8+ Cytotoxic T	gem_group_6
GCGGGACTGAATCC-6	CD8+/CD45RA+ Naive Cytotoxic	gem_group_6
GCGGGACTGTTACG-6	CD8+ Cytotoxic T	gem_group_6
GCGTAAACGCCTTC-6	CD4+/CD25 T Reg	gem_group_6
GCGTACCTACTGGT-6	CD8+ Cytotoxic T	gem_group_6
GCGTACCTGATACC-6	CD8+ Cytotoxic T	gem_group_6
GCGTATGAAAACGA-6	CD8+/CD45RA+ Naive Cytotoxic	gem_group_6
GCTAGAACGCGAAG-6	CD19+ B	gem_group_6
GCTATACTTTTGGG-6	CD4+ T Helper2	gem_group_6
GCTCACTGGACGTT-6	CD8+/CD45RA+ Naive Cytotoxic	gem_group_6
GCTCACTGGGACAG-6	CD8+/CD45RA+ Naive Cytotoxic	gem_group_6
GCTCAGCTCTCATT-6	CD8+ Cytotoxic T	gem_group_6
GCTCAGCTGATGAA-6	CD4+/CD25 T Reg	gem_group_6
GCTCCATGGCAGAG-6	CD56+ NK	gem_group_6
GCTCCATGGCTGTA-6	CD8+ Cytotoxic T	gem_group_6
GCTCGACTTCAGTG-6	Dendritic	gem_group_6
GGAACACTGGAACG-6	CD8+ Cytotoxic T	gem_group_6
GGAACACTTTCTTG-6	CD8+ Cytotoxic T	gem_group_6
GGAACTACTGGTAC-6	CD56+ NK	gem_group_6
GGAAGGACCATGGT-6	CD8+ Cytotoxic T	gem_group_6
GGAAGGACTAAGCC-6	CD19+ B	gem_group_6
GGAATCTGGTGCAT-6	CD8+/CD45RA+ Naive Cytotoxic	gem_group_6
GGAATGCTAAGGGC-6	CD8+/CD45RA+ Naive Cytotoxic	gem_group_6
GGACAACTACTACG-6	CD56+ NK	gem_group_6
GGACAACTGTTCAG-6	CD4+/CD25 T Reg	gem_group_6
GGACCCGAATAAGG-6	CD19+ B	gem_group_6
GGACCGTGTGATGC-6	CD8+ Cytotoxic T	gem_group_6
GGACCTCTCTCTTA-6	CD8+/CD45RA+ Naive Cytotoxic	gem_group_6
GGACCTCTTTGTGG-6	CD8+ Cytotoxic T	gem_group_6
GGACGAGACCGTTC-6	CD8+ Cytotoxic T	gem_group_6
GGACGCACTCCCAC-6	CD8+/CD45RA+ Naive Cytotoxic	gem_group_6
GGACGCTGAAGATG-6	CD8+ Cytotoxic T	gem_group_6
GGACGCTGCAATCG-6	CD4+/CD25 T Reg	gem_group_6
GGACGCTGGGAGGT-6	CD8+ Cytotoxic T	gem_group_6
GGACGCTGTTCGTT-6	CD8+ Cytotoxic T	gem_group_6
GGAGCAGACGAATC-6	CD4+/CD25 T Reg	gem_group_6
GGAGCAGACTCTAT-6	CD8+ Cytotoxic T	gem_group_6
GGAGCAGAGCGAGA-6	CD8+ Cytotoxic T	gem_group_6
GGAGCAGAGGGCAA-6	CD4+/CD45RA+/CD25- Naive T	gem_group_6
GGAGCAGATGGAAA-6	CD56+ NK	gem_group_6
GGAGCGCTTCAGTG-6	Dendritic	gem_group_6
GGAGGATGCGAGAG-6	Dendritic	gem_group_6
GGAGGCCTACCATG-6	CD14+ Monocyte	gem_group_6
GGAGGCCTACTTTC-6	CD8+ Cytotoxic T	gem_group_6
GGAGGCCTCAACCA-6	CD4+/CD45RO+ Memory	gem_group_6
GGAGGCCTCTTAGG-6	CD4+/CD45RO+ Memory	gem_group_6
GGAGGTGAACGGTT-6	CD8+ Cytotoxic T	gem_group_6
GGAGGTGAATTGGC-6	CD4+/CD45RA+/CD25- Naive T	gem_group_6
GGAGGTGAGGAAGC-6	CD8+/CD45RA+ Naive Cytotoxic	gem_group_6
GGATAGCTGTATCG-6	CD8+/CD45RA+ Naive Cytotoxic	gem_group_6
GGATAGCTGTTTCT-6	CD8+ Cytotoxic T	gem_group_6
GGATAGCTTAACCG-6	CD19+ B	gem_group_6
GGATGTTGCTGCAA-6	CD19+ B	gem_group_6
GGATGTTGGAACTC-6	CD19+ B	gem_group_6
GGATGTTGGATAGA-6	CD8+ Cytotoxic T	gem_group_6
GGATTGTGTTATCC-6	CD14+ Monocyte	gem_group_6
GGATTTCTCTATTC-6	CD8+/CD45RA+ Naive Cytotoxic	gem_group_6
GGCAAGGACCGTAA-6	CD56+ NK	gem_group_6
GGCACTCTGTCTTT-6	CD19+ B	gem_group_6
GGCATATGCTTACT-6	CD8+/CD45RA+ Naive Cytotoxic	gem_group_6
GGCCAGACTCGCAA-6	CD19+ B	gem_group_6
GGCGACACAACCAC-6	CD8+ Cytotoxic T	gem_group_6
GGCGACACTCGTAG-6	CD19+ B	gem_group_6
GGCGGACTAGGTTC-6	CD56+ NK	gem_group_6
GGCGGACTCCTACC-6	CD8+/CD45RA+ Naive Cytotoxic	gem_group_6
GGCTAAACACGTGT-6	CD8+/CD45RA+ Naive Cytotoxic	gem_group_6
GGCTAATGAGTCGT-6	CD8+/CD45RA+ Naive Cytotoxic	gem_group_6
GGCTACCTACCGAT-6	CD8+/CD45RA+ Naive Cytotoxic	gem_group_6
GGCTACCTACTGTG-6	CD8+/CD45RA+ Naive Cytotoxic	gem_group_6
GGCTACCTGGTCAT-6	CD8+/CD45RA+ Naive Cytotoxic	gem_group_6
GGCTCACTGGTTAC-6	CD8+/CD45RA+ Naive Cytotoxic	gem_group_6
GGGAACGATAACCG-6	CD8+ Cytotoxic T	gem_group_6
GGGAAGACTACTGG-6	CD8+ Cytotoxic T	gem_group_6
GGGAAGTGTGCATG-6	CD8+/CD45RA+ Naive Cytotoxic	gem_group_6
GGGAAGTGTTTGCT-6	CD8+/CD45RA+ Naive Cytotoxic	gem_group_6
GGGATTACCCCACT-6	CD4+/CD25 T Reg	gem_group_6
GGGATTACGACAAA-6	CD8+/CD45RA+ Naive Cytotoxic	gem_group_6
GGGATTACTCAGGT-6	Dendritic	gem_group_6
GGGCAAGAACACAC-6	CD8+/CD45RA+ Naive Cytotoxic	gem_group_6
GGGCAAGACCACAA-6	CD8+ Cytotoxic T	gem_group_6
GGGCACACGTTTCT-6	CD4+/CD45RO+ Memory	gem_group_6
GGGCACACTACGAC-6	CD8+ Cytotoxic T	gem_group_6
GGGCAGCTCCAACA-6	CD56+ NK	gem_group_6
GGGCAGCTTATGCG-6	CD8+ Cytotoxic T	gem_group_6
GGGCCAACGAAAGT-6	CD4+/CD45RO+ Memory	gem_group_6
GGGCCAACGCTTCC-6	CD8+ Cytotoxic T	gem_group_6
GGGCCATGTCTTCA-6	CD56+ NK	gem_group_6
GGGTAACTAAGCAA-6	CD8+ Cytotoxic T	gem_group_6
GGTAAAGATCGCCT-6	CD8+/CD45RA+ Naive Cytotoxic	gem_group_6
GGTACAACACTCTT-6	Dendritic	gem_group_6
GGTACAACATCGAC-6	Dendritic	gem_group_6
GGTAGTACAGAATG-6	CD56+ NK	gem_group_6
GGTAGTACCCCGTT-6	CD8+ Cytotoxic T	gem_group_6
GGTATCGACCTACC-6	CD14+ Monocyte	gem_group_6
GGTATCGAGGTTCA-6	CD8+/CD45RA+ Naive Cytotoxic	gem_group_6
GGTATGACAGATGA-6	CD8+ Cytotoxic T	gem_group_6
GGTCAAACATAAGG-6	CD8+ Cytotoxic T	gem_group_6
GGTCTAGAAAGTGA-6	CD4+/CD45RA+/CD25- Naive T	gem_group_6
GGTCTAGACTCAGA-6	CD8+ Cytotoxic T	gem_group_6
GGTGATACCTGTCC-6	CD56+ NK	gem_group_6
GGTTGAACTAACCG-6	CD34+	gem_group_6
GTAACGTGAAGATG-6	CD4+/CD45RA+/CD25- Naive T	gem_group_6
GTAAGCTGCTGTTT-6	CD56+ NK	gem_group_6
GTAAGCTGGTGCTA-6	CD8+ Cytotoxic T	gem_group_6
GTAATAACTGCATG-6	CD56+ NK	gem_group_6
GTACAGTGAGCAAA-6	CD4+/CD45RA+/CD25- Naive T	gem_group_6
GTACCCTGTGCCTC-6	CD8+ Cytotoxic T	gem_group_6
GTACGAACAAAGTG-6	CD8+/CD45RA+ Naive Cytotoxic	gem_group_6
GTACGAACTCTTTG-6	CD4+/CD25 T Reg	gem_group_6
GTACGTGAGTCATG-6	CD56+ NK	gem_group_6
GTACTACTCTAGAC-6	CD14+ Monocyte	gem_group_6
GTACTTTGTGACCA-6	CD8+/CD45RA+ Naive Cytotoxic	gem_group_6
GTACTTTGTGTAGC-6	CD8+/CD45RA+ Naive Cytotoxic	gem_group_6
GTAGACTGATGCCA-6	CD19+ B	gem_group_6
GTAGCAACACACGT-6	CD4+ T Helper2	gem_group_6
GTAGTGACTGAACC-6	CD4+/CD25 T Reg	gem_group_6
GTATCACTAAACGA-6	CD14+ Monocyte	gem_group_6
GTATGGTGTTTGTC-6	CD56+ NK	gem_group_6
GTATTAGATCAGTG-6	CD4+/CD25 T Reg	gem_group_6
GTATTCACCCCACT-6	CD56+ NK	gem_group_6
GTATTCACCTGTAG-6	CD4+/CD45RO+ Memory	gem_group_6
GTCAACGAGAATAG-6	CD8+ Cytotoxic T	gem_group_6
GTCAATCTCCAACA-6	CD14+ Monocyte	gem_group_6
GTCACAGATTTCGT-6	CD8+/CD45RA+ Naive Cytotoxic	gem_group_6
GTCATACTCGAGAG-6	CD4+/CD45RO+ Memory	gem_group_6
GTCATACTGAAAGT-6	CD8+/CD45RA+ Naive Cytotoxic	gem_group_6
GTCATACTGGACAG-6	CD4+/CD25 T Reg	gem_group_6
GTCATACTTTACTC-6	CD8+ Cytotoxic T	gem_group_6
GTCCAAGAGGCGAA-6	CD8+ Cytotoxic T	gem_group_6
GTCCACACAAGTGA-6	CD8+ Cytotoxic T	gem_group_6
GTCCACTGGAGCTT-6	CD56+ NK	gem_group_6
GTCCAGCTTGACAC-6	CD8+/CD45RA+ Naive Cytotoxic	gem_group_6
GTCCCATGCCTCAC-6	CD56+ NK	gem_group_6
GTCGACCTAGAATG-6	CD8+ Cytotoxic T	gem_group_6
GTCTAACTACTGGT-6	CD8+ Cytotoxic T	gem_group_6
GTCTAACTCACTCC-6	CD8+/CD45RA+ Naive Cytotoxic	gem_group_6
GTCTAACTTGACCA-6	CD4+/CD25 T Reg	gem_group_6
GTCTAGGACCAGTA-6	CD56+ NK	gem_group_6
GTCTAGGAGCTTAG-6	CD8+ Cytotoxic T	gem_group_6
GTGAACACAACAGA-6	CD56+ NK	gem_group_6
GTGAACACCCAATG-6	CD8+/CD45RA+ Naive Cytotoxic	gem_group_6
GTGACAACAAGGCG-6	CD8+ Cytotoxic T	gem_group_6
GTGACAACCTCCCA-6	CD8+/CD45RA+ Naive Cytotoxic	gem_group_6
GTGATCGACCTGAA-6	CD8+ Cytotoxic T	gem_group_6
GTGATCGACTACTT-6	CD56+ NK	gem_group_6
GTGATGACGCGAGA-6	CD8+ Cytotoxic T	gem_group_6
GTGCCACTGCAGAG-6	CD8+ Cytotoxic T	gem_group_6
GTGCTAGATGTCAG-6	CD4+/CD25 T Reg	gem_group_6
GTGGAGGATGAGCT-6	CD8+ Cytotoxic T	gem_group_6
GTGGATTGGCTGAT-6	CD14+ Monocyte	gem_group_6
GTGTACGAAGATGA-6	CD4+/CD45RO+ Memory	gem_group_6
GTGTACGAGAAAGT-6	CD4+/CD25 T Reg	gem_group_6
GTGTACGATAACCG-6	CD8+ Cytotoxic T	gem_group_6
GTGTACGATCTCGC-6	CD4+/CD25 T Reg	gem_group_6
GTGTAGTGTGTTTC-6	CD56+ NK	gem_group_6
GTGTCAGAAGGTTC-6	CD14+ Monocyte	gem_group_6
GTGTCAGATCTCTA-6	CD4+/CD45RA+/CD25- Naive T	gem_group_6
GTGTCAGATGGTAC-6	CD8+/CD45RA+ Naive Cytotoxic	gem_group_6
GTGTCAGATTCGTT-6	CD8+ Cytotoxic T	gem_group_6
GTTAAAACTCCTGC-6	CD8+/CD45RA+ Naive Cytotoxic	gem_group_6
GTTACTACACTACG-6	CD8+/CD45RA+ Naive Cytotoxic	gem_group_6
GTTACTACTCTACT-6	CD4+/CD45RO+ Memory	gem_group_6
GTTAGGTGAGCTCA-6	CD4+/CD45RO+ Memory	gem_group_6
GTTAGGTGCAAAGA-6	CD8+ Cytotoxic T	gem_group_6
GTTAGGTGGCCATA-6	CD8+/CD45RA+ Naive Cytotoxic	gem_group_6
GTTAGGTGTATCTC-6	CD8+/CD45RA+ Naive Cytotoxic	gem_group_6
GTTAGTCTCATTTC-6	CD4+/CD25 T Reg	gem_group_6
GTTATCTGGGGTGA-6	CD8+/CD45RA+ Naive Cytotoxic	gem_group_6
GTTATGCTTTGACG-6	Dendritic	gem_group_6
GTTCAACTAAGAAC-6	CD4+/CD25 T Reg	gem_group_6
GTTCATACTCGATG-6	CD19+ B	gem_group_6
GTTGACGACTCTTA-6	CD8+ Cytotoxic T	gem_group_6
GTTGATCTACACGT-6	CD8+ Cytotoxic T	gem_group_6
GTTGGATGTGAGCT-6	CD8+/CD45RA+ Naive Cytotoxic	gem_group_6
GTTGTACTACCTTT-6	CD8+/CD45RA+ Naive Cytotoxic	gem_group_6
GTTGTACTCTGTCC-6	CD19+ B	gem_group_6
GTTGTACTTCTCTA-6	CD8+/CD45RA+ Naive Cytotoxic	gem_group_6
GTTTAAGAGGGAGT-6	CD8+ Cytotoxic T	gem_group_6
TAAACAACGAGGCA-6	CD4+/CD25 T Reg	gem_group_6
TAAAGACTCGCCTT-6	CD56+ NK	gem_group_6
TAAAGACTGACTAC-6	CD4+/CD25 T Reg	gem_group_6
TAAATCGATTCATC-6	CD8+/CD45RA+ Naive Cytotoxic	gem_group_6
TAAATGTGATGACC-6	CD8+/CD45RA+ Naive Cytotoxic	gem_group_6
TAAATGTGCATTGG-6	CD56+ NK	gem_group_6
TAACACCTGTTAGC-6	CD56+ NK	gem_group_6
TAACACCTTAAGGA-6	CD8+ Cytotoxic T	gem_group_6
TAACCGGAAGCTCA-6	Dendritic	gem_group_6
TAACCGGAATCACG-6	CD8+ Cytotoxic T	gem_group_6
TAACCGGATCTACT-6	CD4+/CD25 T Reg	gem_group_6
TAACGTCTAGGGTG-6	CD56+ NK	gem_group_6
TAACGTCTGTGTTG-6	CD8+ Cytotoxic T	gem_group_6
TAACTAGATGTCTT-6	Dendritic	gem_group_6
TAAGAACTCCTTGC-6	CD8+ Cytotoxic T	gem_group_6
TAAGAACTTGGTCA-6	CD8+/CD45RA+ Naive Cytotoxic	gem_group_6
TAAGAACTTTGCAG-6	CD4+/CD25 T Reg	gem_group_6
TAAGAGGACTTAGG-6	CD8+/CD45RA+ Naive Cytotoxic	gem_group_6
TAAGAGGATGCTGA-6	CD8+/CD45RA+ Naive Cytotoxic	gem_group_6
TAAGATACCCCAAA-6	CD8+ Cytotoxic T	gem_group_6
TAAGATTGATACCG-6	CD4+/CD45RA+/CD25- Naive T	gem_group_6
TAAGCGTGGACACT-6	CD19+ B	gem_group_6
TAAGCTCTCTCGCT-6	CD56+ NK	gem_group_6
TAAGCTCTGGATCT-6	CD19+ B	gem_group_6
TAAGCTCTTAAGGA-6	CD4+/CD45RO+ Memory	gem_group_6
TAAGGCTGGCTTAG-6	CD8+/CD45RA+ Naive Cytotoxic	gem_group_6
TAAGGCTGGGTAAA-6	CD4+/CD25 T Reg	gem_group_6
TAAGGGCTGGTCTA-6	CD8+/CD45RA+ Naive Cytotoxic	gem_group_6
TAAGGGCTTGTAGC-6	CD8+ Cytotoxic T	gem_group_6
TAAGTAACTTTACC-6	CD19+ B	gem_group_6
TAAGTCCTTCCTAT-6	CD8+/CD45RA+ Naive Cytotoxic	gem_group_6
TAATCCACCAGTTG-6	Dendritic	gem_group_6
TAATCGCTAGCGGA-6	CD8+ Cytotoxic T	gem_group_6
TAATGAACCCAAGT-6	CD19+ B	gem_group_6
TAATGATGAAACGA-6	CD56+ NK	gem_group_6
TACAATGAGCAAGG-6	CD4+/CD45RO+ Memory	gem_group_6
TACATAGACTATGG-6	CD8+/CD45RA+ Naive Cytotoxic	gem_group_6
TACATAGAGTCCTC-6	CD8+ Cytotoxic T	gem_group_6
TACCATTGCCGTTC-6	CD8+ Cytotoxic T	gem_group_6
TACCGAGACTGTCC-6	CD8+ Cytotoxic T	gem_group_6
TACCGCTGGAACTC-6	CD8+/CD45RA+ Naive Cytotoxic	gem_group_6
TACCGCTGTCACCC-6	CD8+/CD45RA+ Naive Cytotoxic	gem_group_6
TACCGGCTATGTCG-6	CD8+/CD45RA+ Naive Cytotoxic	gem_group_6
TACCGGCTCAATCG-6	CD8+ Cytotoxic T	gem_group_6
TACCGGCTGAACTC-6	CD4+/CD25 T Reg	gem_group_6
TACGAGACTTCATC-6	CD8+/CD45RA+ Naive Cytotoxic	gem_group_6
TACGATCTTCTCGC-6	CD8+ Cytotoxic T	gem_group_6
TACGCAGACCTCGT-6	CD8+ Cytotoxic T	gem_group_6
TACGCAGAGGGTGA-6	CD14+ Monocyte	gem_group_6
TACGCAGATCGCTC-6	CD19+ B	gem_group_6
TACGCCACAACGAA-6	CD8+/CD45RA+ Naive Cytotoxic	gem_group_6
TACGCCACGTAAAG-6	CD4+/CD45RO+ Memory	gem_group_6
TACGGAACACCATG-6	CD8+ Cytotoxic T	gem_group_6
TACGGAACGAATAG-6	CD8+/CD45RA+ Naive Cytotoxic	gem_group_6
TACGGCCTTGAGCT-6	CD56+ NK	gem_group_6
TACGTTACAGCCTA-6	CD4+/CD45RO+ Memory	gem_group_6
TACGTTACCTGCTC-6	CD8+ Cytotoxic T	gem_group_6
TACTAAGAACCTTT-6	CD4+/CD25 T Reg	gem_group_6
TACTAAGACTATTC-6	CD56+ NK	gem_group_6
TACTAAGAGAGGCA-6	CD8+/CD45RA+ Naive Cytotoxic	gem_group_6
TACTCAACTACAGC-6	CD8+/CD45RA+ Naive Cytotoxic	gem_group_6
TACTCCCTGGATTC-6	CD8+ Cytotoxic T	gem_group_6
TACTGGGAATCGGT-6	CD4+/CD45RA+/CD25- Naive T	gem_group_6
TACTTTCTCATTCT-6	CD4+/CD25 T Reg	gem_group_6
TAGAATTGGTAAGA-6	CD19+ B	gem_group_6
TAGAATTGTCCAAG-6	CD8+ Cytotoxic T	gem_group_6
TAGAATTGTGTCTT-6	CD4+/CD45RO+ Memory	gem_group_6
TAGAGAGAACACTG-6	CD8+ Cytotoxic T	gem_group_6
TAGAGAGAGGCGAA-6	CD56+ NK	gem_group_6
TAGCATCTGTCATG-6	CD8+ Cytotoxic T	gem_group_6
TAGCCCACAACGGG-6	CD14+ Monocyte	gem_group_6
TAGCCGCTAGCAAA-6	CD19+ B	gem_group_6
TAGCGATGGAGATA-6	CD8+ Cytotoxic T	gem_group_6
TAGCGATGTGGATC-6	CD8+ Cytotoxic T	gem_group_6
TAGCTACTCCTTGC-6	CD34+	gem_group_6
TAGGACTGACCCTC-6	CD8+/CD45RA+ Naive Cytotoxic	gem_group_6
TAGGAGCTGTGTTG-6	CD8+ Cytotoxic T	gem_group_6
TAGGCATGAGTCAC-6	CD8+ Cytotoxic T	gem_group_6
TAGGGACTCATCAG-6	CD8+/CD45RA+ Naive Cytotoxic	gem_group_6
TAGGGACTGGTATC-6	CD8+ Cytotoxic T	gem_group_6
TAGGTGACGGATTC-6	CD56+ NK	gem_group_6
TAGGTGTGTCGTGA-6	CD8+/CD45RA+ Naive Cytotoxic	gem_group_6
TAGTAAACCTTGCC-6	CD4+/CD45RO+ Memory	gem_group_6
TAGTAAACGCTGTA-6	CD8+/CD45RA+ Naive Cytotoxic	gem_group_6
TAGTAATGTCGATG-6	CD56+ NK	gem_group_6
TAGTACCTGCTGTA-6	Dendritic	gem_group_6
TAGTACCTTGCTTT-6	CD14+ Monocyte	gem_group_6
TAGTACCTTTCGTT-6	CD56+ NK	gem_group_6
TAGTATGAAACGGG-6	CD8+ Cytotoxic T	gem_group_6
TAGTCACTCCATAG-6	CD8+ Cytotoxic T	gem_group_6
TAGTCGGAAGAGGC-6	CD8+ Cytotoxic T	gem_group_6
TAGTGGTGAACCAC-6	CD4+/CD25 T Reg	gem_group_6
TAGTGGTGGGCATT-6	CD8+/CD45RA+ Naive Cytotoxic	gem_group_6
TAGTGGTGTGGTTG-6	CD4+/CD25 T Reg	gem_group_6
TAGTTAGACTGTAG-6	CD4+/CD25 T Reg	gem_group_6
TAGTTCACCTTAGG-6	CD8+/CD45RA+ Naive Cytotoxic	gem_group_6
TAGTTGCTACACGT-6	CD4+/CD25 T Reg	gem_group_6
TAGTTGCTCTTACT-6	CD4+/CD25 T Reg	gem_group_6
TAGTTGCTTAGCGT-6	CD8+/CD45RA+ Naive Cytotoxic	gem_group_6
TATAAGACGTATCG-6	CD4+/CD25 T Reg	gem_group_6
TATACAGATCTGGA-6	CD8+/CD45RA+ Naive Cytotoxic	gem_group_6
TATACCACCCCGTT-6	CD8+/CD45RA+ Naive Cytotoxic	gem_group_6
TATACCACTGGCAT-6	CD4+/CD45RA+/CD25- Naive T	gem_group_6
TATACGCTATAAGG-6	CD8+ Cytotoxic T	gem_group_6
TATACGCTATTCGG-6	CD19+ B	gem_group_6
TATACGCTCAACTG-6	CD8+ Cytotoxic T	gem_group_6
TATAGATGATGCCA-6	CD8+/CD45RA+ Naive Cytotoxic	gem_group_6
TATAGATGCTTCCG-6	CD4+/CD25 T Reg	gem_group_6
TATAGCCTAGTCAC-6	CD8+ Cytotoxic T	gem_group_6
TATAGCCTGACAGG-6	CD8+ Cytotoxic T	gem_group_6
TATCAAGACAGGAG-6	CD8+/CD45RA+ Naive Cytotoxic	gem_group_6
TATCCTGAACAGTC-6	CD4+/CD25 T Reg	gem_group_6
TATCCTGATCCAAG-6	CD56+ NK	gem_group_6
TATCCTGATTCTGT-6	CD8+ Cytotoxic T	gem_group_6
TATCGTACGTTCAG-6	CD8+/CD45RA+ Naive Cytotoxic	gem_group_6
TATCTGACCTTACT-6	CD8+/CD45RA+ Naive Cytotoxic	gem_group_6
TATCTGACTATCTC-6	CD8+ Cytotoxic T	gem_group_6
TATCTTCTCAAGCT-6	CD8+/CD45RA+ Naive Cytotoxic	gem_group_6
TATCTTCTTCGATG-6	CD56+ NK	gem_group_6
TATGAATGCCCTCA-6	CD8+/CD45RA+ Naive Cytotoxic	gem_group_6
TATGAATGGGCATT-6	CD19+ B	gem_group_6
TATGCGGAACAGCT-6	CD56+ NK	gem_group_6
TATGGGACAGGGTG-6	CD8+ Cytotoxic T	gem_group_6
TATGGGACCCTGAA-6	CD8+ Cytotoxic T	gem_group_6
TATGGGACTCCCAC-6	CD4+/CD25 T Reg	gem_group_6
TATGGGACTGAGAA-6	CD56+ NK	gem_group_6
TATGGGTGGTTACG-6	CD14+ Monocyte	gem_group_6
TATGGGTGTCTCCG-6	CD8+/CD45RA+ Naive Cytotoxic	gem_group_6
TATGTGCTGCATAC-6	CD8+ Cytotoxic T	gem_group_6
TATGTGCTTTAGGC-6	CD8+ Cytotoxic T	gem_group_6
TATTGCTGAGCAAA-6	CD4+/CD25 T Reg	gem_group_6
TATTGCTGCTTAGG-6	CD8+/CD45RA+ Naive Cytotoxic	gem_group_6
TATTTCCTAGTCTG-6	CD8+ Cytotoxic T	gem_group_6
TATTTCCTCGAGTT-6	CD8+ Cytotoxic T	gem_group_6
TATTTCCTGGGAGT-6	CD8+ Cytotoxic T	gem_group_6
TCAAGGACGTTGGT-6	CD8+/CD45RA+ Naive Cytotoxic	gem_group_6
TCAAGGACTGACTG-6	CD4+/CD25 T Reg	gem_group_6
TCAAGGTGATGCTG-6	CD8+/CD45RA+ Naive Cytotoxic	gem_group_6
TCAAGTCTGGAAGC-6	CD8+ Cytotoxic T	gem_group_6
TCACAACTCGTACA-6	CD56+ NK	gem_group_6
TCACAACTGTGTCA-6	CD19+ B	gem_group_6
TCACCCGACCTCGT-6	CD8+/CD45RA+ Naive Cytotoxic	gem_group_6
TCACCCGAGCATAC-6	CD8+/CD45RA+ Naive Cytotoxic	gem_group_6
TCACCGTGAATCGC-6	CD8+/CD45RA+ Naive Cytotoxic	gem_group_6
TCACCGTGGGTCAT-6	CD8+ Cytotoxic T	gem_group_6
TCACGAGAGGGCAA-6	Dendritic	gem_group_6
TCACTATGTCTAGG-6	CD19+ B	gem_group_6
TCAGACGACGCATA-6	CD56+ NK	gem_group_6
TCAGACGATACAGC-6	CD4+/CD25 T Reg	gem_group_6
TCAGACGATATGCG-6	CD8+/CD45RA+ Naive Cytotoxic	gem_group_6
TCAGAGACCTTCCG-6	CD14+ Monocyte	gem_group_6
TCAGAGACGGGAGT-6	CD8+/CD45RA+ Naive Cytotoxic	gem_group_6
TCAGAGACGTCAAC-6	CD8+ Cytotoxic T	gem_group_6
TCAGAGACTCGTTT-6	CD8+/CD45RA+ Naive Cytotoxic	gem_group_6
TCAGCAGAAAGAAC-6	CD4+/CD25 T Reg	gem_group_6
TCAGCAGACTCTCG-6	CD8+ Cytotoxic T	gem_group_6
TCAGCGCTTATGCG-6	CD8+ Cytotoxic T	gem_group_6
TCAGTACTCAACTG-6	CD4+/CD25 T Reg	gem_group_6
TCAGTTACCACCAA-6	CD4+/CD45RA+/CD25- Naive T	gem_group_6
TCAGTTACCCGATA-6	CD34+	gem_group_6
TCAGTTACGAGGTG-6	CD8+/CD45RA+ Naive Cytotoxic	gem_group_6
TCATGTACAAAGCA-6	CD8+/CD45RA+ Naive Cytotoxic	gem_group_6
TCATGTACATGACC-6	CD8+/CD45RA+ Naive Cytotoxic	gem_group_6
TCATTCGACTTCGC-6	CD4+/CD45RA+/CD25- Naive T	gem_group_6
TCATTCGAGAGAGC-6	CD4+/CD45RO+ Memory	gem_group_6
TCATTCGATTCTAC-6	CD19+ B	gem_group_6
TCCACTCTTGAAGA-6	CD8+/CD45RA+ Naive Cytotoxic	gem_group_6
TCCCACGAGCAAGG-6	CD56+ NK	gem_group_6
TCCCATCTAACCAC-6	CD19+ B	gem_group_6
TCCCATCTACGGAG-6	CD4+/CD25 T Reg	gem_group_6
TCCCATCTTATGGC-6	CD56+ NK	gem_group_6
TCCCGATGAGGTCT-6	CD8+/CD45RA+ Naive Cytotoxic	gem_group_6
TCCCTACTCCTATT-6	CD4+/CD45RO+ Memory	gem_group_6
TCCCTACTGTTGCA-6	CD19+ B	gem_group_6
TCCCTACTTTGTGG-6	CD8+ Cytotoxic T	gem_group_6
TCCCTACTTTTGGG-6	CD19+ B	gem_group_6
TCCGAAGACGCCTT-6	CD8+/CD45RA+ Naive Cytotoxic	gem_group_6
TCCGAAGATTTCTG-6	CD8+/CD45RA+ Naive Cytotoxic	gem_group_6
TCCGAGCTAGATGA-6	CD8+ Cytotoxic T	gem_group_6
TCCGAGCTTCCTTA-6	CD14+ Monocyte	gem_group_6
TCCTAATGGAAACA-6	CD4+/CD45RO+ Memory	gem_group_6
TCCTAATGTCTCCG-6	CD4+/CD25 T Reg	gem_group_6
TCGAATCTACTACG-6	CD56+ NK	gem_group_6
TCGAATCTTAGCGT-6	CD8+/CD45RA+ Naive Cytotoxic	gem_group_6
TCGAATCTTCACGA-6	CD8+ Cytotoxic T	gem_group_6
TCGACCTGACGGTT-6	CD4+/CD45RO+ Memory	gem_group_6
TCGAGAACCCTATT-6	CD4+/CD25 T Reg	gem_group_6
TCGAGAACCGAGTT-6	CD19+ B	gem_group_6
TCGAGAACGAAAGT-6	CD56+ NK	gem_group_6
TCGAGCCTAAACGA-6	CD8+/CD45RA+ Naive Cytotoxic	gem_group_6
TCGAGCCTTCAGGT-6	CD56+ NK	gem_group_6
TCGATACTGTAAGA-6	CD8+ Cytotoxic T	gem_group_6
TCGATTTGCGAATC-6	CD19+ B	gem_group_6
TCGATTTGCTTCGC-6	CD8+/CD45RA+ Naive Cytotoxic	gem_group_6
TCGATTTGTGTGAC-6	CD19+ B	gem_group_6
TCGCACACTCAAGC-6	CD8+ Cytotoxic T	gem_group_6
TCGCACTGACACCA-6	CD8+ Cytotoxic T	gem_group_6
TCGCACTGCGGGAA-6	CD14+ Monocyte	gem_group_6
TCGCACTGTATTCC-6	CD19+ B	gem_group_6
TCGCCATGGCTGTA-6	CD8+ Cytotoxic T	gem_group_6
TCGGACCTGTATGC-6	CD56+ NK	gem_group_6
TCGGTAGAAATGCC-6	CD4+/CD25 T Reg	gem_group_6
TCGTTATGAAAGTG-6	CD8+ Cytotoxic T	gem_group_6
TCGTTATGAGAACA-6	CD56+ NK	gem_group_6
TCTAACACACCACA-6	CD4+/CD25 T Reg	gem_group_6
TCTAACACAGATCC-6	CD8+/CD45RA+ Naive Cytotoxic	gem_group_6
TCTAACTGTTCACT-6	CD8+/CD45RA+ Naive Cytotoxic	gem_group_6
TCTACAACTTGTGG-6	CD8+ Cytotoxic T	gem_group_6
TCTAGACTAGCCTA-6	CD8+ Cytotoxic T	gem_group_6
TCTAGTTGTGAGCT-6	CD8+/CD45RA+ Naive Cytotoxic	gem_group_6
TCTCCACTCTACCC-6	CD8+/CD45RA+ Naive Cytotoxic	gem_group_6
TCTCTAGATTGTGG-6	CD8+ Cytotoxic T	gem_group_6
TCTGATACACCTCC-6	CD4+/CD45RA+/CD25- Naive T	gem_group_6
TCTTACGAGTTCAG-6	CD8+ Cytotoxic T	gem_group_6
TCTTACGAGTTTCT-6	CD4+/CD25 T Reg	gem_group_6
TCTTGATGCATGGT-6	CD8+ Cytotoxic T	gem_group_6
TGAAATTGATCGGT-6	CD19+ B	gem_group_6
TGAAATTGCCTTGC-6	CD8+ Cytotoxic T	gem_group_6
TGAACCGAAGTTCG-6	CD8+/CD45RA+ Naive Cytotoxic	gem_group_6
TGAAGCACCAAAGA-6	CD8+/CD45RA+ Naive Cytotoxic	gem_group_6
TGAAGCTGCCTTCG-6	CD4+/CD25 T Reg	gem_group_6
TGAATAACAGCAAA-6	CD8+/CD45RA+ Naive Cytotoxic	gem_group_6
TGACACGAGCTGAT-6	CD8+/CD45RA+ Naive Cytotoxic	gem_group_6
TGACCAGAGTCAAC-6	CD56+ NK	gem_group_6
TGACCAGATCAGTG-6	CD8+/CD45RA+ Naive Cytotoxic	gem_group_6
TGACCAGATGCTGA-6	CD8+ Cytotoxic T	gem_group_6
TGACGATGATCGAC-6	CD8+/CD45RA+ Naive Cytotoxic	gem_group_6
TGACGCCTTTGCTT-6	CD8+/CD45RA+ Naive Cytotoxic	gem_group_6
TGAGACACACGCTA-6	CD8+/CD45RA+ Naive Cytotoxic	gem_group_6
TGAGCAACTGCGTA-6	CD8+ Cytotoxic T	gem_group_6
TGAGCTGAGGAGGT-6	CD56+ NK	gem_group_6
TGAGGTACTAGTCG-6	CD8+/CD45RA+ Naive Cytotoxic	gem_group_6
TGAGTGACTCCGTC-6	CD4+/CD45RO+ Memory	gem_group_6
TGATAAACCAACCA-6	CD8+ Cytotoxic T	gem_group_6
TGATAAACCAACTG-6	Dendritic	gem_group_6
TGATACCTACACCA-6	CD4+/CD45RO+ Memory	gem_group_6
TGATATGAAAAACG-6	CD8+/CD45RA+ Naive Cytotoxic	gem_group_6
TGATCACTGACAAA-6	CD8+ Cytotoxic T	gem_group_6
TGATCGGAGAGGAC-6	CD8+ Cytotoxic T	gem_group_6
TGATTAGACCGATA-6	CD8+ Cytotoxic T	gem_group_6
TGATTAGACGTTAG-6	CD8+/CD45RA+ Naive Cytotoxic	gem_group_6
TGATTAGATCGATG-6	CD4+/CD45RO+ Memory	gem_group_6
TGATTCACATGCTG-6	CD8+/CD45RA+ Naive Cytotoxic	gem_group_6
TGATTCACGACGTT-6	CD8+ Cytotoxic T	gem_group_6
TGATTCTGACACTG-6	CD14+ Monocyte	gem_group_6
TGATTCTGGGGCAA-6	CD8+/CD45RA+ Naive Cytotoxic	gem_group_6
TGCAACGATGCTAG-6	CD8+ Cytotoxic T	gem_group_6
TGCAAGACTGGTAC-6	CD4+/CD25 T Reg	gem_group_6
TGCAAGACTTGGTG-6	CD56+ NK	gem_group_6
TGCAAGTGAGCACT-6	CD8+/CD45RA+ Naive Cytotoxic	gem_group_6
TGCAATCTTTGTCT-6	CD56+ NK	gem_group_6
TGCATGGAAGGTCT-6	CD4+/CD25 T Reg	gem_group_6
TGCATGGAATTCCT-6	CD4+/CD25 T Reg	gem_group_6
TGCCAAGAGTTGTG-6	CD8+/CD45RA+ Naive Cytotoxic	gem_group_6
TGCCACTGTCGCCT-6	CD8+ Cytotoxic T	gem_group_6
TGCCAGCTACCAAC-6	CD19+ B	gem_group_6
TGCCGACTCCATGA-6	CD8+/CD45RA+ Naive Cytotoxic	gem_group_6
TGCGATGAAACGAA-6	CD8+ Cytotoxic T	gem_group_6
TGCGATGATGAAGA-6	CD19+ B	gem_group_6
TGCTATACAAAACG-6	CD8+ Cytotoxic T	gem_group_6
TGCTATACAGATCC-6	CD19+ B	gem_group_6
TGCTGAGAGACAGG-6	CD8+/CD45RA+ Naive Cytotoxic	gem_group_6
TGCTGAGAGATACC-6	CD56+ NK	gem_group_6
TGCTTAACCTGACA-6	CD8+/CD45RA+ Naive Cytotoxic	gem_group_6
TGGAACTGTGGTCA-6	CD8+/CD45RA+ Naive Cytotoxic	gem_group_6
TGGACCCTGTAGGG-6	CD14+ Monocyte	gem_group_6
TGGACTGACATTCT-6	CD56+ NK	gem_group_6
TGGACTGACTTAGG-6	CD14+ Monocyte	gem_group_6
TGGAGACTGGACAG-6	CD56+ NK	gem_group_6
TGGAGACTGGATTC-6	CD56+ NK	gem_group_6
TGGAGACTTTCAGG-6	CD8+/CD45RA+ Naive Cytotoxic	gem_group_6
TGGATCGACCTTGC-6	CD8+ Cytotoxic T	gem_group_6
TGGATCGATACTCT-6	CD19+ B	gem_group_6
TGGATGACAACTGC-6	CD4+/CD25 T Reg	gem_group_6
TGGATGACTACGCA-6	CD8+/CD45RA+ Naive Cytotoxic	gem_group_6
TGGATTCTCCTGAA-6	CD4+/CD25 T Reg	gem_group_6
TGGCAATGAAAAGC-6	CD56+ NK	gem_group_6
TGGCAATGACCTTT-6	CD8+ Cytotoxic T	gem_group_6
TGGCACCTTCCTCG-6	CD56+ NK	gem_group_6
TGGGTATGCACTCC-6	CD8+ Cytotoxic T	gem_group_6
TGGTAGACCCTTTA-6	CD8+ Cytotoxic T	gem_group_6
TGGTAGACTGAGGG-6	CD8+ Cytotoxic T	gem_group_6
TGGTAGTGTTCCAT-6	CD19+ B	gem_group_6
TGGTCAGATCGTTT-6	CD8+/CD45RA+ Naive Cytotoxic	gem_group_6
TGGTTACTGGGTGA-6	CD8+ Cytotoxic T	gem_group_6
TGTAAAACCCTTAT-6	CD8+ Cytotoxic T	gem_group_6
TGTACTTGTCCTAT-6	CD19+ B	gem_group_6
TGTAGGTGTGGTCA-6	CD8+/CD45RA+ Naive Cytotoxic	gem_group_6
TGTAGGTGTGTCAG-6	CD4+/CD45RO+ Memory	gem_group_6
TGTAGTCTGAATAG-6	CD14+ Monocyte	gem_group_6
TGTAGTCTTCCGTC-6	CD19+ B	gem_group_6
TGTAGTCTTCTTTG-6	CD19+ B	gem_group_6
TGTATGCTACCGAT-6	CD56+ NK	gem_group_6
TGTATGCTTGTCAG-6	CD56+ NK	gem_group_6
TGTCAGGATCGATG-6	CD8+/CD45RA+ Naive Cytotoxic	gem_group_6
TGTGAGACTTCATC-6	CD56+ NK	gem_group_6
TGTGATCTTCTAGG-6	CD4+/CD25 T Reg	gem_group_6
TGTTAAGAACGGGA-6	CD8+/CD45RA+ Naive Cytotoxic	gem_group_6
TGTTACACCAGATC-6	CD8+/CD45RA+ Naive Cytotoxic	gem_group_6
TGTTACTGCTGAGT-6	CD8+ Cytotoxic T	gem_group_6
TTAACCACACACGT-6	CD4+/CD45RO+ Memory	gem_group_6
TTAACCACGGTGAG-6	CD8+ Cytotoxic T	gem_group_6
TTACAGCTCCGAAT-6	CD8+/CD45RA+ Naive Cytotoxic	gem_group_6
TTACAGCTGGTCAT-6	CD8+/CD45RA+ Naive Cytotoxic	gem_group_6
TTACGTACGGAAGC-6	CD8+/CD45RA+ Naive Cytotoxic	gem_group_6
TTACTCGACTCTCG-6	CD19+ B	gem_group_6
TTACTCGAGTATCG-6	CD8+/CD45RA+ Naive Cytotoxic	gem_group_6
TTAGAATGCCTATT-6	CD8+ Cytotoxic T	gem_group_6
TTAGCTACAGATCC-6	CD14+ Monocyte	gem_group_6
TTAGCTACTTCTAC-6	CD8+/CD45RA+ Naive Cytotoxic	gem_group_6
TTAGGGACAGTCGT-6	CD4+/CD25 T Reg	gem_group_6
TTAGGGACCATTCT-6	CD8+/CD45RA+ Naive Cytotoxic	gem_group_6
TTAGGGACCTGTTT-6	CD4+/CD25 T Reg	gem_group_6
TTAGGGACCTTACT-6	CD8+/CD45RA+ Naive Cytotoxic	gem_group_6
TTAGGGACTCAGGT-6	CD56+ NK	gem_group_6
TTAGGGACTTTACC-6	CD8+ Cytotoxic T	gem_group_6
TTAGGGTGTAGAGA-6	CD8+ Cytotoxic T	gem_group_6
TTAGGTCTCCTCGT-6	CD8+/CD45RA+ Naive Cytotoxic	gem_group_6
TTAGGTCTTCAAGC-6	CD8+ Cytotoxic T	gem_group_6
TTAGTCTGAGAACA-6	CD4+/CD45RO+ Memory	gem_group_6
TTAGTCTGCTTTAC-6	CD8+/CD45RA+ Naive Cytotoxic	gem_group_6
TTATCCGACCTATT-6	CD8+ Cytotoxic T	gem_group_6
TTATCCGAGTTGGT-6	CD4+/CD25 T Reg	gem_group_6
TTATGCACGCGATT-6	CD8+ Cytotoxic T	gem_group_6
TTATGCACTATCGG-6	CD8+ Cytotoxic T	gem_group_6
TTATGCACTGTCTT-6	CD8+/CD45RA+ Naive Cytotoxic	gem_group_6
TTATGGCTAACAGA-6	CD8+/CD45RA+ Naive Cytotoxic	gem_group_6
TTATTCCTGAGAGC-6	CD8+/CD45RA+ Naive Cytotoxic	gem_group_6
TTCAAAGAACAGTC-6	CD8+ Cytotoxic T	gem_group_6
TTCAAAGACCTTTA-6	CD4+/CD45RA+/CD25- Naive T	gem_group_6
TTCAAGCTAAAGCA-6	CD8+ Cytotoxic T	gem_group_6
TTCAAGCTTAAAGG-6	CD8+ Cytotoxic T	gem_group_6
TTCACAACACACTG-6	CD8+/CD45RA+ Naive Cytotoxic	gem_group_6
TTCAGACTCCGTTC-6	CD14+ Monocyte	gem_group_6
TTCATCGAGCAGAG-6	CD8+/CD45RA+ Naive Cytotoxic	gem_group_6
TTCATCGATCTATC-6	CD56+ NK	gem_group_6
TTCATGTGAAAGTG-6	CD34+	gem_group_6
TTCCATGAGTCACA-6	CD56+ NK	gem_group_6
TTCCTAGACAACTG-6	CD8+/CD45RA+ Naive Cytotoxic	gem_group_6
TTCCTAGAGACAGG-6	CD4+ T Helper2	gem_group_6
TTCCTAGATCTCGC-6	CD8+ Cytotoxic T	gem_group_6
TTCGAGGAGTGTAC-6	CD8+ Cytotoxic T	gem_group_6
TTCGATTGTGCCAA-6	CD4+/CD25 T Reg	gem_group_6
TTCGGAGAGGACTT-6	CD8+/CD45RA+ Naive Cytotoxic	gem_group_6
TTCGTATGTTTGGG-6	CD8+/CD45RA+ Naive Cytotoxic	gem_group_6
TTCTACGACCCTCA-6	CD8+ Cytotoxic T	gem_group_6
TTCTAGTGAACGAA-6	CD19+ B	gem_group_6
TTCTAGTGTCCTTA-6	CD8+/CD45RA+ Naive Cytotoxic	gem_group_6
TTCTCAGAGAGGAC-6	CD8+ Cytotoxic T	gem_group_6
TTCTCAGAGCAGTT-6	Dendritic	gem_group_6
TTGAACCTGCTCCT-6	CD8+/CD45RA+ Naive Cytotoxic	gem_group_6
TTGACACTGTATGC-6	CD19+ B	gem_group_6
TTGAGGACCGCATA-6	Dendritic	gem_group_6
TTGAGGACTGAGGG-6	CD8+ Cytotoxic T	gem_group_6
TTGAGGTGATCTTC-6	CD8+/CD45RA+ Naive Cytotoxic	gem_group_6
TTGAGGTGTGGAGG-6	CD8+/CD45RA+ Naive Cytotoxic	gem_group_6
TTGATCTGTTACTC-6	CD4+/CD25 T Reg	gem_group_6
TTGCATTGGAAGGC-6	CD8+/CD45RA+ Naive Cytotoxic	gem_group_6
TTGCTAACTCAAGC-6	CD8+/CD45RA+ Naive Cytotoxic	gem_group_6
TTGCTATGGAAGGC-6	CD8+/CD45RA+ Naive Cytotoxic	gem_group_6
TTGGAGACTTTCGT-6	CD8+/CD45RA+ Naive Cytotoxic	gem_group_6
TTGGTACTATGTCG-6	CD56+ NK	gem_group_6
TTGGTACTGGTTCA-6	CD14+ Monocyte	gem_group_6
TTGTAGCTACGGAG-6	CD8+/CD45RA+ Naive Cytotoxic	gem_group_6
TTGTAGCTCATACG-6	CD4+/CD25 T Reg	gem_group_6
TTGTAGCTTCCGAA-6	CD8+ Cytotoxic T	gem_group_6
TTTAGAGATTGCAG-6	CD8+/CD45RA+ Naive Cytotoxic	gem_group_6
TTTATCCTTAGTCG-6	CD8+ Cytotoxic T	gem_group_6
TTTCACGACGCAAT-6	CD8+/CD45RA+ Naive Cytotoxic	gem_group_6
TTTCACGATCCTGC-6	CD8+/CD45RA+ Naive Cytotoxic	gem_group_6
TTTCAGTGGTACGT-6	CD19+ B	gem_group_6
TTTCGAACACGGAG-6	CD8+ Cytotoxic T	gem_group_6
TTTCGAACCATTTC-6	CD8+/CD45RA+ Naive Cytotoxic	gem_group_6
TTTCTACTAACGAA-6	CD56+ NK	gem_group_6
TTTCTACTAACGGG-6	CD8+/CD45RA+ Naive Cytotoxic	gem_group_6
TTTCTACTTCTCAT-6	CD8+ Cytotoxic T	gem_group_6
AAACATACGCTGTA-7	CD8+/CD45RA+ Naive Cytotoxic	gem_group_7
AAACATACTTCTCA-7	CD4+/CD45RO+ Memory	gem_group_7
AAACCGTGTCGCCT-7	CD4+/CD25 T Reg	gem_group_7
AAACCGTGTGCCCT-7	CD4+/CD25 T Reg	gem_group_7
AAACGCACGGGTGA-7	CD8+/CD45RA+ Naive Cytotoxic	gem_group_7
AAACGCTGACTGTG-7	CD19+ B	gem_group_7
AAACGGCTCTAGTG-7	CD14+ Monocyte	gem_group_7
AAACGGCTGCTATG-7	CD8+/CD45RA+ Naive Cytotoxic	gem_group_7
AAACGGCTTAGCCA-7	CD8+ Cytotoxic T	gem_group_7
AAAGACGAACTGGT-7	CD14+ Monocyte	gem_group_7
AAAGATCTGAGGTG-7	CD19+ B	gem_group_7
AAAGCAGACTTCCG-7	CD8+ Cytotoxic T	gem_group_7
AAAGTTTGGACAGG-7	CD8+ Cytotoxic T	gem_group_7
AAATACTGGACAGG-7	CD8+ Cytotoxic T	gem_group_7
AAATCAACCACACA-7	CD8+/CD45RA+ Naive Cytotoxic	gem_group_7
AAATCATGAAACAG-7	CD8+ Cytotoxic T	gem_group_7
AAATCTGAGAGACG-7	CD4+/CD45RO+ Memory	gem_group_7
AAATGGGAGCCAAT-7	CD4+/CD25 T Reg	gem_group_7
AAATGTTGCACTTT-7	CD56+ NK	gem_group_7
AAATTCGACTCGAA-7	CD4+/CD45RA+/CD25- Naive T	gem_group_7
AAATTCGATTCTCA-7	CD8+ Cytotoxic T	gem_group_7
AACAAACTGTTGCA-7	CD8+/CD45RA+ Naive Cytotoxic	gem_group_7
AACACGTGACGTAC-7	CD8+/CD45RA+ Naive Cytotoxic	gem_group_7
AACACGTGGCATCA-7	CD19+ B	gem_group_7
AACACTCTCGTAGT-7	CD8+/CD45RA+ Naive Cytotoxic	gem_group_7
AACACTCTTCTTTG-7	CD56+ NK	gem_group_7
AACAGAGAACGTAC-7	CD56+ NK	gem_group_7
AACAGAGATTCATC-7	CD4+/CD45RA+/CD25- Naive T	gem_group_7
AACCACGAGCATCA-7	CD56+ NK	gem_group_7
AACCACGAGGTTAC-7	CD19+ B	gem_group_7
AACCAGTGTCTCTA-7	CD19+ B	gem_group_7
AACCCAGAACGGTT-7	CD34+	gem_group_7
AACCGATGATCGTG-7	CD4+/CD25 T Reg	gem_group_7
AACCGCCTACACGT-7	CD8+/CD45RA+ Naive Cytotoxic	gem_group_7
AACCTACTTTGGTG-7	CD8+/CD45RA+ Naive Cytotoxic	gem_group_7
AACGCAACACGTTG-7	CD8+ Cytotoxic T	gem_group_7
AACGCAACGCGATT-7	CD8+/CD45RA+ Naive Cytotoxic	gem_group_7
AACGCATGACTGGT-7	CD56+ NK	gem_group_7
AACGCATGCTCCAC-7	CD14+ Monocyte	gem_group_7
AACGCATGGACACT-7	CD8+/CD45RA+ Naive Cytotoxic	gem_group_7
AACGGTACACCTCC-7	CD19+ B	gem_group_7
AACGGTACTACTCT-7	CD8+ Cytotoxic T	gem_group_7
AACGGTTGCTGCAA-7	CD14+ Monocyte	gem_group_7
AACGGTTGGCTATG-7	CD8+ Cytotoxic T	gem_group_7
AACGGTTGTGACAC-7	CD8+ Cytotoxic T	gem_group_7
AACGTCGAGTATGC-7	CD8+ Cytotoxic T	gem_group_7
AACTACCTAGGCGA-7	CD19+ B	gem_group_7
AACTACCTGACGGA-7	CD8+ Cytotoxic T	gem_group_7
AACTACCTTAGCGT-7	CD8+/CD45RA+ Naive Cytotoxic	gem_group_7
AACTCGGACCGATA-7	CD4+/CD25 T Reg	gem_group_7
AACTGTCTGGCAAG-7	CD8+/CD45RA+ Naive Cytotoxic	gem_group_7
AACTTGCTCATGCA-7	CD14+ Monocyte	gem_group_7
AACTTGCTCCCGTT-7	CD56+ NK	gem_group_7
AAGAACGAATCACG-7	CD56+ NK	gem_group_7
AAGAACGACCATGA-7	CD19+ B	gem_group_7
AAGAACGATTCACT-7	CD4+/CD45RO+ Memory	gem_group_7
AAGAAGACACACTG-7	CD4+/CD25 T Reg	gem_group_7
AAGAAGACCGAATC-7	CD56+ NK	gem_group_7
AAGACAGAAGGTTC-7	CD8+ Cytotoxic T	gem_group_7
AAGACAGACATTGG-7	CD8+ Cytotoxic T	gem_group_7
AAGATGGAACAGTC-7	CD56+ NK	gem_group_7
AAGATGGAACCTAG-7	CD4+/CD25 T Reg	gem_group_7
AAGATGGAAGAGTA-7	CD8+/CD45RA+ Naive Cytotoxic	gem_group_7
AAGCAAGAGTCTAG-7	CD4+/CD45RO+ Memory	gem_group_7
AAGCCAACCAGGAG-7	CD56+ NK	gem_group_7
AAGCCATGCTGTTT-7	CD8+ Cytotoxic T	gem_group_7
AAGCCTGACCTTGC-7	CD8+ Cytotoxic T	gem_group_7
AAGCCTGATGTTTC-7	CD4+/CD25 T Reg	gem_group_7
AAGCGACTTCAGAC-7	CD4+/CD25 T Reg	gem_group_7
AAGCGACTTCCTCG-7	CD8+ Cytotoxic T	gem_group_7
AAGCGTACTATGGC-7	CD56+ NK	gem_group_7
AAGGCTACCCCTAC-7	CD8+ Cytotoxic T	gem_group_7
AAGGCTACCTAGTG-7	CD56+ NK	gem_group_7
AAGGTCACAGTCAC-7	CD4+/CD45RO+ Memory	gem_group_7
AAGGTCTGAACAGA-7	CD4+/CD45RA+/CD25- Naive T	gem_group_7
AAGGTCTGAGATCC-7	CD8+/CD45RA+ Naive Cytotoxic	gem_group_7
AAGGTCTGCAACTG-7	CD8+ Cytotoxic T	gem_group_7
AAGTAACTGTTGCA-7	CD8+/CD45RA+ Naive Cytotoxic	gem_group_7
AAGTATACAAGCAA-7	CD4+/CD45RO+ Memory	gem_group_7
AAGTATACGTTCGA-7	CD8+/CD45RA+ Naive Cytotoxic	gem_group_7
AAGTCTCTCTGAAC-7	CD19+ B	gem_group_7
AAGTGGCTGACTAC-7	CD4+/CD45RO+ Memory	gem_group_7
AATACCCTGGTGGA-7	CD8+ Cytotoxic T	gem_group_7
AATACTGACTCCAC-7	CD8+ Cytotoxic T	gem_group_7
AATAGGGAATACCG-7	CD8+ Cytotoxic T	gem_group_7
AATATCGATCGCCT-7	CD8+ Cytotoxic T	gem_group_7
AATATCGATGCTAG-7	CD4+/CD25 T Reg	gem_group_7
AATCAAACTCCGTC-7	CD4+/CD25 T Reg	gem_group_7
AATCAAACTGAGAA-7	CD19+ B	gem_group_7
AATCCTACGGCAAG-7	CD8+ Cytotoxic T	gem_group_7
AATCCTTGCTGATG-7	CD56+ NK	gem_group_7
AATCTCACAGCCAT-7	CD8+ Cytotoxic T	gem_group_7
AATGATACAAGTGA-7	CD8+/CD45RA+ Naive Cytotoxic	gem_group_7
AATGATACCATTGG-7	CD56+ NK	gem_group_7
AATGATACCTGGTA-7	CD8+/CD45RA+ Naive Cytotoxic	gem_group_7
AATGGAGAAGTCTG-7	CD14+ Monocyte	gem_group_7
AATGTCCTGCCTTC-7	CD8+/CD45RA+ Naive Cytotoxic	gem_group_7
AATGTCCTTTCCAT-7	CD14+ Monocyte	gem_group_7
AATGTTGACCGAAT-7	CD56+ NK	gem_group_7
AATTACGACCTCCA-7	CD8+/CD45RA+ Naive Cytotoxic	gem_group_7
AATTACGACGCCTT-7	CD8+/CD45RA+ Naive Cytotoxic	gem_group_7
AATTACGAGTGTCA-7	CD8+ Cytotoxic T	gem_group_7
AATTACGATGCATG-7	CD4+/CD45RA+/CD25- Naive T	gem_group_7
AATTGATGACCGAT-7	CD4+/CD45RO+ Memory	gem_group_7
AATTGATGTGCAGT-7	CD8+ Cytotoxic T	gem_group_7
AATTGTGATGGAGG-7	CD19+ B	gem_group_7
ACAACCGATGTCGA-7	CD8+/CD45RA+ Naive Cytotoxic	gem_group_7
ACAAGAGACCCTAC-7	CD8+/CD45RA+ Naive Cytotoxic	gem_group_7
ACAAGAGAGAGGCA-7	CD14+ Monocyte	gem_group_7
ACAAGAGATTCGCC-7	CD4+/CD25 T Reg	gem_group_7
ACAAGCACCGAATC-7	CD8+/CD45RA+ Naive Cytotoxic	gem_group_7
ACAATAACAGTCAC-7	CD8+/CD45RA+ Naive Cytotoxic	gem_group_7
ACAATAACCCCGTT-7	CD8+/CD45RA+ Naive Cytotoxic	gem_group_7
ACAATAACGGTGGA-7	CD19+ B	gem_group_7
ACAATAACGGTGTT-7	CD56+ NK	gem_group_7
ACAATCCTTCACGA-7	CD8+/CD45RA+ Naive Cytotoxic	gem_group_7
ACAATTGAGGTCAT-7	CD56+ NK	gem_group_7
ACAATTGAGTACCA-7	CD4+/CD45RA+/CD25- Naive T	gem_group_7
ACACCAGATTGCGA-7	CD8+/CD45RA+ Naive Cytotoxic	gem_group_7
ACACCCTGACCAAC-7	CD4+/CD25 T Reg	gem_group_7
ACACGAACCGGTAT-7	CD19+ B	gem_group_7
ACACGAACGTCGTA-7	CD56+ NK	gem_group_7
ACACGATGACCTTT-7	CD8+/CD45RA+ Naive Cytotoxic	gem_group_7
ACACGATGCTTCCG-7	CD8+ Cytotoxic T	gem_group_7
ACACGTGATGGAGG-7	CD4+/CD45RO+ Memory	gem_group_7
ACAGCAACTCAGGT-7	CD56+ NK	gem_group_7
ACAGTGACACACGT-7	CD8+/CD45RA+ Naive Cytotoxic	gem_group_7
ACAGTGACATTGGC-7	CD8+/CD45RA+ Naive Cytotoxic	gem_group_7
ACAGTGACGTTGCA-7	CD8+ Cytotoxic T	gem_group_7
ACAGTTCTTACTCT-7	CD19+ B	gem_group_7
ACATACCTAGATGA-7	CD8+ Cytotoxic T	gem_group_7
ACATACCTGCATCA-7	CD56+ NK	gem_group_7
ACATACCTTTCTGT-7	CD8+/CD45RA+ Naive Cytotoxic	gem_group_7
ACATCACTAAGCCT-7	CD8+/CD45RA+ Naive Cytotoxic	gem_group_7
ACATCACTGAGATA-7	CD4+/CD25 T Reg	gem_group_7
ACATCACTGGCGAA-7	Dendritic	gem_group_7
ACATGGTGACTCTT-7	CD8+ Cytotoxic T	gem_group_7
ACATTCTGATTCGG-7	CD19+ B	gem_group_7
ACATTCTGGATACC-7	CD56+ NK	gem_group_7
ACCAACGATATCTC-7	CD56+ NK	gem_group_7
ACCACCTGACCTAG-7	CD4+/CD45RO+ Memory	gem_group_7
ACCACCTGGGTATC-7	CD8+/CD45RA+ Naive Cytotoxic	gem_group_7
ACCAGTGATAAGGA-7	CD4+/CD25 T Reg	gem_group_7
ACCATTTGTTTCTG-7	CD8+/CD45RA+ Naive Cytotoxic	gem_group_7
ACCCAAGAAAGAAC-7	CD19+ B	gem_group_7
ACCCAAGACCTTTA-7	Dendritic	gem_group_7
ACCCAGCTATGCTG-7	CD8+ Cytotoxic T	gem_group_7
ACCCAGCTCCGATA-7	CD19+ B	gem_group_7
ACCCGTTGAGATGA-7	CD8+ Cytotoxic T	gem_group_7
ACCCGTTGAGCAAA-7	CD8+ Cytotoxic T	gem_group_7
ACCGAAACACCACA-7	CD19+ B	gem_group_7
ACCGCGGATACTCT-7	CD8+ Cytotoxic T	gem_group_7
ACCGTGCTAGTGTC-7	CD4+/CD25 T Reg	gem_group_7
ACCGTGCTGGTTCA-7	CD8+/CD45RA+ Naive Cytotoxic	gem_group_7
ACCGTGCTGTTGTG-7	CD8+ Cytotoxic T	gem_group_7
ACCTATTGCGCATA-7	CD8+ Cytotoxic T	gem_group_7
ACCTCGTGCACTGA-7	CD14+ Monocyte	gem_group_7
ACCTCGTGCGTAGT-7	CD8+ Cytotoxic T	gem_group_7
ACCTGAGACCGATA-7	CD8+ Cytotoxic T	gem_group_7
ACCTGAGATGACCA-7	CD8+ Cytotoxic T	gem_group_7
ACCTTTGACCAAGT-7	CD8+ Cytotoxic T	gem_group_7
ACCTTTGATTCTTG-7	CD8+ Cytotoxic T	gem_group_7
ACGAACACAGGAGC-7	CD19+ B	gem_group_7
ACGAACACGGAAGC-7	CD4+/CD25 T Reg	gem_group_7
ACGAAGCTTTTCTG-7	CD8+ Cytotoxic T	gem_group_7
ACGAGGGAACACCA-7	CD4+/CD25 T Reg	gem_group_7
ACGAGGGATCACCC-7	CD8+/CD45RA+ Naive Cytotoxic	gem_group_7
ACGAGTACCAAGCT-7	CD4+/CD45RA+/CD25- Naive T	gem_group_7
ACGAGTACGATACC-7	CD8+ Cytotoxic T	gem_group_7
ACGATCGAATACCG-7	CD19+ B	gem_group_7
ACGATGACGTAGCT-7	CD14+ Monocyte	gem_group_7
ACGATTCTTACTTC-7	CD8+/CD45RA+ Naive Cytotoxic	gem_group_7
ACGCACCTCGAACT-7	CD8+ Cytotoxic T	gem_group_7
ACGCCACTGCTTAG-7	CD8+ Cytotoxic T	gem_group_7
ACGCCGGACCTCCA-7	CD8+ Cytotoxic T	gem_group_7
ACGCTCACAAACAG-7	CD8+/CD45RA+ Naive Cytotoxic	gem_group_7
ACGCTCACCGCCTT-7	CD8+ Cytotoxic T	gem_group_7
ACGCTGCTAGAGTA-7	CD4+/CD45RA+/CD25- Naive T	gem_group_7
ACGCTGCTAGGTTC-7	CD8+ Cytotoxic T	gem_group_7
ACGCTGCTGCTCCT-7	CD8+/CD45RA+ Naive Cytotoxic	gem_group_7
ACGCTGCTTGGTTG-7	CD19+ B	gem_group_7
ACGGAACTTTCGTT-7	CD8+/CD45RA+ Naive Cytotoxic	gem_group_7
ACGGAGGAAACCAC-7	CD56+ NK	gem_group_7
ACGGAGGACCTTTA-7	CD8+ Cytotoxic T	gem_group_7
ACGGAGGAGTTCTT-7	CD4+/CD45RA+/CD25- Naive T	gem_group_7
ACGGAGGATTCGTT-7	CD8+/CD45RA+ Naive Cytotoxic	gem_group_7
ACGGATTGAAGGCG-7	CD19+ B	gem_group_7
ACGGGAGAAGGAGC-7	CD56+ NK	gem_group_7
ACGGTATGTGGTGT-7	CD8+/CD45RA+ Naive Cytotoxic	gem_group_7
ACGTAGACAGGTTC-7	CD8+ Cytotoxic T	gem_group_7
ACGTTGGATGCCAA-7	CD4+/CD25 T Reg	gem_group_7
ACGTTTACCTTACT-7	CD8+/CD45RA+ Naive Cytotoxic	gem_group_7
ACTACTACCGGGAA-7	CD8+/CD45RA+ Naive Cytotoxic	gem_group_7
ACTAGGTGAGCTAC-7	CD8+/CD45RA+ Naive Cytotoxic	gem_group_7
ACTCAGGAACACTG-7	CD8+ Cytotoxic T	gem_group_7
ACTCCTCTCTCGCT-7	CD8+/CD45RA+ Naive Cytotoxic	gem_group_7
ACTCGAGAGAGACG-7	CD4+/CD45RA+/CD25- Naive T	gem_group_7
ACTCGAGAGGATTC-7	CD8+ Cytotoxic T	gem_group_7
ACTCTATGGCGAAG-7	CD14+ Monocyte	gem_group_7
ACTGCCACATCGTG-7	CD56+ NK	gem_group_7
ACTGCCACTGGCAT-7	CD14+ Monocyte	gem_group_7
ACTGCCACTTTGGG-7	CD8+/CD45RA+ Naive Cytotoxic	gem_group_7
ACTGCCTGGAATGA-7	CD14+ Monocyte	gem_group_7
ACTGGCCTCAACTG-7	CD56+ NK	gem_group_7
ACTGTGGATGGAGG-7	CD56+ NK	gem_group_7
ACTTCAACAAGGTA-7	CD8+ Cytotoxic T	gem_group_7
ACTTCAACGAAACA-7	CD8+/CD45RA+ Naive Cytotoxic	gem_group_7
ACTTCAACGTAAGA-7	CD4+/CD25 T Reg	gem_group_7
ACTTGACTAGAGTA-7	CD8+ Cytotoxic T	gem_group_7
ACTTGACTTCTCCG-7	CD8+ Cytotoxic T	gem_group_7
ACTTGGGAAGGCGA-7	CD8+ Cytotoxic T	gem_group_7
ACTTGTACCTGATG-7	CD8+/CD45RA+ Naive Cytotoxic	gem_group_7
ACTTTGTGAAGGGC-7	CD56+ NK	gem_group_7
AGAAACGACCGAAT-7	CD8+ Cytotoxic T	gem_group_7
AGAAACGACGACTA-7	CD8+/CD45RA+ Naive Cytotoxic	gem_group_7
AGAACGCTTCTTAC-7	CD8+/CD45RA+ Naive Cytotoxic	gem_group_7
AGAATGGAAAAGTG-7	CD8+ Cytotoxic T	gem_group_7
AGACACACCAGTTG-7	CD8+ Cytotoxic T	gem_group_7
AGACACACCCTCAC-7	CD56+ NK	gem_group_7
AGACACACTTCATC-7	CD19+ B	gem_group_7
AGACCTGAGTACCA-7	CD8+ Cytotoxic T	gem_group_7
AGACCTGATACTTC-7	CD8+ Cytotoxic T	gem_group_7
AGACGTACCATTTC-7	CD8+ Cytotoxic T	gem_group_7
AGACTCGAAGCGGA-7	CD8+/CD45RA+ Naive Cytotoxic	gem_group_7
AGACTCGAGCGAGA-7	CD8+/CD45RA+ Naive Cytotoxic	gem_group_7
AGAGAATGGGGCAA-7	CD19+ B	gem_group_7
AGAGTCTGGAGGAC-7	CD19+ B	gem_group_7
AGAGTCTGTTTGTC-7	CD56+ NK	gem_group_7
AGAGTGCTGAGGGT-7	Dendritic	gem_group_7
AGATATACTGCTCC-7	CD8+/CD45RA+ Naive Cytotoxic	gem_group_7
AGATCGTGATACCG-7	CD14+ Monocyte	gem_group_7
AGATTAACCTGTAG-7	CD19+ B	gem_group_7
AGATTAACGGACTT-7	CD8+ Cytotoxic T	gem_group_7
AGATTCCTAGCATC-7	CD4+/CD25 T Reg	gem_group_7
AGATTCCTTAAGCC-7	CD8+/CD45RA+ Naive Cytotoxic	gem_group_7
AGCAAAGAGGTTCA-7	CD56+ NK	gem_group_7
AGCAAAGATGGTCA-7	CD8+/CD45RA+ Naive Cytotoxic	gem_group_7
AGCAACACGTTGGT-7	CD8+ Cytotoxic T	gem_group_7
AGCAAGCTATCGTG-7	CD8+ Cytotoxic T	gem_group_7
AGCAAGCTTCCAAG-7	CD56+ NK	gem_group_7
AGCACTGAATTGGC-7	CD4+/CD25 T Reg	gem_group_7
AGCACTGATTACTC-7	CD8+/CD45RA+ Naive Cytotoxic	gem_group_7
AGCATTCTGACGAG-7	CD56+ NK	gem_group_7
AGCCAATGATCTTC-7	CD8+/CD45RA+ Naive Cytotoxic	gem_group_7
AGCCAATGGTCCTC-7	CD8+/CD45RA+ Naive Cytotoxic	gem_group_7
AGCCTCACAGAAGT-7	CD8+/CD45RA+ Naive Cytotoxic	gem_group_7
AGCCTCACAGTTCG-7	CD56+ NK	gem_group_7
AGCCTCTGACAGCT-7	CD4+/CD25 T Reg	gem_group_7
AGCCTCTGAGGTTC-7	CD8+ Cytotoxic T	gem_group_7
AGCCTCTGGGAGCA-7	CD4+/CD25 T Reg	gem_group_7
AGCGATACCTTGCC-7	CD8+/CD45RA+ Naive Cytotoxic	gem_group_7
AGCGATTGGTCATG-7	CD19+ B	gem_group_7
AGCGCCGACCTTAT-7	CD8+ Cytotoxic T	gem_group_7
AGCGGCACAGAACA-7	CD8+/CD45RA+ Naive Cytotoxic	gem_group_7
AGCGGCTGAAAGTG-7	Dendritic	gem_group_7
AGCGGCTGACCATG-7	CD4+/CD25 T Reg	gem_group_7
AGCGGGCTCCGCTT-7	CD4+/CD25 T Reg	gem_group_7
AGCGGGCTTACGCA-7	CD8+ Cytotoxic T	gem_group_7
AGCGGGCTTTTCAC-7	CD56+ NK	gem_group_7
AGCGTAACTGTTTC-7	CD8+/CD45RA+ Naive Cytotoxic	gem_group_7
AGCTCGCTACACCA-7	CD4+/CD25 T Reg	gem_group_7
AGCTCGCTAGTTCG-7	CD4+/CD25 T Reg	gem_group_7
AGCTGAACCTTGCC-7	CD8+ Cytotoxic T	gem_group_7
AGCTGAACTGGAAA-7	CD19+ B	gem_group_7
AGCTGCCTCTACCC-7	CD8+ Cytotoxic T	gem_group_7
AGCTGCCTTCTAGG-7	CD8+/CD45RA+ Naive Cytotoxic	gem_group_7
AGCTGTGATCACGA-7	CD19+ B	gem_group_7
AGCTTTACCTAGCA-7	CD56+ NK	gem_group_7
AGGAACCTCCTTAT-7	CD4+/CD25 T Reg	gem_group_7
AGGAACCTCTCGAA-7	CD19+ B	gem_group_7
AGGAATGAGTACCA-7	CD14+ Monocyte	gem_group_7
AGGACACTGTTCAG-7	CD8+/CD45RA+ Naive Cytotoxic	gem_group_7
AGGACACTTGATGC-7	CD8+/CD45RA+ Naive Cytotoxic	gem_group_7
AGGACACTTTCTGT-7	CD8+/CD45RA+ Naive Cytotoxic	gem_group_7
AGGACTTGGTATGC-7	CD4+/CD25 T Reg	gem_group_7
AGGACTTGTCAAGC-7	CD8+/CD45RA+ Naive Cytotoxic	gem_group_7
AGGACTTGTCGTAG-7	CD8+ Cytotoxic T	gem_group_7
AGGATAGAACCAGT-7	CD8+ Cytotoxic T	gem_group_7
AGGATAGAGTTTGG-7	CD19+ B	gem_group_7
AGGATAGATTCCAT-7	CD8+/CD45RA+ Naive Cytotoxic	gem_group_7
AGGATGCTTCAGAC-7	CD8+/CD45RA+ Naive Cytotoxic	gem_group_7
AGGATGCTTCCCGT-7	CD19+ B	gem_group_7
AGGCAGGAGGAGCA-7	CD19+ B	gem_group_7
AGGCAGGATGCCAA-7	CD8+/CD45RA+ Naive Cytotoxic	gem_group_7
AGGCCTCTCCGAAT-7	CD56+ NK	gem_group_7
AGGCTAACCTTTAC-7	CD8+ Cytotoxic T	gem_group_7
AGGGACGAGTTGCA-7	CD8+ Cytotoxic T	gem_group_7
AGGGCCACGTTGAC-7	CD19+ B	gem_group_7
AGGGCCACTCACCC-7	CD8+ Cytotoxic T	gem_group_7
AGGGCCTGCCCTCA-7	CD8+ Cytotoxic T	gem_group_7
AGGGCCTGGGAGGT-7	CD56+ NK	gem_group_7
AGGGCCTGTGGAAA-7	CD19+ B	gem_group_7
AGGGCGCTGCCTTC-7	CD8+ Cytotoxic T	gem_group_7
AGGGCGCTTAGTCG-7	CD56+ NK	gem_group_7
AGGGTGGATTGTCT-7	CD56+ NK	gem_group_7
AGGTACACCGATAC-7	CD8+/CD45RA+ Naive Cytotoxic	gem_group_7
AGGTACTGTTTACC-7	CD8+/CD45RA+ Naive Cytotoxic	gem_group_7
AGGTCATGGGTGGA-7	CD4+/CD45RO+ Memory	gem_group_7
AGGTCTGAAGCCTA-7	CD56+ NK	gem_group_7
AGGTCTGACATTGG-7	CD4+/CD25 T Reg	gem_group_7
AGGTGGGACTACTT-7	CD4+/CD25 T Reg	gem_group_7
AGGTGTTGCGAATC-7	CD8+ Cytotoxic T	gem_group_7
AGGTGTTGCGTTAG-7	CD8+ Cytotoxic T	gem_group_7
AGGTGTTGCTTGTT-7	CD34+	gem_group_7
AGGTGTTGGATAGA-7	CD8+ Cytotoxic T	gem_group_7
AGGTGTTGTCTCAT-7	CD19+ B	gem_group_7
AGGTTCGACGAATC-7	CD8+/CD45RA+ Naive Cytotoxic	gem_group_7
AGGTTCGAGACAGG-7	CD4+/CD45RO+ Memory	gem_group_7
AGTAAGGATCCTCG-7	CD8+ Cytotoxic T	gem_group_7
AGTACTCTTAGAAG-7	CD56+ NK	gem_group_7
AGTACTCTTCCCGT-7	CD8+/CD45RA+ Naive Cytotoxic	gem_group_7
AGTACTCTTTCTTG-7	CD8+ Cytotoxic T	gem_group_7
AGTAGAGAACCATG-7	CD8+ Cytotoxic T	gem_group_7
AGTAGAGACCGTAA-7	CD56+ NK	gem_group_7
AGTAGGCTGATACC-7	CD19+ B	gem_group_7
AGTATAACCGCAAT-7	CD4+/CD25 T Reg	gem_group_7
AGTATAACTACTTC-7	CD8+/CD45RA+ Naive Cytotoxic	gem_group_7
AGTCACGACCCTTG-7	CD4+/CD25 T Reg	gem_group_7
AGTCAGACAACCAC-7	CD4+/CD45RA+/CD25- Naive T	gem_group_7
AGTCCAGACACTGA-7	CD56+ NK	gem_group_7
AGTCCAGACTTCGC-7	CD4+/CD45RO+ Memory	gem_group_7
AGTCGAACACCCAA-7	CD56+ NK	gem_group_7
AGTCGAACCGTCTC-7	CD8+/CD45RA+ Naive Cytotoxic	gem_group_7
AGTCTACTCAGAGG-7	CD14+ Monocyte	gem_group_7
AGTGAAGACTACGA-7	CD4+/CD45RO+ Memory	gem_group_7
AGTGACACACAGCT-7	CD8+ Cytotoxic T	gem_group_7
AGTGACACTCTGGA-7	CD56+ NK	gem_group_7
AGTGACTGCTCATT-7	CD19+ B	gem_group_7
AGTGACTGTGTCGA-7	CD19+ B	gem_group_7
AGTGACTGTGTGGT-7	Dendritic	gem_group_7
AGTGCAACATTCCT-7	CD19+ B	gem_group_7
AGTGCAACCACTAG-7	CD14+ Monocyte	gem_group_7
AGTGTGACCTTGCC-7	CD8+ Cytotoxic T	gem_group_7
AGTGTTCTCTTATC-7	CD8+/CD45RA+ Naive Cytotoxic	gem_group_7
AGTGTTCTGTGTAC-7	CD56+ NK	gem_group_7
AGTTAAACGTACCA-7	CD8+ Cytotoxic T	gem_group_7
AGTTATGACGAATC-7	CD8+ Cytotoxic T	gem_group_7
AGTTTAGACGTTGA-7	CD4+/CD45RO+ Memory	gem_group_7
AGTTTAGAGCATCA-7	CD4+/CD45RO+ Memory	gem_group_7
AGTTTCACCGACAT-7	CD8+ Cytotoxic T	gem_group_7
ATAACCCTATCAGC-7	CD4+/CD25 T Reg	gem_group_7
ATAAGTACGCGAAG-7	CD8+/CD45RA+ Naive Cytotoxic	gem_group_7
ATAAGTTGTCCGAA-7	CD8+/CD45RA+ Naive Cytotoxic	gem_group_7
ATAATCGAACTCAG-7	CD56+ NK	gem_group_7
ATAATGACTGAAGA-7	CD8+/CD45RA+ Naive Cytotoxic	gem_group_7
ATAATGACTTGAGC-7	CD8+/CD45RA+ Naive Cytotoxic	gem_group_7
ATACCACTATGGTC-7	CD4+/CD45RA+/CD25- Naive T	gem_group_7
ATACCACTCTGGAT-7	CD4+/CD25 T Reg	gem_group_7
ATACCGGAGAATGA-7	CD4+/CD25 T Reg	gem_group_7
ATACCTACCATGCA-7	CD4+/CD25 T Reg	gem_group_7
ATACCTTGACCCTC-7	CD8+ Cytotoxic T	gem_group_7
ATACCTTGGCGTAT-7	CD4+/CD25 T Reg	gem_group_7
ATACTCTGAGCTAC-7	CD8+/CD45RA+ Naive Cytotoxic	gem_group_7
ATAGAACTATCGAC-7	CD4+/CD45RO+ Memory	gem_group_7
ATAGAACTTCTATC-7	CD8+/CD45RA+ Naive Cytotoxic	gem_group_7
ATAGATACCGTAAC-7	CD4+/CD45RA+/CD25- Naive T	gem_group_7
ATAGATACTAGCGT-7	CD14+ Monocyte	gem_group_7
ATAGATTGCTGACA-7	CD19+ B	gem_group_7
ATAGATTGGTAGCT-7	CD8+ Cytotoxic T	gem_group_7
ATAGATTGTCCGAA-7	CD8+ Cytotoxic T	gem_group_7
ATAGCTCTACCTGA-7	Dendritic	gem_group_7
ATAGCTCTGTTCGA-7	CD8+/CD45RA+ Naive Cytotoxic	gem_group_7
ATAGGAGATCCAGA-7	CD4+/CD25 T Reg	gem_group_7
ATAGGAGATTGTCT-7	CD14+ Monocyte	gem_group_7
ATAGGCTGGAGGAC-7	CD8+/CD45RA+ Naive Cytotoxic	gem_group_7
ATAGGCTGTTTCAC-7	CD19+ B	gem_group_7
ATAGTCCTCTGTCC-7	CD8+ Cytotoxic T	gem_group_7
ATATACGAATCGGT-7	CD8+/CD45RA+ Naive Cytotoxic	gem_group_7
ATATACGAGTTTCT-7	CD8+/CD45RA+ Naive Cytotoxic	gem_group_7
ATCAACCTACCTGA-7	CD4+/CD25 T Reg	gem_group_7
ATCAACCTCCGATA-7	CD56+ NK	gem_group_7
ATCACACTCACTAG-7	CD56+ NK	gem_group_7
ATCACACTCCTCAC-7	CD8+/CD45RA+ Naive Cytotoxic	gem_group_7
ATCACTACCAACCA-7	CD19+ B	gem_group_7
ATCACTACCCTCAC-7	CD8+/CD45RA+ Naive Cytotoxic	gem_group_7
ATCCATACATGCTG-7	CD8+ Cytotoxic T	gem_group_7
ATCCCGTGACCATG-7	CD8+/CD45RA+ Naive Cytotoxic	gem_group_7
ATCCCGTGCCCTAC-7	CD19+ B	gem_group_7
ATCCCGTGCGGGAA-7	CD8+/CD45RA+ Naive Cytotoxic	gem_group_7
ATCCGCACAGAAGT-7	CD8+ Cytotoxic T	gem_group_7
ATCCGCACCCTTCG-7	CD19+ B	gem_group_7
ATCCTAACGCTATG-7	CD8+ Cytotoxic T	gem_group_7
ATCCTAACGGAAGC-7	CD8+/CD45RA+ Naive Cytotoxic	gem_group_7
ATCGACGAGCTTCC-7	CD56+ NK	gem_group_7
ATCGCCACAGAGGC-7	CD19+ B	gem_group_7
ATCGCCACCGTTAG-7	CD8+ Cytotoxic T	gem_group_7
ATCGCCTGAAGTAG-7	CD8+ Cytotoxic T	gem_group_7
ATCGCCTGCCCTAC-7	CD8+/CD45RA+ Naive Cytotoxic	gem_group_7
ATCGCCTGGCCTTC-7	CD8+ Cytotoxic T	gem_group_7
ATCGCCTGTGAGAA-7	CD8+ Cytotoxic T	gem_group_7
ATCGGAACAGCGTT-7	CD14+ Monocyte	gem_group_7
ATCGGTGACGCCTT-7	CD8+/CD45RA+ Naive Cytotoxic	gem_group_7
ATCGTTTGTCCGAA-7	CD8+ Cytotoxic T	gem_group_7
ATCTACACCCTTGC-7	CD19+ B	gem_group_7
ATCTACACTAAAGG-7	Dendritic	gem_group_7
ATCTACTGTACGCA-7	CD4+/CD45RO+ Memory	gem_group_7
ATCTCAACGGCAAG-7	CD8+ Cytotoxic T	gem_group_7
ATCTCAACGTACGT-7	CD8+ Cytotoxic T	gem_group_7
ATCTGGGAATAAGG-7	CD56+ NK	gem_group_7
ATCTGTTGACCAAC-7	CD4+/CD25 T Reg	gem_group_7
ATGAAGGAACACGT-7	CD8+/CD45RA+ Naive Cytotoxic	gem_group_7
ATGAAGGAACCAGT-7	CD8+ Cytotoxic T	gem_group_7
ATGATAACGCAGAG-7	CD4+/CD45RA+/CD25- Naive T	gem_group_7
ATGATAACGTAAAG-7	Dendritic	gem_group_7
ATGATATGGGAAGC-7	CD8+/CD45RA+ Naive Cytotoxic	gem_group_7
ATGATATGGTCATG-7	CD8+ Cytotoxic T	gem_group_7
ATGCACGACTGTTT-7	CD4+/CD25 T Reg	gem_group_7
ATGCAGACGAATGA-7	CD8+/CD45RA+ Naive Cytotoxic	gem_group_7
ATGCAGTGCCTGAA-7	CD8+ Cytotoxic T	gem_group_7
ATGCAGTGCTGGTA-7	CD8+ Cytotoxic T	gem_group_7
ATGCCAGAACCCAA-7	CD19+ B	gem_group_7
ATGCCAGATGCAGT-7	CD8+ Cytotoxic T	gem_group_7
ATGCCGCTCGTCTC-7	CD56+ NK	gem_group_7
ATGCTTTGATCGTG-7	CD8+/CD45RA+ Naive Cytotoxic	gem_group_7
ATGCTTTGGACAAA-7	CD8+/CD45RA+ Naive Cytotoxic	gem_group_7
ATGGGTACCTCTCG-7	CD14+ Monocyte	gem_group_7
ATGGTGACTGTCAG-7	CD8+ Cytotoxic T	gem_group_7
ATGTAAACTGTTTC-7	CD8+/CD45RA+ Naive Cytotoxic	gem_group_7
ATGTACCTGGTTTG-7	CD8+/CD45RA+ Naive Cytotoxic	gem_group_7
ATGTCACTACGTGT-7	CD19+ B	gem_group_7
ATGTCACTATGGTC-7	CD19+ B	gem_group_7
ATGTCGGAACCCAA-7	CD4+/CD45RO+ Memory	gem_group_7
ATGTCGGAATTCTC-7	Dendritic	gem_group_7
ATGTTGCTGGGCAA-7	Dendritic	gem_group_7
ATGTTGCTTCCGAA-7	CD19+ B	gem_group_7
ATTAACGACCCACT-7	CD14+ Monocyte	gem_group_7
ATTAACGAGGTGTT-7	CD4+/CD25 T Reg	gem_group_7
ATTACCACAGGTCT-7	CD19+ B	gem_group_7
ATTAGTGATCGTGA-7	CD56+ NK	gem_group_7
ATTATGGATCTGGA-7	CD19+ B	gem_group_7
ATTCAAGACATGGT-7	CD8+ Cytotoxic T	gem_group_7
ATTCAAGAGCGTAT-7	CD56+ NK	gem_group_7
ATTCAGCTTCGATG-7	CD8+ Cytotoxic T	gem_group_7
ATTCCAACCGTGAT-7	CD4+/CD25 T Reg	gem_group_7
ATTCCATGAGTGCT-7	CD8+/CD45RA+ Naive Cytotoxic	gem_group_7
ATTCGACTGAGGTG-7	CD56+ NK	gem_group_7
ATTCGACTTCCTTA-7	CD8+/CD45RA+ Naive Cytotoxic	gem_group_7
ATTCGGGAGAAGGC-7	CD8+ Cytotoxic T	gem_group_7
ATTCGGGAGCGAAG-7	CD19+ B	gem_group_7
ATTCGGGATGACCA-7	CD56+ NK	gem_group_7
ATTCTTCTAAGGGC-7	Dendritic	gem_group_7
ATTCTTCTCTGACA-7	CD56+ NK	gem_group_7
ATTGAAACTCTGGA-7	CD8+ Cytotoxic T	gem_group_7
ATTGCACTCACCAA-7	CD4+/CD25 T Reg	gem_group_7
ATTGCACTTCGTTT-7	CD8+/CD45RA+ Naive Cytotoxic	gem_group_7
ATTGCGGACGTACA-7	Dendritic	gem_group_7
ATTGCGGATATGGC-7	CD8+/CD45RA+ Naive Cytotoxic	gem_group_7
ATTGCGGATTTCAC-7	CD8+ Cytotoxic T	gem_group_7
ATTGCTACTATTCC-7	CD4+/CD45RO+ Memory	gem_group_7
ATTGCTACTCCGTC-7	CD8+ Cytotoxic T	gem_group_7
ATTGGGTGTTGTGG-7	CD4+/CD25 T Reg	gem_group_7
ATTGTAGAACCCTC-7	CD8+/CD45RA+ Naive Cytotoxic	gem_group_7
ATTGTAGATTTGTC-7	CD8+/CD45RA+ Naive Cytotoxic	gem_group_7
ATTGTCTGATAAGG-7	CD8+/CD45RA+ Naive Cytotoxic	gem_group_7
ATTTAGGATGCTCC-7	CD8+ Cytotoxic T	gem_group_7
ATTTAGGATTACTC-7	CD8+/CD45RA+ Naive Cytotoxic	gem_group_7
ATTTCCGATGCCCT-7	CD56+ NK	gem_group_7
ATTTCGTGAGGGTG-7	CD19+ B	gem_group_7
ATTTGCACAGTGCT-7	CD4+/CD45RO+ Memory	gem_group_7
ATTTGCACGGTTAC-7	CD19+ B	gem_group_7
ATTTGCACTGAAGA-7	CD8+ Cytotoxic T	gem_group_7
CAAAGCACCAGTTG-7	CD4+/CD25 T Reg	gem_group_7
CAAAGCTGGGTGGA-7	CD4+/CD25 T Reg	gem_group_7
CAAAGCTGTTGCAG-7	CD56+ NK	gem_group_7
CAAATTGAGCGTAT-7	CD8+ Cytotoxic T	gem_group_7
CAACGAACCATTCT-7	CD8+ Cytotoxic T	gem_group_7
CAACGATGGTGTAC-7	CD19+ B	gem_group_7
CAACGTGAATTTCC-7	CD8+ Cytotoxic T	gem_group_7
CAAGAAGATATTCC-7	CD8+ Cytotoxic T	gem_group_7
CAAGACACCTGTAG-7	CD56+ NK	gem_group_7
CAAGCATGCAGTCA-7	CD4+/CD25 T Reg	gem_group_7
CAAGCCCTGTAGGG-7	CD8+/CD45RA+ Naive Cytotoxic	gem_group_7
CAAGCCCTTAGAAG-7	CD8+/CD45RA+ Naive Cytotoxic	gem_group_7
CAAGCTGACTGAAC-7	CD8+ Cytotoxic T	gem_group_7
CAAGGACTAAAGCA-7	CD8+/CD45RA+ Naive Cytotoxic	gem_group_7
CAAGGACTGGGACA-7	CD8+ Cytotoxic T	gem_group_7
CAAGGTTGGACACT-7	CD56+ NK	gem_group_7
CAATAAACCAGGAG-7	CD56+ NK	gem_group_7
CAATAAACTAAGCC-7	CD8+ Cytotoxic T	gem_group_7
CAATAAACTGTCGA-7	CD8+ Cytotoxic T	gem_group_7
CAATATGATCCTAT-7	CD8+ Cytotoxic T	gem_group_7
CAATCGGAGAGAGC-7	CD56+ NK	gem_group_7
CAATCGGAGGACTT-7	CD8+ Cytotoxic T	gem_group_7
CAATCTACGTAGCT-7	CD14+ Monocyte	gem_group_7
CAATGGACTCAGGT-7	CD8+/CD45RA+ Naive Cytotoxic	gem_group_7
CAATTCACGTGTCA-7	CD8+ Cytotoxic T	gem_group_7
CACAATCTAAGCAA-7	CD8+/CD45RA+ Naive Cytotoxic	gem_group_7
CACAGAACGGCATT-7	CD56+ NK	gem_group_7
CACAGAACTGTTCT-7	CD4+/CD25 T Reg	gem_group_7
CACAGTGAGCCAAT-7	CD8+ Cytotoxic T	gem_group_7
CACATGGAACTACG-7	CD14+ Monocyte	gem_group_7
CACCACTGCCTGTC-7	CD8+ Cytotoxic T	gem_group_7
CACCGGGACTCAAG-7	CD8+ Cytotoxic T	gem_group_7
CACCGTACGTGTCA-7	CD8+ Cytotoxic T	gem_group_7
CACCGTTGACCAAC-7	CD4+/CD25 T Reg	gem_group_7
CACGATGACATGCA-7	CD8+/CD45RA+ Naive Cytotoxic	gem_group_7
CACGATGATAGACC-7	CD4+/CD45RO+ Memory	gem_group_7
CACGATGATCGCCT-7	CD56+ NK	gem_group_7
CACGATGATGTGAC-7	CD4+/CD25 T Reg	gem_group_7
CACGCTACACCACA-7	CD8+/CD45RA+ Naive Cytotoxic	gem_group_7
CACGCTACGACGTT-7	CD8+ Cytotoxic T	gem_group_7
CACGGGACGGACAG-7	CD4+/CD25 T Reg	gem_group_7
CACGGGACTAGAAG-7	CD8+ Cytotoxic T	gem_group_7
CACTAACTAGAAGT-7	CD8+ Cytotoxic T	gem_group_7
CACTAGGAACCCAA-7	CD56+ NK	gem_group_7
CACTAGGATATGGC-7	CD8+ Cytotoxic T	gem_group_7
CACTATACCGGTAT-7	CD8+/CD45RA+ Naive Cytotoxic	gem_group_7
CACTCCGATTGCAG-7	CD56+ NK	gem_group_7
CACTCTCTACACCA-7	CD8+/CD45RA+ Naive Cytotoxic	gem_group_7
CACTCTCTGGGACA-7	CD8+/CD45RA+ Naive Cytotoxic	gem_group_7
CACTGAGACTAGCA-7	CD8+ Cytotoxic T	gem_group_7
CACTGAGACTTGCC-7	CD8+ Cytotoxic T	gem_group_7
CACTGAGATAAAGG-7	CD56+ NK	gem_group_7
CACTGCTGATCTTC-7	CD56+ NK	gem_group_7
CACTGCTGCTGACA-7	CD56+ NK	gem_group_7
CACTGCTGGTAGGG-7	CD4+/CD45RO+ Memory	gem_group_7
CACTTAACCCGTAA-7	CD4+/CD45RA+/CD25- Naive T	gem_group_7
CACTTTGAAACTGC-7	CD56+ NK	gem_group_7
CAGACCCTGAATAG-7	CD8+/CD45RA+ Naive Cytotoxic	gem_group_7
CAGACCCTGTGTAC-7	CD4+/CD25 T Reg	gem_group_7
CAGACTGAGGTAGG-7	CD56+ NK	gem_group_7
CAGACTGATGCAAC-7	CD8+ Cytotoxic T	gem_group_7
CAGAGGGAGAGGGT-7	CD14+ Monocyte	gem_group_7
CAGATCGAGTTGAC-7	CD56+ NK	gem_group_7
CAGATCGATTTCGT-7	CD8+ Cytotoxic T	gem_group_7
CAGATGACGACAGG-7	CD8+/CD45RA+ Naive Cytotoxic	gem_group_7
CAGCACCTTAAGCC-7	CD8+ Cytotoxic T	gem_group_7
CAGCATGAGGAACG-7	CD56+ NK	gem_group_7
CAGCCTTGGTGCTA-7	CD8+ Cytotoxic T	gem_group_7
CAGCGGACTGCTCC-7	CD8+ Cytotoxic T	gem_group_7
CAGCGTCTCTGACA-7	CD56+ NK	gem_group_7
CAGCTAGATGATGC-7	CD8+/CD45RA+ Naive Cytotoxic	gem_group_7
CAGCTCTGGCGTTA-7	CD8+ Cytotoxic T	gem_group_7
CAGGAACTCTAGTG-7	CD4+/CD45RO+ Memory	gem_group_7
CAGGAACTGCAGTT-7	CD8+/CD45RA+ Naive Cytotoxic	gem_group_7
CAGGAACTGTGAGG-7	CD8+ Cytotoxic T	gem_group_7
CAGGAACTTTCCAT-7	CD8+ Cytotoxic T	gem_group_7
CAGGCCGAGGTTTG-7	CD8+ Cytotoxic T	gem_group_7
CAGGTAACAGTTCG-7	CD4+/CD45RA+/CD25- Naive T	gem_group_7
CAGGTATGCGCTAA-7	CD19+ B	gem_group_7
CAGGTATGCGTAGT-7	CD8+/CD45RA+ Naive Cytotoxic	gem_group_7
CAGGTATGGTGCAT-7	CD8+/CD45RA+ Naive Cytotoxic	gem_group_7
CAGTCAGAAACCTG-7	CD8+ Cytotoxic T	gem_group_7
CAGTCAGAACTGTG-7	Dendritic	gem_group_7
CAGTGATGGAGCTT-7	CD56+ NK	gem_group_7
CAGTGATGGTATGC-7	CD4+/CD25 T Reg	gem_group_7
CAGTGTGAACGCAT-7	CD8+ Cytotoxic T	gem_group_7
CAGTGTGACGTGAT-7	CD8+/CD45RA+ Naive Cytotoxic	gem_group_7
CAGTGTGAGTTTGG-7	CD8+ Cytotoxic T	gem_group_7
CAGTTACTATTCTC-7	CD8+/CD45RA+ Naive Cytotoxic	gem_group_7
CAGTTACTTAACGC-7	CD8+ Cytotoxic T	gem_group_7
CAGTTTACAGCGTT-7	CD56+ NK	gem_group_7
CAGTTTACATCTTC-7	CD8+ Cytotoxic T	gem_group_7
CAGTTTACCGAATC-7	CD8+/CD45RA+ Naive Cytotoxic	gem_group_7
CAGTTTACGTAGGG-7	CD8+/CD45RA+ Naive Cytotoxic	gem_group_7
CATAAAACCTCAAG-7	CD56+ NK	gem_group_7
CATAAAACTCGATG-7	CD8+ Cytotoxic T	gem_group_7
CATAAATGCGCCTT-7	CD14+ Monocyte	gem_group_7
CATAAATGGGAAAT-7	CD8+ Cytotoxic T	gem_group_7
CATAACCTCTACGA-7	CD8+/CD45RA+ Naive Cytotoxic	gem_group_7
CATAACCTTCAGTG-7	CD8+/CD45RA+ Naive Cytotoxic	gem_group_7
CATACTTGGCGGAA-7	Dendritic	gem_group_7
CATAGTCTGACTAC-7	CD8+ Cytotoxic T	gem_group_7
CATATAGAAACGAA-7	CD8+ Cytotoxic T	gem_group_7
CATATAGATAGCGT-7	CD8+ Cytotoxic T	gem_group_7
CATCAACTATGACC-7	CD56+ NK	gem_group_7
CATCAACTGGAGGT-7	CD8+ Cytotoxic T	gem_group_7
CATCAACTTGCCTC-7	CD8+ Cytotoxic T	gem_group_7
CATCATACGTCAAC-7	CD56+ NK	gem_group_7
CATCATACTCTACT-7	CD8+ Cytotoxic T	gem_group_7
CATCCCGACCAATG-7	CD8+ Cytotoxic T	gem_group_7
CATCCCGAGAGACG-7	CD8+/CD45RA+ Naive Cytotoxic	gem_group_7
CATCCCGAGGTATC-7	CD56+ NK	gem_group_7
CATCGCTGAAGGGC-7	CD8+/CD45RA+ Naive Cytotoxic	gem_group_7
CATCGCTGAGCCAT-7	CD8+ Cytotoxic T	gem_group_7
CATCGGCTCACCAA-7	CD8+ Cytotoxic T	gem_group_7
CATCTCCTGGCAAG-7	CD4+/CD25 T Reg	gem_group_7
CATCTCCTTGTAGC-7	CD8+/CD45RA+ Naive Cytotoxic	gem_group_7
CATCTTGATGACCA-7	CD56+ NK	gem_group_7
CATGAGACCACAAC-7	CD8+/CD45RA+ Naive Cytotoxic	gem_group_7
CATGCGCTCTCGAA-7	CD8+ Cytotoxic T	gem_group_7
CATGGCCTATGTCG-7	CD8+/CD45RA+ Naive Cytotoxic	gem_group_7
CATGGCCTCACTCC-7	CD56+ NK	gem_group_7
CATGTACTGGGTGA-7	CD56+ NK	gem_group_7
CATGTACTGTCATG-7	CD4+/CD25 T Reg	gem_group_7
CATGTACTTAGCGT-7	CD4+/CD45RO+ Memory	gem_group_7
CATGTACTTCTGGA-7	CD19+ B	gem_group_7
CATGTTACAACCAC-7	CD8+ Cytotoxic T	gem_group_7
CATGTTTGTAGAAG-7	Dendritic	gem_group_7
CATGTTTGTTATCC-7	CD8+ Cytotoxic T	gem_group_7
CATTCCCTATCTTC-7	CD4+/CD45RO+ Memory	gem_group_7
CATTCCCTTACTGG-7	CD8+/CD45RA+ Naive Cytotoxic	gem_group_7
CATTGACTGTCTTT-7	CD14+ Monocyte	gem_group_7
CATTGACTTGGAAA-7	CD8+/CD45RA+ Naive Cytotoxic	gem_group_7
CATTGGGAGATAGA-7	CD8+/CD45RA+ Naive Cytotoxic	gem_group_7
CATTGTACGGCATT-7	CD8+/CD45RA+ Naive Cytotoxic	gem_group_7
CATTTCGAACAGCT-7	CD8+ Cytotoxic T	gem_group_7
CATTTCGATGGGAG-7	CD19+ B	gem_group_7
CATTTGTGGTCACA-7	CD4+/CD25 T Reg	gem_group_7
CCAAGTGATCCTGC-7	Dendritic	gem_group_7
CCAAGTGATCTCGC-7	CD8+ Cytotoxic T	gem_group_7
CCAATGGATATGGC-7	CD8+/CD45RA+ Naive Cytotoxic	gem_group_7
CCAATTTGTCATTC-7	CD8+/CD45RA+ Naive Cytotoxic	gem_group_7
CCAATTTGTTCACT-7	CD4+/CD25 T Reg	gem_group_7
CCACCATGAAGGCG-7	CD19+ B	gem_group_7
CCACCATGTAGAAG-7	CD56+ NK	gem_group_7
CCACCTGAAGATGA-7	CD8+/CD45RA+ Naive Cytotoxic	gem_group_7
CCACCTGACGATAC-7	CD8+/CD45RA+ Naive Cytotoxic	gem_group_7
CCACCTGATTCGCC-7	CD8+ Cytotoxic T	gem_group_7
CCACTTCTACTGGT-7	CD8+/CD45RA+ Naive Cytotoxic	gem_group_7
CCACTTCTCATTCT-7	CD8+/CD45RA+ Naive Cytotoxic	gem_group_7
CCAGACCTACACAC-7	CD8+ Cytotoxic T	gem_group_7
CCAGACCTAGGGTG-7	CD8+ Cytotoxic T	gem_group_7
CCAGACCTTGGCAT-7	CD8+ Cytotoxic T	gem_group_7
CCAGATGAATTCTC-7	CD8+/CD45RA+ Naive Cytotoxic	gem_group_7
CCAGCACTCCTTCG-7	CD8+/CD45RA+ Naive Cytotoxic	gem_group_7
CCAGCGGAAAGGTA-7	CD14+ Monocyte	gem_group_7
CCAGCGGATGGGAG-7	CD14+ Monocyte	gem_group_7
CCAGCTACGGGCAA-7	CD8+/CD45RA+ Naive Cytotoxic	gem_group_7
CCAGGTCTACACTG-7	CD56+ NK	gem_group_7
CCAGGTCTCTGTAG-7	CD8+ Cytotoxic T	gem_group_7
CCAGTCACGTTGCA-7	CD4+/CD25 T Reg	gem_group_7
CCAGTCTGTCACCC-7	CD4+/CD25 T Reg	gem_group_7
CCATAGGAAGGAGC-7	CD4+/CD25 T Reg	gem_group_7
CCATAGGAGTTAGC-7	CD8+/CD45RA+ Naive Cytotoxic	gem_group_7
CCATGCTGAGTCTG-7	CD8+ Cytotoxic T	gem_group_7
CCATGCTGGTGTTG-7	CD56+ NK	gem_group_7
CCCAAAGATGCTCC-7	CD4+/CD45RA+/CD25- Naive T	gem_group_7
CCCAACACCCACCT-7	CD8+ Cytotoxic T	gem_group_7
CCCAACTGCTGCTC-7	CD8+/CD45RA+ Naive Cytotoxic	gem_group_7
CCCAACTGTGCATG-7	CD8+ Cytotoxic T	gem_group_7
CCCAACTGTTCACT-7	CD56+ NK	gem_group_7
CCCACATGCAAGCT-7	CD8+/CD45RA+ Naive Cytotoxic	gem_group_7
CCCACATGTAAGGA-7	CD4+/CD45RA+/CD25- Naive T	gem_group_7
CCCAGACTTGCACA-7	CD8+ Cytotoxic T	gem_group_7
CCCAGTTGAAAGCA-7	CD8+ Cytotoxic T	gem_group_7
CCCATCGACAGAGG-7	CD8+ Cytotoxic T	gem_group_7
CCCGAACTGCTTCC-7	CD8+ Cytotoxic T	gem_group_7
CCCGGAGAGCGTAT-7	CD8+/CD45RA+ Naive Cytotoxic	gem_group_7
CCCGGAGATCTTCA-7	CD4+/CD25 T Reg	gem_group_7
CCCTACGAATAAGG-7	CD8+ Cytotoxic T	gem_group_7
CCCTACGACATTGG-7	CD8+/CD45RA+ Naive Cytotoxic	gem_group_7
CCCTCAGAAGACTC-7	Dendritic	gem_group_7
CCCTCAGACTTGCC-7	CD8+/CD45RA+ Naive Cytotoxic	gem_group_7
CCCTCAGAGCATCA-7	CD56+ NK	gem_group_7
CCCTGAACCACCAA-7	Dendritic	gem_group_7
CCCTGAACGACGTT-7	CD8+/CD45RA+ Naive Cytotoxic	gem_group_7
CCCTGAACTCGCAA-7	CD8+/CD45RA+ Naive Cytotoxic	gem_group_7
CCGACACTTGTTCT-7	CD8+ Cytotoxic T	gem_group_7
CCGATAGAGAACCT-7	CD8+/CD45RA+ Naive Cytotoxic	gem_group_7
CCGATAGAGGTAGG-7	CD8+/CD45RA+ Naive Cytotoxic	gem_group_7
CCGCGAGAGGGATG-7	CD56+ NK	gem_group_7
CCGCGAGATGACCA-7	CD4+/CD45RA+/CD25- Naive T	gem_group_7
CCGCTATGAGAGAT-7	CD4+/CD25 T Reg	gem_group_7
CCGGAGACTTGTCT-7	CD4+/CD45RO+ Memory	gem_group_7
CCGGAGTGTTCTGT-7	CD19+ B	gem_group_7
CCGGTACTAACCTG-7	CD4+/CD25 T Reg	gem_group_7
CCGGTACTAGCTAC-7	CD8+/CD45RA+ Naive Cytotoxic	gem_group_7
CCGGTACTGACAAA-7	CD8+ Cytotoxic T	gem_group_7
CCGTAAGAAAAACG-7	CD19+ B	gem_group_7
CCGTAAGACCCTTG-7	CD19+ B	gem_group_7
CCGTACACCATGCA-7	CD4+/CD45RO+ Memory	gem_group_7
CCGTACACGCTGTA-7	CD8+/CD45RA+ Naive Cytotoxic	gem_group_7
CCTAAACTGACAGG-7	CD56+ NK	gem_group_7
CCTACCGACCGCTT-7	CD8+ Cytotoxic T	gem_group_7
CCTACCGATTCCGC-7	CD4+/CD45RA+/CD25- Naive T	gem_group_7
CCTATTGACATGGT-7	CD8+ Cytotoxic T	gem_group_7
CCTATTGACTGATG-7	Dendritic	gem_group_7
CCTATTGAGAATAG-7	CD56+ NK	gem_group_7
CCTCATCTCATTGG-7	CD8+ Cytotoxic T	gem_group_7
CCTCATCTCGTAAC-7	CD8+/CD45RA+ Naive Cytotoxic	gem_group_7
CCTCGAACTTCAGG-7	CD8+ Cytotoxic T	gem_group_7
CCTCTACTATCAGC-7	CD56+ NK	gem_group_7
CCTGACTGGAGGCA-7	Dendritic	gem_group_7
CCTGGACTGTCTTT-7	CD56+ NK	gem_group_7
CCTTCACTTTCTTG-7	CD8+/CD45RA+ Naive Cytotoxic	gem_group_7
CCTTTAGACCCGTT-7	CD8+ Cytotoxic T	gem_group_7
CGAACATGCAGTTG-7	CD8+/CD45RA+ Naive Cytotoxic	gem_group_7
CGAAGACTAACCAC-7	CD8+/CD45RA+ Naive Cytotoxic	gem_group_7
CGAAGACTACCTTT-7	CD4+/CD25 T Reg	gem_group_7
CGAAGACTCCTTTA-7	CD8+/CD45RA+ Naive Cytotoxic	gem_group_7
CGAAGGGACTCAGA-7	CD8+ Cytotoxic T	gem_group_7
CGACAAACAACGAA-7	CD8+/CD45RA+ Naive Cytotoxic	gem_group_7
CGACAAACGAATCC-7	CD4+/CD45RA+/CD25- Naive T	gem_group_7
CGACCACTAGAGAT-7	Dendritic	gem_group_7
CGACCACTCGTAGT-7	CD4+/CD45RO+ Memory	gem_group_7
CGACCTACACGACT-7	CD8+ Cytotoxic T	gem_group_7
CGACCTACGGTACT-7	CD14+ Monocyte	gem_group_7
CGACCTACTCACCC-7	CD14+ Monocyte	gem_group_7
CGACCTACTCAGGT-7	Dendritic	gem_group_7
CGACCTACTTCTAC-7	CD8+ Cytotoxic T	gem_group_7
CGACCTTGGTCTAG-7	CD8+ Cytotoxic T	gem_group_7
CGACCTTGTTCCCG-7	CD8+/CD45RA+ Naive Cytotoxic	gem_group_7
CGACGTCTCCTTAT-7	CD8+ Cytotoxic T	gem_group_7
CGACGTCTCTTGAG-7	CD56+ NK	gem_group_7
CGACGTCTTCCCAC-7	Dendritic	gem_group_7
CGACGTCTTGTGGT-7	CD8+ Cytotoxic T	gem_group_7
CGACTCACACCTCC-7	CD8+/CD45RA+ Naive Cytotoxic	gem_group_7
CGACTCACCGACAT-7	CD4+/CD45RA+/CD25- Naive T	gem_group_7
CGACTCACTTACCT-7	CD4+/CD25 T Reg	gem_group_7
CGACTCTGGTACCA-7	CD8+ Cytotoxic T	gem_group_7
CGAGAACTCGTTGA-7	CD8+/CD45RA+ Naive Cytotoxic	gem_group_7
CGAGATTGTTCTTG-7	CD8+ Cytotoxic T	gem_group_7
CGAGCCGACGACAT-7	CD8+ Cytotoxic T	gem_group_7
CGAGCCGATGCTCC-7	CD56+ NK	gem_group_7
CGAGCGTGGAGCAG-7	CD4+/CD25 T Reg	gem_group_7
CGAGGCACAGAAGT-7	CD56+ NK	gem_group_7
CGAGGCACATACCG-7	CD8+/CD45RA+ Naive Cytotoxic	gem_group_7
CGAGGCACCAGAGG-7	CD56+ NK	gem_group_7
CGAGGCTGCTGGAT-7	CD56+ NK	gem_group_7
CGATACGACGAACT-7	CD8+ Cytotoxic T	gem_group_7
CGATACGAGCATAC-7	CD8+/CD45RA+ Naive Cytotoxic	gem_group_7
CGATAGACACGGAG-7	CD8+/CD45RA+ Naive Cytotoxic	gem_group_7
CGATAGACCGGAGA-7	CD4+/CD25 T Reg	gem_group_7
CGATCAGAAAAGCA-7	CD19+ B	gem_group_7
CGATCAGATGGTCA-7	CD8+ Cytotoxic T	gem_group_7
CGATCCACCCCTCA-7	CD56+ NK	gem_group_7
CGATCCACGAGATA-7	Dendritic	gem_group_7
CGATCCACTCATTC-7	CD8+/CD45RA+ Naive Cytotoxic	gem_group_7
CGCAAATGGAATCC-7	CD8+/CD45RA+ Naive Cytotoxic	gem_group_7
CGCAAATGGTCACA-7	CD19+ B	gem_group_7
CGCAACCTCGTTAG-7	CD8+/CD45RA+ Naive Cytotoxic	gem_group_7
CGCACTACACACCA-7	CD4+/CD45RO+ Memory	gem_group_7
CGCACTACTATCTC-7	CD56+ NK	gem_group_7
CGCAGGACGCTATG-7	CD8+ Cytotoxic T	gem_group_7
CGCAGGTGTCTATC-7	CD8+ Cytotoxic T	gem_group_7
CGCATAGAGGAAGC-7	CD4+/CD45RA+/CD25- Naive T	gem_group_7
CGCCATACCCATGA-7	CD8+ Cytotoxic T	gem_group_7
CGCCGAGACGTTGA-7	CD8+ Cytotoxic T	gem_group_7
CGCCTAACATCGTG-7	CD56+ NK	gem_group_7
CGCCTAACGTTGTG-7	CD8+ Cytotoxic T	gem_group_7
CGCGATCTGGTAAA-7	CD19+ B	gem_group_7
CGCGGATGACACAC-7	CD8+ Cytotoxic T	gem_group_7
CGCGGATGGACGTT-7	CD8+ Cytotoxic T	gem_group_7
CGCTAAGACTGTGA-7	Dendritic	gem_group_7
CGCTACTGGAATCC-7	CD8+ Cytotoxic T	gem_group_7
CGCTACTGTGACAC-7	CD19+ B	gem_group_7
CGGAATTGACACTG-7	CD8+/CD45RA+ Naive Cytotoxic	gem_group_7
CGGACCGAGTAAGA-7	CD8+/CD45RA+ Naive Cytotoxic	gem_group_7
CGGATAACTATGCG-7	CD56+ NK	gem_group_7
CGGATATGGCGTAT-7	CD19+ B	gem_group_7
CGGCGATGCAACCA-7	CD56+ NK	gem_group_7
CGGGACTGACAGCT-7	CD8+/CD45RA+ Naive Cytotoxic	gem_group_7
CGGGACTGGCTTAG-7	CD8+/CD45RA+ Naive Cytotoxic	gem_group_7
CGGGACTGGTACAC-7	Dendritic	gem_group_7
CGGTAAACGTTGCA-7	CD4+/CD45RA+/CD25- Naive T	gem_group_7
CGGTACCTGAACCT-7	CD8+ Cytotoxic T	gem_group_7
CGGTCACTCTATTC-7	CD19+ B	gem_group_7
CGTAACGAAGTCGT-7	CD8+ Cytotoxic T	gem_group_7
CGTAGCCTACTGGT-7	CD56+ NK	gem_group_7
CGTAGCCTGACGTT-7	CD56+ NK	gem_group_7
CGTAGCCTGTTGGT-7	CD19+ B	gem_group_7
CGTCAAGACATGGT-7	CD19+ B	gem_group_7
CGTCAAGAGTACAC-7	CD8+ Cytotoxic T	gem_group_7
CGTCAAGATTCCAT-7	CD19+ B	gem_group_7
CGTCGACTGTATCG-7	CD19+ B	gem_group_7
CGTGAAACGGACGA-7	CD8+ Cytotoxic T	gem_group_7
CGTGAATGAACCGT-7	CD8+/CD45RA+ Naive Cytotoxic	gem_group_7
CGTGATGACAGAAA-7	CD4+/CD45RO+ Memory	gem_group_7
CGTGATGATGTTTC-7	CD4+/CD25 T Reg	gem_group_7
CGTGCACTAACCGT-7	CD8+/CD45RA+ Naive Cytotoxic	gem_group_7
CGTGCACTTTCTCA-7	CD56+ NK	gem_group_7
CGTGTAGATTGTCT-7	CD8+/CD45RA+ Naive Cytotoxic	gem_group_7
CGTTAGGACAACCA-7	CD19+ B	gem_group_7
CGTTATACATCACG-7	CD8+/CD45RA+ Naive Cytotoxic	gem_group_7
CTAACACTCACTTT-7	CD8+/CD45RA+ Naive Cytotoxic	gem_group_7
CTAACACTTCTAGG-7	CD8+/CD45RA+ Naive Cytotoxic	gem_group_7
CTAACGGAGTATGC-7	CD14+ Monocyte	gem_group_7
CTAACTACAAACAG-7	CD8+ Cytotoxic T	gem_group_7
CTAACTACGGACAG-7	CD56+ NK	gem_group_7
CTAAGGACAGTGCT-7	CD19+ B	gem_group_7
CTAAGGACCTAAGC-7	CD8+ Cytotoxic T	gem_group_7
CTAAGGACGGCATT-7	CD4+/CD45RO+ Memory	gem_group_7
CTAAGGTGCTGAAC-7	Dendritic	gem_group_7
CTAAGGTGGTACAC-7	CD56+ NK	gem_group_7
CTAATAGACAGTCA-7	CD8+/CD45RA+ Naive Cytotoxic	gem_group_7
CTAATAGAGATAAG-7	CD56+ NK	gem_group_7
CTAATAGATCTCTA-7	CD56+ NK	gem_group_7
CTACAACTCGTAGT-7	CD4+/CD45RA+/CD25- Naive T	gem_group_7
CTACCTCTGTTACG-7	CD4+/CD45RA+/CD25- Naive T	gem_group_7
CTACGCACCAGTCA-7	CD8+ Cytotoxic T	gem_group_7
CTACGGCTACTCAG-7	CD8+/CD45RA+ Naive Cytotoxic	gem_group_7
CTACGGCTGAGCTT-7	CD8+ Cytotoxic T	gem_group_7
CTACTCCTTGAAGA-7	CD8+/CD45RA+ Naive Cytotoxic	gem_group_7
CTAGAGACACGCAT-7	CD4+/CD25 T Reg	gem_group_7
CTAGAGACCTCTTA-7	CD56+ NK	gem_group_7
CTAGAGACTTCACT-7	CD8+ Cytotoxic T	gem_group_7
CTAGATCTGATACC-7	CD8+ Cytotoxic T	gem_group_7
CTAGATCTTAGTCG-7	CD4+/CD25 T Reg	gem_group_7
CTAGGATGCGGAGA-7	CD4+/CD25 T Reg	gem_group_7
CTAGGCCTCGCTAA-7	CD56+ NK	gem_group_7
CTAGGCCTGGATTC-7	CD8+/CD45RA+ Naive Cytotoxic	gem_group_7
CTAGGTGAGGGAGT-7	CD8+ Cytotoxic T	gem_group_7
CTAGGTGATAAGGA-7	CD8+/CD45RA+ Naive Cytotoxic	gem_group_7
CTAGGTGATGCAGT-7	CD4+/CD45RO+ Memory	gem_group_7
CTAGTTACCACTTT-7	CD8+ Cytotoxic T	gem_group_7
CTATAAGAAGGTCT-7	CD8+ Cytotoxic T	gem_group_7
CTATAAGACTCTCG-7	CD34+	gem_group_7
CTATAGCTACGGAG-7	CD8+ Cytotoxic T	gem_group_7
CTATCAACCTACGA-7	CD8+/CD45RA+ Naive Cytotoxic	gem_group_7
CTATCATGGTTGTG-7	CD8+/CD45RA+ Naive Cytotoxic	gem_group_7
CTATCCCTTCTCAT-7	CD4+/CD45RO+ Memory	gem_group_7
CTATGTTGCTCTTA-7	CD8+/CD45RA+ Naive Cytotoxic	gem_group_7
CTATGTTGGACACT-7	CD56+ NK	gem_group_7
CTATTGACCGCAAT-7	CD8+/CD45RA+ Naive Cytotoxic	gem_group_7
CTATTGTGTAAGCC-7	CD8+ Cytotoxic T	gem_group_7
CTCAGCACCTTAGG-7	CD56+ NK	gem_group_7
CTCAGCACTCTCAT-7	CD56+ NK	gem_group_7
CTCAGGCTAGTCTG-7	CD8+/CD45RA+ Naive Cytotoxic	gem_group_7
CTCAGGCTGACACT-7	CD4+/CD25 T Reg	gem_group_7
CTCCACGATTTACC-7	CD8+ Cytotoxic T	gem_group_7
CTCCATCTCTCTCG-7	CD56+ NK	gem_group_7
CTCGAAGAATCTTC-7	CD4+/CD25 T Reg	gem_group_7
CTCGACACGATACC-7	CD8+/CD45RA+ Naive Cytotoxic	gem_group_7
CTCTAAACGCTTAG-7	CD19+ B	gem_group_7
CTCTAATGAAGCCT-7	CD4+/CD45RA+/CD25- Naive T	gem_group_7
CTGAACGAACTACG-7	CD8+ Cytotoxic T	gem_group_7
CTGAACGAAGCATC-7	CD8+/CD45RA+ Naive Cytotoxic	gem_group_7
CTGAAGACACAGCT-7	CD8+ Cytotoxic T	gem_group_7
CTGAAGTGCGGGAA-7	CD4+/CD45RO+ Memory	gem_group_7
CTGAAGTGGTCGAT-7	CD4+/CD45RA+/CD25- Naive T	gem_group_7
CTGACAGAATTCTC-7	CD4+/CD25 T Reg	gem_group_7
CTGACAGAGAGCAG-7	CD8+ Cytotoxic T	gem_group_7
CTGACAGAGGACGA-7	CD19+ B	gem_group_7
CTGAGAACCTGTGA-7	CD56+ NK	gem_group_7
CTGAGAACTTTGCT-7	CD56+ NK	gem_group_7
CTGAGCCTCTTACT-7	CD8+/CD45RA+ Naive Cytotoxic	gem_group_7
CTGAGCCTGACGAG-7	CD8+ Cytotoxic T	gem_group_7
CTGAGCCTTGCCAA-7	CD4+/CD45RA+/CD25- Naive T	gem_group_7
CTGATACTAAGCCT-7	CD4+/CD45RA+/CD25- Naive T	gem_group_7
CTGATACTGACGAG-7	CD8+ Cytotoxic T	gem_group_7
CTGATACTTTGCAG-7	CD56+ NK	gem_group_7
CTGATGGAATCGAC-7	CD19+ B	gem_group_7
CTGATGGACTACTT-7	CD8+/CD45RA+ Naive Cytotoxic	gem_group_7
CTGATGGATGTAGC-7	CD8+ Cytotoxic T	gem_group_7
CTGATTTGCTTACT-7	CD56+ NK	gem_group_7
CTGCAGCTGCTTAG-7	CD4+/CD45RO+ Memory	gem_group_7
CTGCCAACGAGCTT-7	CD8+ Cytotoxic T	gem_group_7
CTGCCAACGCGGAA-7	CD4+/CD45RO+ Memory	gem_group_7
CTGCGACTGATACC-7	CD8+/CD45RA+ Naive Cytotoxic	gem_group_7
CTGGAAACTCGACA-7	CD8+ Cytotoxic T	gem_group_7
CTGGATGAGAAGGC-7	CD8+ Cytotoxic T	gem_group_7
CTGTAACTCATTTC-7	Dendritic	gem_group_7
CTGTAACTGTACGT-7	CD8+/CD45RA+ Naive Cytotoxic	gem_group_7
CTGTGAGATCCTGC-7	CD8+/CD45RA+ Naive Cytotoxic	gem_group_7
CTTAAAGATTCTAC-7	CD19+ B	gem_group_7
CTTAACACCTAGCA-7	CD4+/CD25 T Reg	gem_group_7
CTTAACACTCGCAA-7	CD56+ NK	gem_group_7
CTTAAGCTCAGCTA-7	CD56+ NK	gem_group_7
CTTAAGCTTGCTGA-7	CD8+/CD45RA+ Naive Cytotoxic	gem_group_7
CTTACAACAGACTC-7	CD8+ Cytotoxic T	gem_group_7
CTTACTGACCAACA-7	CD56+ NK	gem_group_7
CTTAGGGAACTGTG-7	CD8+ Cytotoxic T	gem_group_7
CTTAGGGAATGCCA-7	CD56+ NK	gem_group_7
CTTATCGACTGCTC-7	CD56+ NK	gem_group_7
CTTCACCTTCTATC-7	Dendritic	gem_group_7
CTTCATGAACTCTT-7	CD8+/CD45RA+ Naive Cytotoxic	gem_group_7
CTTCATGACACTAG-7	CD19+ B	gem_group_7
CTTCTAGAGAGGCA-7	CD8+ Cytotoxic T	gem_group_7
CTTCTAGATATTCC-7	CD8+/CD45RA+ Naive Cytotoxic	gem_group_7
CTTGAACTGAAAGT-7	CD19+ B	gem_group_7
CTTGATTGTGGTGT-7	CD19+ B	gem_group_7
CTTGATTGTGGTTG-7	CD19+ B	gem_group_7
CTTTAGACCCAAGT-7	CD8+/CD45RA+ Naive Cytotoxic	gem_group_7
CTTTAGTGAACCAC-7	CD8+ Cytotoxic T	gem_group_7
GAAACCTGGTCTAG-7	CD8+ Cytotoxic T	gem_group_7
GAACAGCTAAGAGT-7	CD19+ B	gem_group_7
GAACAGCTCTAGAC-7	CD8+/CD45RA+ Naive Cytotoxic	gem_group_7
GAACCAACAAGTGA-7	CD8+/CD45RA+ Naive Cytotoxic	gem_group_7
GAACCTGAGGTTTG-7	CD8+ Cytotoxic T	gem_group_7
GAACGGGATGGATC-7	CD56+ NK	gem_group_7
GAAGAATGAAAAGC-7	CD56+ NK	gem_group_7
GAAGAATGAACTGC-7	CD4+/CD45RO+ Memory	gem_group_7
GAAGAATGAGGTCT-7	CD8+ Cytotoxic T	gem_group_7
GAAGATGAAGTCAC-7	CD8+/CD45RA+ Naive Cytotoxic	gem_group_7
GAAGCTTGTGGGAG-7	CD8+ Cytotoxic T	gem_group_7
GAAGTAGAACCAGT-7	Dendritic	gem_group_7
GAAGTGCTAGCTAC-7	CD56+ NK	gem_group_7
GAATGCTGCTATGG-7	CD4+/CD45RO+ Memory	gem_group_7
GAATGGCTCTCGCT-7	CD8+ Cytotoxic T	gem_group_7
GAATGGCTCTTGGA-7	CD8+/CD45RA+ Naive Cytotoxic	gem_group_7
GAATGGCTTTTCTG-7	CD4+/CD45RA+/CD25- Naive T	gem_group_7
GACAACACAGCACT-7	CD8+ Cytotoxic T	gem_group_7
GACAACACCTATTC-7	CD8+ Cytotoxic T	gem_group_7
GACAACACTTGGCA-7	CD4+/CD45RO+ Memory	gem_group_7
GACAACTGACCTTT-7	CD56+ NK	gem_group_7
GACACTGATCTATC-7	CD56+ NK	gem_group_7
GACAGTACCCCTCA-7	CD8+ Cytotoxic T	gem_group_7
GACATTCTCATTCT-7	CD8+ Cytotoxic T	gem_group_7
GACCATGAACACTG-7	CD8+/CD45RA+ Naive Cytotoxic	gem_group_7
GACCTAGAAGAGGC-7	CD8+/CD45RA+ Naive Cytotoxic	gem_group_7
GACCTAGAGGATCT-7	CD8+ Cytotoxic T	gem_group_7
GACCTCACAGATCC-7	CD19+ B	gem_group_7
GACCTCACGAGAGC-7	CD4+/CD25 T Reg	gem_group_7
GACCTCTGTCGACA-7	CD4+/CD45RO+ Memory	gem_group_7
GACGAACTCCTTCG-7	CD8+/CD45RA+ Naive Cytotoxic	gem_group_7
GACGAGGAAGGAGC-7	CD8+/CD45RA+ Naive Cytotoxic	gem_group_7
GACGCCGAACCAGT-7	CD56+ NK	gem_group_7
GACGCTCTCCTCGT-7	CD8+ Cytotoxic T	gem_group_7
GACGTAACGAATCC-7	CD8+ Cytotoxic T	gem_group_7
GACGTATGCACTCC-7	CD8+/CD45RA+ Naive Cytotoxic	gem_group_7
GACGTCCTTGTCCC-7	CD19+ B	gem_group_7
GACTACGAACTCAG-7	CD19+ B	gem_group_7
GACTGATGGTTGCA-7	CD56+ NK	gem_group_7
GACTGTGAATCTTC-7	CD8+/CD45RA+ Naive Cytotoxic	gem_group_7
GACTGTGAGCTTAG-7	CD8+/CD45RA+ Naive Cytotoxic	gem_group_7
GAGAGGTGGGTCTA-7	CD8+/CD45RA+ Naive Cytotoxic	gem_group_7
GAGATAGAAGACTC-7	CD4+/CD25 T Reg	gem_group_7
GAGATAGACTGTAG-7	CD19+ B	gem_group_7
GAGATCACCAAGCT-7	CD8+/CD45RA+ Naive Cytotoxic	gem_group_7
GAGATGCTACTGGT-7	CD4+/CD25 T Reg	gem_group_7
GAGCAACTATACCG-7	CD4+/CD45RO+ Memory	gem_group_7
GAGCAACTCAGTTG-7	CD56+ NK	gem_group_7
GAGCAACTCTCTCG-7	CD8+/CD45RA+ Naive Cytotoxic	gem_group_7
GAGCAGGATACGCA-7	Dendritic	gem_group_7
GAGCGAGACCGTTC-7	CD4+/CD25 T Reg	gem_group_7
GAGCGCACACTCTT-7	CD8+/CD45RA+ Naive Cytotoxic	gem_group_7
GAGCTCCTGTTGAC-7	Dendritic	gem_group_7
GAGCTCCTTGAGGG-7	CD8+/CD45RA+ Naive Cytotoxic	gem_group_7
GAGGACGAAAGCAA-7	CD8+/CD45RA+ Naive Cytotoxic	gem_group_7
GAGGCAGACCACAA-7	CD4+/CD25 T Reg	gem_group_7
GAGGCAGATCTTCA-7	CD8+ Cytotoxic T	gem_group_7
GAGGGAACACGGAG-7	CD14+ Monocyte	gem_group_7
GAGGGCCTCATTGG-7	CD56+ NK	gem_group_7
GAGGGCCTGGTACT-7	CD8+/CD45RA+ Naive Cytotoxic	gem_group_7
GAGGGCCTTTATCC-7	CD8+/CD45RA+ Naive Cytotoxic	gem_group_7
GAGGGTGACCCTTG-7	CD19+ B	gem_group_7
GAGGGTGACTTTAC-7	CD8+/CD45RA+ Naive Cytotoxic	gem_group_7
GAGGTGGATTGGTG-7	CD8+/CD45RA+ Naive Cytotoxic	gem_group_7
GAGGTTACAAAGCA-7	CD8+/CD45RA+ Naive Cytotoxic	gem_group_7
GAGGTTACGCTATG-7	CD8+ Cytotoxic T	gem_group_7
GAGGTTTGACCAAC-7	CD8+ Cytotoxic T	gem_group_7
GAGGTTTGCCAGTA-7	Dendritic	gem_group_7
GAGTCTGAAAGGTA-7	CD8+/CD45RA+ Naive Cytotoxic	gem_group_7
GAGTCTGACAGAGG-7	CD8+/CD45RA+ Naive Cytotoxic	gem_group_7
GAGTGGGATGCCTC-7	CD8+ Cytotoxic T	gem_group_7
GATAAGGAGTCGAT-7	CD8+/CD45RA+ Naive Cytotoxic	gem_group_7
GATAAGGATCTCTA-7	CD8+/CD45RA+ Naive Cytotoxic	gem_group_7
GATAATACGGAGGT-7	CD4+ T Helper2	gem_group_7
GATAGCACTGTGCA-7	Dendritic	gem_group_7
GATATATGCGACAT-7	CD4+/CD25 T Reg	gem_group_7
GATATCCTGTTCAG-7	CD8+/CD45RA+ Naive Cytotoxic	gem_group_7
GATATTGAGCTAAC-7	CD56+ NK	gem_group_7
GATCATCTGCATCA-7	CD8+ Cytotoxic T	gem_group_7
GATCCCTGAGCTAC-7	CD56+ NK	gem_group_7
GATCCCTGCTGAAC-7	CD56+ NK	gem_group_7
GATCCGCTAGAATG-7	CD8+ Cytotoxic T	gem_group_7
GATCCGCTAGGTCT-7	CD8+/CD45RA+ Naive Cytotoxic	gem_group_7
GATCGTGAAAGTGA-7	CD8+/CD45RA+ Naive Cytotoxic	gem_group_7
GATCGTGAGGACAG-7	CD19+ B	gem_group_7
GATCGTGAGGTTCA-7	CD8+/CD45RA+ Naive Cytotoxic	gem_group_7
GATCTACTCTCTTA-7	CD8+/CD45RA+ Naive Cytotoxic	gem_group_7
GATCTACTGAGGGT-7	CD56+ NK	gem_group_7
GATGACACTGATGC-7	CD14+ Monocyte	gem_group_7
GATGCATGAGAAGT-7	CD56+ NK	gem_group_7
GATGCATGTGCACA-7	CD8+/CD45RA+ Naive Cytotoxic	gem_group_7
GATGCCCTGTGAGG-7	CD14+ Monocyte	gem_group_7
GATGCCCTTAGAAG-7	CD8+/CD45RA+ Naive Cytotoxic	gem_group_7
GATTCGGAGGGTGA-7	CD19+ B	gem_group_7
GATTCTACCTATTC-7	CD4+/CD25 T Reg	gem_group_7
GATTGGTGTAACGC-7	CD8+ Cytotoxic T	gem_group_7
GATTTAGAACCTGA-7	CD8+/CD45RA+ Naive Cytotoxic	gem_group_7
GATTTAGATCGTAG-7	CD8+ Cytotoxic T	gem_group_7
GATTTGCTAGGTTC-7	CD8+/CD45RA+ Naive Cytotoxic	gem_group_7
GATTTGCTTCCTGC-7	CD8+ Cytotoxic T	gem_group_7
GATTTGCTTTAGGC-7	CD8+/CD45RA+ Naive Cytotoxic	gem_group_7
GCAACCCTAAGGTA-7	CD19+ B	gem_group_7
GCAACCCTACCCTC-7	CD56+ NK	gem_group_7
GCAACCCTAGCATC-7	CD8+ Cytotoxic T	gem_group_7
GCAACCCTTTGAGC-7	CD56+ NK	gem_group_7
GCAACTGATCGCTC-7	Dendritic	gem_group_7
GCAAGACTTCAGGT-7	CD8+/CD45RA+ Naive Cytotoxic	gem_group_7
GCAAGACTTGGAGG-7	CD8+/CD45RA+ Naive Cytotoxic	gem_group_7
GCAATTCTGCGAAG-7	CD8+ Cytotoxic T	gem_group_7
GCACAAACCCAATG-7	CD8+/CD45RA+ Naive Cytotoxic	gem_group_7
GCACAAACTACTGG-7	Dendritic	gem_group_7
GCACAATGGGTAGG-7	CD8+ Cytotoxic T	gem_group_7
GCACACCTAGCGTT-7	CD4+/CD25 T Reg	gem_group_7
GCACACCTTGTTCT-7	CD8+/CD45RA+ Naive Cytotoxic	gem_group_7
GCACCTTGTTTACC-7	CD8+/CD45RA+ Naive Cytotoxic	gem_group_7
GCACGGTGCCATAG-7	CD8+/CD45RA+ Naive Cytotoxic	gem_group_7
GCACGTCTCTGACA-7	CD8+ Cytotoxic T	gem_group_7
GCACTAGACAGTCA-7	CD8+/CD45RA+ Naive Cytotoxic	gem_group_7
GCACTGCTAAAGTG-7	CD8+ Cytotoxic T	gem_group_7
GCACTGCTCCAATG-7	CD8+ Cytotoxic T	gem_group_7
GCACTGCTCTCGAA-7	CD8+ Cytotoxic T	gem_group_7
GCAGATACTGCACA-7	CD56+ NK	gem_group_7
GCAGCGTGTTCTAC-7	CD8+/CD45RA+ Naive Cytotoxic	gem_group_7
GCAGCTCTAACTGC-7	CD8+ Cytotoxic T	gem_group_7
GCAGCTCTATCAGC-7	CD8+ Cytotoxic T	gem_group_7
GCAGCTCTTCGCCT-7	CD56+ NK	gem_group_7
GCAGGCACAGTGCT-7	CD4+/CD25 T Reg	gem_group_7
GCAGGCACCTTAGG-7	CD8+ Cytotoxic T	gem_group_7
GCATGATGCAGTTG-7	CD4+/CD45RA+/CD25- Naive T	gem_group_7
GCATGATGGGAAGC-7	CD19+ B	gem_group_7
GCATGATGGTCAAC-7	CD4+/CD25 T Reg	gem_group_7
GCATGATGTAGCCA-7	CD8+ Cytotoxic T	gem_group_7
GCATGATGTGAACC-7	CD8+/CD45RA+ Naive Cytotoxic	gem_group_7
GCATGATGTTGTGG-7	CD8+/CD45RA+ Naive Cytotoxic	gem_group_7
GCATTGGACTTGTT-7	CD4+/CD25 T Reg	gem_group_7
GCCAAATGACCTAG-7	CD8+/CD45RA+ Naive Cytotoxic	gem_group_7
GCCAAATGGCTTAG-7	CD8+/CD45RA+ Naive Cytotoxic	gem_group_7
GCCAAATGGTTTGG-7	CD8+/CD45RA+ Naive Cytotoxic	gem_group_7
GCCAACCTACACGT-7	CD56+ NK	gem_group_7
GCCAACCTAGATGA-7	CD8+ Cytotoxic T	gem_group_7
GCCAACCTGTAAAG-7	CD8+/CD45RA+ Naive Cytotoxic	gem_group_7
GCCACTACCTTCCG-7	CD8+ Cytotoxic T	gem_group_7
GCCACTACTATGCG-7	CD8+/CD45RA+ Naive Cytotoxic	gem_group_7
GCCATGCTGGCGAA-7	CD56+ NK	gem_group_7
GCCATGCTGGTGGA-7	CD8+/CD45RA+ Naive Cytotoxic	gem_group_7
GCCCAGGAGTAAGA-7	CD4+/CD45RO+ Memory	gem_group_7
GCCCATACCTGCAA-7	CD8+ Cytotoxic T	gem_group_7
GCCGACGACTATTC-7	CD4+/CD25 T Reg	gem_group_7
GCCGGAACGCCAAT-7	CD19+ B	gem_group_7
GCCGTACTCCTAAG-7	CD8+ Cytotoxic T	gem_group_7
GCCTACACTAGCCA-7	CD8+/CD45RA+ Naive Cytotoxic	gem_group_7
GCCTACACTGCACA-7	CD19+ B	gem_group_7
GCCTAGCTCGGAGA-7	CD8+ Cytotoxic T	gem_group_7
GCCTAGCTCTGAAC-7	CD56+ NK	gem_group_7
GCCTAGCTCTTGTT-7	CD8+ Cytotoxic T	gem_group_7
GCCTAGCTGAATCC-7	CD8+ Cytotoxic T	gem_group_7
GCCTGACTCTATGG-7	CD8+ Cytotoxic T	gem_group_7
GCGAGCACCGAGAG-7	CD14+ Monocyte	gem_group_7
GCGCACGAAAAGTG-7	CD19+ B	gem_group_7
GCGCACGAGAGAGC-7	CD8+/CD45RA+ Naive Cytotoxic	gem_group_7
GCGCACGAGCATCA-7	CD19+ B	gem_group_7
GCGCGAACGACTAC-7	CD19+ B	gem_group_7
GCGGAGCTCCGATA-7	CD8+/CD45RA+ Naive Cytotoxic	gem_group_7
GCGGCAACGGACGA-7	CD8+/CD45RA+ Naive Cytotoxic	gem_group_7
GCGGCAACTCCGTC-7	CD4+/CD45RA+/CD25- Naive T	gem_group_7
GCGTAAACGTATCG-7	CD8+/CD45RA+ Naive Cytotoxic	gem_group_7
GCGTAAACGTGCTA-7	CD19+ B	gem_group_7
GCGTAATGACCTCC-7	CD19+ B	gem_group_7
GCGTAATGGTGTCA-7	CD8+ Cytotoxic T	gem_group_7
GCGTACCTCATGAC-7	CD8+ Cytotoxic T	gem_group_7
GCGTATGACTGAAC-7	CD4+/CD25 T Reg	gem_group_7
GCTACCTGTGGAGG-7	CD8+ Cytotoxic T	gem_group_7
GCTACGCTGGATCT-7	CD8+/CD45RA+ Naive Cytotoxic	gem_group_7
GCTAGAACGTGCTA-7	CD8+ Cytotoxic T	gem_group_7
GCTAGATGACCTAG-7	CD8+ Cytotoxic T	gem_group_7
GCTATACTCCAACA-7	CD8+/CD45RA+ Naive Cytotoxic	gem_group_7
GCTATACTGCATAC-7	CD8+ Cytotoxic T	gem_group_7
GCTATACTTCGTGA-7	CD8+/CD45RA+ Naive Cytotoxic	gem_group_7
GCTCAAGACTAGAC-7	CD8+ Cytotoxic T	gem_group_7
GCTCACTGATTGGC-7	CD8+/CD45RA+ Naive Cytotoxic	gem_group_7
GCTCAGCTCGCTAA-7	CD56+ NK	gem_group_7
GCTCCATGAACTGC-7	CD8+ Cytotoxic T	gem_group_7
GCTCGACTTATTCC-7	CD8+/CD45RA+ Naive Cytotoxic	gem_group_7
GCTGATGAACTACG-7	CD4+/CD25 T Reg	gem_group_7
GCTTAACTTGACTG-7	CD56+ NK	gem_group_7
GGAACACTCCCTAC-7	CD14+ Monocyte	gem_group_7
GGAACTTGCGGTAT-7	CD56+ NK	gem_group_7
GGAACTTGTCCTTA-7	CD19+ B	gem_group_7
GGAACTTGTCTATC-7	CD8+ Cytotoxic T	gem_group_7
GGAAGGACGCTACA-7	CD8+ Cytotoxic T	gem_group_7
GGACAACTCAAAGA-7	CD8+/CD45RA+ Naive Cytotoxic	gem_group_7
GGACAACTTGCTCC-7	CD19+ B	gem_group_7
GGACATTGTGGTCA-7	CD8+/CD45RA+ Naive Cytotoxic	gem_group_7
GGACCCGACCATGA-7	CD8+ Cytotoxic T	gem_group_7
GGACCGTGGTTAGC-7	CD8+ Cytotoxic T	gem_group_7
GGACCGTGTTTCAC-7	CD4+/CD25 T Reg	gem_group_7
GGACCTCTAACAGA-7	CD8+/CD45RA+ Naive Cytotoxic	gem_group_7
GGACGAGAACTACG-7	CD8+ Cytotoxic T	gem_group_7
GGACGCTGGACGTT-7	CD8+/CD45RA+ Naive Cytotoxic	gem_group_7
GGAGACGAAGAATG-7	CD8+/CD45RA+ Naive Cytotoxic	gem_group_7
GGAGAGACCATTGG-7	Dendritic	gem_group_7
GGAGCAGAAACGTC-7	CD8+ Cytotoxic T	gem_group_7
GGAGCCACCGTACA-7	CD56+ NK	gem_group_7
GGAGCGCTGGAAGC-7	CD8+/CD45RA+ Naive Cytotoxic	gem_group_7
GGAGGATGCTGACA-7	CD56+ NK	gem_group_7
GGAGGCCTCCATGA-7	CD8+ Cytotoxic T	gem_group_7
GGAGGCCTCGTTGA-7	CD4+/CD25 T Reg	gem_group_7
GGAGGCCTCTAGTG-7	CD8+ Cytotoxic T	gem_group_7
GGAGTTACTCGATG-7	CD8+/CD45RA+ Naive Cytotoxic	gem_group_7
GGAGTTTGCATCAG-7	CD34+	gem_group_7
GGAGTTTGTGGTTG-7	CD56+ NK	gem_group_7
GGATAGCTGATACC-7	CD8+/CD45RA+ Naive Cytotoxic	gem_group_7
GGATAGCTGGGTGA-7	Dendritic	gem_group_7
GGATTTCTGAGGCA-7	CD8+ Cytotoxic T	gem_group_7
GGCACTCTATGCCA-7	CD8+ Cytotoxic T	gem_group_7
GGCATATGCTCTTA-7	CD56+ NK	gem_group_7
GGCCACGAATGCCA-7	CD8+/CD45RA+ Naive Cytotoxic	gem_group_7
GGCCAGACGTGTAC-7	CD8+ Cytotoxic T	gem_group_7
GGCCCAGACTGTAG-7	CD56+ NK	gem_group_7
GGCGCATGGACAAA-7	CD8+ Cytotoxic T	gem_group_7
GGCGGACTCTTCTA-7	CD4+/CD45RO+ Memory	gem_group_7
GGCTAAACTTGCGA-7	CD8+/CD45RA+ Naive Cytotoxic	gem_group_7
GGGAAGACGGTGAG-7	CD56+ NK	gem_group_7
GGGACCTGGGTGGA-7	CD8+/CD45RA+ Naive Cytotoxic	gem_group_7
GGGACCTGTGTCAG-7	CD19+ B	gem_group_7
GGGATGGATCATTC-7	CD8+ Cytotoxic T	gem_group_7
GGGATGGATCTACT-7	CD8+ Cytotoxic T	gem_group_7
GGGCACACCTCATT-7	CD8+ Cytotoxic T	gem_group_7
GGGCACACCTGAGT-7	CD8+/CD45RA+ Naive Cytotoxic	gem_group_7
GGGCACACTCCAAG-7	CD4+/CD25 T Reg	gem_group_7
GGGCAGCTCTCCCA-7	CD19+ B	gem_group_7
GGGCAGCTGGCATT-7	CD8+/CD45RA+ Naive Cytotoxic	gem_group_7
GGGTAACTGTAGGG-7	CD56+ NK	gem_group_7
GGGTAACTTAAGCC-7	CD8+ Cytotoxic T	gem_group_7
GGTAAAGATAACCG-7	CD8+/CD45RA+ Naive Cytotoxic	gem_group_7
GGTAAAGATTTGGG-7	CD19+ B	gem_group_7
GGTACAACGAGGCA-7	CD19+ B	gem_group_7
GGTAGTACATACCG-7	CD8+/CD45RA+ Naive Cytotoxic	gem_group_7
GGTATCGAAGCTAC-7	CD8+/CD45RA+ Naive Cytotoxic	gem_group_7
GGTATCGACGCTAA-7	CD4+/CD45RO+ Memory	gem_group_7
GGTATGACCTCTAT-7	CD8+/CD45RA+ Naive Cytotoxic	gem_group_7
GGTCTAGAGCAAGG-7	CD8+/CD45RA+ Naive Cytotoxic	gem_group_7
GGTGATACTGTCTT-7	CD8+/CD45RA+ Naive Cytotoxic	gem_group_7
GGTTTACTATTCTC-7	CD8+/CD45RA+ Naive Cytotoxic	gem_group_7
GTAACGTGGGATCT-7	CD8+/CD45RA+ Naive Cytotoxic	gem_group_7
GTAACGTGTGCAAC-7	CD19+ B	gem_group_7
GTAAGCACACGTGT-7	CD8+ Cytotoxic T	gem_group_7
GTAATATGAAGAAC-7	CD19+ B	gem_group_7
GTAATATGACAGTC-7	CD14+ Monocyte	gem_group_7
GTAATATGAGCGTT-7	CD14+ Monocyte	gem_group_7
GTACGAACCTGGTA-7	CD19+ B	gem_group_7
GTACGAACTATGGC-7	Dendritic	gem_group_7
GTACGAACTCGCCT-7	CD4+/CD45RO+ Memory	gem_group_7
GTACGTGATCAGGT-7	CD8+ Cytotoxic T	gem_group_7
GTACTTTGTTACTC-7	CD14+ Monocyte	gem_group_7
GTAGCAACGGTCTA-7	CD19+ B	gem_group_7
GTAGCATGACCTCC-7	CD4+/CD25 T Reg	gem_group_7
GTAGCCCTACCAAC-7	CD56+ NK	gem_group_7
GTAGCCCTCTGAAC-7	CD8+/CD45RA+ Naive Cytotoxic	gem_group_7
GTAGCCCTGGGATG-7	CD8+ Cytotoxic T	gem_group_7
GTAGGTACTCAGGT-7	CD56+ NK	gem_group_7
GTAGTGACACACGT-7	CD8+ Cytotoxic T	gem_group_7
GTAGTGTGAGGCGA-7	CD56+ NK	gem_group_7
GTATCACTAACTGC-7	CD8+ Cytotoxic T	gem_group_7
GTATCACTGGAGTG-7	CD8+ Cytotoxic T	gem_group_7
GTATCTACATCGAC-7	CD19+ B	gem_group_7
GTATGGTGAGCCAT-7	CD56+ NK	gem_group_7
GTATTAGAACCGAT-7	CD8+/CD45RA+ Naive Cytotoxic	gem_group_7
GTATTCACTGTGGT-7	CD8+/CD45RA+ Naive Cytotoxic	gem_group_7
GTCAACGATGGCAT-7	CD8+/CD45RA+ Naive Cytotoxic	gem_group_7
GTCAATCTGTACAC-7	CD8+ Cytotoxic T	gem_group_7
GTCACAGAAGAGGC-7	CD8+ Cytotoxic T	gem_group_7
GTCACAGAGATACC-7	CD34+	gem_group_7
GTCACAGATGCCCT-7	CD8+ Cytotoxic T	gem_group_7
GTCATACTAGTGCT-7	CD8+/CD45RA+ Naive Cytotoxic	gem_group_7
GTCCAAGAAGCATC-7	CD19+ B	gem_group_7
GTCCAAGAGGTATC-7	CD4+/CD25 T Reg	gem_group_7
GTCCACACCTGTGA-7	Dendritic	gem_group_7
GTCCACACGGGAGT-7	CD56+ NK	gem_group_7
GTCCACACTCGCCT-7	CD56+ NK	gem_group_7
GTCCACTGGCATAC-7	CD8+ Cytotoxic T	gem_group_7
GTCCACTGTTATCC-7	CD8+ Cytotoxic T	gem_group_7
GTCCCATGCCGTAA-7	CD8+ Cytotoxic T	gem_group_7
GTCGAATGACGGGA-7	CD8+/CD45RA+ Naive Cytotoxic	gem_group_7
GTCGAATGGGTATC-7	CD4+/CD25 T Reg	gem_group_7
GTCTGAGAGACTAC-7	CD8+/CD45RA+ Naive Cytotoxic	gem_group_7
GTCTGAGAGTGTTG-7	Dendritic	gem_group_7
GTCTGAGATCTGGA-7	CD4+/CD25 T Reg	gem_group_7
GTGAACACTTCCCG-7	CD19+ B	gem_group_7
GTGACAACCGCCTT-7	CD14+ Monocyte	gem_group_7
GTGACCCTAGCATC-7	CD56+ NK	gem_group_7
GTGATCGAACCTCC-7	CD8+ Cytotoxic T	gem_group_7
GTGATCGACACTGA-7	CD8+ Cytotoxic T	gem_group_7
GTGATGACACGGTT-7	CD8+/CD45RA+ Naive Cytotoxic	gem_group_7
GTGATTCTGTTTCT-7	CD4+/CD45RO+ Memory	gem_group_7
GTGCCACTAACGAA-7	CD8+/CD45RA+ Naive Cytotoxic	gem_group_7
GTGCCACTGCGAGA-7	CD56+ NK	gem_group_7
GTGGAGGAGCCCTT-7	CD8+/CD45RA+ Naive Cytotoxic	gem_group_7
GTGGAGGATACAGC-7	CD8+/CD45RA+ Naive Cytotoxic	gem_group_7
GTGGATTGCAGAAA-7	CD56+ NK	gem_group_7
GTGGTAACGACTAC-7	CD8+/CD45RA+ Naive Cytotoxic	gem_group_7
GTGGTAACGCAGTT-7	CD8+ Cytotoxic T	gem_group_7
GTGTACGACTTCCG-7	CD8+ Cytotoxic T	gem_group_7
GTGTACGATGCGTA-7	CD4+/CD45RO+ Memory	gem_group_7
GTGTATCTGAGGGT-7	CD4+/CD25 T Reg	gem_group_7
GTGTATCTGGTAAA-7	CD8+/CD45RA+ Naive Cytotoxic	gem_group_7
GTGTATCTTGCAGT-7	CD4+/CD25 T Reg	gem_group_7
GTGTCAGACTCGAA-7	CD8+ Cytotoxic T	gem_group_7
GTGTGATGAAGTAG-7	CD56+ NK	gem_group_7
GTTAAAACACCGAT-7	CD8+ Cytotoxic T	gem_group_7
GTTAAAACTAACGC-7	CD56+ NK	gem_group_7
GTTAAATGCTTCTA-7	CD8+ Cytotoxic T	gem_group_7
GTTAACCTGCTCCT-7	CD4+/CD45RA+/CD25- Naive T	gem_group_7
GTTAACCTGGTGGA-7	CD4+/CD45RA+/CD25- Naive T	gem_group_7
GTTACGGACCATGA-7	CD4+/CD45RO+ Memory	gem_group_7
GTTACTACCTGATG-7	CD56+ NK	gem_group_7
GTTAGGTGCGCCTT-7	CD4+/CD45RO+ Memory	gem_group_7
GTTAGGTGGCGAGA-7	CD8+ Cytotoxic T	gem_group_7
GTTAGGTGTACGAC-7	CD4+/CD45RA+/CD25- Naive T	gem_group_7
GTTAGGTGTTGTGG-7	CD56+ NK	gem_group_7
GTTATAGAGTGTAC-7	CD8+/CD45RA+ Naive Cytotoxic	gem_group_7
GTTATAGATCATTC-7	CD8+/CD45RA+ Naive Cytotoxic	gem_group_7
GTTATAGATGCACA-7	CD56+ NK	gem_group_7
GTTATAGATTTCTG-7	CD34+	gem_group_7
GTTATCTGAGCCAT-7	CD19+ B	gem_group_7
GTTATCTGGAGATA-7	CD8+ Cytotoxic T	gem_group_7
GTTATGCTCTCTCG-7	CD56+ NK	gem_group_7
GTTATGCTCTGAAC-7	CD56+ NK	gem_group_7
GTTCAACTGTACAC-7	CD8+ Cytotoxic T	gem_group_7
GTTCAGGAGAAACA-7	CD4+/CD25 T Reg	gem_group_7
GTTCATACTCTACT-7	CD19+ B	gem_group_7
GTTGAGTGACGTAC-7	CD8+/CD45RA+ Naive Cytotoxic	gem_group_7
GTTGAGTGTGATGC-7	CD8+ Cytotoxic T	gem_group_7
GTTGATCTGACACT-7	CD4+/CD25 T Reg	gem_group_7
GTTGGATGCGTCTC-7	CD8+/CD45RA+ Naive Cytotoxic	gem_group_7
GTTTAAGATCAAGC-7	CD8+/CD45RA+ Naive Cytotoxic	gem_group_7
TAAACAACTGAACC-7	CD8+ Cytotoxic T	gem_group_7
TAAAGACTTGGAGG-7	CD8+ Cytotoxic T	gem_group_7
TAAAGTTGCTGGAT-7	CD56+ NK	gem_group_7
TAAAGTTGTGACAC-7	CD8+ Cytotoxic T	gem_group_7
TAACAATGGTTTGG-7	CD4+/CD25 T Reg	gem_group_7
TAACACCTACCGAT-7	CD4+/CD45RO+ Memory	gem_group_7
TAACACCTCCCTTG-7	CD4+/CD45RA+/CD25- Naive T	gem_group_7
TAACATGACAAGCT-7	CD8+/CD45RA+ Naive Cytotoxic	gem_group_7
TAACATGACTCGAA-7	CD4+/CD45RA+/CD25- Naive T	gem_group_7
TAACATGAGGAGTG-7	CD8+ Cytotoxic T	gem_group_7
TAACATGATCCAAG-7	CD56+ NK	gem_group_7
TAACGTCTCCTCAC-7	CD14+ Monocyte	gem_group_7
TAACTAGAATTCCT-7	CD19+ B	gem_group_7
TAACTAGAGCGAGA-7	CD8+ Cytotoxic T	gem_group_7
TAACTCACGTCATG-7	CD8+/CD45RA+ Naive Cytotoxic	gem_group_7
TAAGATACCTGTTT-7	CD8+ Cytotoxic T	gem_group_7
TAAGATACGCATCA-7	CD8+ Cytotoxic T	gem_group_7
TAAGATTGAGAAGT-7	CD56+ NK	gem_group_7
TAAGATTGCGAACT-7	CD8+/CD45RA+ Naive Cytotoxic	gem_group_7
TAAGCGTGAAGGTA-7	Dendritic	gem_group_7
TAAGCGTGGCGTAT-7	CD8+ Cytotoxic T	gem_group_7
TAAGCGTGGGACAG-7	CD4+/CD25 T Reg	gem_group_7
TAAGGCTGATCGAC-7	CD56+ NK	gem_group_7
TAAGGGCTCCAGTA-7	CD8+ Cytotoxic T	gem_group_7
TAAGTAACTTCTGT-7	CD8+ Cytotoxic T	gem_group_7
TAATCGCTTGACAC-7	CD19+ B	gem_group_7
TAATCGCTTGGTGT-7	CD56+ NK	gem_group_7
TAATGAACGAACTC-7	CD56+ NK	gem_group_7
TAATGATGGTACGT-7	CD8+/CD45RA+ Naive Cytotoxic	gem_group_7
TAATGATGTAAGGA-7	CD8+ Cytotoxic T	gem_group_7
TAATGCCTCTGTGA-7	CD34+	gem_group_7
TAATGTGACTAAGC-7	CD8+ Cytotoxic T	gem_group_7
TAATGTGAGGATCT-7	CD8+ Cytotoxic T	gem_group_7
TACAAATGGTTTGG-7	CD8+ Cytotoxic T	gem_group_7
TACATCACTTGGTG-7	CD8+ Cytotoxic T	gem_group_7
TACCGAGATCAGTG-7	CD8+ Cytotoxic T	gem_group_7
TACCGGCTATCAGC-7	CD8+/CD45RA+ Naive Cytotoxic	gem_group_7
TACCGGCTCTCGCT-7	CD4+/CD25 T Reg	gem_group_7
TACGAGTGGATACC-7	CD4+/CD45RO+ Memory	gem_group_7
TACGCAGAACCAAC-7	CD8+/CD45RA+ Naive Cytotoxic	gem_group_7
TACGCAGAAGCTAC-7	CD8+/CD45RA+ Naive Cytotoxic	gem_group_7
TACGCAGAATTCTC-7	CD8+ Cytotoxic T	gem_group_7
TACGCAGACCTCGT-7	CD8+ Cytotoxic T	gem_group_7
TACGCCACAAGGGC-7	CD8+ Cytotoxic T	gem_group_7
TACGCCACTGCTAG-7	CD19+ B	gem_group_7
TACGGAACACCACA-7	CD4+/CD45RO+ Memory	gem_group_7
TACGGAACTCCTGC-7	CD56+ NK	gem_group_7
TACGGCCTGGATCT-7	CD19+ B	gem_group_7
TACGTACTTACTTC-7	CD4+/CD45RO+ Memory	gem_group_7
TACGTTACCAGCTA-7	CD8+ Cytotoxic T	gem_group_7
TACTAAGACGTGAT-7	CD4+/CD45RO+ Memory	gem_group_7
TACTAAGAGGTCTA-7	CD8+/CD45RA+ Naive Cytotoxic	gem_group_7
TACTAAGAGTAGGG-7	CD8+/CD45RA+ Naive Cytotoxic	gem_group_7
TACTAAGATTGTGG-7	CD4+/CD25 T Reg	gem_group_7
TACTCCCTTCAGAC-7	CD8+ Cytotoxic T	gem_group_7
TACTCTGAACTTTC-7	CD8+ Cytotoxic T	gem_group_7
TACTGGGACCTCCA-7	CD4+/CD45RA+/CD25- Naive T	gem_group_7
TACTGGGAGGTGGA-7	CD8+/CD45RA+ Naive Cytotoxic	gem_group_7
TACTTTCTTCAGAC-7	CD56+ NK	gem_group_7
TAGAAACTAGTGTC-7	CD8+ Cytotoxic T	gem_group_7
TAGAATACCATGAC-7	CD8+/CD45RA+ Naive Cytotoxic	gem_group_7
TAGAGCACGTCTAG-7	CD8+ Cytotoxic T	gem_group_7
TAGATCCTAACGGG-7	CD8+/CD45RA+ Naive Cytotoxic	gem_group_7
TAGATCCTACGGGA-7	CD56+ NK	gem_group_7
TAGATCCTTTCGCC-7	CD4+/CD25 T Reg	gem_group_7
TAGCCCACAGAGTA-7	CD8+/CD45RA+ Naive Cytotoxic	gem_group_7
TAGCCCACAGCGGA-7	CD8+ Cytotoxic T	gem_group_7
TAGCCGCTAAAACG-7	CD4+/CD45RO+ Memory	gem_group_7
TAGCCGCTTTCACT-7	CD8+/CD45RA+ Naive Cytotoxic	gem_group_7
TAGCTACTTTGCTT-7	CD8+/CD45RA+ Naive Cytotoxic	gem_group_7
TAGGCAACAAGGGC-7	CD8+/CD45RA+ Naive Cytotoxic	gem_group_7
TAGGCAACTTCGTT-7	CD4+/CD25 T Reg	gem_group_7
TAGGCATGATGGTC-7	CD4+/CD25 T Reg	gem_group_7
TAGGCATGGCAAGG-7	CD8+ Cytotoxic T	gem_group_7
TAGGCTGAATCTTC-7	CD8+ Cytotoxic T	gem_group_7
TAGGCTGACTAGCA-7	CD8+ Cytotoxic T	gem_group_7
TAGGTCGAGGTGTT-7	CD8+ Cytotoxic T	gem_group_7
TAGGTCGATGTAGC-7	CD56+ NK	gem_group_7
TAGGTGACGGTGGA-7	CD8+/CD45RA+ Naive Cytotoxic	gem_group_7
TAGGTTCTGAAAGT-7	CD8+/CD45RA+ Naive Cytotoxic	gem_group_7
TAGTAATGGACGGA-7	CD8+ Cytotoxic T	gem_group_7
TAGTAATGGTCAAC-7	CD8+/CD45RA+ Naive Cytotoxic	gem_group_7
TAGTACCTCAACCA-7	CD8+ Cytotoxic T	gem_group_7
TAGTCACTGGCAAG-7	CD8+/CD45RA+ Naive Cytotoxic	gem_group_7
TAGTCGGAGAGAGC-7	CD8+ Cytotoxic T	gem_group_7
TAGTTAGAATCTTC-7	CD8+/CD45RA+ Naive Cytotoxic	gem_group_7
TAGTTAGACAAAGA-7	Dendritic	gem_group_7
TAGTTCACGCTGTA-7	CD4+/CD25 T Reg	gem_group_7
TAGTTGCTATTGGC-7	CD8+/CD45RA+ Naive Cytotoxic	gem_group_7
TATAAGTGGTCAAC-7	CD8+ Cytotoxic T	gem_group_7
TATACCACCCTTGC-7	CD4+/CD25 T Reg	gem_group_7
TATACGCTCCACAA-7	CD56+ NK	gem_group_7
TATACGCTTTTCGT-7	CD8+ Cytotoxic T	gem_group_7
TATAGATGAGCAAA-7	CD19+ B	gem_group_7
TATAGATGGTCAAC-7	CD8+ Cytotoxic T	gem_group_7
TATAGCCTTGACTG-7	CD8+/CD45RA+ Naive Cytotoxic	gem_group_7
TATCAGCTTTCTAC-7	CD56+ NK	gem_group_7
TATCCAACAGCACT-7	CD8+ Cytotoxic T	gem_group_7
TATCCAACGGAAAT-7	CD4+/CD25 T Reg	gem_group_7
TATCGACTGCTACA-7	CD8+/CD45RA+ Naive Cytotoxic	gem_group_7
TATCGTACAGATCC-7	CD8+/CD45RA+ Naive Cytotoxic	gem_group_7
TATCTGACAGCTAC-7	CD56+ NK	gem_group_7
TATGCGGAGTTGAC-7	CD56+ NK	gem_group_7
TATGCGGATTGTGG-7	CD8+/CD45RA+ Naive Cytotoxic	gem_group_7
TATGGGACACCGAT-7	CD8+/CD45RA+ Naive Cytotoxic	gem_group_7
TATGGGACCCCTTG-7	CD8+/CD45RA+ Naive Cytotoxic	gem_group_7
TATGGGACTGACAC-7	CD19+ B	gem_group_7
TATGTCTGACCTAG-7	CD4+/CD45RO+ Memory	gem_group_7
TATGTGCTCTGTAG-7	CD4+/CD25 T Reg	gem_group_7
TATTGCTGTTGTGG-7	CD8+/CD45RA+ Naive Cytotoxic	gem_group_7
TCAACACTGCTGAT-7	CD4+/CD25 T Reg	gem_group_7
TCAAGGACCAAGCT-7	CD8+ Cytotoxic T	gem_group_7
TCAAGGTGTGTGGT-7	CD19+ B	gem_group_7
TCAAGTCTCATGCA-7	CD8+/CD45RA+ Naive Cytotoxic	gem_group_7
TCAATAGAAGGAGC-7	CD8+/CD45RA+ Naive Cytotoxic	gem_group_7
TCAATAGACCCTCA-7	CD8+ Cytotoxic T	gem_group_7
TCACAACTCCTCGT-7	CD4+/CD45RA+/CD25- Naive T	gem_group_7
TCACAACTCTTCTA-7	CD56+ NK	gem_group_7
TCACATACACTGTG-7	CD4+/CD45RO+ Memory	gem_group_7
TCACATACGAGGAC-7	CD56+ NK	gem_group_7
TCACCCGATTCAGG-7	CD4+/CD25 T Reg	gem_group_7
TCACCGTGGTAGGG-7	CD8+/CD45RA+ Naive Cytotoxic	gem_group_7
TCACCTCTGGTCAT-7	CD8+ Cytotoxic T	gem_group_7
TCACGAGAGGTGGA-7	CD8+/CD45RA+ Naive Cytotoxic	gem_group_7
TCAGAGACGTACGT-7	CD8+ Cytotoxic T	gem_group_7
TCAGCAGACCTCGT-7	CD8+ Cytotoxic T	gem_group_7
TCAGTACTCTACCC-7	CD4+/CD25 T Reg	gem_group_7
TCAGTACTCTCGAA-7	CD8+/CD45RA+ Naive Cytotoxic	gem_group_7
TCAGTACTTCACCC-7	CD8+ Cytotoxic T	gem_group_7
TCATCAACACGTGT-7	CD56+ NK	gem_group_7
TCATCAACTACTTC-7	CD8+ Cytotoxic T	gem_group_7
TCATCATGCTAGCA-7	CD8+/CD45RA+ Naive Cytotoxic	gem_group_7
TCATCATGGCTTAG-7	CD4+/CD45RO+ Memory	gem_group_7
TCATCCCTACCAGT-7	CD8+ Cytotoxic T	gem_group_7
TCATCCCTTCAGGT-7	CD8+/CD45RA+ Naive Cytotoxic	gem_group_7
TCATCCCTTTTCGT-7	Dendritic	gem_group_7
TCATTCGAATTCCT-7	CD8+ Cytotoxic T	gem_group_7
TCATTGACCAATCG-7	CD8+/CD45RA+ Naive Cytotoxic	gem_group_7
TCATTGACGTAAAG-7	CD4+/CD45RA+/CD25- Naive T	gem_group_7
TCCACGTGTACGAC-7	CD8+ Cytotoxic T	gem_group_7
TCCACTCTATCTCT-7	CD56+ NK	gem_group_7
TCCACTCTTTCTCA-7	CD8+/CD45RA+ Naive Cytotoxic	gem_group_7
TCCATAACAAAGTG-7	CD4+/CD25 T Reg	gem_group_7
TCCATCCTTCTCGC-7	CD8+/CD45RA+ Naive Cytotoxic	gem_group_7
TCCCACGACCTACC-7	CD4+/CD45RA+/CD25- Naive T	gem_group_7
TCCCAGACACTGTG-7	CD19+ B	gem_group_7
TCCCGAACGTACCA-7	CD19+ B	gem_group_7
TCCCTACTAAGCAA-7	CD56+ NK	gem_group_7
TCCCTACTGTGTTG-7	CD56+ NK	gem_group_7
TCCGAAGACCCTCA-7	CD8+ Cytotoxic T	gem_group_7
TCCGAGCTGCTGAT-7	CD8+/CD45RA+ Naive Cytotoxic	gem_group_7
TCCGAGCTGTCGTA-7	CD4+/CD45RO+ Memory	gem_group_7
TCCGAGCTTGTTCT-7	CD4+/CD45RO+ Memory	gem_group_7
TCCGGACTTCAGGT-7	CD56+ NK	gem_group_7
TCCTAATGAGCGTT-7	CD8+/CD45RA+ Naive Cytotoxic	gem_group_7
TCCTACCTGGAGTG-7	CD8+/CD45RA+ Naive Cytotoxic	gem_group_7
TCCTATGAAGTCGT-7	CD4+/CD25 T Reg	gem_group_7
TCGACCTGGTTGTG-7	CD8+/CD45RA+ Naive Cytotoxic	gem_group_7
TCGACCTGTCCAGA-7	CD56+ NK	gem_group_7
TCGACCTGTTCTCA-7	CD56+ NK	gem_group_7
TCGAGAACCATACG-7	CD8+/CD45RA+ Naive Cytotoxic	gem_group_7
TCGATTTGTGAAGA-7	CD8+ Cytotoxic T	gem_group_7
TCGCAAGAAGCAAA-7	CD8+/CD45RA+ Naive Cytotoxic	gem_group_7
TCGCAAGACGAGAG-7	CD19+ B	gem_group_7
TCGCAAGATATTCC-7	CD8+ Cytotoxic T	gem_group_7
TCGGCACTTCTCCG-7	CD56+ NK	gem_group_7
TCGGTAGAAGCAAA-7	CD8+/CD45RA+ Naive Cytotoxic	gem_group_7
TCGGTAGAGGTCAT-7	CD19+ B	gem_group_7
TCGTAGGAAAGAGT-7	CD56+ NK	gem_group_7
TCGTAGGATCAAGC-7	CD56+ NK	gem_group_7
TCGTGAGAGTATGC-7	CD4+/CD45RO+ Memory	gem_group_7
TCGTTATGAGCCAT-7	CD8+/CD45RA+ Naive Cytotoxic	gem_group_7
TCGTTATGCCTCAC-7	CD8+/CD45RA+ Naive Cytotoxic	gem_group_7
TCGTTATGCTCGAA-7	CD4+/CD25 T Reg	gem_group_7
TCTAACACTAGTCG-7	CD4+/CD25 T Reg	gem_group_7
TCTAACACTTTACC-7	CD56+ NK	gem_group_7
TCTAACTGTAAGGA-7	Dendritic	gem_group_7
TCTAAGCTTTCGCC-7	CD8+ Cytotoxic T	gem_group_7
TCTACAACCTCAGA-7	CD8+ Cytotoxic T	gem_group_7
TCTAGACTCCGTAA-7	CD19+ B	gem_group_7
TCTAGACTGTTCAG-7	CD8+/CD45RA+ Naive Cytotoxic	gem_group_7
TCTAGACTTATGGC-7	CD8+ Cytotoxic T	gem_group_7
TCTCAAACACCTAG-7	CD8+ Cytotoxic T	gem_group_7
TCTCAAACGCGAGA-7	CD56+ NK	gem_group_7
TCTCTAGAAGCGGA-7	CD8+ Cytotoxic T	gem_group_7
TCTGATACGGCATT-7	CD8+/CD45RA+ Naive Cytotoxic	gem_group_7
TCTTACGACGATAC-7	CD56+ NK	gem_group_7
TCTTCAGACGAGAG-7	CD8+ Cytotoxic T	gem_group_7
TCTTCAGATTCTAC-7	CD8+/CD45RA+ Naive Cytotoxic	gem_group_7
TCTTGATGCGCATA-7	CD8+ Cytotoxic T	gem_group_7
TCTTGATGGCTCCT-7	CD8+/CD45RA+ Naive Cytotoxic	gem_group_7
TGAAATTGCAGGAG-7	CD56+ NK	gem_group_7
TGAAATTGCCGTAA-7	CD19+ B	gem_group_7
TGAAATTGTCCCGT-7	CD8+/CD45RA+ Naive Cytotoxic	gem_group_7
TGAACCGATTTCGT-7	CD19+ B	gem_group_7
TGAAGCTGACCTTT-7	CD19+ B	gem_group_7
TGAAGCTGGTTCTT-7	CD56+ NK	gem_group_7
TGAATAACGGAGCA-7	CD8+/CD45RA+ Naive Cytotoxic	gem_group_7
TGACCAGACTGTCC-7	CD8+ Cytotoxic T	gem_group_7
TGACCAGATACGCA-7	CD8+/CD45RA+ Naive Cytotoxic	gem_group_7
TGACGCCTACCTAG-7	CD8+ Cytotoxic T	gem_group_7
TGACGCCTACTTTC-7	CD8+ Cytotoxic T	gem_group_7
TGACGCCTGGAGTG-7	CD8+ Cytotoxic T	gem_group_7
TGACTGGAAACGGG-7	CD4+/CD25 T Reg	gem_group_7
TGACTGGACTTGAG-7	CD8+/CD45RA+ Naive Cytotoxic	gem_group_7
TGACTTACGGTTTG-7	CD56+ NK	gem_group_7
TGACTTTGCTTGAG-7	CD19+ B	gem_group_7
TGACTTTGTTCCGC-7	CD4+/CD45RA+/CD25- Naive T	gem_group_7
TGAGACACAAACGA-7	CD4+/CD25 T Reg	gem_group_7
TGAGACACTCCGAA-7	CD8+ Cytotoxic T	gem_group_7
TGAGCAACGCTAAC-7	CD8+/CD45RA+ Naive Cytotoxic	gem_group_7
TGAGGTACAACTGC-7	CD8+/CD45RA+ Naive Cytotoxic	gem_group_7
TGAGGTACTCCGTC-7	CD4+/CD45RA+/CD25- Naive T	gem_group_7
TGAGTCGAACCTTT-7	CD8+ Cytotoxic T	gem_group_7
TGATACCTCAATCG-7	CD56+ NK	gem_group_7
TGATCACTCATGCA-7	CD4+/CD25 T Reg	gem_group_7
TGATCGGATGTGCA-7	CD56+ NK	gem_group_7
TGATTAGACTCATT-7	CD8+/CD45RA+ Naive Cytotoxic	gem_group_7
TGATTAGATGCCAA-7	CD56+ NK	gem_group_7
TGCAAGACTTTCTG-7	CD8+ Cytotoxic T	gem_group_7
TGCACAGAGCGGAA-7	CD56+ NK	gem_group_7
TGCACGCTTGAGGG-7	CD8+/CD45RA+ Naive Cytotoxic	gem_group_7
TGCAGATGTGAAGA-7	CD8+/CD45RA+ Naive Cytotoxic	gem_group_7
TGCATGGACTCTCG-7	CD56+ NK	gem_group_7
TGCATGGATCACCC-7	CD8+/CD45RA+ Naive Cytotoxic	gem_group_7
TGCATGGATCCTCG-7	CD4+/CD45RA+/CD25- Naive T	gem_group_7
TGCATGGATTCTGT-7	CD4+/CD25 T Reg	gem_group_7
TGCCAAGACGGAGA-7	CD8+/CD45RA+ Naive Cytotoxic	gem_group_7
TGCCAAGACTCTAT-7	CD8+/CD45RA+ Naive Cytotoxic	gem_group_7
TGCCAAGAGTTGAC-7	CD56+ NK	gem_group_7
TGCCAGCTCGGAGA-7	CD19+ B	gem_group_7
TGCCAGCTGGAGTG-7	CD56+ NK	gem_group_7
TGCCCAACGGGACA-7	CD8+ Cytotoxic T	gem_group_7
TGCCCAACTGTGAC-7	CD4+/CD25 T Reg	gem_group_7
TGCCGACTACCCAA-7	CD4+/CD25 T Reg	gem_group_7
TGCCGACTTTAGGC-7	CD14+ Monocyte	gem_group_7
TGCGCACTTGACCA-7	CD8+ Cytotoxic T	gem_group_7
TGCGTAGAGAACTC-7	CD56+ NK	gem_group_7
TGCTAGGACTAAGC-7	CD4+/CD45RO+ Memory	gem_group_7
TGCTAGGAGAATCC-7	CD8+ Cytotoxic T	gem_group_7
TGCTTAACAAACGA-7	CD4+/CD45RA+/CD25- Naive T	gem_group_7
TGGAAAGAGCCTTC-7	CD56+ NK	gem_group_7
TGGAAAGATGTGGT-7	CD8+ Cytotoxic T	gem_group_7
TGGAACACATCGTG-7	CD8+ Cytotoxic T	gem_group_7
TGGAACTGTGTCCC-7	CD4+/CD45RA+/CD25- Naive T	gem_group_7
TGGACTGATTGCAG-7	CD8+/CD45RA+ Naive Cytotoxic	gem_group_7
TGGAGACTACGTAC-7	CD4+/CD25 T Reg	gem_group_7
TGGAGGGAAGGCGA-7	CD8+ Cytotoxic T	gem_group_7
TGGATGTGTGTCCC-7	CD8+/CD45RA+ Naive Cytotoxic	gem_group_7
TGGTACGAACTGGT-7	CD8+ Cytotoxic T	gem_group_7
TGGTAGTGCGGGAA-7	CD8+/CD45RA+ Naive Cytotoxic	gem_group_7
TGGTATCTGGTGGA-7	CD19+ B	gem_group_7
TGGTCAGAGTTACG-7	CD8+/CD45RA+ Naive Cytotoxic	gem_group_7
TGGTTACTGAACTC-7	CD8+/CD45RA+ Naive Cytotoxic	gem_group_7
TGTAAAACAGCACT-7	CD4+/CD45RO+ Memory	gem_group_7
TGTAATGACACCAA-7	CD8+ Cytotoxic T	gem_group_7
TGTACTTGCCTACC-7	CD4+/CD45RO+ Memory	gem_group_7
TGTACTTGGTCGAT-7	CD8+ Cytotoxic T	gem_group_7
TGTACTTGTATGGC-7	CD8+/CD45RA+ Naive Cytotoxic	gem_group_7
TGTAGGTGGACAGG-7	CD19+ B	gem_group_7
TGTATCTGAACCGT-7	CD56+ NK	gem_group_7
TGTCAGGAACAGTC-7	CD8+ Cytotoxic T	gem_group_7
TGTCTAACGGGAGT-7	CD8+ Cytotoxic T	gem_group_7
TGTGACGATGACCA-7	CD8+ Cytotoxic T	gem_group_7
TGTGAGACCCTATT-7	CD56+ NK	gem_group_7
TGTGAGACGTGCAT-7	CD4+/CD45RA+/CD25- Naive T	gem_group_7
TGTGGATGACCCTC-7	CD8+/CD45RA+ Naive Cytotoxic	gem_group_7
TGTTACACTGCCTC-7	CD8+/CD45RA+ Naive Cytotoxic	gem_group_7
TGTTACTGGTCGTA-7	CD8+ Cytotoxic T	gem_group_7
TTAACCACACCAAC-7	CD4+/CD45RA+/CD25- Naive T	gem_group_7
TTAACCACTGCGTA-7	CD8+ Cytotoxic T	gem_group_7
TTACACACGGTAAA-7	CD4+/CD45RA+/CD25- Naive T	gem_group_7
TTACACACTCTATC-7	CD8+ Cytotoxic T	gem_group_7
TTACGACTGGAGTG-7	CD4+/CD45RO+ Memory	gem_group_7
TTACGTACAAGCAA-7	CD19+ B	gem_group_7
TTACGTACGAGGGT-7	CD8+/CD45RA+ Naive Cytotoxic	gem_group_7
TTACGTACTATCGG-7	CD4+/CD45RO+ Memory	gem_group_7
TTACGTACTGGTGT-7	CD8+ Cytotoxic T	gem_group_7
TTACTCGACGAGAG-7	CD14+ Monocyte	gem_group_7
TTAGACCTACCATG-7	CD8+ Cytotoxic T	gem_group_7
TTAGACCTATCACG-7	CD8+ Cytotoxic T	gem_group_7
TTAGACCTCTTTAC-7	CD8+ Cytotoxic T	gem_group_7
TTAGCTACAGTGTC-7	CD4+/CD45RO+ Memory	gem_group_7
TTAGGTCTGTTGAC-7	CD8+ Cytotoxic T	gem_group_7
TTAGTCACGCATAC-7	CD8+/CD45RA+ Naive Cytotoxic	gem_group_7
TTAGTCTGGTTTGG-7	CD8+ Cytotoxic T	gem_group_7
TTATCCGAAGTAGA-7	CD8+ Cytotoxic T	gem_group_7
TTATGAGAACTTTC-7	CD8+ Cytotoxic T	gem_group_7
TTATGCACTCAGGT-7	CD19+ B	gem_group_7
TTATTCCTCTATGG-7	CD19+ B	gem_group_7
TTCAAAGAGAGGGT-7	CD8+ Cytotoxic T	gem_group_7
TTCAACACCCTATT-7	CD56+ NK	gem_group_7
TTCAACACGAGATA-7	CD56+ NK	gem_group_7
TTCACAACACCAAC-7	CD56+ NK	gem_group_7
TTCACAACAGGGTG-7	CD8+ Cytotoxic T	gem_group_7
TTCACAACCTCCCA-7	CD8+/CD45RA+ Naive Cytotoxic	gem_group_7
TTCACCCTAGAAGT-7	CD8+/CD45RA+ Naive Cytotoxic	gem_group_7
TTCACCCTGAACTC-7	CD4+/CD25 T Reg	gem_group_7
TTCACCCTGTATGC-7	CD56+ NK	gem_group_7
TTCAGTTGGTCAAC-7	CD19+ B	gem_group_7
TTCATCGACAGGAG-7	CD19+ B	gem_group_7
TTCATTCTCCACCT-7	CD8+ Cytotoxic T	gem_group_7
TTCCATGAAAGGTA-7	CD14+ Monocyte	gem_group_7
TTCGAGGAACGGTT-7	CD8+/CD45RA+ Naive Cytotoxic	gem_group_7
TTCGATTGACACGT-7	CD8+/CD45RA+ Naive Cytotoxic	gem_group_7
TTCGATTGGATAGA-7	CD56+ NK	gem_group_7
TTCGTATGAGACTC-7	CD4+/CD45RA+/CD25- Naive T	gem_group_7
TTCTACGACAAGCT-7	Dendritic	gem_group_7
TTCTCAGAGGACTT-7	CD19+ B	gem_group_7
TTCTGATGCTCAGA-7	CD14+ Monocyte	gem_group_7
TTGAACCTAGAAGT-7	CD56+ NK	gem_group_7
TTGAATGACATGGT-7	CD8+ Cytotoxic T	gem_group_7
TTGACACTGTATCG-7	CD56+ NK	gem_group_7
TTGACACTTGCACA-7	CD8+/CD45RA+ Naive Cytotoxic	gem_group_7
TTGAGGTGAGCATC-7	CD56+ NK	gem_group_7
TTGCATTGGCTGTA-7	CD8+ Cytotoxic T	gem_group_7
TTGCATTGTCTTAC-7	CD8+ Cytotoxic T	gem_group_7
TTGCTAACACTAGC-7	CD56+ NK	gem_group_7
TTGGAGTGACTAGC-7	CD14+ Monocyte	gem_group_7
TTGGAGTGCGCTAA-7	CD8+ Cytotoxic T	gem_group_7
TTGGTACTAGAGTA-7	CD8+/CD45RA+ Naive Cytotoxic	gem_group_7
TTGGTACTTGTCTT-7	CD4+/CD45RO+ Memory	gem_group_7
TTGGTACTTGTTTC-7	CD56+ NK	gem_group_7
TTGTACACCAACTG-7	CD19+ B	gem_group_7
TTGTAGCTACTAGC-7	CD8+ Cytotoxic T	gem_group_7
TTGTAGCTCCAAGT-7	CD4+/CD45RO+ Memory	gem_group_7
TTGTAGCTTCTCCG-7	CD8+ Cytotoxic T	gem_group_7
TTGTCATGGGAGGT-7	CD8+ Cytotoxic T	gem_group_7
TTTAGAGATGGTAC-7	CD56+ NK	gem_group_7
TTTAGGCTCCTTAT-7	CD8+ Cytotoxic T	gem_group_7
TTTATCCTCACTCC-7	CD4+/CD25 T Reg	gem_group_7
TTTCAGTGCAGAAA-7	CD56+ NK	gem_group_7
TTTCAGTGGACGGA-7	CD8+ Cytotoxic T	gem_group_7
TTTCAGTGTGTTCT-7	CD19+ B	gem_group_7
TTTCCAGACTTGGA-7	CD56+ NK	gem_group_7
TTTCGAACAACCAC-7	CD19+ B	gem_group_7
TTTCGAACCATCAG-7	CD4+/CD25 T Reg	gem_group_7
TTTCTACTAATGCC-7	CD8+/CD45RA+ Naive Cytotoxic	gem_group_7
TTTCTACTCACTTT-7	CD8+ Cytotoxic T	gem_group_7
TTTCTACTGTATGC-7	CD8+ Cytotoxic T	gem_group_7
TTTGACTGACCACA-7	CD8+ Cytotoxic T	gem_group_7
TTTGCATGCATACG-7	CD4+/CD25 T Reg	gem_group_7
TTTGCATGGGGCAA-7	CD56+ NK	gem_group_7
AAACATTGCCTTAT-8	CD8+/CD45RA+ Naive Cytotoxic	gem_group_8
AAACCGTGCCGATA-8	CD4+/CD45RA+/CD25- Naive T	gem_group_8
AAACGCACAGTCGT-8	CD4+/CD25 T Reg	gem_group_8
AAACGCACCACCAA-8	CD4+/CD45RO+ Memory	gem_group_8
AAACGCTGAACCTG-8	CD4+/CD25 T Reg	gem_group_8
AAACGCTGCCGTTC-8	CD8+/CD45RA+ Naive Cytotoxic	gem_group_8
AAACGGCTCGAGAG-8	CD4+/CD25 T Reg	gem_group_8
AAACTTGATGGCAT-8	CD14+ Monocyte	gem_group_8
AAAGACGAGAGAGC-8	CD19+ B	gem_group_8
AAAGACGAGTGCTA-8	CD4+/CD25 T Reg	gem_group_8
AAAGAGACCTCAAG-8	CD8+ Cytotoxic T	gem_group_8
AAAGCCTGACGCTA-8	CD4+/CD25 T Reg	gem_group_8
AAAGCCTGGAACTC-8	CD4+/CD45RO+ Memory	gem_group_8
AAATCAACTCTCTA-8	CD8+/CD45RA+ Naive Cytotoxic	gem_group_8
AAATCATGCTCGCT-8	CD4+/CD25 T Reg	gem_group_8
AAATCATGTTCGCC-8	CD56+ NK	gem_group_8
AAATCCCTGTGTTG-8	CD4+/CD45RO+ Memory	gem_group_8
AAATCCCTTCCTAT-8	CD4+/CD25 T Reg	gem_group_8
AAATGTTGAAACGA-8	CD56+ NK	gem_group_8
AAATGTTGAAGATG-8	CD8+ Cytotoxic T	gem_group_8
AAATGTTGCTGAGT-8	CD8+ Cytotoxic T	gem_group_8
AAATGTTGTGGAGG-8	CD8+ Cytotoxic T	gem_group_8
AAATTCGATCTTTG-8	CD4+/CD45RO+ Memory	gem_group_8
AAATTGACGAATCC-8	CD8+ Cytotoxic T	gem_group_8
AACAAACTTTTCTG-8	CD8+ Cytotoxic T	gem_group_8
AACAATACCCCAAA-8	CD4+/CD25 T Reg	gem_group_8
AACACGTGCTGTGA-8	CD8+ Cytotoxic T	gem_group_8
AACACGTGGCGTAT-8	CD8+ Cytotoxic T	gem_group_8
AACACTCTAGACTC-8	CD4+/CD45RO+ Memory	gem_group_8
AACAGCACCCGAAT-8	CD8+ Cytotoxic T	gem_group_8
AACATATGTGACCA-8	CD8+ Cytotoxic T	gem_group_8
AACATTGAAGAGAT-8	CD19+ B	gem_group_8
AACATTGATGTTTC-8	CD8+ Cytotoxic T	gem_group_8
AACCACGAGGTAGG-8	CD8+/CD45RA+ Naive Cytotoxic	gem_group_8
AACCCAGATTACTC-8	CD4+/CD25 T Reg	gem_group_8
AACCGATGCGTTGA-8	CD8+ Cytotoxic T	gem_group_8
AACCGATGGCATCA-8	CD8+ Cytotoxic T	gem_group_8
AACCGATGTCACCC-8	CD4+/CD45RA+/CD25- Naive T	gem_group_8
AACCGCCTATGTCG-8	CD8+ Cytotoxic T	gem_group_8
AACCTTACCAACCA-8	CD8+ Cytotoxic T	gem_group_8
AACGCAACATCGAC-8	CD56+ NK	gem_group_8
AACGCATGGTTGTG-8	CD4+/CD25 T Reg	gem_group_8
AACGCATGTTCGTT-8	CD8+ Cytotoxic T	gem_group_8
AACGCCCTAAGCCT-8	CD4+/CD45RO+ Memory	gem_group_8
AACGCCCTCCTGTC-8	Dendritic	gem_group_8
AACGGTACACCATG-8	CD56+ NK	gem_group_8
AACGGTACATGTGC-8	CD8+/CD45RA+ Naive Cytotoxic	gem_group_8
AACGGTACGTATGC-8	CD8+ Cytotoxic T	gem_group_8
AACGGTTGACGCAT-8	CD8+/CD45RA+ Naive Cytotoxic	gem_group_8
AACGTCGAAGCAAA-8	CD8+/CD45RA+ Naive Cytotoxic	gem_group_8
AACGTCGAGTTCGA-8	CD8+/CD45RA+ Naive Cytotoxic	gem_group_8
AACGTGTGAAAGTG-8	CD8+/CD45RA+ Naive Cytotoxic	gem_group_8
AACTACCTTCGACA-8	CD56+ NK	gem_group_8
AACTCACTGGGTGA-8	CD8+ Cytotoxic T	gem_group_8
AACTCGGATCAGAC-8	CD19+ B	gem_group_8
AACTCTTGTCTCTA-8	CD8+ Cytotoxic T	gem_group_8
AACTGTCTCTCCAC-8	CD19+ B	gem_group_8
AACTTGCTGATAGA-8	CD8+ Cytotoxic T	gem_group_8
AACTTGCTTAGTCG-8	CD8+ Cytotoxic T	gem_group_8
AAGAATCTAGATGA-8	CD8+ Cytotoxic T	gem_group_8
AAGCAAGACTTGCC-8	CD8+ Cytotoxic T	gem_group_8
AAGCAAGAGTTGGT-8	CD4+/CD45RA+/CD25- Naive T	gem_group_8
AAGCAAGATGTCCC-8	CD19+ B	gem_group_8
AAGCCAACTTTGGG-8	CD8+/CD45RA+ Naive Cytotoxic	gem_group_8
AAGCCATGAATCGC-8	CD4+/CD25 T Reg	gem_group_8
AAGCCATGAATGCC-8	CD4+/CD25 T Reg	gem_group_8
AAGCGACTAGAACA-8	CD8+/CD45RA+ Naive Cytotoxic	gem_group_8
AAGGCTACCAGCTA-8	CD8+ Cytotoxic T	gem_group_8
AAGGCTACCCAACA-8	CD56+ NK	gem_group_8
AAGGCTACTACGAC-8	CD56+ NK	gem_group_8
AAGGCTTGTGGAAA-8	CD56+ NK	gem_group_8
AAGGTCACTCCTAT-8	CD56+ NK	gem_group_8
AAGGTCTGGACAAA-8	CD8+ Cytotoxic T	gem_group_8
AAGGTGCTTGTCCC-8	CD8+ Cytotoxic T	gem_group_8
AAGTAACTCGGGAA-8	CD56+ NK	gem_group_8
AAGTAACTCTAGCA-8	CD8+ Cytotoxic T	gem_group_8
AAGTAGGACCATAG-8	CD8+ Cytotoxic T	gem_group_8
AAGTAGGAGTCTGA-8	CD4+/CD25 T Reg	gem_group_8
AAGTAGGATGTGCA-8	CD8+ Cytotoxic T	gem_group_8
AAGTATACACTCTT-8	Dendritic	gem_group_8
AAGTCTCTGACAAA-8	CD8+ Cytotoxic T	gem_group_8
AAGTGCACCTTGCC-8	CD8+ Cytotoxic T	gem_group_8
AAGTTATGGAGATA-8	CD56+ NK	gem_group_8
AAGTTCCTAAAACG-8	CD19+ B	gem_group_8
AATAACACATGTGC-8	CD8+ Cytotoxic T	gem_group_8
AATAACACTATCGG-8	CD56+ NK	gem_group_8
AATAAGCTATGCCA-8	CD19+ B	gem_group_8
AATACCCTCTTGCC-8	CD8+ Cytotoxic T	gem_group_8
AATAGGGATAACCG-8	CD56+ NK	gem_group_8
AATATCGAGACGGA-8	CD19+ B	gem_group_8
AATCCGGACCCACT-8	CD8+ Cytotoxic T	gem_group_8
AATCCTTGGTCATG-8	CD8+/CD45RA+ Naive Cytotoxic	gem_group_8
AATCCTTGTAGACC-8	CD4+/CD25 T Reg	gem_group_8
AATCTAGAGCGAGA-8	CD8+ Cytotoxic T	gem_group_8
AATCTCTGCTGAGT-8	CD8+/CD45RA+ Naive Cytotoxic	gem_group_8
AATGAGGACTGAAC-8	CD8+/CD45RA+ Naive Cytotoxic	gem_group_8
AATGAGGAGGTCAT-8	CD4+/CD45RO+ Memory	gem_group_8
AATGATACACTAGC-8	CD56+ NK	gem_group_8
AATGATACGTATCG-8	CD56+ NK	gem_group_8
AATGCGTGATGCCA-8	CD56+ NK	gem_group_8
AATGTCCTGTACAC-8	CD8+/CD45RA+ Naive Cytotoxic	gem_group_8
AATTACGATGCTGA-8	CD8+ Cytotoxic T	gem_group_8
AATTACGATTCCAT-8	CD8+ Cytotoxic T	gem_group_8
AATTCCTGGAGCTT-8	CD8+ Cytotoxic T	gem_group_8
AATTCCTGGAGGTG-8	CD8+ Cytotoxic T	gem_group_8
AATTCCTGTGTGCA-8	CD8+ Cytotoxic T	gem_group_8
AATTGATGACGCTA-8	CD4+/CD45RA+/CD25- Naive T	gem_group_8
AATTGATGTTGTGG-8	CD4+/CD25 T Reg	gem_group_8
AATTGTGAGGAACG-8	CD8+ Cytotoxic T	gem_group_8
ACAAATTGTTTCTG-8	CD56+ NK	gem_group_8
ACAACCGACAGTTG-8	CD56+ NK	gem_group_8
ACAAGAGAGCTCCT-8	CD8+/CD45RA+ Naive Cytotoxic	gem_group_8
ACAAGCACAACTGC-8	CD8+ Cytotoxic T	gem_group_8
ACAATAACCCGATA-8	CD8+/CD45RA+ Naive Cytotoxic	gem_group_8
ACAATAACGAGGGT-8	CD8+/CD45RA+ Naive Cytotoxic	gem_group_8
ACAATAACGTGAGG-8	CD8+ Cytotoxic T	gem_group_8
ACAATCCTCCACAA-8	CD8+ Cytotoxic T	gem_group_8
ACAATCCTGTTAGC-8	CD4+/CD45RO+ Memory	gem_group_8
ACACAGACAAAACG-8	CD56+ NK	gem_group_8
ACACAGACGTAGGG-8	CD56+ NK	gem_group_8
ACACCAGAGTAGGG-8	CD19+ B	gem_group_8
ACACCCTGCCAGTA-8	CD8+ Cytotoxic T	gem_group_8
ACACCCTGTATGCG-8	CD19+ B	gem_group_8
ACACGATGAAGCAA-8	CD8+ Cytotoxic T	gem_group_8
ACACGTGACGAATC-8	CD8+ Cytotoxic T	gem_group_8
ACAGCAACGCGAGA-8	CD56+ NK	gem_group_8
ACAGGTACACAGTC-8	CD8+ Cytotoxic T	gem_group_8
ACAGGTACCGAGTT-8	CD8+ Cytotoxic T	gem_group_8
ACAGGTACCTGTCC-8	CD8+ Cytotoxic T	gem_group_8
ACAGGTACGAGCAG-8	CD8+ Cytotoxic T	gem_group_8
ACAGTCGAACTCAG-8	CD8+ Cytotoxic T	gem_group_8
ACAGTCGATCGTAG-8	CD8+/CD45RA+ Naive Cytotoxic	gem_group_8
ACAGTTCTACTTTC-8	CD8+ Cytotoxic T	gem_group_8
ACATCACTGGACTT-8	CD56+ NK	gem_group_8
ACATGGTGCGTACA-8	CD8+ Cytotoxic T	gem_group_8
ACATTCTGTAAGCC-8	CD8+ Cytotoxic T	gem_group_8
ACCACAGAACCTGA-8	CD4+/CD25 T Reg	gem_group_8
ACCACAGAAGAGGC-8	CD8+ Cytotoxic T	gem_group_8
ACCACAGATACTGG-8	CD8+ Cytotoxic T	gem_group_8
ACCACGCTTGTAGC-8	CD8+ Cytotoxic T	gem_group_8
ACCAGTGACCAGTA-8	CD56+ NK	gem_group_8
ACCAGTGATCTCCG-8	CD14+ Monocyte	gem_group_8
ACCATTACTTTGGG-8	CD8+/CD45RA+ Naive Cytotoxic	gem_group_8
ACCATTTGCCATAG-8	CD19+ B	gem_group_8
ACCATTTGTGTTCT-8	CD19+ B	gem_group_8
ACCCAAGAAGAAGT-8	CD8+/CD45RA+ Naive Cytotoxic	gem_group_8
ACCCACTGCTCCCA-8	CD4+/CD25 T Reg	gem_group_8
ACCCAGCTATTCTC-8	CD8+ Cytotoxic T	gem_group_8
ACCCAGCTCTAGAC-8	CD8+ Cytotoxic T	gem_group_8
ACCGAAACAGGAGC-8	CD4+/CD25 T Reg	gem_group_8
ACCGAAACGAATAG-8	CD8+ Cytotoxic T	gem_group_8
ACCGCGGACACTCC-8	CD8+/CD45RA+ Naive Cytotoxic	gem_group_8
ACCGCGGACATGCA-8	CD8+ Cytotoxic T	gem_group_8
ACCGTGCTCCTCAC-8	CD8+/CD45RA+ Naive Cytotoxic	gem_group_8
ACCGTGCTTTCGTT-8	CD8+ Cytotoxic T	gem_group_8
ACCTATTGTTTCAC-8	CD4+/CD25 T Reg	gem_group_8
ACCTCCGACTTACT-8	CD8+/CD45RA+ Naive Cytotoxic	gem_group_8
ACCTGAGAAGTGTC-8	CD8+/CD45RA+ Naive Cytotoxic	gem_group_8
ACCTGAGACTTTAC-8	CD8+ Cytotoxic T	gem_group_8
ACCTGGCTGAAGGC-8	CD8+/CD45RA+ Naive Cytotoxic	gem_group_8
ACCTGGCTTTATCC-8	CD56+ NK	gem_group_8
ACGACAACCCGAAT-8	CD8+ Cytotoxic T	gem_group_8
ACGAGTACTATGGC-8	CD4+/CD25 T Reg	gem_group_8
ACGATCGACTTCCG-8	CD8+ Cytotoxic T	gem_group_8
ACGATGACGGAGCA-8	CD4+/CD25 T Reg	gem_group_8
ACGATTCTATCTTC-8	CD8+/CD45RA+ Naive Cytotoxic	gem_group_8
ACGCCGGAAAGGCG-8	CD8+ Cytotoxic T	gem_group_8
ACGCGGTGCCATGA-8	CD56+ NK	gem_group_8
ACGCGGTGTTCGTT-8	CD19+ B	gem_group_8
ACGCTGCTTGAACC-8	CD8+/CD45RA+ Naive Cytotoxic	gem_group_8
ACGGAACTGGCGAA-8	CD8+/CD45RA+ Naive Cytotoxic	gem_group_8
ACGGAACTGGTACT-8	CD8+/CD45RA+ Naive Cytotoxic	gem_group_8
ACGGAGGACCAAGT-8	CD8+/CD45RA+ Naive Cytotoxic	gem_group_8
ACGGAGGAGCAGTT-8	CD8+ Cytotoxic T	gem_group_8
ACGGATTGCTCGAA-8	CD8+/CD45RA+ Naive Cytotoxic	gem_group_8
ACGGGAGACTCCCA-8	CD4+/CD45RA+/CD25- Naive T	gem_group_8
ACGGGAGATGTTCT-8	CD56+ NK	gem_group_8
ACGGTAACACGTAC-8	CD8+ Cytotoxic T	gem_group_8
ACGGTAACCACTAG-8	CD8+ Cytotoxic T	gem_group_8
ACGGTAACGACGGA-8	CD8+ Cytotoxic T	gem_group_8
ACGGTAACTAGACC-8	CD19+ B	gem_group_8
ACGTCAGAGGAGCA-8	CD8+ Cytotoxic T	gem_group_8
ACGTCGCTAAAAGC-8	CD4+/CD25 T Reg	gem_group_8
ACGTCGCTACCTTT-8	CD8+ Cytotoxic T	gem_group_8
ACGTCGCTCTATGG-8	CD8+ Cytotoxic T	gem_group_8
ACGTGCCTAGTCAC-8	CD8+/CD45RA+ Naive Cytotoxic	gem_group_8
ACGTGCCTGGAAGC-8	CD8+/CD45RA+ Naive Cytotoxic	gem_group_8
ACGTTTACATGACC-8	CD56+ NK	gem_group_8
ACGTTTACGAAAGT-8	CD8+ Cytotoxic T	gem_group_8
ACTAAAACCCCGTT-8	CD4+/CD25 T Reg	gem_group_8
ACTAAAACCGTTGA-8	CD8+/CD45RA+ Naive Cytotoxic	gem_group_8
ACTAAAACCTTGCC-8	CD8+ Cytotoxic T	gem_group_8
ACTAAAACGACTAC-8	CD8+ Cytotoxic T	gem_group_8
ACTAAAACTCACCC-8	CD8+/CD45RA+ Naive Cytotoxic	gem_group_8
ACTACTACCCTAAG-8	CD56+ NK	gem_group_8
ACTACTACCTTCCG-8	CD4+/CD45RO+ Memory	gem_group_8
ACTACTACGGGAGT-8	CD8+ Cytotoxic T	gem_group_8
ACTAGGTGTCTCAT-8	CD8+ Cytotoxic T	gem_group_8
ACTATCACTAGACC-8	CD8+/CD45RA+ Naive Cytotoxic	gem_group_8
ACTCAGGAAAGGGC-8	CD8+ Cytotoxic T	gem_group_8
ACTCCTCTCTACGA-8	CD8+ Cytotoxic T	gem_group_8
ACTCTATGCTGTAG-8	CD8+ Cytotoxic T	gem_group_8
ACTCTATGGCTATG-8	CD4+/CD45RO+ Memory	gem_group_8
ACTGAGACTCGACA-8	CD56+ NK	gem_group_8
ACTGAGACTTTCGT-8	CD4+/CD45RO+ Memory	gem_group_8
ACTGCCTGACCAGT-8	CD8+/CD45RA+ Naive Cytotoxic	gem_group_8
ACTGGCCTAGCAAA-8	CD56+ NK	gem_group_8
ACTGTGGAACGGAG-8	CD8+/CD45RA+ Naive Cytotoxic	gem_group_8
ACTGTGGACCCACT-8	CD8+ Cytotoxic T	gem_group_8
ACTGTGGAGTTCAG-8	CD8+ Cytotoxic T	gem_group_8
ACTGTTACGTTCGA-8	CD4+/CD25 T Reg	gem_group_8
ACTGTTACTTCACT-8	CD4+/CD45RO+ Memory	gem_group_8
ACTTAAGACATTGG-8	CD4+/CD45RA+/CD25- Naive T	gem_group_8
ACTTAAGACCCTCA-8	CD8+ Cytotoxic T	gem_group_8
ACTTAGCTAAAGTG-8	CD4+/CD25 T Reg	gem_group_8
ACTTCAACTGCACA-8	CD8+/CD45RA+ Naive Cytotoxic	gem_group_8
ACTTCCCTCATTGG-8	CD8+ Cytotoxic T	gem_group_8
ACTTCCCTGTACAC-8	CD8+ Cytotoxic T	gem_group_8
ACTTGACTCGCCTT-8	CD56+ NK	gem_group_8
AGAAAGTGTCCAGA-8	CD8+ Cytotoxic T	gem_group_8
AGAAAGTGTCTCGC-8	CD19+ B	gem_group_8
AGAACAGACTGATG-8	Dendritic	gem_group_8
AGAAGATGATAAGG-8	CD8+/CD45RA+ Naive Cytotoxic	gem_group_8
AGAATGGAAGTTCG-8	CD19+ B	gem_group_8
AGACACACGAACCT-8	CD4+/CD25 T Reg	gem_group_8
AGACGTACGACGGA-8	CD8+/CD45RA+ Naive Cytotoxic	gem_group_8
AGACGTACTCGTGA-8	CD56+ NK	gem_group_8
AGACTGACGGTGTT-8	CD56+ NK	gem_group_8
AGACTTCTAAACGA-8	CD56+ NK	gem_group_8
AGACTTCTAGATGA-8	CD8+/CD45RA+ Naive Cytotoxic	gem_group_8
AGACTTCTTCAGGT-8	CD8+/CD45RA+ Naive Cytotoxic	gem_group_8
AGAGAAACGGAGTG-8	CD19+ B	gem_group_8
AGAGAATGAGAGAT-8	CD8+ Cytotoxic T	gem_group_8
AGAGATGACACTTT-8	CD8+/CD45RA+ Naive Cytotoxic	gem_group_8
AGAGCGGACCCACT-8	CD19+ B	gem_group_8
AGAGCGGATGGTCA-8	CD8+ Cytotoxic T	gem_group_8
AGAGCTACCTCTCG-8	CD8+/CD45RA+ Naive Cytotoxic	gem_group_8
AGAGGTCTTGCAAC-8	CD56+ NK	gem_group_8
AGATATACTTCTGT-8	CD8+ Cytotoxic T	gem_group_8
AGATCTCTAGCCTA-8	CD8+ Cytotoxic T	gem_group_8
AGATCTCTCAGAGG-8	CD14+ Monocyte	gem_group_8
AGATCTCTGAATGA-8	CD8+ Cytotoxic T	gem_group_8
AGATTCCTATCACG-8	CD4+/CD45RO+ Memory	gem_group_8
AGCATGACATTGGC-8	Dendritic	gem_group_8
AGCATTCTCCTGAA-8	CD8+ Cytotoxic T	gem_group_8
AGCCAATGCTGGAT-8	CD4+/CD45RO+ Memory	gem_group_8
AGCCAATGGGGCAA-8	CD8+/CD45RA+ Naive Cytotoxic	gem_group_8
AGCCAATGTCAGTG-8	CD8+ Cytotoxic T	gem_group_8
AGCCAATGTCGTGA-8	CD8+ Cytotoxic T	gem_group_8
AGCCGGACGCGTAT-8	CD8+ Cytotoxic T	gem_group_8
AGCCGGACTGCTAG-8	CD8+/CD45RA+ Naive Cytotoxic	gem_group_8
AGCCTCTGACACCA-8	CD4+/CD25 T Reg	gem_group_8
AGCGATACCTTTAC-8	CD8+ Cytotoxic T	gem_group_8
AGCGATTGTTCCCG-8	CD8+ Cytotoxic T	gem_group_8
AGCGCCGAGTTTGG-8	Dendritic	gem_group_8
AGCGCTCTAGGAGC-8	CD8+/CD45RA+ Naive Cytotoxic	gem_group_8
AGCGTAACTCTCTA-8	CD4+/CD25 T Reg	gem_group_8
AGCTGAACCTGAAC-8	CD8+/CD45RA+ Naive Cytotoxic	gem_group_8
AGCTGAACGTTTCT-8	CD8+ Cytotoxic T	gem_group_8
AGCTGTGAGGACTT-8	CD8+ Cytotoxic T	gem_group_8
AGCTGTGATTGTGG-8	CD4+/CD45RO+ Memory	gem_group_8
AGCTTACTGTTCGA-8	CD56+ NK	gem_group_8
AGCTTTACAGAGTA-8	CD8+ Cytotoxic T	gem_group_8
AGGAAATGTAAAGG-8	CD8+ Cytotoxic T	gem_group_8
AGGAAATGTTTGCT-8	CD8+ Cytotoxic T	gem_group_8
AGGAATGACGTACA-8	CD8+ Cytotoxic T	gem_group_8
AGGAATGATGTCAG-8	CD4+/CD25 T Reg	gem_group_8
AGGAGTCTCTGTGA-8	CD14+ Monocyte	gem_group_8
AGGATAGATCCTAT-8	CD56+ NK	gem_group_8
AGGCAACTAGCTCA-8	Dendritic	gem_group_8
AGGCAACTGACGAG-8	CD8+/CD45RA+ Naive Cytotoxic	gem_group_8
AGGCAACTGTGAGG-8	CD8+ Cytotoxic T	gem_group_8
AGGCAACTTTTGCT-8	CD19+ B	gem_group_8
AGGCAGGACTTCTA-8	CD8+ Cytotoxic T	gem_group_8
AGGCCTCTAGAAGT-8	CD8+ Cytotoxic T	gem_group_8
AGGCCTCTGGGTGA-8	CD8+/CD45RA+ Naive Cytotoxic	gem_group_8
AGGCTAACCCCACT-8	Dendritic	gem_group_8
AGGGACGACTCAGA-8	CD8+/CD45RA+ Naive Cytotoxic	gem_group_8
AGGGACGATGCTCC-8	CD8+ Cytotoxic T	gem_group_8
AGGGACGATGTTTC-8	CD8+/CD45RA+ Naive Cytotoxic	gem_group_8
AGGGCCACCTGCAA-8	CD14+ Monocyte	gem_group_8
AGGGCCTGCCTGAA-8	CD8+/CD45RA+ Naive Cytotoxic	gem_group_8
AGGGCCTGTCCTAT-8	CD4+/CD25 T Reg	gem_group_8
AGGGTTTGGCGAGA-8	CD8+ Cytotoxic T	gem_group_8
AGGTACACTCCTGC-8	CD56+ NK	gem_group_8
AGGTCATGGAAAGT-8	CD8+ Cytotoxic T	gem_group_8
AGGTCATGTCTCAT-8	CD56+ NK	gem_group_8
AGGTTCGAAGGCGA-8	Dendritic	gem_group_8
AGGTTGTGACAGCT-8	CD14+ Monocyte	gem_group_8
AGTACGTGTGCAAC-8	CD8+ Cytotoxic T	gem_group_8
AGTACTCTAGCCTA-8	CD56+ NK	gem_group_8
AGTACTCTAGTTCG-8	CD8+ Cytotoxic T	gem_group_8
AGTACTCTCATGAC-8	CD4+/CD25 T Reg	gem_group_8
AGTAGAGAGTCATG-8	CD8+ Cytotoxic T	gem_group_8
AGTAGAGATAAGGA-8	CD56+ NK	gem_group_8
AGTATAACACTACG-8	CD14+ Monocyte	gem_group_8
AGTATAACATTCCT-8	CD8+ Cytotoxic T	gem_group_8
AGTATAACTGGTGT-8	CD8+ Cytotoxic T	gem_group_8
AGTCAGACCCCAAA-8	CD8+ Cytotoxic T	gem_group_8
AGTCGAACACGCAT-8	CD8+/CD45RA+ Naive Cytotoxic	gem_group_8
AGTCGAACAGCGGA-8	CD4+/CD45RA+/CD25- Naive T	gem_group_8
AGTCGCCTAGAACA-8	CD8+ Cytotoxic T	gem_group_8
AGTCTACTTTTGTC-8	CD56+ NK	gem_group_8
AGTCTTACAACCGT-8	CD56+ NK	gem_group_8
AGTCTTACCGATAC-8	CD8+ Cytotoxic T	gem_group_8
AGTCTTACCTCATT-8	CD8+ Cytotoxic T	gem_group_8
AGTCTTACCTCTAT-8	CD4+/CD25 T Reg	gem_group_8
AGTCTTACGCTGAT-8	CD8+ Cytotoxic T	gem_group_8
AGTCTTACTGGCAT-8	CD8+/CD45RA+ Naive Cytotoxic	gem_group_8
AGTGAAGAAACAGA-8	CD8+/CD45RA+ Naive Cytotoxic	gem_group_8
AGTGAAGACACCAA-8	CD8+/CD45RA+ Naive Cytotoxic	gem_group_8
AGTGAAGACAGTTG-8	CD8+ Cytotoxic T	gem_group_8
AGTGAAGAGAATAG-8	CD8+ Cytotoxic T	gem_group_8
AGTGAAGAGTACGT-8	CD14+ Monocyte	gem_group_8
AGTGACACGTCATG-8	CD56+ NK	gem_group_8
AGTGACACGTCGTA-8	CD8+/CD45RA+ Naive Cytotoxic	gem_group_8
AGTGTGACCTAAGC-8	CD8+/CD45RA+ Naive Cytotoxic	gem_group_8
AGTGTTCTAAGAAC-8	CD8+/CD45RA+ Naive Cytotoxic	gem_group_8
AGTTCTACCTGTAG-8	CD4+/CD25 T Reg	gem_group_8
AGTTCTACTTCCCG-8	CD4+/CD45RO+ Memory	gem_group_8
AGTTCTTGTTGCTT-8	CD8+ Cytotoxic T	gem_group_8
AGTTGTCTCACTAG-8	CD8+ Cytotoxic T	gem_group_8
AGTTGTCTTGCTTT-8	CD8+ Cytotoxic T	gem_group_8
AGTTTAGAAGTAGA-8	CD8+ Cytotoxic T	gem_group_8
ATAAACACCACAAC-8	CD8+ Cytotoxic T	gem_group_8
ATAAACACGGTACT-8	CD8+ Cytotoxic T	gem_group_8
ATAACCCTAGTACC-8	Dendritic	gem_group_8
ATAACCCTCCGTAA-8	CD8+ Cytotoxic T	gem_group_8
ATAAGTACATGCCA-8	CD8+/CD45RA+ Naive Cytotoxic	gem_group_8
ATAAGTACCTGAAC-8	CD8+ Cytotoxic T	gem_group_8
ATACACCTATCAGC-8	CD56+ NK	gem_group_8
ATACACCTTATTCC-8	CD4+/CD25 T Reg	gem_group_8
ATACCGGACTTAGG-8	CD4+/CD45RA+/CD25- Naive T	gem_group_8
ATACCTACCTACCC-8	CD8+/CD45RA+ Naive Cytotoxic	gem_group_8
ATACCTACGGAACG-8	CD56+ NK	gem_group_8
ATACCTACGTTGGT-8	CD8+/CD45RA+ Naive Cytotoxic	gem_group_8
ATACCTTGAAGGGC-8	CD8+/CD45RA+ Naive Cytotoxic	gem_group_8
ATACCTTGTGCTGA-8	CD19+ B	gem_group_8
ATACGGACTAGAGA-8	CD4+/CD25 T Reg	gem_group_8
ATACGTCTGTCTAG-8	CD8+ Cytotoxic T	gem_group_8
ATACGTCTTTACCT-8	CD8+ Cytotoxic T	gem_group_8
ATACTCTGCTATGG-8	CD56+ NK	gem_group_8
ATACTCTGCTGATG-8	CD8+/CD45RA+ Naive Cytotoxic	gem_group_8
ATAGCGTGATTCGG-8	CD8+ Cytotoxic T	gem_group_8
ATAGCGTGCATACG-8	CD8+/CD45RA+ Naive Cytotoxic	gem_group_8
ATAGCGTGTATTCC-8	CD8+ Cytotoxic T	gem_group_8
ATAGGAGAAACCGT-8	CD8+/CD45RA+ Naive Cytotoxic	gem_group_8
ATAGGAGAAATGCC-8	CD4+/CD25 T Reg	gem_group_8
ATAGGAGACGCAAT-8	CD19+ B	gem_group_8
ATAGGAGACTCTCG-8	CD4+/CD25 T Reg	gem_group_8
ATAGTCCTGCCAAT-8	CD19+ B	gem_group_8
ATAGTTGAAGTACC-8	CD8+ Cytotoxic T	gem_group_8
ATATACGAGACGAG-8	CD8+/CD45RA+ Naive Cytotoxic	gem_group_8
ATATACGAGTAAGA-8	CD8+/CD45RA+ Naive Cytotoxic	gem_group_8
ATATAGTGTTTGCT-8	Dendritic	gem_group_8
ATATGAACGGTGTT-8	CD4+/CD25 T Reg	gem_group_8
ATATGCCTTCGATG-8	CD19+ B	gem_group_8
ATCAAATGGAGGTG-8	CD8+ Cytotoxic T	gem_group_8
ATCAAATGTGTTTC-8	CD8+/CD45RA+ Naive Cytotoxic	gem_group_8
ATCAACCTTGCTAG-8	CD19+ B	gem_group_8
ATCACACTCGATAC-8	CD19+ B	gem_group_8
ATCACGGACTAGCA-8	CD8+ Cytotoxic T	gem_group_8
ATCACGGATCAGTG-8	CD8+ Cytotoxic T	gem_group_8
ATCACTACATGTGC-8	CD8+ Cytotoxic T	gem_group_8
ATCACTTGAACTGC-8	CD8+ Cytotoxic T	gem_group_8
ATCACTTGTGCTGA-8	CD8+ Cytotoxic T	gem_group_8
ATCAGGTGCGAATC-8	CD4+/CD25 T Reg	gem_group_8
ATCATCTGCCAACA-8	CD8+/CD45RA+ Naive Cytotoxic	gem_group_8
ATCATCTGCCTCAC-8	CD8+/CD45RA+ Naive Cytotoxic	gem_group_8
ATCATCTGTGCCAA-8	Dendritic	gem_group_8
ATCATCTGTGTGCA-8	CD56+ NK	gem_group_8
ATCATGCTATCACG-8	CD8+/CD45RA+ Naive Cytotoxic	gem_group_8
ATCCAGGAACTCAG-8	CD19+ B	gem_group_8
ATCCCGTGTGGTGT-8	CD8+ Cytotoxic T	gem_group_8
ATCCGCACGTACAC-8	CD4+/CD25 T Reg	gem_group_8
ATCCTAACTGTTCT-8	CD19+ B	gem_group_8
ATCCTAACTTGGTG-8	CD4+ T Helper2	gem_group_8
ATCGAGTGACGTAC-8	CD8+ Cytotoxic T	gem_group_8
ATCGCCACCAGAGG-8	CD8+ Cytotoxic T	gem_group_8
ATCGCCACCCTCGT-8	CD4+/CD25 T Reg	gem_group_8
ATCGCCACGGTTTG-8	CD4+/CD25 T Reg	gem_group_8
ATCGCCACTTGTGG-8	CD8+ Cytotoxic T	gem_group_8
ATCGCCTGTAAGGA-8	CD8+/CD45RA+ Naive Cytotoxic	gem_group_8
ATCGGAACAGATGA-8	CD4+/CD25 T Reg	gem_group_8
ATCGGAACCATGGT-8	CD14+ Monocyte	gem_group_8
ATCGGAACGGAGCA-8	CD14+ Monocyte	gem_group_8
ATCGGTGACCTTGC-8	CD34+	gem_group_8
ATCTACTGAGCACT-8	CD8+/CD45RA+ Naive Cytotoxic	gem_group_8
ATCTACTGTTGGCA-8	CD4+/CD25 T Reg	gem_group_8
ATCTGGGACGCATA-8	CD56+ NK	gem_group_8
ATCTTGACCTAAGC-8	CD4+/CD25 T Reg	gem_group_8
ATCTTGACTAAAGG-8	CD56+ NK	gem_group_8
ATCTTTCTACCACA-8	CD8+ Cytotoxic T	gem_group_8
ATCTTTCTACTCAG-8	CD8+ Cytotoxic T	gem_group_8
ATCTTTCTAGTTCG-8	CD8+/CD45RA+ Naive Cytotoxic	gem_group_8
ATCTTTCTATTCCT-8	Dendritic	gem_group_8
ATGAAACTTGAGAA-8	CD14+ Monocyte	gem_group_8
ATGAAGGAAGTCGT-8	CD8+/CD45RA+ Naive Cytotoxic	gem_group_8
ATGAAGGACTCCAC-8	CD4+/CD25 T Reg	gem_group_8
ATGAAGGATAGAAG-8	CD4+/CD25 T Reg	gem_group_8
ATGACGTGCTGGAT-8	CD8+ Cytotoxic T	gem_group_8
ATGACGTGGAAACA-8	CD14+ Monocyte	gem_group_8
ATGACGTGTGAACC-8	CD8+/CD45RA+ Naive Cytotoxic	gem_group_8
ATGAGAGACGTCTC-8	CD19+ B	gem_group_8
ATGAGAGACTTGTT-8	CD4+/CD25 T Reg	gem_group_8
ATGAGCACCTCTAT-8	Dendritic	gem_group_8
ATGCACGACCGTTC-8	CD8+ Cytotoxic T	gem_group_8
ATGCACGAGTACCA-8	CD8+ Cytotoxic T	gem_group_8
ATGCAGACCATTCT-8	CD8+/CD45RA+ Naive Cytotoxic	gem_group_8
ATGCAGTGAGCGGA-8	CD8+/CD45RA+ Naive Cytotoxic	gem_group_8
ATGCCAGAAGCACT-8	CD8+ Cytotoxic T	gem_group_8
ATGCCGCTGCTGAT-8	CD8+ Cytotoxic T	gem_group_8
ATGCGATGGCAGAG-8	CD8+ Cytotoxic T	gem_group_8
ATGCTTTGTCTAGG-8	CD8+ Cytotoxic T	gem_group_8
ATGCTTTGTTCCGC-8	CD56+ NK	gem_group_8
ATGGGTACAAGAAC-8	CD8+/CD45RA+ Naive Cytotoxic	gem_group_8
ATGGTGACTTGTCT-8	CD8+/CD45RA+ Naive Cytotoxic	gem_group_8
ATGTCACTGCGAAG-8	CD8+ Cytotoxic T	gem_group_8
ATTAACGAGCAGAG-8	CD56+ NK	gem_group_8
ATTAACGAGTCCTC-8	CD14+ Monocyte	gem_group_8
ATTAAGACGATAAG-8	CD8+/CD45RA+ Naive Cytotoxic	gem_group_8
ATTACCACGCTTCC-8	CD8+ Cytotoxic T	gem_group_8
ATTACCTGGACTAC-8	CD8+ Cytotoxic T	gem_group_8
ATTACCTGGCTTCC-8	CD8+/CD45RA+ Naive Cytotoxic	gem_group_8
ATTACCTGTGCGTA-8	CD14+ Monocyte	gem_group_8
ATTAGATGAAGGGC-8	CD14+ Monocyte	gem_group_8
ATTAGATGGGTGTT-8	CD8+ Cytotoxic T	gem_group_8
ATTAGTGAAGGTTC-8	CD56+ NK	gem_group_8
ATTAGTGACGACTA-8	CD8+ Cytotoxic T	gem_group_8
ATTAGTGAGTTGCA-8	CD4+/CD25 T Reg	gem_group_8
ATTATGGAGGGACA-8	CD8+/CD45RA+ Naive Cytotoxic	gem_group_8
ATTCAGCTCTAGCA-8	CD19+ B	gem_group_8
ATTCAGCTTACTGG-8	CD8+ Cytotoxic T	gem_group_8
ATTCAGCTTTGTGG-8	CD14+ Monocyte	gem_group_8
ATTCCATGACCTAG-8	CD19+ B	gem_group_8
ATTCGGGAACTACG-8	CD19+ B	gem_group_8
ATTCTGACACTCAG-8	CD8+/CD45RA+ Naive Cytotoxic	gem_group_8
ATTGAAACACCAGT-8	CD4+/CD25 T Reg	gem_group_8
ATTGAAACCGTAGT-8	CD4+/CD25 T Reg	gem_group_8
ATTGAAACCTTACT-8	CD56+ NK	gem_group_8
ATTGATGACTCCCA-8	CD8+/CD45RA+ Naive Cytotoxic	gem_group_8
ATTGCTACGGCGAA-8	CD4+/CD25 T Reg	gem_group_8
ATTGGTCTAGGGTG-8	CD8+/CD45RA+ Naive Cytotoxic	gem_group_8
ATTGGTCTTAAAGG-8	CD19+ B	gem_group_8
ATTGGTCTTATCTC-8	CD56+ NK	gem_group_8
ATTGTCTGAGGTCT-8	CD8+ Cytotoxic T	gem_group_8
ATTGTCTGCAAGCT-8	CD8+ Cytotoxic T	gem_group_8
ATTTAGGAGAGACG-8	CD8+ Cytotoxic T	gem_group_8
ATTTAGGAGATAGA-8	CD4+/CD25 T Reg	gem_group_8
ATTTAGGATGCACA-8	CD4+/CD45RO+ Memory	gem_group_8
ATTTCCGACTCTAT-8	CD8+/CD45RA+ Naive Cytotoxic	gem_group_8
ATTTCGTGCGAGAG-8	CD4+/CD25 T Reg	gem_group_8
ATTTCTCTCTACGA-8	Dendritic	gem_group_8
ATTTCTCTCTGAGT-8	CD8+ Cytotoxic T	gem_group_8
ATTTCTCTGGGACA-8	CD19+ B	gem_group_8
CAAACTCTCCTAAG-8	CD19+ B	gem_group_8
CAAAGCACCATGAC-8	CD8+/CD45RA+ Naive Cytotoxic	gem_group_8
CAAAGCACGAAACA-8	CD8+ Cytotoxic T	gem_group_8
CAAAGCACTAAGGA-8	CD8+ Cytotoxic T	gem_group_8
CAACCAGATCTCGC-8	Dendritic	gem_group_8
CAACGATGCATACG-8	CD8+/CD45RA+ Naive Cytotoxic	gem_group_8
CAACGATGGGGATG-8	CD4+/CD25 T Reg	gem_group_8
CAACGTGACATGGT-8	CD8+ Cytotoxic T	gem_group_8
CAACGTGACCTATT-8	CD56+ NK	gem_group_8
CAACGTGACTGAAC-8	CD56+ NK	gem_group_8
CAACTTTGTCGTTT-8	CD4+/CD45RO+ Memory	gem_group_8
CAAGAAGAATCGTG-8	CD8+ Cytotoxic T	gem_group_8
CAAGACACACACCA-8	CD4+/CD25 T Reg	gem_group_8
CAAGACACTCTTTG-8	CD8+ Cytotoxic T	gem_group_8
CAAGACTGAGAATG-8	CD8+/CD45RA+ Naive Cytotoxic	gem_group_8
CAAGCATGGAGCAG-8	CD14+ Monocyte	gem_group_8
CAAGCCCTTTGTCT-8	CD56+ NK	gem_group_8
CAAGTCGACTTGAG-8	CD8+ Cytotoxic T	gem_group_8
CAAGTCGATTCTTG-8	CD19+ B	gem_group_8
CAATAAACCCGATA-8	CD8+/CD45RA+ Naive Cytotoxic	gem_group_8
CAATCGGATTACCT-8	CD4+/CD25 T Reg	gem_group_8
CAATCGGATTTACC-8	CD4+/CD45RO+ Memory	gem_group_8
CAATGGACAAGCAA-8	CD8+ Cytotoxic T	gem_group_8
CAATGGACATGTGC-8	CD4+/CD25 T Reg	gem_group_8
CAATTCACACACTG-8	CD8+/CD45RA+ Naive Cytotoxic	gem_group_8
CACACCTGTATCTC-8	CD4+/CD25 T Reg	gem_group_8
CACAGAACCGTAAC-8	CD19+ B	gem_group_8
CACAGATGGCGGAA-8	CD4+/CD25 T Reg	gem_group_8
CACAGCCTGCTTAG-8	CD8+ Cytotoxic T	gem_group_8
CACAGCCTGTTCTT-8	CD4+/CD25 T Reg	gem_group_8
CACAGCCTTCAAGC-8	CD8+ Cytotoxic T	gem_group_8
CACAGTGATGCTAG-8	CD19+ B	gem_group_8
CACCGGGAGTCATG-8	CD8+ Cytotoxic T	gem_group_8
CACCGGGATTCACT-8	CD8+ Cytotoxic T	gem_group_8
CACCGTACCGTAGT-8	CD8+/CD45RA+ Naive Cytotoxic	gem_group_8
CACCGTACCTGCTC-8	CD8+ Cytotoxic T	gem_group_8
CACCGTACTCAAGC-8	CD4+/CD25 T Reg	gem_group_8
CACCGTTGATGCTG-8	CD8+/CD45RA+ Naive Cytotoxic	gem_group_8
CACCTGACCCTCAC-8	CD8+ Cytotoxic T	gem_group_8
CACGAAACTCCTTA-8	CD8+ Cytotoxic T	gem_group_8
CACGCTACGGAACG-8	CD19+ B	gem_group_8
CACGGGACGAGAGC-8	CD8+ Cytotoxic T	gem_group_8
CACGGGTGAGCCAT-8	CD4+/CD25 T Reg	gem_group_8
CACTAACTAAGGCG-8	CD8+ Cytotoxic T	gem_group_8
CACTAACTCGACTA-8	CD8+ Cytotoxic T	gem_group_8
CACTATACAAACAG-8	CD4+/CD25 T Reg	gem_group_8
CACTCCGAAGCTCA-8	CD56+ NK	gem_group_8
CACTCCGAGCGTTA-8	CD8+ Cytotoxic T	gem_group_8
CACTCTCTAGTACC-8	CD19+ B	gem_group_8
CACTGAGAAGGTCT-8	CD14+ Monocyte	gem_group_8
CACTGAGACTGATG-8	CD4+/CD25 T Reg	gem_group_8
CACTGAGATAGCCA-8	CD14+ Monocyte	gem_group_8
CACTGCACCTGAGT-8	CD8+ Cytotoxic T	gem_group_8
CACTTAACCCTGAA-8	CD19+ B	gem_group_8
CAGAAGCTAGCATC-8	CD14+ Monocyte	gem_group_8
CAGAAGCTAGTCAC-8	CD8+ Cytotoxic T	gem_group_8
CAGAAGCTCTAAGC-8	CD8+/CD45RA+ Naive Cytotoxic	gem_group_8
CAGACAACCCTATT-8	CD8+/CD45RA+ Naive Cytotoxic	gem_group_8
CAGACAACTCCAGA-8	CD4+/CD45RO+ Memory	gem_group_8
CAGACCCTACTCTT-8	CD8+ Cytotoxic T	gem_group_8
CAGACCCTGGATCT-8	CD4+/CD25 T Reg	gem_group_8
CAGACTGAGTACAC-8	CD56+ NK	gem_group_8
CAGAGGGAACACAC-8	CD8+ Cytotoxic T	gem_group_8
CAGATCGAAAGAGT-8	CD8+/CD45RA+ Naive Cytotoxic	gem_group_8
CAGATCGACATTTC-8	CD14+ Monocyte	gem_group_8
CAGATCGATTGACG-8	CD8+ Cytotoxic T	gem_group_8
CAGATGACATGCCA-8	CD19+ B	gem_group_8
CAGATGACTCTATC-8	CD8+ Cytotoxic T	gem_group_8
CAGCCTACCCCAAA-8	CD8+/CD45RA+ Naive Cytotoxic	gem_group_8
CAGCGTCTGTTCAG-8	CD4+/CD25 T Reg	gem_group_8
CAGCTCACTGACCA-8	CD8+ Cytotoxic T	gem_group_8
CAGCTCTGGAAAGT-8	CD56+ NK	gem_group_8
CAGGAACTGCGAGA-8	CD4+/CD45RA+/CD25- Naive T	gem_group_8
CAGGCCGAGTGTTG-8	CD8+/CD45RA+ Naive Cytotoxic	gem_group_8
CAGGTATGGTCCTC-8	CD8+ Cytotoxic T	gem_group_8
CAGTGTGACAGCTA-8	CD8+/CD45RA+ Naive Cytotoxic	gem_group_8
CATAAAACAACTGC-8	CD34+	gem_group_8
CATAAATGCAAAGA-8	CD8+ Cytotoxic T	gem_group_8
CATAACCTGTACCA-8	CD8+ Cytotoxic T	gem_group_8
CATAGTCTAATGCC-8	CD8+ Cytotoxic T	gem_group_8
CATAGTCTGGTGTT-8	CD8+ Cytotoxic T	gem_group_8
CATCAACTACGACT-8	CD8+/CD45RA+ Naive Cytotoxic	gem_group_8
CATCAACTCAGTTG-8	CD19+ B	gem_group_8
CATCAGGAACTGGT-8	CD4+/CD45RO+ Memory	gem_group_8
CATCAGGATCTACT-8	CD8+/CD45RA+ Naive Cytotoxic	gem_group_8
CATCATACAGCTCA-8	CD4+/CD45RA+/CD25- Naive T	gem_group_8
CATCATACTAAGCC-8	CD8+ Cytotoxic T	gem_group_8
CATCCCGAGAAACA-8	CD8+ Cytotoxic T	gem_group_8
CATCGCTGCTCGCT-8	CD8+/CD45RA+ Naive Cytotoxic	gem_group_8
CATCTTGAAAAGTG-8	CD8+/CD45RA+ Naive Cytotoxic	gem_group_8
CATGAGACGTCTTT-8	CD8+ Cytotoxic T	gem_group_8
CATGCGCTTGTCGA-8	CD8+ Cytotoxic T	gem_group_8
CATGCGCTTGTTTC-8	CD8+ Cytotoxic T	gem_group_8
CATGGATGAAGTAG-8	CD8+ Cytotoxic T	gem_group_8
CATGGCCTTTGACG-8	CD8+/CD45RA+ Naive Cytotoxic	gem_group_8
CATGTACTCTGTAG-8	CD8+ Cytotoxic T	gem_group_8
CATGTACTTCGCAA-8	CD19+ B	gem_group_8
CATGTTTGGTAAAG-8	CD8+ Cytotoxic T	gem_group_8
CATGTTTGTCGTAG-8	CD8+ Cytotoxic T	gem_group_8
CATTAGCTCCTCGT-8	CD8+ Cytotoxic T	gem_group_8
CATTGACTAACCGT-8	CD56+ NK	gem_group_8
CATTGACTTAAAGG-8	CD8+ Cytotoxic T	gem_group_8
CATTGACTTTGCAG-8	CD8+/CD45RA+ Naive Cytotoxic	gem_group_8
CATTGGGAATGACC-8	CD19+ B	gem_group_8
CATTGGGATGCATG-8	CD8+/CD45RA+ Naive Cytotoxic	gem_group_8
CATTGTTGACGGGA-8	CD14+ Monocyte	gem_group_8
CATTGTTGCACAAC-8	CD8+ Cytotoxic T	gem_group_8
CATTGTTGCCCTTG-8	CD4+/CD45RO+ Memory	gem_group_8
CATTTCGAAGTCAC-8	CD8+ Cytotoxic T	gem_group_8
CATTTGTGTGGTTG-8	CD8+/CD45RA+ Naive Cytotoxic	gem_group_8
CCAAAGTGCAATCG-8	CD4+/CD25 T Reg	gem_group_8
CCAAGAACAGTCGT-8	CD8+/CD45RA+ Naive Cytotoxic	gem_group_8
CCAATGGATTGAGC-8	CD8+ Cytotoxic T	gem_group_8
CCAATTTGAAGAAC-8	CD8+ Cytotoxic T	gem_group_8
CCAATTTGATTTCC-8	CD4+/CD25 T Reg	gem_group_8
CCACCATGCCCAAA-8	CD4+/CD25 T Reg	gem_group_8
CCACGGGATTACTC-8	CD4+/CD25 T Reg	gem_group_8
CCACTGACAGGGTG-8	CD56+ NK	gem_group_8
CCACTGACGTAGGG-8	CD8+ Cytotoxic T	gem_group_8
CCACTGTGGGAACG-8	CD8+ Cytotoxic T	gem_group_8
CCAGACCTTGGTTG-8	CD8+/CD45RA+ Naive Cytotoxic	gem_group_8
CCAGATGAGGGCAA-8	CD4+/CD45RA+/CD25- Naive T	gem_group_8
CCAGATGAGGTTCA-8	CD56+ NK	gem_group_8
CCAGATGATAGACC-8	CD4+/CD25 T Reg	gem_group_8
CCAGCACTAACCAC-8	CD8+ Cytotoxic T	gem_group_8
CCAGCTACTGAAGA-8	CD8+ Cytotoxic T	gem_group_8
CCAGGTCTGCGTAT-8	CD8+/CD45RA+ Naive Cytotoxic	gem_group_8
CCAGGTCTGGATTC-8	CD4+/CD25 T Reg	gem_group_8
CCAGGTCTTGGTCA-8	CD4+/CD25 T Reg	gem_group_8
CCAGTCACACGTAC-8	CD56+ NK	gem_group_8
CCAGTGCTTCCAAG-8	CD8+ Cytotoxic T	gem_group_8
CCATAGGACGACAT-8	CD56+ NK	gem_group_8
CCATATACACCAGT-8	CD4+/CD45RO+ Memory	gem_group_8
CCATATACTCTTTG-8	CD8+/CD45RA+ Naive Cytotoxic	gem_group_8
CCATCGTGGGACGA-8	CD8+ Cytotoxic T	gem_group_8
CCATTAACGGGATG-8	CD8+ Cytotoxic T	gem_group_8
CCATTAACGTCAAC-8	CD8+/CD45RA+ Naive Cytotoxic	gem_group_8
CCCAAAGACTAGCA-8	CD19+ B	gem_group_8
CCCAAAGACTAGTG-8	CD8+/CD45RA+ Naive Cytotoxic	gem_group_8
CCCAAAGATTCTAC-8	CD8+ Cytotoxic T	gem_group_8
CCCAACACGCGTTA-8	CD8+/CD45RA+ Naive Cytotoxic	gem_group_8
CCCAACTGCCACCT-8	CD56+ NK	gem_group_8
CCCAACTGGCTGTA-8	CD19+ B	gem_group_8
CCCAGACTATCTTC-8	CD8+ Cytotoxic T	gem_group_8
CCCAGTTGAACGGG-8	CD4+/CD45RA+/CD25- Naive T	gem_group_8
CCCAGTTGTAACCG-8	CD8+ Cytotoxic T	gem_group_8
CCCATCGAAAGCAA-8	CD4+/CD45RO+ Memory	gem_group_8
CCCATCGAAGCCTA-8	Dendritic	gem_group_8
CCCGAACTGCTCCT-8	CD8+/CD45RA+ Naive Cytotoxic	gem_group_8
CCCGAACTTTATCC-8	CD8+ Cytotoxic T	gem_group_8
CCCGATTGATTGGC-8	Dendritic	gem_group_8
CCCGATTGCTAAGC-8	CD56+ NK	gem_group_8
CCCTCAGATGACAC-8	CD4+/CD45RO+ Memory	gem_group_8
CCCTGAACCGTGAT-8	CD56+ NK	gem_group_8
CCCTGAACCTCCCA-8	CD19+ B	gem_group_8
CCCTGAACTCCAAG-8	CD8+/CD45RA+ Naive Cytotoxic	gem_group_8
CCCTGATGCCCAAA-8	CD8+/CD45RA+ Naive Cytotoxic	gem_group_8
CCCTTACTCTGTAG-8	CD8+/CD45RA+ Naive Cytotoxic	gem_group_8
CCGACACTGACAAA-8	CD4+/CD45RO+ Memory	gem_group_8
CCGATAGAGGGACA-8	CD8+ Cytotoxic T	gem_group_8
CCGATAGATTTACC-8	CD4+/CD25 T Reg	gem_group_8
CCGGAGACTGTCTT-8	CD14+ Monocyte	gem_group_8
CCGGAGTGCGCTAA-8	CD8+ Cytotoxic T	gem_group_8
CCGTAAGATTCTGT-8	CD8+ Cytotoxic T	gem_group_8
CCGTACACAACAGA-8	CD14+ Monocyte	gem_group_8
CCTAAACTCGTCTC-8	CD4+/CD25 T Reg	gem_group_8
CCTAAACTCTGACA-8	CD8+/CD45RA+ Naive Cytotoxic	gem_group_8
CCTAAGGAGGATCT-8	CD8+ Cytotoxic T	gem_group_8
CCTACCGATGTGCA-8	CD8+ Cytotoxic T	gem_group_8
CCTAGAGAACGCTA-8	CD4+/CD25 T Reg	gem_group_8
CCTAGAGAATGTCG-8	CD34+	gem_group_8
CCTAGAGACCAAGT-8	Dendritic	gem_group_8
CCTAGAGATGACCA-8	CD19+ B	gem_group_8
CCTCATCTTCTTAC-8	CD19+ B	gem_group_8
CCTCGAACACTAGC-8	CD8+ Cytotoxic T	gem_group_8
CCTCTACTCCATAG-8	CD56+ NK	gem_group_8
CCTGCAACCTTACT-8	CD8+ Cytotoxic T	gem_group_8
CCTGCAACGTCTAG-8	CD8+ Cytotoxic T	gem_group_8
CCTTAATGAGCACT-8	CD34+	gem_group_8
CCTTCACTCCGTAA-8	CD56+ NK	gem_group_8
CCTTTAGAAATCGC-8	CD8+ Cytotoxic T	gem_group_8
CCTTTAGATCCCAC-8	CD19+ B	gem_group_8
CGAACATGTTTACC-8	CD8+ Cytotoxic T	gem_group_8
CGAAGACTAGATGA-8	CD19+ B	gem_group_8
CGAAGGGAAACCAC-8	CD8+ Cytotoxic T	gem_group_8
CGAAGGGACGTCTC-8	CD8+/CD45RA+ Naive Cytotoxic	gem_group_8
CGACAAACCGCTAA-8	CD4+/CD45RO+ Memory	gem_group_8
CGACAAACTCTCGC-8	CD8+ Cytotoxic T	gem_group_8
CGACCACTAGTAGA-8	CD19+ B	gem_group_8
CGACCGGAATGTCG-8	CD8+/CD45RA+ Naive Cytotoxic	gem_group_8
CGACCGGATCTATC-8	CD8+/CD45RA+ Naive Cytotoxic	gem_group_8
CGACCTACCTATTC-8	CD8+/CD45RA+ Naive Cytotoxic	gem_group_8
CGACGTCTTGGTGT-8	CD4+/CD25 T Reg	gem_group_8
CGACTCACCTAAGC-8	CD8+ Cytotoxic T	gem_group_8
CGACTCTGTCAAGC-8	CD19+ B	gem_group_8
CGACTCTGTTCATC-8	CD4+/CD25 T Reg	gem_group_8
CGAGAACTAGCCAT-8	CD8+ Cytotoxic T	gem_group_8
CGAGAACTGGCATT-8	CD4+/CD25 T Reg	gem_group_8
CGAGAACTTCCTGC-8	CD8+/CD45RA+ Naive Cytotoxic	gem_group_8
CGAGCCGACGTAAC-8	CD4+/CD25 T Reg	gem_group_8
CGAGCCGATTGGTG-8	CD8+/CD45RA+ Naive Cytotoxic	gem_group_8
CGAGCGTGATGCCA-8	CD19+ B	gem_group_8
CGAGCGTGCCTCCA-8	CD8+/CD45RA+ Naive Cytotoxic	gem_group_8
CGAGCGTGCGTTGA-8	CD56+ NK	gem_group_8
CGAGGAGAGGTCAT-8	CD4+/CD25 T Reg	gem_group_8
CGAGGCACAGTCTG-8	CD4+/CD45RA+/CD25- Naive T	gem_group_8
CGAGGCTGCGGTAT-8	CD4+/CD45RO+ Memory	gem_group_8
CGAGGCTGCTATGG-8	CD19+ B	gem_group_8
CGAGGCTGCTATTC-8	CD4+/CD25 T Reg	gem_group_8
CGAGGGCTAGATCC-8	CD8+/CD45RA+ Naive Cytotoxic	gem_group_8
CGAGGGCTCTACTT-8	CD8+ Cytotoxic T	gem_group_8
CGAGGGCTTATGGC-8	CD14+ Monocyte	gem_group_8
CGAGTATGCCTTTA-8	CD14+ Monocyte	gem_group_8
CGATCCACCACTCC-8	CD4+/CD45RO+ Memory	gem_group_8
CGATCCACTGACTG-8	CD8+/CD45RA+ Naive Cytotoxic	gem_group_8
CGCAAATGACACGT-8	CD19+ B	gem_group_8
CGCAAATGCGACAT-8	CD8+/CD45RA+ Naive Cytotoxic	gem_group_8
CGCACGGAGCTTCC-8	CD8+/CD45RA+ Naive Cytotoxic	gem_group_8
CGCACTTGAGCGGA-8	CD4+/CD25 T Reg	gem_group_8
CGCACTTGCCTACC-8	CD4+/CD25 T Reg	gem_group_8
CGCAGGACCTCAGA-8	CD8+/CD45RA+ Naive Cytotoxic	gem_group_8
CGCCATACCAGCTA-8	CD8+ Cytotoxic T	gem_group_8
CGCCATACTTGTCT-8	CD56+ NK	gem_group_8
CGCCGAGAGAATAG-8	CD19+ B	gem_group_8
CGCCGAGATTCTAC-8	CD8+ Cytotoxic T	gem_group_8
CGCCTAACACTTTC-8	CD56+ NK	gem_group_8
CGCCTAACCACCAA-8	CD8+ Cytotoxic T	gem_group_8
CGCCTAACGTCGTA-8	CD8+ Cytotoxic T	gem_group_8
CGCCTAACTCCCAC-8	CD56+ NK	gem_group_8
CGCTACTGCCACCT-8	CD8+ Cytotoxic T	gem_group_8
CGCTCATGCTGTGA-8	CD8+/CD45RA+ Naive Cytotoxic	gem_group_8
CGGACTCTATTCCT-8	CD19+ B	gem_group_8
CGGATAACGAGGTG-8	CD8+ Cytotoxic T	gem_group_8
CGGATATGAAGGGC-8	CD4+/CD25 T Reg	gem_group_8
CGGATATGAAGTGA-8	CD8+ Cytotoxic T	gem_group_8
CGGCACGACGTTGA-8	CD56+ NK	gem_group_8
CGGCGAACAATCGC-8	CD19+ B	gem_group_8
CGGCGAACCGATAC-8	CD19+ B	gem_group_8
CGGCGAACCTACGA-8	CD8+/CD45RA+ Naive Cytotoxic	gem_group_8
CGGCGAACCTGCTC-8	CD8+/CD45RA+ Naive Cytotoxic	gem_group_8
CGGCGAACGCTTAG-8	CD8+ Cytotoxic T	gem_group_8
CGGGCATGCACTCC-8	CD8+ Cytotoxic T	gem_group_8
CGGGCATGGACGTT-8	CD8+ Cytotoxic T	gem_group_8
CGGTAAACGTTGGT-8	CD4+/CD45RO+ Memory	gem_group_8
CGGTACCTTCTATC-8	CD8+/CD45RA+ Naive Cytotoxic	gem_group_8
CGGTCACTTCTCAT-8	CD4+/CD25 T Reg	gem_group_8
CGTACAGATTCGCC-8	CD8+/CD45RA+ Naive Cytotoxic	gem_group_8
CGTACCTGGTACGT-8	CD8+/CD45RA+ Naive Cytotoxic	gem_group_8
CGTACCTGTTCGTT-8	CD8+ Cytotoxic T	gem_group_8
CGTAGCCTCGCATA-8	CD4+/CD25 T Reg	gem_group_8
CGTCCAACCCAAGT-8	CD4+/CD45RA+/CD25- Naive T	gem_group_8
CGTCCATGCCTATT-8	CD8+ Cytotoxic T	gem_group_8
CGTCCATGTTCGCC-8	CD34+	gem_group_8
CGTCGACTCTGATG-8	CD4+/CD25 T Reg	gem_group_8
CGTGTAGAGCGAGA-8	CD8+ Cytotoxic T	gem_group_8
CGTTTAACATTTCC-8	Dendritic	gem_group_8
CTAAACCTCATTCT-8	CD8+ Cytotoxic T	gem_group_8
CTAAACCTGGATCT-8	CD8+/CD45RA+ Naive Cytotoxic	gem_group_8
CTAACGGAAAAGCA-8	CD8+ Cytotoxic T	gem_group_8
CTAAGGACTGACAC-8	CD4+/CD25 T Reg	gem_group_8
CTAAGGTGATCACG-8	CD56+ NK	gem_group_8
CTAAGGTGCGTAGT-8	CD8+/CD45RA+ Naive Cytotoxic	gem_group_8
CTAATGCTGCCTTC-8	CD56+ NK	gem_group_8
CTAATGCTGGGCAA-8	CD8+/CD45RA+ Naive Cytotoxic	gem_group_8
CTACAACTCTTGAG-8	CD8+/CD45RA+ Naive Cytotoxic	gem_group_8
CTACCTCTCCATAG-8	CD4+/CD25 T Reg	gem_group_8
CTACGCACCAGAGG-8	CD4+/CD45RA+/CD25- Naive T	gem_group_8
CTACGCACTGAACC-8	CD8+/CD45RA+ Naive Cytotoxic	gem_group_8
CTACGGCTTGGTGT-8	CD8+/CD45RA+ Naive Cytotoxic	gem_group_8
CTAGAGACGCTTAG-8	CD4+/CD25 T Reg	gem_group_8
CTAGGCCTGTTACG-8	CD56+ NK	gem_group_8
CTAGGCCTTAACCG-8	CD8+/CD45RA+ Naive Cytotoxic	gem_group_8
CTAGGTGATGTCAG-8	CD8+ Cytotoxic T	gem_group_8
CTAGTTTGAGCGGA-8	CD8+/CD45RA+ Naive Cytotoxic	gem_group_8
CTAGTTTGATTCGG-8	CD8+ Cytotoxic T	gem_group_8
CTATAAGAGGTACT-8	CD8+ Cytotoxic T	gem_group_8
CTATAAGATGACAC-8	CD8+/CD45RA+ Naive Cytotoxic	gem_group_8
CTATACTGGGACTT-8	CD8+ Cytotoxic T	gem_group_8
CTATACTGTAGCGT-8	CD8+ Cytotoxic T	gem_group_8
CTATAGCTAACAGA-8	CD4+/CD25 T Reg	gem_group_8
CTATCAACTGCATG-8	CD8+/CD45RA+ Naive Cytotoxic	gem_group_8
CTATCATGACAGCT-8	CD8+/CD45RA+ Naive Cytotoxic	gem_group_8
CTATCATGGACGTT-8	CD56+ NK	gem_group_8
CTATCCCTATCTCT-8	CD19+ B	gem_group_8
CTATCCCTGGTTTG-8	CD8+ Cytotoxic T	gem_group_8
CTATCCCTTCTAGG-8	CD19+ B	gem_group_8
CTATGACTCAGTCA-8	CD56+ NK	gem_group_8
CTATTGACTTTGCT-8	CD8+ Cytotoxic T	gem_group_8
CTCAATTGTTGCGA-8	CD19+ B	gem_group_8
CTCAGAGACACACA-8	CD8+ Cytotoxic T	gem_group_8
CTCAGCACTGCCTC-8	CD19+ B	gem_group_8
CTCAGCACTTTCGT-8	CD8+/CD45RA+ Naive Cytotoxic	gem_group_8
CTCAGCTGGGATTC-8	CD8+ Cytotoxic T	gem_group_8
CTCCATCTCTTGAG-8	CD8+/CD45RA+ Naive Cytotoxic	gem_group_8
CTCGAAGACAGTTG-8	CD34+	gem_group_8
CTCGACACCGCCTT-8	CD8+ Cytotoxic T	gem_group_8
CTCGACACGCGAAG-8	CD8+ Cytotoxic T	gem_group_8
CTCGAGCTACACGT-8	CD8+ Cytotoxic T	gem_group_8
CTCGCATGTGACTG-8	CD8+/CD45RA+ Naive Cytotoxic	gem_group_8
CTCTAAACTGAAGA-8	CD8+/CD45RA+ Naive Cytotoxic	gem_group_8
CTCTAAACTGCTAG-8	CD8+ Cytotoxic T	gem_group_8
CTGAAGTGCCTTTA-8	Dendritic	gem_group_8
CTGAAGTGGTTCAG-8	CD8+/CD45RA+ Naive Cytotoxic	gem_group_8
CTGAATCTATGCTG-8	CD8+ Cytotoxic T	gem_group_8
CTGAATCTTCCTAT-8	Dendritic	gem_group_8
CTGAATCTTCTCTA-8	CD19+ B	gem_group_8
CTGACCACTGCTAG-8	CD8+/CD45RA+ Naive Cytotoxic	gem_group_8
CTGAGAACGAAGGC-8	CD8+/CD45RA+ Naive Cytotoxic	gem_group_8
CTGAGCCTTCTCCG-8	CD8+ Cytotoxic T	gem_group_8
CTGATGGACTCATT-8	CD4+/CD45RO+ Memory	gem_group_8
CTGATTTGGAACTC-8	CD8+/CD45RA+ Naive Cytotoxic	gem_group_8
CTGCAGCTCCCTTG-8	CD56+ NK	gem_group_8
CTGCCAACGTGAGG-8	CD4+/CD45RA+/CD25- Naive T	gem_group_8
CTGCCAACTTGCAG-8	CD8+ Cytotoxic T	gem_group_8
CTGCGACTAAACAG-8	CD56+ NK	gem_group_8
CTGCGACTGGACAG-8	CD8+ Cytotoxic T	gem_group_8
CTGGAAACAACAGA-8	CD8+/CD45RA+ Naive Cytotoxic	gem_group_8
CTGGATGATGACAC-8	CD8+ Cytotoxic T	gem_group_8
CTGTAACTCTGTTT-8	CD4+/CD45RA+/CD25- Naive T	gem_group_8
CTGTAACTTGCATG-8	CD8+ Cytotoxic T	gem_group_8
CTGTATACAGTTCG-8	CD8+ Cytotoxic T	gem_group_8
CTGTATACCCAGTA-8	CD8+ Cytotoxic T	gem_group_8
CTGTATACCCTTAT-8	CD19+ B	gem_group_8
CTGTATACTGACCA-8	CD56+ NK	gem_group_8
CTTACATGACTGGT-8	CD4+/CD25 T Reg	gem_group_8
CTTACATGTGTCAG-8	CD8+ Cytotoxic T	gem_group_8
CTTAGGGAACGACT-8	CD8+/CD45RA+ Naive Cytotoxic	gem_group_8
CTTATCGACGCATA-8	CD19+ B	gem_group_8
CTTATCGAGGAACG-8	Dendritic	gem_group_8
CTTATCGATGTTTC-8	CD8+/CD45RA+ Naive Cytotoxic	gem_group_8
CTTCATGAGGCATT-8	CD4+/CD25 T Reg	gem_group_8
CTTCATGAGTGAGG-8	CD4+/CD25 T Reg	gem_group_8
CTTCTAGAAAGAGT-8	CD8+ Cytotoxic T	gem_group_8
CTTCTAGAGGTAGG-8	CD4+/CD25 T Reg	gem_group_8
CTTGAGGAAGTTCG-8	CD34+	gem_group_8
CTTGATTGTCAGGT-8	CD56+ NK	gem_group_8
CTTTAGACACACAC-8	CD14+ Monocyte	gem_group_8
GAAACAGACAATCG-8	CD8+ Cytotoxic T	gem_group_8
GAAACAGATGTGGT-8	CD8+ Cytotoxic T	gem_group_8
GAAACCTGAGATGA-8	CD8+/CD45RA+ Naive Cytotoxic	gem_group_8
GAAACCTGTTCTAC-8	CD4+/CD25 T Reg	gem_group_8
GAAAGATGGCGGAA-8	CD8+ Cytotoxic T	gem_group_8
GAAAGATGGTCTAG-8	CD4+/CD45RA+/CD25- Naive T	gem_group_8
GAAAGATGTGCAGT-8	CD19+ B	gem_group_8
GAAAGTGAAGCTCA-8	CD56+ NK	gem_group_8
GAACCAACAACAGA-8	CD4+/CD25 T Reg	gem_group_8
GAACCAACTCGTAG-8	CD4+/CD25 T Reg	gem_group_8
GAACGGGATAGCGT-8	CD8+/CD45RA+ Naive Cytotoxic	gem_group_8
GAACGGGATGCATG-8	CD8+ Cytotoxic T	gem_group_8
GAACGGGATTTCGT-8	CD8+/CD45RA+ Naive Cytotoxic	gem_group_8
GAACTGTGTTCTGT-8	CD19+ B	gem_group_8
GAAGAATGCATGCA-8	CD4+/CD25 T Reg	gem_group_8
GAAGGTCTCCGAAT-8	CD8+/CD45RA+ Naive Cytotoxic	gem_group_8
GAAGTAGAGATGAA-8	CD8+ Cytotoxic T	gem_group_8
GAAGTAGATGCATG-8	CD8+/CD45RA+ Naive Cytotoxic	gem_group_8
GAAGTGCTTATCTC-8	CD8+ Cytotoxic T	gem_group_8
GAAGTGCTTTCGCC-8	CD56+ NK	gem_group_8
GAATGGCTCGTGAT-8	CD8+/CD45RA+ Naive Cytotoxic	gem_group_8
GACAACTGTTCACT-8	CD8+/CD45RA+ Naive Cytotoxic	gem_group_8
GACCAAACACTAGC-8	CD8+/CD45RA+ Naive Cytotoxic	gem_group_8
GACCAAACTAACGC-8	CD19+ B	gem_group_8
GACCATGAAAAAGC-8	CD4+/CD45RO+ Memory	gem_group_8
GACCATGAATTTCC-8	CD56+ NK	gem_group_8
GACCATGACCTCCA-8	CD8+ Cytotoxic T	gem_group_8
GACCATGATCCTCG-8	CD19+ B	gem_group_8
GACCTAGACCTAAG-8	CD4+/CD25 T Reg	gem_group_8
GACCTCACTTCGGA-8	CD8+ Cytotoxic T	gem_group_8
GACCTCTGATTGGC-8	CD8+ Cytotoxic T	gem_group_8
GACGAACTCCATGA-8	CD8+ Cytotoxic T	gem_group_8
GACGAGGATCTTCA-8	CD8+/CD45RA+ Naive Cytotoxic	gem_group_8
GACGAGGATTCTCA-8	CD14+ Monocyte	gem_group_8
GACGCTCTAGGCGA-8	CD34+	gem_group_8
GACGGCACACGTAC-8	CD8+ Cytotoxic T	gem_group_8
GACGGCACAGTACC-8	CD56+ NK	gem_group_8
GACGTATGTCTATC-8	Dendritic	gem_group_8
GACGTATGTGAGAA-8	CD56+ NK	gem_group_8
GACTACGAACCCTC-8	CD8+ Cytotoxic T	gem_group_8
GACTCCTGGACAGG-8	CD56+ NK	gem_group_8
GACTGAACCCCTCA-8	CD8+/CD45RA+ Naive Cytotoxic	gem_group_8
GACTGAACCCGATA-8	CD8+ Cytotoxic T	gem_group_8
GACTGTGAGTGTAC-8	CD56+ NK	gem_group_8
GAGAAATGCGTTGA-8	CD8+/CD45RA+ Naive Cytotoxic	gem_group_8
GAGAGGTGCGACAT-8	CD8+ Cytotoxic T	gem_group_8
GAGATAGAGCAGTT-8	CD56+ NK	gem_group_8
GAGATCACACCATG-8	CD8+ Cytotoxic T	gem_group_8
GAGATCACTGGTGT-8	CD8+ Cytotoxic T	gem_group_8
GAGATGCTTGAGGG-8	Dendritic	gem_group_8
GAGCAACTGAAACA-8	CD8+ Cytotoxic T	gem_group_8
GAGCAACTGTAAGA-8	CD14+ Monocyte	gem_group_8
GAGCATACCCTCGT-8	CD8+ Cytotoxic T	gem_group_8
GAGCATACGAACCT-8	CD8+ Cytotoxic T	gem_group_8
GAGCATACGTTGTG-8	CD4+/CD45RA+/CD25- Naive T	gem_group_8
GAGCGAGATGCAAC-8	CD14+ Monocyte	gem_group_8
GAGCGGCTAAAGCA-8	CD19+ B	gem_group_8
GAGCTCCTAGCCAT-8	CD8+ Cytotoxic T	gem_group_8
GAGCTCCTGAGGGT-8	CD4+/CD45RA+/CD25- Naive T	gem_group_8
GAGCTCCTGCTAAC-8	CD8+ Cytotoxic T	gem_group_8
GAGCTCCTTGTGGT-8	CD14+ Monocyte	gem_group_8
GAGGACGAGGAGTG-8	Dendritic	gem_group_8
GAGGACGATACTTC-8	CD8+ Cytotoxic T	gem_group_8
GAGGATCTAAGTAG-8	CD8+ Cytotoxic T	gem_group_8
GAGGCAGACTGTCC-8	CD19+ B	gem_group_8
GAGGCAGATTCACT-8	Dendritic	gem_group_8
GAGGGAACAGAAGT-8	CD8+ Cytotoxic T	gem_group_8
GAGGGAACCCCGTT-8	CD34+	gem_group_8
GAGGGATGACCTTT-8	CD19+ B	gem_group_8
GAGGGATGGCTTAG-8	CD8+ Cytotoxic T	gem_group_8
GAGGGCCTGCCCTT-8	CD4+/CD25 T Reg	gem_group_8
GAGGGCCTTGAGAA-8	CD8+ Cytotoxic T	gem_group_8
GAGGTACTTTAGGC-8	CD56+ NK	gem_group_8
GAGGTGGACTCAGA-8	CD8+ Cytotoxic T	gem_group_8
GAGTAAGATCGCTC-8	CD8+ Cytotoxic T	gem_group_8
GAGTACACCCCGTT-8	CD8+ Cytotoxic T	gem_group_8
GAGTACACGAATGA-8	CD8+/CD45RA+ Naive Cytotoxic	gem_group_8
GAGTACACTTCTGT-8	CD8+ Cytotoxic T	gem_group_8
GAGTCAACTCACGA-8	CD4+/CD45RO+ Memory	gem_group_8
GAGTCTGACGTTGA-8	CD8+ Cytotoxic T	gem_group_8
GAGTGACTATTCTC-8	CD4+/CD45RO+ Memory	gem_group_8
GAGTGACTCAGGAG-8	CD56+ NK	gem_group_8
GAGTGACTCCGTAA-8	CD8+/CD45RA+ Naive Cytotoxic	gem_group_8
GAGTGACTGCTAAC-8	CD4+/CD45RO+ Memory	gem_group_8
GAGTGACTTCATTC-8	Dendritic	gem_group_8
GAGTGTTGGGTGGA-8	CD8+ Cytotoxic T	gem_group_8
GAGTGTTGTGTGAC-8	CD8+/CD45RA+ Naive Cytotoxic	gem_group_8
GAGTGTTGTTTGGG-8	CD8+ Cytotoxic T	gem_group_8
GATACTCTGGTAGG-8	CD8+/CD45RA+ Naive Cytotoxic	gem_group_8
GATAGAGACTGTGA-8	CD8+/CD45RA+ Naive Cytotoxic	gem_group_8
GATAGCACAGTGTC-8	CD8+ Cytotoxic T	gem_group_8
GATAGCACCATTGG-8	CD8+ Cytotoxic T	gem_group_8
GATAGCACCCTAAG-8	CD8+ Cytotoxic T	gem_group_8
GATAGCACGAGGTG-8	CD19+ B	gem_group_8
GATAGCACTCGTTT-8	CD8+ Cytotoxic T	gem_group_8
GATATAACCCTCCA-8	CD4+/CD45RA+/CD25- Naive T	gem_group_8
GATATAACCTGCTC-8	CD56+ NK	gem_group_8
GATATATGCTCCCA-8	CD8+/CD45RA+ Naive Cytotoxic	gem_group_8
GATCCCTGTCCAGA-8	CD19+ B	gem_group_8
GATCCGCTATAAGG-8	CD4+/CD45RO+ Memory	gem_group_8
GATCGAACACCGAT-8	CD56+ NK	gem_group_8
GATCGAACTTCACT-8	CD4+/CD45RA+/CD25- Naive T	gem_group_8
GATCGATGTAAGGA-8	CD4+/CD25 T Reg	gem_group_8
GATCGTGAACCTGA-8	CD4+/CD45RO+ Memory	gem_group_8
GATCGTGAGAGGCA-8	CD56+ NK	gem_group_8
GATCTTACAAGTAG-8	CD8+ Cytotoxic T	gem_group_8
GATCTTACGCCCTT-8	Dendritic	gem_group_8
GATCTTTGAGCAAA-8	CD4+/CD45RO+ Memory	gem_group_8
GATGACACCCAGTA-8	CD8+ Cytotoxic T	gem_group_8
GATGACACCGTTAG-8	CD8+/CD45RA+ Naive Cytotoxic	gem_group_8
GATGCAACAACGTC-8	CD8+/CD45RA+ Naive Cytotoxic	gem_group_8
GATGCAACCAACTG-8	CD8+/CD45RA+ Naive Cytotoxic	gem_group_8
GATGCCCTGAACTC-8	CD8+ Cytotoxic T	gem_group_8
GATGCCCTTACTTC-8	CD4+/CD45RA+/CD25- Naive T	gem_group_8
GATTCTTGAAGCAA-8	CD8+ Cytotoxic T	gem_group_8
GATTCTTGACGGAG-8	CD8+ Cytotoxic T	gem_group_8
GATTGGACACCAAC-8	CD14+ Monocyte	gem_group_8
GATTGGACCTCCAC-8	CD19+ B	gem_group_8
GATTGGACGTGCAT-8	CD19+ B	gem_group_8
GATTGGTGACCCTC-8	CD4+/CD45RO+ Memory	gem_group_8
GATTTAGAAGATCC-8	CD19+ B	gem_group_8
GCAACCCTACCTCC-8	CD8+ Cytotoxic T	gem_group_8
GCAACTGAGTTCGA-8	CD56+ NK	gem_group_8
GCAATCGAAACTGC-8	CD8+ Cytotoxic T	gem_group_8
GCACAATGTTCTAC-8	CD8+/CD45RA+ Naive Cytotoxic	gem_group_8
GCACACCTACGCTA-8	CD8+ Cytotoxic T	gem_group_8
GCACACCTCTACGA-8	CD8+ Cytotoxic T	gem_group_8
GCACCACTAGAGTA-8	CD56+ NK	gem_group_8
GCACCTACTAGAGA-8	Dendritic	gem_group_8
GCACGTCTAGCTAC-8	CD4+/CD25 T Reg	gem_group_8
GCACTAGAAGCCAT-8	CD8+ Cytotoxic T	gem_group_8
GCAGATACAACCTG-8	CD8+ Cytotoxic T	gem_group_8
GCAGCCGAGCAGAG-8	CD19+ B	gem_group_8
GCAGCCGAGTAAAG-8	CD4+/CD45RA+/CD25- Naive T	gem_group_8
GCAGCCGATGCCAA-8	CD8+/CD45RA+ Naive Cytotoxic	gem_group_8
GCAGCGTGAACCAC-8	CD56+ NK	gem_group_8
GCAGCGTGCCTATT-8	CD19+ B	gem_group_8
GCAGCTCTGGTATC-8	CD8+ Cytotoxic T	gem_group_8
GCAGCTCTTCACGA-8	CD8+ Cytotoxic T	gem_group_8
GCAGGCACAACTGC-8	CD8+ Cytotoxic T	gem_group_8
GCAGGCACTATGCG-8	CD4+/CD45RA+/CD25- Naive T	gem_group_8
GCAGGGCTCGTAAC-8	CD56+ NK	gem_group_8
GCAGTCCTCTTGTT-8	CD56+ NK	gem_group_8
GCAGTCCTGTGAGG-8	CD56+ NK	gem_group_8
GCAGTCCTTCCTGC-8	CD56+ NK	gem_group_8
GCAGTCCTTGTTCT-8	CD4+/CD25 T Reg	gem_group_8
GCAGTTGAAAAACG-8	CD8+/CD45RA+ Naive Cytotoxic	gem_group_8
GCATCAGAATCGAC-8	CD56+ NK	gem_group_8
GCATGTGACATGGT-8	CD14+ Monocyte	gem_group_8
GCATGTGAGGGTGA-8	CD4+/CD25 T Reg	gem_group_8
GCATTGGACGTTGA-8	CD4+/CD25 T Reg	gem_group_8
GCATTGGATGAGAA-8	CD8+ Cytotoxic T	gem_group_8
GCCAAAACCTGAAC-8	CD8+ Cytotoxic T	gem_group_8
GCCAAAACTGTGCA-8	CD8+ Cytotoxic T	gem_group_8
GCCACTACTTACCT-8	CD4+/CD25 T Reg	gem_group_8
GCCCATACAAAGCA-8	CD8+ Cytotoxic T	gem_group_8
GCCCATACAGCATC-8	CD56+ NK	gem_group_8
GCCCATACGGCGAA-8	CD19+ B	gem_group_8
GCCGACGACTCTAT-8	CD4+/CD45RO+ Memory	gem_group_8
GCCTAGCTGTTCTT-8	CD8+ Cytotoxic T	gem_group_8
GCCTCAACAAGAGT-8	CD56+ NK	gem_group_8
GCCTCAACTCGCCT-8	CD8+/CD45RA+ Naive Cytotoxic	gem_group_8
GCCTGACTGTCAAC-8	CD4+/CD25 T Reg	gem_group_8
GCGAGAGACACAAC-8	CD8+ Cytotoxic T	gem_group_8
GCGATATGATGGTC-8	CD4+/CD45RO+ Memory	gem_group_8
GCGCATCTACCGAT-8	CD56+ NK	gem_group_8
GCGCATCTGTTACG-8	CD8+ Cytotoxic T	gem_group_8
GCGCATCTTGGTGT-8	CD4+/CD25 T Reg	gem_group_8
GCGCATCTTTCTGT-8	CD19+ B	gem_group_8
GCGCGAACCGTTGA-8	CD14+ Monocyte	gem_group_8
GCGCGATGAACCTG-8	CD8+ Cytotoxic T	gem_group_8
GCGCGATGGTGCAT-8	CD19+ B	gem_group_8
GCGCGATGTGACAC-8	Dendritic	gem_group_8
GCGGAGCTTTGCAG-8	CD8+ Cytotoxic T	gem_group_8
GCGGGACTACGGGA-8	CD4+/CD25 T Reg	gem_group_8
GCGTAAACGAGGGT-8	CD56+ NK	gem_group_8
GCGTAAACTGTGCA-8	CD8+ Cytotoxic T	gem_group_8
GCTACCTGACAGTC-8	CD8+/CD45RA+ Naive Cytotoxic	gem_group_8
GCTACCTGTGTCGA-8	CD8+ Cytotoxic T	gem_group_8
GCTAGAACGCTCCT-8	CD8+/CD45RA+ Naive Cytotoxic	gem_group_8
GCTAGATGCGTCTC-8	CD8+/CD45RA+ Naive Cytotoxic	gem_group_8
GCTATACTGCCAAT-8	CD8+ Cytotoxic T	gem_group_8
GCTCAAGATAACCG-8	CD19+ B	gem_group_8
GCTCACTGGGATCT-8	CD8+ Cytotoxic T	gem_group_8
GCTCCATGCTCAAG-8	CD8+/CD45RA+ Naive Cytotoxic	gem_group_8
GCTCCATGGCGATT-8	CD19+ B	gem_group_8
GCTCCATGGTACCA-8	CD8+ Cytotoxic T	gem_group_8
GCTCGACTTGGCAT-8	Dendritic	gem_group_8
GCTGATGAAGCACT-8	CD56+ NK	gem_group_8
GCTGATGATCGCCT-8	CD4+/CD45RO+ Memory	gem_group_8
GGAACACTGGAAAT-8	CD8+ Cytotoxic T	gem_group_8
GGAACACTGTCGAT-8	CD8+/CD45RA+ Naive Cytotoxic	gem_group_8
GGAACACTTGTTTC-8	CD56+ NK	gem_group_8
GGAAGGACAGAACA-8	CD56+ NK	gem_group_8
GGAAGGTGAGAAGT-8	CD8+/CD45RA+ Naive Cytotoxic	gem_group_8
GGACAACTTATCGG-8	CD19+ B	gem_group_8
GGACAACTTGCGTA-8	CD8+/CD45RA+ Naive Cytotoxic	gem_group_8
GGACAGGATGGATC-8	CD19+ B	gem_group_8
GGACCCGAAAGCCT-8	CD8+ Cytotoxic T	gem_group_8
GGACCCGACTCGAA-8	CD8+/CD45RA+ Naive Cytotoxic	gem_group_8
GGACCTCTCCAATG-8	CD56+ NK	gem_group_8
GGACGAGAAGAATG-8	CD56+ NK	gem_group_8
GGAGACGAAACTGC-8	CD4+/CD25 T Reg	gem_group_8
GGAGACGACTGAGT-8	CD34+	gem_group_8
GGAGACGATTTCAC-8	CD8+/CD45RA+ Naive Cytotoxic	gem_group_8
GGAGCCACCTTACT-8	CD4+/CD25 T Reg	gem_group_8
GGAGGATGCCCAAA-8	CD4+/CD25 T Reg	gem_group_8
GGAGGCCTGTGTCA-8	CD19+ B	gem_group_8
GGAGGCCTTAGACC-8	CD19+ B	gem_group_8
GGAGTTACTAAGCC-8	CD56+ NK	gem_group_8
GGAGTTTGACCCAA-8	CD4+/CD45RO+ Memory	gem_group_8
GGAGTTTGTTTGGG-8	CD56+ NK	gem_group_8
GGATGTACAGGGTG-8	CD8+ Cytotoxic T	gem_group_8
GGATGTTGCTCTTA-8	CD8+ Cytotoxic T	gem_group_8
GGCAAGGACTTAGG-8	CD8+ Cytotoxic T	gem_group_8
GGCAAGGATTACTC-8	CD56+ NK	gem_group_8
GGCAATACATAAGG-8	CD8+ Cytotoxic T	gem_group_8
GGCAATACCGAATC-8	CD8+/CD45RA+ Naive Cytotoxic	gem_group_8
GGCACTCTTGGAGG-8	CD8+ Cytotoxic T	gem_group_8
GGCACTCTTGGTAC-8	CD8+ Cytotoxic T	gem_group_8
GGCATATGTTGGTG-8	CD8+ Cytotoxic T	gem_group_8
GGCCACGAAAAGTG-8	CD8+/CD45RA+ Naive Cytotoxic	gem_group_8
GGCCAGACCTCAGA-8	CD19+ B	gem_group_8
GGCCCAGAAACGGG-8	CD8+ Cytotoxic T	gem_group_8
GGCCCAGACCCGTT-8	CD8+ Cytotoxic T	gem_group_8
GGCCGAACACTCTT-8	CD8+/CD45RA+ Naive Cytotoxic	gem_group_8
GGCCGAACCCCTAC-8	CD4+/CD25 T Reg	gem_group_8
GGCCGATGCTGAGT-8	CD8+ Cytotoxic T	gem_group_8
GGCGACACCGTGTA-8	CD56+ NK	gem_group_8
GGCGACTGAACGTC-8	CD56+ NK	gem_group_8
GGCGACTGCAACTG-8	CD8+/CD45RA+ Naive Cytotoxic	gem_group_8
GGCGACTGCACTAG-8	CD19+ B	gem_group_8
GGCGACTGGGAGTG-8	CD19+ B	gem_group_8
GGCGGACTCGCAAT-8	CD8+/CD45RA+ Naive Cytotoxic	gem_group_8
GGCTACCTCTTACT-8	CD8+ Cytotoxic T	gem_group_8
GGCTACCTGGATCT-8	CD4+/CD25 T Reg	gem_group_8
GGCTACCTTCTCCG-8	CD4+/CD45RA+/CD25- Naive T	gem_group_8
GGCTCACTGGTTCA-8	CD4+/CD25 T Reg	gem_group_8
GGCTCACTTCTCCG-8	CD8+ Cytotoxic T	gem_group_8
GGCTCACTTGACCA-8	CD8+ Cytotoxic T	gem_group_8
GGCTCACTTTACTC-8	CD19+ B	gem_group_8
GGCTCACTTTTGGG-8	CD8+/CD45RA+ Naive Cytotoxic	gem_group_8
GGGAACGAACCTTT-8	CD8+ Cytotoxic T	gem_group_8
GGGAACGATCTCAT-8	CD8+/CD45RA+ Naive Cytotoxic	gem_group_8
GGGAAGACTCTCCG-8	CD8+/CD45RA+ Naive Cytotoxic	gem_group_8
GGGACCACATTGGC-8	CD56+ NK	gem_group_8
GGGACCTGAGCATC-8	CD4+/CD25 T Reg	gem_group_8
GGGACCTGCGGTAT-8	CD8+ Cytotoxic T	gem_group_8
GGGATGGACTCCAC-8	CD8+ Cytotoxic T	gem_group_8
GGGATGGAGGTCTA-8	CD8+ Cytotoxic T	gem_group_8
GGGATTACCCATGA-8	CD8+/CD45RA+ Naive Cytotoxic	gem_group_8
GGGATTACTCAAGC-8	CD8+/CD45RA+ Naive Cytotoxic	gem_group_8
GGGCAAGAGAGAGC-8	CD19+ B	gem_group_8
GGGCACACTGATGC-8	CD19+ B	gem_group_8
GGGCCAACCCCTCA-8	CD19+ B	gem_group_8
GGGCCAACCTAGCA-8	CD8+ Cytotoxic T	gem_group_8
GGGCCAACGTGAGG-8	CD8+ Cytotoxic T	gem_group_8
GGGTAACTAGAACA-8	CD8+/CD45RA+ Naive Cytotoxic	gem_group_8
GGGTAACTCACTTT-8	CD8+ Cytotoxic T	gem_group_8
GGGTAACTCATCAG-8	CD8+/CD45RA+ Naive Cytotoxic	gem_group_8
GGGTAACTGTACCA-8	CD4+/CD45RO+ Memory	gem_group_8
GGTACTGACCACCT-8	CD8+/CD45RA+ Naive Cytotoxic	gem_group_8
GGTATCGAGGGAGT-8	CD8+ Cytotoxic T	gem_group_8
GGTATGACAAGGCG-8	CD4+/CD45RO+ Memory	gem_group_8
GGTCTAGACCTATT-8	CD4+/CD45RO+ Memory	gem_group_8
GGTTGAACGCATCA-8	CD56+ NK	gem_group_8
GGTTTACTCCAGTA-8	CD4+/CD45RO+ Memory	gem_group_8
GTAAGCACGATGAA-8	CD8+ Cytotoxic T	gem_group_8
GTAAGCTGCCCAAA-8	CD56+ NK	gem_group_8
GTAATAACAGCGGA-8	CD8+ Cytotoxic T	gem_group_8
GTAATATGAGTTCG-8	Dendritic	gem_group_8
GTAATATGGAGGAC-8	CD19+ B	gem_group_8
GTAATATGTGGGAG-8	CD8+ Cytotoxic T	gem_group_8
GTAATATGTTCCAT-8	CD8+/CD45RA+ Naive Cytotoxic	gem_group_8
GTACGAACCCATAG-8	CD8+ Cytotoxic T	gem_group_8
GTACGTGAACCGAT-8	CD14+ Monocyte	gem_group_8
GTACGTGAGTCTAG-8	CD14+ Monocyte	gem_group_8
GTACTACTAGGAGC-8	CD56+ NK	gem_group_8
GTACTTTGACTCAG-8	CD8+/CD45RA+ Naive Cytotoxic	gem_group_8
GTAGCAACATTTCC-8	CD8+ Cytotoxic T	gem_group_8
GTAGCATGTCGTTT-8	CD8+ Cytotoxic T	gem_group_8
GTAGCCCTACCTTT-8	CD8+ Cytotoxic T	gem_group_8
GTAGCCCTACGACT-8	CD4+/CD45RA+/CD25- Naive T	gem_group_8
GTAGCCCTCTCTCG-8	Dendritic	gem_group_8
GTAGCTGACCTTAT-8	CD56+ NK	gem_group_8
GTAGTCGAAGCACT-8	CD56+ NK	gem_group_8
GTAGTGACAGGGTG-8	CD8+/CD45RA+ Naive Cytotoxic	gem_group_8
GTAGTGACGAATGA-8	CD8+ Cytotoxic T	gem_group_8
GTATCACTCCACAA-8	CD8+ Cytotoxic T	gem_group_8
GTATTAGAGTGAGG-8	CD4+/CD45RO+ Memory	gem_group_8
GTCAATCTGCTTCC-8	CD56+ NK	gem_group_8
GTCAATCTTTCTTG-8	CD8+/CD45RA+ Naive Cytotoxic	gem_group_8
GTCACAGAGTTGTG-8	CD8+ Cytotoxic T	gem_group_8
GTCACAGATTTGGG-8	CD34+	gem_group_8
GTCACCTGTAAAGG-8	CD4+/CD45RO+ Memory	gem_group_8
GTCATACTAGAGGC-8	CD8+ Cytotoxic T	gem_group_8
GTCCAAGACCTGAA-8	CD8+/CD45RA+ Naive Cytotoxic	gem_group_8
GTCCACACGTACCA-8	CD19+ B	gem_group_8
GTCCACTGTTGTGG-8	CD19+ B	gem_group_8
GTCCCATGCGACAT-8	CD8+/CD45RA+ Naive Cytotoxic	gem_group_8
GTCCCATGCGCATA-8	CD8+/CD45RA+ Naive Cytotoxic	gem_group_8
GTCTAGGATTCGTT-8	CD8+/CD45RA+ Naive Cytotoxic	gem_group_8
GTCTGAGACTGTAG-8	CD19+ B	gem_group_8
GTGAACACAGCAAA-8	CD8+ Cytotoxic T	gem_group_8
GTGAACACCGCATA-8	CD56+ NK	gem_group_8
GTGACAACAAGGGC-8	CD8+ Cytotoxic T	gem_group_8
GTGACAACCTGACA-8	CD8+ Cytotoxic T	gem_group_8
GTGACAACGAAGGC-8	CD8+ Cytotoxic T	gem_group_8
GTGACAACTTGCTT-8	CD4+/CD45RA+/CD25- Naive T	gem_group_8
GTGACCCTGCAGTT-8	CD8+ Cytotoxic T	gem_group_8
GTGATCGAAACGGG-8	CD4+/CD45RA+/CD25- Naive T	gem_group_8
GTGATCGAGCGTAT-8	CD8+/CD45RA+ Naive Cytotoxic	gem_group_8
GTGATCGAGCTGAT-8	CD8+ Cytotoxic T	gem_group_8
GTGATCGAGGACTT-8	CD19+ B	gem_group_8
GTGATGACTGTCGA-8	CD19+ B	gem_group_8
GTGCTAGAGCTATG-8	CD14+ Monocyte	gem_group_8
GTGGATTGGAGACG-8	CD8+ Cytotoxic T	gem_group_8
GTGTACGACTAAGC-8	CD8+ Cytotoxic T	gem_group_8
GTGTACGAGAGCTT-8	CD8+/CD45RA+ Naive Cytotoxic	gem_group_8
GTGTCAGAGAGCAG-8	CD8+ Cytotoxic T	gem_group_8
GTGTCAGAGTTTCT-8	CD8+ Cytotoxic T	gem_group_8
GTGTGATGAGGTTC-8	CD8+ Cytotoxic T	gem_group_8
GTTAAAACGGTACT-8	CD19+ B	gem_group_8
GTTAAATGCTGATG-8	CD8+ Cytotoxic T	gem_group_8
GTTAAATGTCGCTC-8	CD8+ Cytotoxic T	gem_group_8
GTTAACCTTACGAC-8	CD4+/CD45RO+ Memory	gem_group_8
GTTAACCTTGCCCT-8	CD4+/CD45RA+/CD25- Naive T	gem_group_8
GTTACTACGCTACA-8	CD8+ Cytotoxic T	gem_group_8
GTTACTACGCTATG-8	CD56+ NK	gem_group_8
GTTAGGTGCTGAGT-8	CD56+ NK	gem_group_8
GTTAGTCTAGTCAC-8	CD8+ Cytotoxic T	gem_group_8
GTTAGTCTGCGAAG-8	CD8+/CD45RA+ Naive Cytotoxic	gem_group_8
GTTCATACGCAAGG-8	CD56+ NK	gem_group_8
GTTGACGAACCATG-8	CD8+/CD45RA+ Naive Cytotoxic	gem_group_8
GTTGACGAACGGAG-8	CD19+ B	gem_group_8
GTTGACGATGTGGT-8	CD8+ Cytotoxic T	gem_group_8
GTTGAGTGAATCGC-8	CD8+ Cytotoxic T	gem_group_8
GTTGTACTTCACCC-8	CD19+ B	gem_group_8
GTTTAAGAGGAAGC-8	CD56+ NK	gem_group_8
TAAACAACTTTGGG-8	CD8+/CD45RA+ Naive Cytotoxic	gem_group_8
TAAAGACTACTGTG-8	CD8+ Cytotoxic T	gem_group_8
TAAATGTGCTGTAG-8	CD56+ NK	gem_group_8
TAAATGTGCTTGTT-8	CD8+/CD45RA+ Naive Cytotoxic	gem_group_8
TAACATGAGTAAGA-8	CD8+ Cytotoxic T	gem_group_8
TAACCGGACTGGTA-8	CD8+ Cytotoxic T	gem_group_8
TAACCGGATCCAGA-8	CD8+ Cytotoxic T	gem_group_8
TAACTAGATATGGC-8	Dendritic	gem_group_8
TAACTCACCGGTAT-8	CD4+/CD45RO+ Memory	gem_group_8
TAACTCACTGCTTT-8	CD8+ Cytotoxic T	gem_group_8
TAAGAGGAACCCAA-8	CD8+ Cytotoxic T	gem_group_8
TAAGAGGACTAGAC-8	CD8+/CD45RA+ Naive Cytotoxic	gem_group_8
TAAGCGTGGAGCTT-8	CD8+/CD45RA+ Naive Cytotoxic	gem_group_8
TAAGCTCTACTAGC-8	CD8+ Cytotoxic T	gem_group_8
TAAGGGCTACGCAT-8	CD8+/CD45RA+ Naive Cytotoxic	gem_group_8
TAAGTAACCTGTTT-8	CD8+/CD45RA+ Naive Cytotoxic	gem_group_8
TAAGTCCTAAGGCG-8	CD4+/CD45RA+/CD25- Naive T	gem_group_8
TAAGTCCTGACGAG-8	CD19+ B	gem_group_8
TAAGTCCTGATACC-8	CD56+ NK	gem_group_8
TAATCGCTAGATGA-8	CD4+/CD45RA+/CD25- Naive T	gem_group_8
TAATGAACTGTTTC-8	CD8+/CD45RA+ Naive Cytotoxic	gem_group_8
TAATGATGACCTAG-8	CD14+ Monocyte	gem_group_8
TAATGATGAGAGGC-8	CD8+ Cytotoxic T	gem_group_8
TAATGATGCTAGCA-8	CD8+ Cytotoxic T	gem_group_8
TAATGCCTAACCGT-8	CD19+ B	gem_group_8
TAATGCCTCTGAAC-8	CD8+ Cytotoxic T	gem_group_8
TACATCACTTTGTC-8	CD56+ NK	gem_group_8
TACCATTGATGCCA-8	CD8+/CD45RA+ Naive Cytotoxic	gem_group_8
TACCATTGTAAGGA-8	CD19+ B	gem_group_8
TACCGAGAGACAAA-8	CD8+ Cytotoxic T	gem_group_8
TACCGAGAGTCAAC-8	CD8+ Cytotoxic T	gem_group_8
TACCGCTGAATGCC-8	CD4+/CD45RO+ Memory	gem_group_8
TACCGCTGCGAGTT-8	CD8+ Cytotoxic T	gem_group_8
TACCGGCTCGATAC-8	CD8+/CD45RA+ Naive Cytotoxic	gem_group_8
TACCGGCTGGCGAA-8	CD8+/CD45RA+ Naive Cytotoxic	gem_group_8
TACGACGAAAGAAC-8	CD56+ NK	gem_group_8
TACGAGACAGGTTC-8	CD8+/CD45RA+ Naive Cytotoxic	gem_group_8
TACGAGACGAGGCA-8	CD8+ Cytotoxic T	gem_group_8
TACGAGACTGACCA-8	CD56+ NK	gem_group_8
TACGAGTGCAATCG-8	CD8+ Cytotoxic T	gem_group_8
TACGAGTGCCCTCA-8	CD4+/CD25 T Reg	gem_group_8
TACGAGTGTTCGCC-8	CD8+ Cytotoxic T	gem_group_8
TACGATCTTACTCT-8	CD8+/CD45RA+ Naive Cytotoxic	gem_group_8
TACGATCTTCGACA-8	CD8+ Cytotoxic T	gem_group_8
TACGCCACGGAGCA-8	CD56+ NK	gem_group_8
TACGCCACGTCTAG-8	CD8+/CD45RA+ Naive Cytotoxic	gem_group_8
TACGGCCTACGTAC-8	CD8+ Cytotoxic T	gem_group_8
TACGGCCTCGCATA-8	CD8+ Cytotoxic T	gem_group_8
TACGGCCTGTTGCA-8	CD14+ Monocyte	gem_group_8
TACTACACCTAGCA-8	CD56+ NK	gem_group_8
TACTACACGCTACA-8	Dendritic	gem_group_8
TACTACTGAACGGG-8	CD8+ Cytotoxic T	gem_group_8
TACTACTGTAAGCC-8	CD4+/CD45RO+ Memory	gem_group_8
TACTCAACCTGTAG-8	CD4+/CD45RO+ Memory	gem_group_8
TACTCAACGGAAGC-8	CD8+ Cytotoxic T	gem_group_8
TACTCAACTTACCT-8	CD19+ B	gem_group_8
TACTCCCTACACAC-8	CD8+ Cytotoxic T	gem_group_8
TACTCCCTGTACGT-8	CD4+/CD25 T Reg	gem_group_8
TACTCTGAGCTATG-8	CD14+ Monocyte	gem_group_8
TACTGGGAACCTGA-8	CD8+ Cytotoxic T	gem_group_8
TACTGGGATTACCT-8	CD56+ NK	gem_group_8
TACTTTCTCACCAA-8	CD8+ Cytotoxic T	gem_group_8
TACTTTCTCCAAGT-8	CD19+ B	gem_group_8
TACTTTCTTCAGAC-8	CD8+ Cytotoxic T	gem_group_8
TAGAAACTTGGTTG-8	CD8+/CD45RA+ Naive Cytotoxic	gem_group_8
TAGAATTGATTCGG-8	CD4+/CD25 T Reg	gem_group_8
TAGAATTGCCGTTC-8	CD14+ Monocyte	gem_group_8
TAGACGTGGGCAAG-8	CD4+/CD25 T Reg	gem_group_8
TAGAGCACACTTTC-8	CD8+/CD45RA+ Naive Cytotoxic	gem_group_8
TAGAGCACATGACC-8	CD8+/CD45RA+ Naive Cytotoxic	gem_group_8
TAGAGCACGCCCTT-8	CD8+ Cytotoxic T	gem_group_8
TAGAGCACGTGCTA-8	CD8+ Cytotoxic T	gem_group_8
TAGAGCACTCATTC-8	CD8+/CD45RA+ Naive Cytotoxic	gem_group_8
TAGATTGATTGTGG-8	CD8+/CD45RA+ Naive Cytotoxic	gem_group_8
TAGCCCACACCAGT-8	CD19+ B	gem_group_8
TAGCCCACAGAATG-8	Dendritic	gem_group_8
TAGCGATGCTCAAG-8	CD56+ NK	gem_group_8
TAGCGATGTGCGTA-8	CD8+ Cytotoxic T	gem_group_8
TAGGACTGGTCACA-8	CD8+/CD45RA+ Naive Cytotoxic	gem_group_8
TAGGCAACGGAGGT-8	CD8+ Cytotoxic T	gem_group_8
TAGGCATGTACAGC-8	CD19+ B	gem_group_8
TAGGCATGTCTTTG-8	CD8+/CD45RA+ Naive Cytotoxic	gem_group_8
TAGGCTGATCAGAC-8	CD56+ NK	gem_group_8
TAGGCTGATTGCAG-8	CD8+ Cytotoxic T	gem_group_8
TAGGTTCTGGCGAA-8	CD8+ Cytotoxic T	gem_group_8
TAGTAAACCGAGAG-8	CD8+/CD45RA+ Naive Cytotoxic	gem_group_8
TAGTACCTTGCCCT-8	CD8+ Cytotoxic T	gem_group_8
TAGTACCTTGCTTT-8	CD19+ B	gem_group_8
TAGTATGACCCTCA-8	CD8+ Cytotoxic T	gem_group_8
TAGTATGATCACGA-8	CD8+/CD45RA+ Naive Cytotoxic	gem_group_8
TAGTTAGAAACAGA-8	CD19+ B	gem_group_8
TAGTTGCTTTTACC-8	CD8+/CD45RA+ Naive Cytotoxic	gem_group_8
TATAAGACGTTTGG-8	Dendritic	gem_group_8
TATAAGACTTAGGC-8	CD8+ Cytotoxic T	gem_group_8
TATAAGTGACGCAT-8	CD8+/CD45RA+ Naive Cytotoxic	gem_group_8
TATACGCTAGAGTA-8	CD8+/CD45RA+ Naive Cytotoxic	gem_group_8
TATACGCTGTTGGT-8	CD8+ Cytotoxic T	gem_group_8
TATAGATGCAGTTG-8	CD8+ Cytotoxic T	gem_group_8
TATAGATGCGTAAC-8	CD8+/CD45RA+ Naive Cytotoxic	gem_group_8
TATAGATGCTCAGA-8	CD14+ Monocyte	gem_group_8
TATAGATGGTTTGG-8	CD56+ NK	gem_group_8
TATAGATGTGCAAC-8	CD19+ B	gem_group_8
TATCAAGATTCTGT-8	CD8+ Cytotoxic T	gem_group_8
TATCACTGGATAGA-8	CD8+ Cytotoxic T	gem_group_8
TATCAGCTGGCGAA-8	CD8+/CD45RA+ Naive Cytotoxic	gem_group_8
TATCGTACGTTGAC-8	CD4+/CD45RO+ Memory	gem_group_8
TATCGTACTCAAGC-8	CD4+/CD45RO+ Memory	gem_group_8
TATCTCGAGCTTCC-8	CD56+ NK	gem_group_8
TATCTGACTACTTC-8	CD8+ Cytotoxic T	gem_group_8
TATCTTCTGAGAGC-8	CD19+ B	gem_group_8
TATCTTCTGAGATA-8	CD8+ Cytotoxic T	gem_group_8
TATGAATGAAAACG-8	CD56+ NK	gem_group_8
TATGCGGACCTACC-8	CD8+/CD45RA+ Naive Cytotoxic	gem_group_8
TATGGGTGGACAGG-8	CD8+ Cytotoxic T	gem_group_8
TATGTCTGGCCTTC-8	CD56+ NK	gem_group_8
TATGTGCTCACACA-8	CD4+/CD25 T Reg	gem_group_8
TATTGCTGTTCTCA-8	CD56+ NK	gem_group_8
TATTTCCTTTTGCT-8	CD8+ Cytotoxic T	gem_group_8
TCAAGGACTGACCA-8	CD8+ Cytotoxic T	gem_group_8
TCAAGTCTGTTGTG-8	CD56+ NK	gem_group_8
TCAATAGAGAGGCA-8	CD56+ NK	gem_group_8
TCAATCACCCCTAC-8	CD8+ Cytotoxic T	gem_group_8
TCAATCACCCTTCG-8	CD19+ B	gem_group_8
TCAATCACTCTAGG-8	CD56+ NK	gem_group_8
TCAATCACTCTTTG-8	CD8+/CD45RA+ Naive Cytotoxic	gem_group_8
TCACGAGACGAGTT-8	CD8+ Cytotoxic T	gem_group_8
TCACGAGAGGTCTA-8	Dendritic	gem_group_8
TCAGACGAGGAAGC-8	CD4+/CD25 T Reg	gem_group_8
TCAGAGACGGCATT-8	CD56+ NK	gem_group_8
TCAGCAGACAGATC-8	CD8+/CD45RA+ Naive Cytotoxic	gem_group_8
TCAGCAGAGTAAAG-8	CD8+/CD45RA+ Naive Cytotoxic	gem_group_8
TCAGGATGAAAGCA-8	CD19+ B	gem_group_8
TCAGGATGCTGGTA-8	CD8+ Cytotoxic T	gem_group_8
TCAGTACTTTCGGA-8	CD8+ Cytotoxic T	gem_group_8
TCAGTGGAATCGTG-8	CD56+ NK	gem_group_8
TCAGTGGACCTATT-8	CD8+ Cytotoxic T	gem_group_8
TCAGTGGAGAGATA-8	CD8+ Cytotoxic T	gem_group_8
TCAGTTACATCGAC-8	CD56+ NK	gem_group_8
TCATCATGCCAGTA-8	CD4+/CD25 T Reg	gem_group_8
TCATCATGTGCAAC-8	CD56+ NK	gem_group_8
TCATCCCTCTGACA-8	CD8+ Cytotoxic T	gem_group_8
TCATCCCTTCTCGC-8	CD56+ NK	gem_group_8
TCATGTACGAGGCA-8	CD8+ Cytotoxic T	gem_group_8
TCATTCGACGGGAA-8	Dendritic	gem_group_8
TCATTCGACTCAAG-8	CD8+ Cytotoxic T	gem_group_8
TCATTGACAAAAGC-8	CD8+ Cytotoxic T	gem_group_8
TCCAGAGACACTTT-8	CD8+ Cytotoxic T	gem_group_8
TCCATAACCTAGTG-8	CD19+ B	gem_group_8
TCCATAACCTGAGT-8	CD8+/CD45RA+ Naive Cytotoxic	gem_group_8
TCCATCCTGAAGGC-8	CD8+ Cytotoxic T	gem_group_8
TCCCACGACCTTGC-8	CD8+ Cytotoxic T	gem_group_8
TCCCATCTTCATTC-8	CD4+ T Helper2	gem_group_8
TCCGAAGACGGAGA-8	CD8+ Cytotoxic T	gem_group_8
TCCGAGCTGATAGA-8	CD8+/CD45RA+ Naive Cytotoxic	gem_group_8
TCCGGACTAGTAGA-8	CD8+/CD45RA+ Naive Cytotoxic	gem_group_8
TCCGGACTCGAGAG-8	CD8+ Cytotoxic T	gem_group_8
TCCTAAACTTTCTG-8	CD14+ Monocyte	gem_group_8
TCCTACCTCATGAC-8	CD56+ NK	gem_group_8
TCCTACCTTGAGCT-8	CD8+ Cytotoxic T	gem_group_8
TCCTATGACTCTAT-8	CD14+ Monocyte	gem_group_8
TCGAATCTCTAAGC-8	CD8+ Cytotoxic T	gem_group_8
TCGACCTGCCTGTC-8	CD8+ Cytotoxic T	gem_group_8
TCGACCTGGTCAAC-8	CD8+/CD45RA+ Naive Cytotoxic	gem_group_8
TCGAGAACAGATCC-8	CD8+ Cytotoxic T	gem_group_8
TCGAGAACGGTACT-8	CD14+ Monocyte	gem_group_8
TCGAGCCTGGGTGA-8	CD8+/CD45RA+ Naive Cytotoxic	gem_group_8
TCGATTTGTGAGGG-8	CD19+ B	gem_group_8
TCGCAAGAGGAAGC-8	CD8+ Cytotoxic T	gem_group_8
TCGCACACCGACAT-8	CD8+ Cytotoxic T	gem_group_8
TCGCACTGATAAGG-8	CD56+ NK	gem_group_8
TCGCACTGCGTACA-8	CD4+ T Helper2	gem_group_8
TCGCACTGTGCTAG-8	CD8+/CD45RA+ Naive Cytotoxic	gem_group_8
TCGCACTGTTGTCT-8	CD8+ Cytotoxic T	gem_group_8
TCGCAGCTCCGATA-8	CD8+ Cytotoxic T	gem_group_8
TCGCAGCTGCGAGA-8	CD8+/CD45RA+ Naive Cytotoxic	gem_group_8
TCGCCATGCGTTGA-8	CD56+ NK	gem_group_8
TCGGCACTATCTCT-8	CD8+ Cytotoxic T	gem_group_8
TCGGCACTGTCCTC-8	CD8+ Cytotoxic T	gem_group_8
TCGGCACTTATCGG-8	CD8+/CD45RA+ Naive Cytotoxic	gem_group_8
TCGGTAGACACTAG-8	CD8+/CD45RA+ Naive Cytotoxic	gem_group_8
TCGTAGGAATGCTG-8	CD8+ Cytotoxic T	gem_group_8
TCGTTATGACTGGT-8	CD8+ Cytotoxic T	gem_group_8
TCTAAGCTAGTACC-8	CD8+ Cytotoxic T	gem_group_8
TCTACAACCGGTAT-8	CD4+/CD45RA+/CD25- Naive T	gem_group_8
TCTAGACTCTCGCT-8	CD56+ NK	gem_group_8
TCTAGTTGTCCCGT-8	CD4+/CD25 T Reg	gem_group_8
TCTATGTGTATTCC-8	CD8+ Cytotoxic T	gem_group_8
TCTCTAGAAACGTC-8	Dendritic	gem_group_8
TCTCTAGAACCACA-8	CD8+/CD45RA+ Naive Cytotoxic	gem_group_8
TCTGATACACACTG-8	CD8+ Cytotoxic T	gem_group_8
TCTGATACGGTCTA-8	Dendritic	gem_group_8
TCTTACGAGCGAGA-8	CD8+/CD45RA+ Naive Cytotoxic	gem_group_8
TCTTCAGAGCTATG-8	CD8+ Cytotoxic T	gem_group_8
TGAAATTGATCTTC-8	CD19+ B	gem_group_8
TGAAATTGCTGCAA-8	CD8+/CD45RA+ Naive Cytotoxic	gem_group_8
TGAAATTGGCTACA-8	CD8+ Cytotoxic T	gem_group_8
TGAACCGAGGTTCA-8	CD8+ Cytotoxic T	gem_group_8
TGAACCGAGTTAGC-8	Dendritic	gem_group_8
TGAAGCTGGTCTAG-8	CD8+/CD45RA+ Naive Cytotoxic	gem_group_8
TGAATAACCTTGAG-8	CD8+/CD45RA+ Naive Cytotoxic	gem_group_8
TGACACGAACCACA-8	CD8+/CD45RA+ Naive Cytotoxic	gem_group_8
TGACACGATCTCGC-8	CD8+ Cytotoxic T	gem_group_8
TGACCAGATTTACC-8	CD4+/CD45RA+/CD25- Naive T	gem_group_8
TGACCGCTGACTAC-8	CD19+ B	gem_group_8
TGACCGCTGTGCTA-8	CD56+ NK	gem_group_8
TGACGAACCTGAAC-8	CD8+/CD45RA+ Naive Cytotoxic	gem_group_8
TGACGATGCCAACA-8	CD8+ Cytotoxic T	gem_group_8
TGACGATGGTCGAT-8	CD4+/CD45RA+/CD25- Naive T	gem_group_8
TGACGCCTTGCATG-8	CD56+ NK	gem_group_8
TGACGCCTTTAGGC-8	CD8+/CD45RA+ Naive Cytotoxic	gem_group_8
TGACTGGAACAGCT-8	CD4+/CD45RA+/CD25- Naive T	gem_group_8
TGACTTACAGACTC-8	CD8+/CD45RA+ Naive Cytotoxic	gem_group_8
TGACTTTGTTGAGC-8	CD8+ Cytotoxic T	gem_group_8
TGAGCAACATCTTC-8	CD8+/CD45RA+ Naive Cytotoxic	gem_group_8
TGAGCAACCTAGAC-8	CD4+/CD45RA+/CD25- Naive T	gem_group_8
TGAGCAACGGTATC-8	CD8+/CD45RA+ Naive Cytotoxic	gem_group_8
TGAGCAACTTCAGG-8	CD8+/CD45RA+ Naive Cytotoxic	gem_group_8
TGAGGACTTCCTAT-8	CD19+ B	gem_group_8
TGAGGTACGAGCAG-8	CD8+ Cytotoxic T	gem_group_8
TGAGTCGAGTTGTG-8	Dendritic	gem_group_8
TGAGTCGATCCAAG-8	CD8+ Cytotoxic T	gem_group_8
TGATAAACCGCCTT-8	CD4+/CD45RA+/CD25- Naive T	gem_group_8
TGATAAACCTGCTC-8	CD4+/CD45RA+/CD25- Naive T	gem_group_8
TGATAAACCTTCTA-8	CD8+ Cytotoxic T	gem_group_8
TGATACCTATTTCC-8	CD8+ Cytotoxic T	gem_group_8
TGATACCTCGAGAG-8	CD8+/CD45RA+ Naive Cytotoxic	gem_group_8
TGATATGAGCTTCC-8	CD8+/CD45RA+ Naive Cytotoxic	gem_group_8
TGATCACTCGACAT-8	CD8+ Cytotoxic T	gem_group_8
TGATCGGAAGTGTC-8	CD8+/CD45RA+ Naive Cytotoxic	gem_group_8
TGATCGGATCGCCT-8	CD34+	gem_group_8
TGATTAGAAGATGA-8	CD19+ B	gem_group_8
TGCAACGACTTTAC-8	CD56+ NK	gem_group_8
TGCAACGAGGTTTG-8	CD8+ Cytotoxic T	gem_group_8
TGCAACGATGCAAC-8	CD8+ Cytotoxic T	gem_group_8
TGCAATCTTTGTGG-8	CD19+ B	gem_group_8
TGCACAGAAAGAAC-8	CD8+ Cytotoxic T	gem_group_8
TGCACAGATGCATG-8	Dendritic	gem_group_8
TGCACAGATGTTTC-8	CD19+ B	gem_group_8
TGCACGCTATCGAC-8	CD4+/CD25 T Reg	gem_group_8
TGCAGATGTGTAGC-8	CD8+ Cytotoxic T	gem_group_8
TGCATGGACTGGTA-8	CD8+ Cytotoxic T	gem_group_8
TGCCAGCTGCTCCT-8	CD56+ NK	gem_group_8
TGCCAGCTTAGCCA-8	CD8+/CD45RA+ Naive Cytotoxic	gem_group_8
TGCGAAACCCCACT-8	CD4+/CD25 T Reg	gem_group_8
TGCGAAACCGAGAG-8	CD56+ NK	gem_group_8
TGCGAAACCTATGG-8	Dendritic	gem_group_8
TGCGCACTTAACGC-8	CD8+ Cytotoxic T	gem_group_8
TGCGTAGATAGACC-8	CD4+/CD25 T Reg	gem_group_8
TGCTATACGCTGAT-8	CD4+/CD45RO+ Memory	gem_group_8
TGCTGAGACCTGTC-8	CD8+/CD45RA+ Naive Cytotoxic	gem_group_8
TGCTGAGAGCCTTC-8	CD8+/CD45RA+ Naive Cytotoxic	gem_group_8
TGCTTAACTTCGTT-8	CD8+ Cytotoxic T	gem_group_8
TGGAAAGAGCCTTC-8	CD8+ Cytotoxic T	gem_group_8
TGGAACACGGTAAA-8	CD8+ Cytotoxic T	gem_group_8
TGGAACTGGGTCAT-8	CD19+ B	gem_group_8
TGGAAGCTAGAAGT-8	CD4+/CD45RO+ Memory	gem_group_8
TGGACTGATGCCTC-8	CD8+/CD45RA+ Naive Cytotoxic	gem_group_8
TGGAGACTAGTCAC-8	CD8+ Cytotoxic T	gem_group_8
TGGAGACTATGACC-8	CD8+ Cytotoxic T	gem_group_8
TGGAGACTTAGTCG-8	CD14+ Monocyte	gem_group_8
TGGATGTGGTTGTG-8	CD56+ NK	gem_group_8
TGGATTCTCTGTTT-8	CD8+/CD45RA+ Naive Cytotoxic	gem_group_8
TGGCACCTATGCTG-8	CD8+ Cytotoxic T	gem_group_8
TGGGTATGCGCTAA-8	CD4+/CD45RO+ Memory	gem_group_8
TGGTACGACACTCC-8	CD14+ Monocyte	gem_group_8
TGGTAGACGTCAAC-8	Dendritic	gem_group_8
TGGTATCTCCCAAA-8	CD8+ Cytotoxic T	gem_group_8
TGGTATCTCTTGAG-8	CD8+/CD45RA+ Naive Cytotoxic	gem_group_8
TGGTCAGATAGACC-8	CD8+ Cytotoxic T	gem_group_8
TGGTCAGATCTTCA-8	CD4+/CD25 T Reg	gem_group_8
TGTAACCTGAGGAC-8	CD56+ NK	gem_group_8
TGTAGGTGGGTATC-8	CD4+/CD25 T Reg	gem_group_8
TGTATGCTTGTTTC-8	CD8+/CD45RA+ Naive Cytotoxic	gem_group_8
TGTATGCTTTGCAG-8	CD4+/CD25 T Reg	gem_group_8
TGTCAGGAACGTAC-8	Dendritic	gem_group_8
TGTCAGGAAGCTAC-8	CD8+ Cytotoxic T	gem_group_8
TGTCTAACAACAGA-8	CD8+ Cytotoxic T	gem_group_8
TGTGACGAACGGAG-8	CD8+ Cytotoxic T	gem_group_8
TGTGACGAACGTAC-8	CD8+ Cytotoxic T	gem_group_8
TGTGACGATGCAAC-8	CD56+ NK	gem_group_8
TGTGAGACTGCTGA-8	Dendritic	gem_group_8
TGTGAGTGAGAGGC-8	CD19+ B	gem_group_8
TGTGAGTGGACAAA-8	CD4+/CD45RO+ Memory	gem_group_8
TGTGATCTTCTCCG-8	CD8+/CD45RA+ Naive Cytotoxic	gem_group_8
TGTGGATGATTTCC-8	CD19+ B	gem_group_8
TGTTACTGCTACTT-8	CD8+ Cytotoxic T	gem_group_8
TGTTACTGTGGTCA-8	CD8+ Cytotoxic T	gem_group_8
TTAACCACCCTTTA-8	CD8+/CD45RA+ Naive Cytotoxic	gem_group_8
TTAACCACTTCTGT-8	CD8+ Cytotoxic T	gem_group_8
TTACACACAGAACA-8	CD4+/CD45RO+ Memory	gem_group_8
TTACAGCTAATCGC-8	CD8+ Cytotoxic T	gem_group_8
TTACGACTGAGGTG-8	CD34+	gem_group_8
TTACTCGACCTAAG-8	CD8+ Cytotoxic T	gem_group_8
TTACTCGACTGATG-8	CD8+/CD45RA+ Naive Cytotoxic	gem_group_8
TTAGAATGCTCTTA-8	CD19+ B	gem_group_8
TTAGAATGTGCGTA-8	CD8+/CD45RA+ Naive Cytotoxic	gem_group_8
TTAGCTACGAGCTT-8	CD8+ Cytotoxic T	gem_group_8
TTAGGGTGCAAAGA-8	CD4+/CD45RO+ Memory	gem_group_8
TTAGGGTGCATGAC-8	CD8+/CD45RA+ Naive Cytotoxic	gem_group_8
TTAGGGTGCGTACA-8	CD8+/CD45RA+ Naive Cytotoxic	gem_group_8
TTAGGGTGGTGTAC-8	Dendritic	gem_group_8
TTAGGTCTCCCACT-8	CD56+ NK	gem_group_8
TTAGTCACAGGTCT-8	CD8+ Cytotoxic T	gem_group_8
TTAGTCTGTCTCAT-8	CD8+/CD45RA+ Naive Cytotoxic	gem_group_8
TTATCCGATGTGCA-8	CD19+ B	gem_group_8
TTATGAGAATGCTG-8	CD8+ Cytotoxic T	gem_group_8
TTATGAGATCGCAA-8	CD14+ Monocyte	gem_group_8
TTATGAGATGTCCC-8	CD4+/CD25 T Reg	gem_group_8
TTATGCACTAACCG-8	CD8+/CD45RA+ Naive Cytotoxic	gem_group_8
TTATTCCTTTTGCT-8	CD8+/CD45RA+ Naive Cytotoxic	gem_group_8
TTCAAAGAACACGT-8	CD8+ Cytotoxic T	gem_group_8
TTCAAAGAGTAAAG-8	CD4+/CD25 T Reg	gem_group_8
TTCAAAGATCTTCA-8	CD56+ NK	gem_group_8
TTCAAAGATTTCGT-8	CD8+/CD45RA+ Naive Cytotoxic	gem_group_8
TTCAACACCGGAGA-8	CD8+ Cytotoxic T	gem_group_8
TTCACAACGTGTAC-8	CD8+ Cytotoxic T	gem_group_8
TTCACCCTACTTTC-8	CD8+/CD45RA+ Naive Cytotoxic	gem_group_8
TTCACCCTTTTCAC-8	CD8+/CD45RA+ Naive Cytotoxic	gem_group_8
TTCAGACTAACCGT-8	CD56+ NK	gem_group_8
TTCAGTACATGGTC-8	CD8+ Cytotoxic T	gem_group_8
TTCAGTACCGGGAA-8	CD19+ B	gem_group_8
TTCAGTACTTGCGA-8	CD56+ NK	gem_group_8
TTCATCGAAACGAA-8	CD8+/CD45RA+ Naive Cytotoxic	gem_group_8
TTCCAAACCCAAGT-8	CD8+ Cytotoxic T	gem_group_8
TTCCATGAGACACT-8	CD4+/CD45RO+ Memory	gem_group_8
TTCCATGAGAGCTT-8	CD4+/CD25 T Reg	gem_group_8
TTCCATGAGGGATG-8	CD8+/CD45RA+ Naive Cytotoxic	gem_group_8
TTCCATGATCTTAC-8	CD19+ B	gem_group_8
TTCCATGATGGAAA-8	CD8+ Cytotoxic T	gem_group_8
TTCGAGGAACCAAC-8	CD4+/CD25 T Reg	gem_group_8
TTCGATTGTGCGTA-8	CD8+/CD45RA+ Naive Cytotoxic	gem_group_8
TTCGGAGAGTTGTG-8	CD56+ NK	gem_group_8
TTCTACGAGAAAGT-8	CD8+ Cytotoxic T	gem_group_8
TTCTACGATAAAGG-8	CD8+/CD45RA+ Naive Cytotoxic	gem_group_8
TTCTAGTGAACGAA-8	CD8+/CD45RA+ Naive Cytotoxic	gem_group_8
TTCTCAGATTGGTG-8	CD4+/CD45RO+ Memory	gem_group_8
TTGAATGAACCCAA-8	CD8+/CD45RA+ Naive Cytotoxic	gem_group_8
TTGAATGATTACCT-8	CD8+ Cytotoxic T	gem_group_8
TTGACACTATGTGC-8	CD8+ Cytotoxic T	gem_group_8
TTGAGGTGCACAAC-8	CD8+ Cytotoxic T	gem_group_8
TTGAGGTGGAGAGC-8	Dendritic	gem_group_8
TTGATCTGCTTCGC-8	CD56+ NK	gem_group_8
TTGATCTGTGCTGA-8	CD4+/CD25 T Reg	gem_group_8
TTGCATTGGTGAGG-8	CD19+ B	gem_group_8
TTGCATTGTACTCT-8	CD4+/CD25 T Reg	gem_group_8
TTGCATTGTTTCTG-8	CD14+ Monocyte	gem_group_8
TTGCTAACCTGAAC-8	CD8+/CD45RA+ Naive Cytotoxic	gem_group_8
TTGGTACTTTGCTT-8	Dendritic	gem_group_8
TTGTACACGCTGTA-8	CD8+/CD45RA+ Naive Cytotoxic	gem_group_8
TTGTACACGGTGGA-8	CD19+ B	gem_group_8
TTGTACACGTTCGA-8	CD14+ Monocyte	gem_group_8
TTGTAGCTGCTTAG-8	CD8+ Cytotoxic T	gem_group_8
TTGTCATGGGGACA-8	CD4+/CD45RO+ Memory	gem_group_8
TTTAGCTGTTCATC-8	Dendritic	gem_group_8
TTTCACGATCGCTC-8	Dendritic	gem_group_8
TTTCGAACCTAGTG-8	CD4+/CD25 T Reg	gem_group_8
TTTCTACTCGAATC-8	CD4+/CD45RA+/CD25- Naive T	gem_group_8
TTTGCATGGCTCCT-8	CD8+ Cytotoxic T	gem_group_8
