dataset	mse	mse_std	mse_dropout	mse_dropout_std	mse_biozero	mse_biozero_std	mse_non_zero	mse_non_zero_std	runtime_sec	runtime_sec_std	n_repeats	n_total	n_dropout	n_biozero	n_non_zero	error
dataset_2_types_equal	4.553208351135254	0.0	6.4515700340271	0.0	0.042986273765563965	0.0	3.6775686740875244	0.0	5.951884514943231	0.0	1	21920000	10830882	2985456	8103662	
dataset_3_types_unequal	4.206639289855957	0.0	5.758022785186768	0.0	0.05166548490524292	0.0	3.7443065643310547	0.0	5.224032356985845	0.0	1	21880000	10423230	2944613	8512157	
dataset_4_types_rare	4.591605186462402	0.0	6.109623432159424	0.0	0.0540323443710804	0.0	4.215699672698975	0.0	3.49932342604734	0.0	1	21900000	10864415	2966119	8069466	
dataset_multibatch_dropout	4.04969596862793	0.0	5.4249114990234375	0.0	0.04034985229372978	0.0	3.806126356124878	0.0	4.992500232998282	0.0	1	21940000	10369961	3038645	8531394	
