dataset	mse	mse_std	mse_dropout	mse_dropout_std	mse_biozero	mse_biozero_std	mse_non_zero	mse_non_zero_std	runtime_sec	runtime_sec_std	n_repeats	n_total	n_dropout	n_biozero	n_non_zero	error
dataset_2_types_equal	4.553038120269775	0.0	6.451169013977051	0.0	0.042958807200193405	0.0	3.6776583194732666	0.0	5.908462958992459	0.0	1	21920000	10830882	2985456	8103662	
dataset_3_types_unequal	4.206315517425537	0.0	5.757559776306152	0.0	0.051515210419893265	0.0	3.7440762519836426	0.0	4.793545101012569	0.0	1	21880000	10423230	2944613	8512157	
dataset_4_types_rare	4.589221000671387	0.0	6.106357097625732	0.0	0.05425029247999191	0.0	4.213543891906738	0.0	5.19216289697215	0.0	1	21900000	10864415	2966119	8069466	
dataset_multibatch_dropout	4.050819396972656	0.0	5.426107406616211	0.0	0.04005720466375351	0.0	3.807647228240967	0.0	3.148824715986848	0.0	1	21940000	10369961	3038645	8531394	
