dataset	mse	mse_std	mse_dropout	mse_dropout_std	mse_biozero	mse_biozero_std	mse_non_zero	mse_non_zero_std	runtime_sec	runtime_sec_std	n_repeats	n_total	n_dropout	n_biozero	n_non_zero	error
dataset_2_types_equal	4.552323865890503	0.000853998250119767	6.4503007411956785	0.0010248561512047844	0.04299844950437546	2.3391638973580126e-05	3.6768752098083497	0.0010933499935842778	14.032193908892804	0.4003021030413538	10	21920000	10830882	2985456	8103662	
dataset_3_types_unequal	4.207148027420044	0.0009954868861598832	5.7589129447937015	0.0011374497688358652	0.051493319869041446	5.9826037595764324e-05	3.7445652008056642	0.0012671051953701655	13.971645370003534	0.2841884966362943	10	21880000	10423230	2944613	8512157	
dataset_4_types_rare	4.590581178665161	0.0011172654098691363	6.10811333656311	0.0012916234185571826	0.05414783172309399	6.613374796506075e-05	4.214903354644775	0.0014039313429975275	13.846990982897115	0.4274687712968078	10	21900000	10864415	2966119	8069466	
dataset_multibatch_dropout	4.049995756149292	0.0008159079366532137	5.425500822067261	0.001240785739275848	0.04015552029013634	6.757049721846806e-05	3.806251811981201	0.0007188753605615456	14.626764673396247	1.680272830848111	10	21940000	10369961	3038645	8531394	
