dataset	mse	mse_std	mse_dropout	mse_dropout_std	mse_biozero	mse_biozero_std	mse_non_zero	mse_non_zero_std	runtime_sec	runtime_sec_std	n_repeats	n_total	n_dropout	n_biozero	n_non_zero	error
dataset_2_types_equal	4.552740573883057	0.0	6.450690269470215	0.0	0.04303847625851631	0.0	3.677464485168457	0.0	6.476488230982795	0.0	1	21920000	10830882	2985456	8103662	
dataset_3_types_unequal	4.208292007446289	0.0	5.760245323181152	0.0	0.05158386752009392	0.0	3.7458345890045166	0.0	5.267907173954882	0.0	1	21880000	10423230	2944613	8512157	
dataset_4_types_rare	4.590282440185547	0.0	6.10759162902832	0.0	0.05419038236141205	0.0	4.214792251586914	0.0	5.278528269031085	0.0	1	21900000	10864415	2966119	8069466	
dataset_multibatch_dropout	4.048730850219727	0.0	5.423101425170898	0.0	0.04021340236067772	0.0	3.8058950901031494	0.0	3.2002646370092407	0.0	1	21940000	10369961	3038645	8531394	
