dataset	mse	mse_std	mse_dropout	mse_dropout_std	mse_biozero	mse_biozero_std	mse_non_zero	mse_non_zero_std	runtime_sec	runtime_sec_std	n_repeats	n_total	n_dropout	n_biozero	n_non_zero	error
dataset_2_types_equal	4.450041675567627	0.0007065593953597762	6.355434513092041	0.0011481553988774032	0.04092929027974605	4.4536898037379054e-05	3.6404640913009643	0.0005167736552468131	82.39058638550341	10.710007293215837	10	54900000	26988533	8008607	19902860	
dataset_3_types_unequal	4.113394737243652	0.0007734732479166875	5.69127049446106	0.0010358249014539743	0.04689791612327099	3.2205409878208984e-05	3.7130362033843993	0.0008866836227401365	83.27528325389721	11.197594401260108	10	54950000	26038329	8049409	20862262	
dataset_4_types_rare	4.483855485916138	0.0007055063274494009	6.041513442993164	0.0010059730207972837	0.052720559388399126	3.086458651069395e-05	4.14834041595459	0.0007812176190539292	82.87332447470399	11.560038139980342	10	54900000	27051545	8006948	19841507	
dataset_multibatch_dropout	3.982812595367432	0.00033845972549728377	5.3700953960418705	0.0004988151274654829	0.04130821749567985	7.250213605936094e-05	3.782596206665039	0.00044409020421280694	84.80643816592055	12.310510414817635	10	54950000	25876914	8039380	21033706	
