dataset	mse	mse_std	mse_dropout	mse_dropout_std	mse_biozero	mse_biozero_std	mse_non_zero	mse_non_zero_std	runtime_sec	runtime_sec_std	n_repeats	n_total	n_dropout	n_biozero	n_non_zero	error
dataset_2_types_equal	4.45066499710083	0.0	6.356667518615723	0.0	0.0409148633480072	0.0	3.6405162811279297	0.0	17.040267095027957	0.0	1	54900000	26988533	8008607	19902860	
dataset_3_types_unequal	4.114414215087891	0.0	5.692658424377441	0.0	0.046903111040592194	0.0	3.714024543762207	0.0	15.215066834993195	0.0	1	54950000	26038329	8049409	20862262	
dataset_4_types_rare	4.4833598136901855	0.0	6.041427135467529	0.0	0.05266844108700752	0.0	4.147136211395264	0.0	16.763090597989503	0.0	1	54900000	27051545	8006948	19841507	
dataset_multibatch_dropout	3.983168125152588	0.0	5.3705153465271	0.0	0.04142552986741066	0.0	3.7829480171203613	0.0	19.397534004005138	0.0	1	54950000	25876914	8039380	21033706	
