dataset	mse	mse_std	mse_dropout	mse_dropout_std	mse_biozero	mse_biozero_std	mse_non_zero	mse_non_zero_std	runtime_sec	runtime_sec_std	n_repeats	n_total	n_dropout	n_biozero	n_non_zero	error
dataset_2_types_equal	4.451045989990234	0.0	6.356842994689941	0.0	0.040920108556747437	0.0	3.641350507736206	0.0	19.30558588000713	0.0	1	54900000	26988533	8008607	19902860	
dataset_3_types_unequal	4.11271858215332	0.0	5.690578460693359	0.0	0.046940241008996964	0.0	3.712101697921753	0.0	20.103378829022404	0.0	1	54950000	26038329	8049409	20862262	
dataset_4_types_rare	4.484778881072998	0.0	6.042829990386963	0.0	0.05268755182623863	0.0	4.149105548858643	0.0	25.139632961014286	0.0	1	54900000	27051545	8006948	19841507	
dataset_multibatch_dropout	3.9828481674194336	0.0	5.370060443878174	0.0	0.04139022156596184	0.0	3.7827212810516357	0.0	24.04406139004277	0.0	1	54950000	25876914	8039380	21033706	
