dataset	mse	mse_std	mse_dropout	mse_dropout_std	mse_biozero	mse_biozero_std	mse_non_zero	mse_non_zero_std	runtime_sec	runtime_sec_std	n_repeats	n_total	n_dropout	n_biozero	n_non_zero	error
dataset_2_types_equal	4.45072078704834	0.0	6.356417655944824	0.0	0.04091222956776619	0.0	3.6410460472106934	0.0	16.483275990001857	0.0	1	54900000	26988533	8008607	19902860	
dataset_3_types_unequal	4.1122612953186035	0.0	5.689792633056641	0.0	0.04691709950566292	0.0	3.711890459060669	0.0	21.552309257967863	0.0	1	54950000	26038329	8049409	20862262	
dataset_4_types_rare	4.483501434326172	0.0	6.041070938110352	0.0	0.05272890627384186	0.0	4.147956371307373	0.0	23.101130595023278	0.0	1	54900000	27051545	8006948	19841507	
dataset_multibatch_dropout	3.983095645904541	0.0	5.370676040649414	0.0	0.04125558212399483	0.0	3.78263258934021	0.0	15.756702534039505	0.0	1	54950000	25876914	8039380	21033706	
