dataset	mse	mse_std	mse_dropout	mse_dropout_std	mse_biozero	mse_biozero_std	mse_non_zero	mse_non_zero_std	runtime_sec	runtime_sec_std	n_repeats	n_total	n_dropout	n_biozero	n_non_zero	error
dataset_2_types_equal	4.767665863037109	0.0	6.561896324157715	0.0	0.04852400720119476	0.0	3.8800721168518066	0.0	1.223596166993957	0.0	1	1066000	544846	134412	386742	
dataset_3_types_unequal	4.358517646789551	0.0	5.75282621383667	0.0	0.055545907467603683	0.0	3.965240478515625	0.0	0.08198965498013422	0.0	1	1065000	528580	134548	401872	
dataset_4_types_rare	4.557960510253906	0.0	5.999918460845947	0.0	0.059007011353969574	0.0	4.209845542907715	0.0	0.08560548897366971	0.0	1	1073000	539831	142817	390352	
dataset_multibatch_dropout	4.07484245300293	0.0	5.379841327667236	0.0	0.03479926288127899	0.0	3.8346455097198486	0.0	0.0804163629654795	0.0	1	1072000	514202	141335	416463	
