dataset	mse	mse_std	mse_dropout	mse_dropout_std	mse_biozero	mse_biozero_std	mse_non_zero	mse_non_zero_std	runtime_sec	runtime_sec_std	n_repeats	n_total	n_dropout	n_biozero	n_non_zero	error
dataset_2_types_equal	4.772174119949341	0.005379496865436496	6.56651816368103	0.006357171016881428	0.04831681214272976	0.00016144234435508766	3.8860575914382935	0.006090319180653026	0.2812949150044005	0.363485306739669	10	1066000	544846	134412	386742	
dataset_3_types_unequal	4.357114458084107	0.0037230544042584465	5.750773477554321	0.004996070600754021	0.055639006569981574	0.00010709303093134169	3.964190888404846	0.00351259583294915	0.16066709169535898	0.0006228274442693427	10	1065000	528580	134548	401872	
dataset_4_types_rare	4.552637767791748	0.003420708484033812	5.995165157318115	0.003955856565589989	0.059325041994452474	0.00017174648394050919	4.201675224304199	0.004190317687701585	0.19495090101263485	0.03768628706189701	10	1073000	539831	142817	390352	
dataset_multibatch_dropout	4.074578523635864	0.0016611720050352709	5.379871082305908	0.0023907279770355745	0.03500535376369953	0.00019373377353913113	3.833857703208923	0.002306708789969831	0.2426649427972734	0.006788599333288799	10	1072000	514202	141335	416463	
