dataset	mse	mse_std	mse_dropout	mse_dropout_std	mse_biozero	mse_biozero_std	mse_non_zero	mse_non_zero_std	runtime_sec	runtime_sec_std	n_repeats	n_total	n_dropout	n_biozero	n_non_zero	error
dataset_2_types_equal	4.768410682678223	0.0	6.5618672370910645	0.0	0.04836390167474747	0.0	3.8822219371795654	0.0	1.2093529919511639	0.0	1	1066000	544846	134412	386742	
dataset_3_types_unequal	4.358376979827881	0.0	5.752135276794434	0.0	0.05557824298739433	0.0	3.9657680988311768	0.0	0.0840137799968943	0.0	1	1065000	528580	134548	401872	
dataset_4_types_rare	4.551112651824951	0.0	5.992255687713623	0.0	0.059214867651462555	0.0	4.201545715332031	0.0	0.08538588398369029	0.0	1	1073000	539831	142817	390352	
dataset_multibatch_dropout	4.07939338684082	0.0	5.385537624359131	0.0	0.03500758856534958	0.0	3.839254856109619	0.0	0.08993057900806889	0.0	1	1072000	514202	141335	416463	
