dataset	mse	mse_std	mse_dropout	mse_dropout_std	mse_biozero	mse_biozero_std	mse_non_zero	mse_non_zero_std	runtime_sec	runtime_sec_std	n_repeats	n_total	n_dropout	n_biozero	n_non_zero	error
dataset_2_types_equal	4.767960119247436	0.003867917778581995	6.561967515945435	0.004664607966301634	0.04849116690456867	0.00020945264256079862	3.880793809890747	0.004513625599365566	0.20732131339027546	0.3529203680343301	10	1066000	544846	134412	386742	
dataset_3_types_unequal	4.358887434005737	0.005757142903377472	5.753053045272827	0.007128152027810335	0.055611447989940645	0.00012370661549638374	3.965899133682251	0.0060722159852854354	0.0964871421980206	0.011142420776522761	10	1065000	528580	134548	401872	
dataset_4_types_rare	4.552810335159302	0.004228129060992519	5.996295833587647	0.004380424139839609	0.059229252859950066	0.0001283095910016362	4.200619840621949	0.005783052327178167	0.09079747759969906	0.0035695177364550973	10	1073000	539831	142817	390352	
dataset_multibatch_dropout	4.07380166053772	0.001991183249457731	5.378954553604126	0.0027361565897015545	0.034929961711168286	0.00024052438811679154	3.8330163955688477	0.00199394227315903	0.10586008089594542	0.014158216478738859	10	1072000	514202	141335	416463	
