dataset	method	ARI	ARI_std	NMI	NMI_std	PS	PS_std	runtime_sec	runtime_sec_std	n_repeats	error	n_cells	n_genes	label_source
blakeley_top1000hvg	baseline	0.56444	0.354640223324992	0.5796	0.346214189483909	0.82666	0.144146533083526	2.2774	4.42889041408793	5	NA	30	1000	cell_type1
darmanis_top1000hvg	baseline	0.63688	0.00942560342895882	0.78516	0.00633624494476027	0.86758	0.0031752165280497	2.151	0.126895626402175	5	NA	420	1000	cell_type1
deng_top1000hvg	baseline	0.5986	0.118968420179475	0.6863	0.0423794761647663	0.77686	0.064642269452735	1.6124	0.277444228629828	5	NA	268	1000	cell_type1
pollen_top1000hvg	baseline	0.77402	0.0562971313656389	0.8491	0.0377663209751757	0.80064	0.0472675681625361	2.6196	0.386323439620221	5	NA	299	1000	cell_type1
usoskin_top1000hvg	baseline	0.90466	0.0240464758332692	0.87686	0.0216175391754011	0.9437	0.0149507524894234	2.2096	0.390904464031817	5	NA	622	1000	cell_type1
