dataset	method	ASW	ASW_std	ARI	ARI_std	NMI	NMI_std	PS	PS_std	runtime_sec	runtime_sec_std	n_repeats	error	n_cells	n_genes	label_source
blakeley_top1000hvg	baseline	0.1952	0	1	0	1	0	1	0	1.5516	3.45159844130223	5	NA	30	1000	cell_type1
darmanis_top1000hvg	baseline	0.2173	0	0.6331	0	0.7784	0	0.8667	0	0.119	0.00509901951359283	5	NA	420	1000	cell_type1
deng_top1000hvg	baseline	0.3186	0	0.5647	0	0.8025	0	0.8582	0	0.0628	0.0024899799195979	5	NA	268	1000	cell_type1
pollen_top1000hvg	baseline	0.4542	0	0.9529	0	0.9395	0	0.9565	0	0.084	0.0107935165724613	5	NA	299	1000	cell_type1
usoskin_top1000hvg	baseline	0.2155	0	0.7925	0	0.7479	0	0.8842	0	0.2452	0.205998058243276	5	NA	622	1000	cell_type1
