dataset	mse	mse_std	mse_dropout	mse_dropout_std	mse_biozero	mse_biozero_std	mse_non_zero	mse_non_zero_std	runtime_sec	runtime_sec_std	n_repeats	n_total	n_dropout	n_biozero	n_non_zero	error
dataset_2_types_equal	4.39849328994751	0.0	6.2510271072387695	0.0	0.04253910481929779	0.0	3.618959426879883	0.0	4.994997076981235	0.0	1	16395000	8201495	2462320	5731185	
dataset_3_types_unequal	4.073592185974121	0.0	5.598132133483887	0.0	0.04969678446650505	0.0	3.7095983028411865	0.0	3.5148626469890587	0.0	1	16410000	7929271	2459502	6021227	
dataset_4_types_rare	4.395193099975586	0.0	5.906236171722412	0.0	0.053469035774469376	0.0	4.113235950469971	0.0	2.9230722509673797	0.0	1	16425000	8207482	2484106	5733412	
dataset_multibatch_dropout	3.9308245182037354	0.0	5.249414443969727	0.0	0.03773083537817001	0.0	3.7987148761749268	0.0	2.1755571629619226	0.0	1	16410000	7861476	2455940	6092584	
