dataset	mse	mse_std	mse_dropout	mse_dropout_std	mse_biozero	mse_biozero_std	mse_non_zero	mse_non_zero_std	runtime_sec	runtime_sec_std	n_repeats	n_total	n_dropout	n_biozero	n_non_zero	error
dataset_2_types_equal	4.401997089385986	0.0	6.254863262176514	0.0	0.0424361415207386	0.0	3.6235125064849854	0.0	4.924384001002181	0.0	1	16395000	8201495	2462320	5731185	
dataset_3_types_unequal	4.075963497161865	0.0	5.600675582885742	0.0	0.04956528916954994	0.0	3.7127492427825928	0.0	3.5735814169747755	0.0	1	16410000	7929271	2459502	6021227	
dataset_4_types_rare	4.3961639404296875	0.0	5.906861305236816	0.0	0.053423672914505005	0.0	4.115141868591309	0.0	3.564092996006366	0.0	1	16425000	8207482	2484106	5733412	
dataset_multibatch_dropout	3.930621862411499	0.0	5.24937105178833	0.0	0.03780786320567131	0.0	3.798194408416748	0.0	2.1519940749858506	0.0	1	16410000	7861476	2455940	6092584	
