dataset	mse	mse_std	mse_dropout	mse_dropout_std	mse_biozero	mse_biozero_std	mse_non_zero	mse_non_zero_std	runtime_sec	runtime_sec_std	n_repeats	n_total	n_dropout	n_biozero	n_non_zero	error
dataset_2_types_equal	4.3996968269348145	0.0	6.251402854919434	0.0	0.0424077995121479	0.0	3.6219067573547363	0.0	4.946938770997804	0.0	1	16395000	8201495	2462320	5731185	
dataset_3_types_unequal	4.074304580688477	0.0	5.598641872406006	0.0	0.04974428564310074	0.0	3.7108516693115234	0.0	3.551902732986491	0.0	1	16410000	7929271	2459502	6021227	
dataset_4_types_rare	4.3962883949279785	0.0	5.906600475311279	0.0	0.053594257682561874	0.0	4.115799427032471	0.0	3.527004581002984	0.0	1	16425000	8207482	2484106	5733412	
dataset_multibatch_dropout	3.930727243423462	0.0	5.249171257019043	0.0	0.03769741952419281	0.0	3.7987773418426514	0.0	2.137498374970164	0.0	1	16410000	7861476	2455940	6092584	
