dataset	mse	mse_std	mse_dropout	mse_dropout_std	mse_biozero	mse_biozero_std	mse_non_zero	mse_non_zero_std	runtime_sec	runtime_sec_std	n_repeats	n_total	n_dropout	n_biozero	n_non_zero	error
dataset_2_types_equal	4.39951229095459	0.0011141103118998978	6.251578998565674	0.0015376222115250349	0.04249326139688492	5.422175424525939e-05	3.6210782289505006	0.0011513349315981603	8.513108396111056	0.6720225436930445	10	16395000	8201495	2462320	5731185	
dataset_3_types_unequal	4.074754095077514	0.0008388321165809246	5.599552726745605	0.0011377122043366142	0.04963720738887787	5.038199894907995e-05	3.7109123706817626	0.0009428509367293326	8.37269306499511	0.8282010337249435	10	16410000	7929271	2459502	6021227	
dataset_4_types_rare	4.395604848861694	0.0010193843224231636	5.9059888362884525	0.0011095578436037012	0.05351698510348797	5.928517333516188e-05	4.114749622344971	0.0015940421763729414	8.212775035505183	0.6495945371519649	10	16425000	8207482	2484106	5733412	
dataset_multibatch_dropout	3.93063862323761	0.0014695013275031722	5.249180698394776	0.0019311876362385736	0.037721963971853255	0.00013647439221402852	3.7985259294509888	0.0015572791613589635	8.083664406795288	0.6182785793829337	10	16410000	7861476	2455940	6092584	
