dataset	mse	mse_std	mse_dropout	mse_dropout_std	mse_biozero	mse_biozero_std	mse_non_zero	mse_non_zero_std	runtime_sec	runtime_sec_std	n_repeats	n_total	n_dropout	n_biozero	n_non_zero	error
dataset_2_types_equal	4.88073207292504	0	9.92467083836654	0	0.0124721275737194	0	0	0	357.594	0	1	54900000	26988533	8008607	19902860	NA
dataset_3_types_unequal	4.72554441799339	0	9.96025571268029	0	0.0397856038670301	0	0	0	442.022	0	1	54950000	26038329	8049409	20862262	NA
dataset_4_types_rare	4.19303113988396	0	8.50838973043441	0	0.00403673275321923	0	0	0	450.231	0	1	54900000	27051545	8006948	19841507	NA
dataset_multibatch_dropout	4.25258066780628	0	9.02979246034398	0	0.00200820981037726	0	0	0	459.323	0	1	54950000	25876914	8039380	21033706	NA
