dataset	mse	mse_std	mse_dropout	mse_dropout_std	mse_biozero	mse_biozero_std	mse_non_zero	mse_non_zero_std	runtime_sec	runtime_sec_std	n_repeats	n_total	n_dropout	n_biozero	n_non_zero	error
dataset_2_types_equal	5.08217412107201	0	9.94109758893158	0	0.00915361815719225	0	0	0	3.235	0	1	1066000	544846	134412	386742	NA
dataset_3_types_unequal	4.69493135575957	0	9.45178199484044	0	0.030316073454721	0	0	0	5.69	0	1	1065000	528580	134548	401872	NA
dataset_4_types_rare	4.68509523926923	0	9.30494038563543	0	0.0280913225870714	0	0	0	8.353	0	1	1073000	539831	142817	390352	NA
dataset_multibatch_dropout	4.01970870026009	0	8.3787842738152	0	0.0052364631159506	0	0	0	4.997	0	1	1072000	514202	141335	416463	NA
