dataset	mse	mse_std	mse_dropout	mse_dropout_std	mse_biozero	mse_biozero_std	mse_non_zero	mse_non_zero_std	runtime_sec	runtime_sec_std	n_repeats	n_total	n_dropout	n_biozero	n_non_zero	error
dataset_2_types_equal	5.08217412107201	0	9.94109758893158	0	0.00915361815719225	0	0	0	20.1926	0.575924734665911	5	1066000	544846	134412	386742	NA
dataset_3_types_unequal	4.71819231286275	0.0123025234826657	9.49857934170334	0.0248395428687023	0.0305894161286094	0.00102499126305336	0	0	34.9964	0.634705679823339	5	1065000	528580	134548	401872	NA
dataset_4_types_rare	4.64455682043688	0.00842412354993789	9.22450565732269	0.0168302234120359	0.0275552268329906	0.00205057243443756	0	0	53.6824	0.413080258545467	5	1073000	539831	142817	390352	NA
dataset_multibatch_dropout	4.03547506001514	0.021058603837873	8.41130784103833	0.0438152027879887	0.0064948516548933	0.000675154720880639	0	0	29.0324	0.733366415920436	5	1072000	514202	141335	416463	NA
