dataset	mse	mse_std	mse_dropout	mse_dropout_std	mse_biozero	mse_biozero_std	mse_non_zero	mse_non_zero_std	runtime_sec	runtime_sec_std	n_repeats	n_total	n_dropout	n_biozero	n_non_zero	error
dataset_2_types_equal	4.372126579284668	0.0016335467356372265	6.198054552078247	0.002484615329003047	0.04574717245995998	0.0001095434556417517	3.600134992599487	0.0012684471670542494	0.8326082249172032	0.3156830675962599	10	5455000	2708148	794605	1952247	
dataset_3_types_unequal	4.084291553497314	0.0011187121362964442	5.585341262817383	0.0015473010939630906	0.05416628643870354	9.537045596248541e-05	3.7101800203323365	0.0012062811588113476	0.686478314892156	0.11374662999446268	10	5445000	2620323	786783	2037894	
dataset_4_types_rare	4.454167366027832	0.0014569666058539047	5.964749336242676	0.0018671389311532382	0.05524512454867363	8.808260800494382e-05	4.167722415924072	0.0017582067570683787	0.6004513409046922	0.021493459612445653	10	5470000	2727398	810789	1931813	
dataset_multibatch_dropout	3.9338316679000855	0.0012498236836602343	5.264306449890137	0.0014401350002230674	0.03754515685141087	0.00016459690751071356	3.7768778085708616	0.0017577269821347399	0.5726090678013861	0.09366608217995546	10	5470000	2605049	806639	2058312	
