dataset	mse	mse_std	mse_dropout	mse_dropout_std	mse_biozero	mse_biozero_std	mse_non_zero	mse_non_zero_std	runtime_sec	runtime_sec_std	n_repeats	n_total	n_dropout	n_biozero	n_non_zero	error
dataset_2_types_equal	4.370662069320678	0.001759775513353798	6.19646577835083	0.002361099347052931	0.04575898833572865	5.482298098636684e-05	3.5982399702072145	0.0018916643518999098	0.8288552940066438	0.28979018174347815	10	5455000	2708148	794605	1952247	
dataset_3_types_unequal	4.085201835632324	0.001609090486499046	5.586582279205322	0.0020968302658857076	0.05415208265185356	7.684514663075176e-05	3.7110223054885862	0.0017745306295914034	0.7339873906050343	0.08465797472371278	10	5445000	2620323	786783	2037894	
dataset_4_types_rare	4.454224061965943	0.0021250996967657385	5.964597177505493	0.0024955491477688455	0.05522566251456738	0.0001062441857600784	4.168106269836426	0.0026197324325253307	0.6781958384090103	0.04526460367750048	10	5470000	2727398	810789	1931813	
dataset_multibatch_dropout	3.931581401824951	0.0019097734614447535	5.261781311035156	0.002586248794780339	0.0375340685248375	0.00018253446033684697	3.774100184440613	0.0019310777185490304	0.5560598923941142	0.031288630991797704	10	5470000	2605049	806639	2058312	
