dataset	mse	mse_std	mse_dropout	mse_dropout_std	mse_biozero	mse_biozero_std	mse_non_zero	mse_non_zero_std	runtime_sec	runtime_sec_std	n_repeats	n_total	n_dropout	n_biozero	n_non_zero	error
dataset_2_types_equal	4.372000312805175	0.001596798944917739	6.1980812549591064	0.0022214398432980815	0.04568392708897591	0.0001263094171536357	3.5997703790664675	0.0014952022939099861	0.8117322041944135	0.35902754205991405	10	5455000	2708148	794605	1952247	
dataset_3_types_unequal	4.083483266830444	0.0017349133648263907	5.584299993515015	0.0021531417062707497	0.05415082238614559	8.597493606220556e-05	3.7093635320663454	0.001966244714603305	0.7012971010059118	0.12377470981101317	10	5445000	2620323	786783	2037894	
dataset_4_types_rare	4.454153728485108	0.0015479098800702193	5.9646471500396725	0.0017102766811254823	0.055227509886026385	5.136917761920325e-05	4.167832374572754	0.002191473684753992	0.643471415003296	0.04260295310278858	10	5470000	2727398	810789	1931813	
dataset_multibatch_dropout	3.932376003265381	0.0010634476376817383	5.262603378295898	0.0014192843997618445	0.03753731921315193	0.00011437067230546654	3.7751718521118165	0.001221218183630069	0.5591904079949017	0.048080344303807476	10	5470000	2605049	806639	2058312	
