dataset	mse	mse_std	mse_dropout	mse_dropout_std	mse_biozero	mse_biozero_std	mse_non_zero	mse_non_zero_std	runtime_sec	runtime_sec_std	n_repeats	n_total	n_dropout	n_biozero	n_non_zero	error
dataset_2_types_equal	4.370756912231445	0.001467910578939606	6.196473073959351	0.0020845800900921125	0.04576972015202045	0.00011017443921992907	3.598494529724121	0.0013385914486415372	0.8693947591993492	0.43589667127201903	10	5455000	2708148	794605	1952247	
dataset_3_types_unequal	4.084702777862549	0.0017597388493143125	5.5858745098114015	0.002167229243233203	0.05418661125004291	0.00010869342366469074	3.710585880279541	0.0020310609280512325	0.8590312434942462	0.0741353521811029	10	5445000	2620323	786783	2037894	
dataset_4_types_rare	4.453560018539429	0.0011353035127251766	5.964115762710572	0.0012098996197315646	0.05524618364870548	7.597134325545491e-05	4.166895151138306	0.0019102619789760856	0.7903971411869861	0.09483919495288655	10	5470000	2727398	810789	1931813	
dataset_multibatch_dropout	3.9326964616775513	0.001451115466221253	5.262747716903687	0.0019347446797780578	0.037548040971159935	0.00020898227760117601	3.7758338689804076	0.001665977229004928	0.6987239191017579	0.07050187718535285	10	5470000	2605049	806639	2058312	
