dataset	mse	mse_std	mse_dropout	mse_dropout_std	mse_biozero	mse_biozero_std	mse_non_zero	mse_non_zero_std	runtime_sec	runtime_sec_std	n_repeats	n_total	n_dropout	n_biozero	n_non_zero	error
dataset_2_types_equal	0.4222793638706207	0.0013899984525915612	0.5350053966045379	0.0025804236685572895	1.0755785942077636	0.013881672675444566	0.0	0.0	87.00309188709362	2.9914169939767468	10	5455000	2708148	794605	1952247	
dataset_3_types_unequal	0.42266073226928713	0.002352910762520055	0.5120884001255035	0.001280052323666979	1.219587230682373	0.015408580745914804	0.0	0.0	86.09070470619481	0.9749411981215359	10	5445000	2620323	786783	2037894	
dataset_4_types_rare	0.44675133228302	0.002922735547828233	0.553943932056427	0.005040476228962117	1.150612998008728	0.019751966456389804	0.0	0.0	86.28440010659979	1.2932274086023934	10	5470000	2727398	810789	1931813	
dataset_multibatch_dropout	0.5814642310142517	0.001719464590200811	0.8630888819694519	0.004923926607729157	1.1556851267814636	0.024988391564196355	0.0	0.0	87.0962502387003	1.1301581758479207	10	5470000	2605049	806639	2058312	
