dataset	mse	mse_std	mse_dropout	mse_dropout_std	mse_biozero	mse_biozero_std	mse_non_zero	mse_non_zero_std	runtime_sec	runtime_sec_std	n_repeats	n_total	n_dropout	n_biozero	n_non_zero	error
dataset_2_types_equal	0.4183274507522583	0.0	0.50808185338974	0.0	1.2581522464752197	0.0	0.0	0.0	25.604144036013167	0.0	1	1066000	544846	134412	386742	
dataset_3_types_unequal	0.4198431670665741	0.0	0.49048304557800293	0.0	1.3963313102722168	0.0	0.0	0.0	16.94012914795894	0.0	1	1065000	528580	134548	401872	
dataset_4_types_rare	0.42132607102394104	0.0	0.47826388478279114	0.0	1.357690691947937	0.0	0.0	0.0	17.30287455499638	0.0	1	1073000	539831	142817	390352	
dataset_multibatch_dropout	0.41705605387687683	0.0	0.4886441230773926	0.0	1.3855186700820923	0.0	0.0	0.0	17.829612479021307	0.0	1	1072000	514202	141335	416463	
