dataset	mse	mse_std	mse_dropout	mse_dropout_std	mse_biozero	mse_biozero_std	mse_non_zero	mse_non_zero_std	runtime_sec	runtime_sec_std	n_repeats	n_total	n_dropout	n_biozero	n_non_zero	error
dataset_2_types_equal	0.417292109131813	0.0015762503807679813	0.504594948887825	0.004185893268003129	1.2640751957893372	0.015477039804673109	0.0	0.0	17.86821689439821	2.8443026989520495	10	1066000	544846	134412	386742	
dataset_3_types_unequal	0.4188773274421692	0.0013773628506378818	0.4908398360013962	0.0011003062311404233	1.387283408641815	0.00811776705424915	0.0	0.0	16.92681647790014	0.21425648186665172	10	1065000	528580	134548	401872	
dataset_4_types_rare	0.41925310492515566	0.0009352181835190778	0.47643521428108215	0.0011099589884712483	1.349027681350708	0.0050606893465317705	0.0	0.0	17.120469798502747	0.23975848089975435	10	1073000	539831	142817	390352	
dataset_multibatch_dropout	0.4161059707403183	0.000886137100184735	0.4886751890182495	0.0018388958719843262	1.3781996369361877	0.00514799046402778	0.0	0.0	17.10419643020723	0.6534289549218822	10	1072000	514202	141335	416463	
