dataset	ASW	ASW_std	ARI	ARI_std	NMI	NMI_std	PS	PS_std	runtime_sec	runtime_sec_std	n_repeats	n_cells	n_genes	label_source	error
blakeley	0.52708	0.02730876131289087	0.98722	0.026942605664634574	0.98062	0.04085662736937546	0.9933399999999999	0.014040512811147604	48.27575333118439	9.800000794458805	10	30	118	cell_type1	
darmanis	0.26113	0.010233393050857242	0.7537200000000001	0.009617668925241457	0.8146600000000002	0.010508430478007204	0.90665	0.012775084257169429	70.55969552993774	6.554363622175806	10	420	83	cell_type1	
li	0.46925	0.053229466567974455	0.8089999999999999	0.09483363210263421	0.90457	0.03401725215893318	0.87431	0.06528124539253215	129.21280608177184	8.222311115029415	10	561	123	cell_type1	
pollen	0.47068999999999994	0.03332931475776575	0.8651800000000002	0.03465178526746092	0.9133999999999999	0.01144027971686009	0.9143800000000001	0.01664937769941501	123.1933923959732	6.52228904858982	10	299	112	cell_type1	
usoskin	0.29257999999999995	0.004046068050177429	0.9047799999999999	0.0052497195692299175	0.8675600000000001	0.007683633399780493	0.94773	0.002336688064571563	73.3354205608368	4.562596159007229	10	622	90	cell_type1	
