dataset	ASW	ASW_std	ARI	ARI_std	NMI	NMI_std	PS	PS_std	runtime_sec	runtime_sec_std	n_repeats	n_cells	n_genes	label_source	error
blakeley	0.41225000000000006	0.05987132962538171	0.83432	0.17638031384230812	0.8360099999999999	0.11759976804587857	0.9166799999999998	0.07895772145761157	9.772538352012635	0.15377022508332125	10	30	118	cell_type1	
darmanis	0.39318	0.018231523371469664	0.75609	0.057167307090679007	0.8075700000000001	0.027069952592003798	0.89548	0.01873154202586287	13.239691781997681	1.1982337794858473	10	420	83	cell_type1	
li	0.5666399999999999	0.04603781537436853	0.8854	0.03672283576559233	0.92858	0.009516978979113551	0.92477	0.02345080192895568	18.116739320755006	2.0228626453696394	10	561	123	cell_type1	
pollen	0.73293	0.06076974850477277	0.90865	0.05371027731159921	0.9281500000000001	0.017221320764938108	0.92207	0.017760008133131274	12.09874176979065	1.5429655927093113	10	299	112	cell_type1	
usoskin	0.40512999999999993	0.00595297311340215	0.94992	0.009628753236472979	0.91679	0.014774486266684348	0.97766	0.005514264330906818	17.593615460395814	1.6876961664737664	10	622	90	cell_type1	
