dataset	ASW	ASW_std	ARI	ARI_std	NMI	NMI_std	PS	PS_std	runtime_sec	runtime_sec_std	n_repeats	n_cells	n_genes	label_source	error
blakeley	0.5119	0.0	0.8057	0.0	0.7933	0.0	0.8667	0.0	5.117337226867676	0.0	1	30	118	cell_type1	
darmanis	0.4673	0.0	0.7732	0.0	0.8241	0.0	0.9143	0.0	8.890948295593262	0.0	1	420	83	cell_type1	
li	0.622	0.0	0.7524	0.0	0.8874	0.0	0.8235	0.0	9.684857606887817	0.0	1	561	123	cell_type1	
pollen	0.5902	0.0	0.8578	0.0	0.88	0.0	0.8796	0.0	6.0521159172058105	0.0	1	299	112	cell_type1	
usoskin	0.4568	0.0	0.8896	0.0	0.8487	0.0	0.9486	0.0	11.745862007141113	0.0	1	622	90	cell_type1	
