dataset	ASW	ASW_std	ARI	ARI_std	NMI	NMI_std	PS	PS_std	runtime_sec	runtime_sec_std	n_repeats	n_cells	n_genes	label_source	error
blakeley	0.813	0.0	0.5778999999999999	1.1702778228589004e-16	0.7058	0.0	0.8	0.0	0.09299147129058838	0.2336980859042984	10	30	118	cell_type1	
darmanis	0.6144999999999999	1.1702778228589004e-16	0.7123999999999999	1.1702778228589004e-16	0.8017999999999998	1.1702778228589004e-16	0.869	0.0	0.22494769096374512	0.005581183230712181	10	420	83	cell_type1	
li	0.8258699999999999	0.00012516655570344348	0.9131	0.0	0.9423999999999999	1.1702778228589004e-16	0.9446999999999999	1.1702778228589004e-16	0.6623800992965698	0.16812809347603166	10	561	123	cell_type1	
pollen	0.9042	0.0	0.9358000000000001	1.1702778228589004e-16	0.9361	0.0	0.9231	0.0	0.31870403289794924	0.039821467286479124	10	299	112	cell_type1	
usoskin	0.6792	0.0	0.9027	0.0	0.8675	0.0	0.9486000000000001	1.1702778228589004e-16	0.1888828992843628	0.028626184868092697	10	622	90	cell_type1	
