dataset	mse	mse_std	mse_dropout	mse_dropout_std	mse_biozero	mse_biozero_std	mse_non_zero	mse_non_zero_std	runtime_sec	runtime_sec_std	n_repeats	n_total	n_dropout	n_biozero	n_non_zero	error
dataset_2_types_equal	0.7340337097644806	0.012231545231458456	1.4217565298080443	0.02521141491550258	0.15186842381954194	0.0037692464465819042	0.0	0.0	254.23216383130057	4.666804370819002	10	16395000	8201495	2462320	5731185	
dataset_3_types_unequal	0.6453540802001954	0.009362009565684061	1.2824264407157897	0.020532840936666453	0.1713978812098503	0.004517034831300711	0.0	0.0	249.14272545228596	3.620511805211851	10	16410000	7929271	2459502	6021227	
dataset_4_types_rare	0.6849340319633483	0.007069700699260581	1.316886341571808	0.015060903388379222	0.17782014161348342	0.00402237421391418	0.0	0.0	252.59558935019305	1.739242656791459	10	16425000	8207482	2484106	5733412	
dataset_multibatch_dropout	0.7873069941997528	0.005839319210060579	1.5923611283302308	0.013126970122873437	0.16343793272972107	0.0034682230894416155	0.0	0.0	252.42500205400285	2.1448386439030025	10	16410000	7861476	2455940	6092584	
