dataset	mse	mse_std	mse_dropout	mse_dropout_std	mse_biozero	mse_biozero_std	mse_non_zero	mse_non_zero_std	runtime_sec	runtime_sec_std	n_repeats	n_total	n_dropout	n_biozero	n_non_zero	error
dataset_2_types_equal	4.565832853317261	0.025185819320970835	6.470233917236328	0.01632119204770396	0.04071115627884865	0.0006185254923462079	3.7658790826797484	0.06269814624701528	50.432250527589346	4.333307375346536	10	5455000	2708148	794605	1952247	
dataset_3_types_unequal	4.258395338058472	0.017114135128977376	5.860288763046265	0.028391012294324818	0.04871542453765869	0.0006108247157615323	3.8239394426345825	0.031715835965758804	47.82036387339467	2.5009207957023727	10	5445000	2620323	786783	2037894	
dataset_4_types_rare	4.725456666946411	0.021784969192469677	6.262300634384156	0.03457046656482634	0.05241268835961819	0.0006556448728935191	4.516984748840332	0.05371149534860093	48.73297184970579	3.1277109721484146	10	5470000	2727398	810789	1931813	
dataset_multibatch_dropout	4.121622133255005	0.0221828619574447	5.598479986190796	0.033514526191620965	0.04477304369211197	0.0006548457872516378	3.8501665353775025	0.03691767484227572	60.54651713049971	7.528947818777364	10	5470000	2605049	806639	2058312	
