dataset	mse	mse_std	mse_dropout	mse_dropout_std	mse_biozero	mse_biozero_std	mse_non_zero	mse_non_zero_std	runtime_sec	runtime_sec_std	n_repeats	n_total	n_dropout	n_biozero	n_non_zero	error
dataset_2_types_equal	4.558877801895141	0.021204297764913997	6.469604969024658	0.03221616786025742	0.0403490848839283	0.0005864479908586509	3.7474609375	0.026395259461582034	50.89592753510224	4.960557290499929	10	5455000	2708148	794605	1952247	
dataset_3_types_unequal	4.264348983764648	0.02051778976843272	5.8740807056427	0.03030310395463788	0.048460811749100684	0.0005849403547112495	3.8222129344940186	0.035247484693314	49.45392161029158	1.5593680693122698	10	5445000	2620323	786783	2037894	
dataset_4_types_rare	4.741493272781372	0.038019160296698176	6.270046329498291	0.04299202360983935	0.05197030492126942	0.0006077005609861719	4.551641035079956	0.07175576850555679	51.231429976504295	2.63334824365576	10	5470000	2727398	810789	1931813	
dataset_multibatch_dropout	4.123289155960083	0.025072000572203896	5.597586441040039	0.040554057598276995	0.045213732868433	0.0007887952931054733	3.855555272102356	0.02808710641461011	56.67410328028491	2.618729917618253	10	5470000	2605049	806639	2058312	
