dataset	mse	mse_std	mse_dropout	mse_dropout_std	mse_biozero	mse_biozero_std	mse_non_zero	mse_non_zero_std	runtime_sec	runtime_sec_std	n_repeats	n_total	n_dropout	n_biozero	n_non_zero	error
dataset_2_types_equal	4.545011758804321	0.025783669722931377	6.4445860385894775	0.020132808320766048	0.040658659487962726	0.0002871727123326676	3.7432973861694334	0.05388096714359931	51.71520282879938	4.585686424826493	10	5455000	2708148	794605	1952247	
dataset_3_types_unequal	4.253391599655151	0.016415035204109724	5.849616622924804	0.019759495366216354	0.04850834794342518	0.0007738437820530457	3.8243715286254885	0.05172504002786778	51.545424940792145	2.4638728252006117	10	5445000	2620323	786783	2037894	
dataset_4_types_rare	4.72151141166687	0.025226626966925635	6.25115270614624	0.033268858727267446	0.051980436965823176	0.0006185088768395237	4.521733570098877	0.051007925719630545	52.207332931010754	3.3262223184687874	10	5470000	2727398	810789	1931813	
dataset_multibatch_dropout	4.1240569114685055	0.01960156367188158	5.605438947677612	0.026087606587070898	0.04460311830043793	0.0005860870081255666	3.8478920698165893	0.03548158461718325	59.33454093739274	5.86798103213063	10	5470000	2605049	806639	2058312	
