dataset	mse	mse_std	mse_dropout	mse_dropout_std	mse_biozero	mse_biozero_std	mse_non_zero	mse_non_zero_std	runtime_sec	runtime_sec_std	n_repeats	n_total	n_dropout	n_biozero	n_non_zero	error
dataset_2_types_equal	4.574845266342163	0.02723253035493072	6.495607948303222	0.04888933205662387	0.040269605815410614	0.0006444369904559494	3.7560376167297362	0.024749524027027788	51.17817978449748	5.194913083161481	10	5455000	2708148	794605	1952247	
dataset_3_types_unequal	4.251109457015991	0.018225946473099303	5.864274597167968	0.03324635626435739	0.04842446595430374	0.0005949858194153097	3.799461317062378	0.029427548446110938	49.86124223049846	2.2867309033853416	10	5445000	2620323	786783	2037894	
dataset_4_types_rare	4.723518371582031	0.028274566776810065	6.263268566131591	0.03566171313306886	0.052160516008734704	0.0003748019332991028	4.510236406326294	0.04422244250486986	50.45989071489312	3.535071545891798	10	5470000	2727398	810789	1931813	
dataset_multibatch_dropout	4.121623277664185	0.020487906528356793	5.61096510887146	0.03684962191359489	0.04458868615329266	0.00030989501664686685	3.8344383001327516	0.04606373257767417	60.32168751461431	6.762349349231031	10	5470000	2605049	806639	2058312	
