dataset	method	ARI	ARI_std	NMI	NMI_std	PS	PS_std	runtime_sec	runtime_sec_std	n_repeats	error	n_cells	n_genes	label_source
blakeley_top1000hvg	ccimpute	0.23026	0.107494106815211	0.29038	0.0473249088747142	0.64666	0.0691391567781962	2.3036	4.16944940010069	5	NA	30	1000	cell_type1
darmanis_top1000hvg	ccimpute	0.61644	0.0128593545716727	0.79744	0.00810203678095822	0.88046	0.00516168577114106	3.1508	0.335820934427858	5	NA	420	1000	cell_type1
deng_top1000hvg	ccimpute	0.58926	0.197262244233406	0.70128	0.0445451119652875	0.75748	0.00526801670460526	1.9364	0.155959289559809	5	NA	268	1000	cell_type1
pollen_top1000hvg	ccimpute	0.70104	0.0481416971034466	0.81456	0.0431582321231998	0.76456	0.0439045897372929	3.0174	0.47921216595575	5	NA	299	1000	cell_type1
usoskin_top1000hvg	ccimpute	0.77282	0.104176470471983	0.80934	0.0652232167253349	0.89262	0.0459469476679355	3.0368	0.276862240112291	5	NA	622	1000	cell_type1
