dataset	mse	mse_std	mse_dropout	mse_dropout_std	mse_biozero	mse_biozero_std	mse_non_zero	mse_non_zero_std	runtime_sec	runtime_sec_std	n_repeats	n_total	n_dropout	n_biozero	n_non_zero	error
dataset_2_types_equal	1.7588734030723572	0.01799712291334024	2.717105436325073	0.02264753426079303	0.15595864206552507	0.0036267490313948727	1.0820371508598328	0.021576464116910644	66.40824657591293	15.000060067834312	10	5455000	2708148	794605	1952247	
dataset_3_types_unequal	1.4968649744987488	0.008677803875217884	2.2095269441604612	0.01352283595575231	0.1717846065759659	0.0013294925305764648	1.092107081413269	0.007733137315120692	43.41908766769338	8.145918097166856	10	5445000	2620323	786783	2037894	
dataset_4_types_rare	1.7199731349945069	0.008274992375853768	2.614323139190674	0.015549578397259288	0.19744184911251067	0.0018969205360883433	1.0963114023208618	0.0035259146125726512	76.1734924460994	8.494834612306377	10	5470000	2727398	810789	1931813	
dataset_multibatch_dropout	1.3718925356864928	0.004834247633480825	1.99907306432724	0.006910804438740637	0.17352496981620788	0.0013464467777129184	1.0477505445480346	0.005795636937801475	63.08881404478452	7.828236772418475	10	5470000	2605049	806639	2058312	
