dataset	mse	mse_std	mse_dropout	mse_dropout_std	mse_biozero	mse_biozero_std	mse_non_zero	mse_non_zero_std	runtime_sec	runtime_sec_std	n_repeats	n_total	n_dropout	n_biozero	n_non_zero	error
dataset_2_types_equal	1.760373318195343	0.014550177068757986	2.717317819595337	0.01735845942442365	0.15447712540626526	0.00231195773475113	1.0865365624427796	0.01959526782607388	60.258637104189255	10.618371556678506	10	5455000	2708148	794605	1952247	
dataset_3_types_unequal	1.5052292227745057	0.00866239235677973	2.2220619201660154	0.011707094191652237	0.17163092643022537	0.0010898048033564146	1.098397171497345	0.009660597336005435	42.93543832580326	5.837614876341158	10	5445000	2620323	786783	2037894	
dataset_4_types_rare	1.714141607284546	0.007519213769534726	2.603564667701721	0.012336693289919234	0.1968249723315239	0.0034149211376498776	1.09524827003479	0.006227049284971265	69.82725349411484	11.089075966420376	10	5470000	2727398	810789	1931813	
dataset_multibatch_dropout	1.3712616562843323	0.006408161318696119	1.9999677181243896	0.009320744961687392	0.17280310541391372	0.001953970846770232	1.045225203037262	0.007689411598354392	55.984699763706885	10.44125952802719	10	5470000	2605049	806639	2058312	
