dataset	mse	mse_std	mse_dropout	mse_dropout_std	mse_biozero	mse_biozero_std	mse_non_zero	mse_non_zero_std	runtime_sec	runtime_sec_std	n_repeats	n_total	n_dropout	n_biozero	n_non_zero	error
dataset_2_types_equal	1.755387556552887	0.015502507929162454	2.7147441625595095	0.020537612536992756	0.1577914223074913	0.0033945031166719253	1.074826955795288	0.01827851578865051	70.26112958420417	11.387797283604637	10	5455000	2708148	794605	1952247	
dataset_3_types_unequal	1.4980679273605346	0.010143358262613264	2.2117049217224123	0.01508379207766859	0.17178579568862914	0.001064813687633418	1.0925209403038025	0.008505770097766584	44.38182775459718	5.586420694964348	10	5445000	2620323	786783	2037894	
dataset_4_types_rare	1.711802613735199	0.010046375514263323	2.6019554853439333	0.018972853234142627	0.19957402646541594	0.003919070550066358	1.089743423461914	0.004381760352076837	81.45087051369482	16.20941556373582	10	5470000	2727398	810789	1931813	
dataset_multibatch_dropout	1.3758661150932312	0.006368752939989155	2.0053666472434997	0.008143956655186387	0.17290794253349304	0.0016808901422647872	1.0505865573883058	0.008268788184357471	58.08206441530492	10.233870560259726	10	5470000	2605049	806639	2058312	
