dataset	mse	mse_std	mse_dropout	mse_dropout_std	mse_biozero	mse_biozero_std	mse_non_zero	mse_non_zero_std	runtime_sec	runtime_sec_std	n_repeats	n_total	n_dropout	n_biozero	n_non_zero	error
dataset_2_types_equal	0.7350004315376282	0.010525109693071244	1.452394723892212	0.02220776674932647	0.14904288649559022	0.003570852654268031	0.0	0.0	409.96721444351135	6.359469143108963	10	27425000	13486654	3820636	10117710	
dataset_3_types_unequal	0.6463692486286163	0.008128437424072592	1.3159208297729492	0.018074699531189824	0.16083228290081025	0.003348049655206151	0.0	0.0	408.4317871007021	2.8179661384207964	10	27450000	13013543	3842821	10593636	
dataset_4_types_rare	0.6708257853984833	0.011252205679865502	1.31426842212677	0.023960440177934837	0.16959411054849624	0.005710254362520297	0.0	0.0	411.2024099184142	2.0991289314936634	10	27475000	13522375	3885221	10067404	
dataset_multibatch_dropout	0.6238868117332459	0.006690062835448992	1.2749104976654053	0.014952282915224763	0.16397947669029236	0.0029381478400355783	0.0	0.0	408.841604858503	1.7765221094798904	10	27450000	12939065	3839220	10671715	
