dataset	mse	mse_std	mse_dropout	mse_dropout_std	mse_biozero	mse_biozero_std	mse_non_zero	mse_non_zero_std	runtime_sec	runtime_sec_std	n_repeats	n_total	n_dropout	n_biozero	n_non_zero	error
dataset_2_types_equal	5.66144770244597	0	11.0711225393789	0	0.00777602281271035	0	0.00517458393103494	0	152.858	0	1	1066000	544846	134412	386742	NA
dataset_3_types_unequal	5.27759019787986	0	10.6272425637558	0	0.00941603471427994	0	0.00502343470880651	0	120.624	0	1	1065000	528580	134548	401872	NA
dataset_4_types_rare	5.8414743374442	0	11.6029981513622	0	0.0118869060993925	0	0.00652287361467693	0	128.243	0	1	1073000	539831	142817	390352	NA
dataset_multibatch_dropout	5.00750625708281	0	10.4330442207352	0	0.00888282992095069	0	0.00504017988490198	0	102.091	0	1	1072000	514202	141335	416463	NA
