dataset	mse	mse_std	mse_dropout	mse_dropout_std	mse_biozero	mse_biozero_std	mse_non_zero	mse_non_zero_std	runtime_sec	runtime_sec_std	n_repeats	n_total	n_dropout	n_biozero	n_non_zero	error
dataset_2_types_equal	5.66249615857827	0	11.0732877400848	0	0.00767197581331819	0	0.00505031105282098	0	160.51	0	1	1066000	544846	134412	386742	NA
dataset_3_types_unequal	5.28475543136442	0	10.6415993396416	0	0.00950247286690765	0	0.00509967535941638	0	135.673	0	1	1065000	528580	134548	401872	NA
dataset_4_types_rare	5.8445457379267	0	11.6089003479154	0	0.012214332686081	0	0.00668340044019013	0	127.334	0	1	1073000	539831	142817	390352	NA
dataset_multibatch_dropout	4.99499063990804	0	10.4070535852657	0	0.00873861919615401	0	0.00496352757998383	0	102.563	0	1	1072000	514202	141335	416463	NA
