dataset	mse	mse_std	mse_dropout	mse_dropout_std	mse_biozero	mse_biozero_std	mse_non_zero	mse_non_zero_std	runtime_sec	runtime_sec_std	n_repeats	n_total	n_dropout	n_biozero	n_non_zero	error
dataset_2_types_equal	5.66841851026109	0	11.0846653579913	0	0.0078466847483355	0	0.00528481961566753	0	155.565	0	1	1066000	544846	134412	386742	NA
dataset_3_types_unequal	5.27916252469607	0	10.6303675077557	0	0.00943915136909868	0	0.00507229320129764	0	137.973	0	1	1065000	528580	134548	401872	NA
dataset_4_types_rare	5.84444470039566	0	11.6087893676832	0	0.0120631949573554	0	0.00661444302718603	0	127.398	0	1	1073000	539831	142817	390352	NA
dataset_multibatch_dropout	4.98868979080062	0	10.3939784987278	0	0.00870241074689132	0	0.00490071990193507	0	112.946	0	1	1072000	514202	141335	416463	NA
