dataset	mse	mse_std	mse_dropout	mse_dropout_std	mse_biozero	mse_biozero_std	mse_non_zero	mse_non_zero_std	runtime_sec	runtime_sec_std	n_repeats	n_total	n_dropout	n_biozero	n_non_zero	error
dataset_2_types_equal	5.6621930626444	0.00647960930539413	11.0726145228392	0.0126499645091605	0.00772389171577323	8.21953728690111e-05	0.00514526153041547	6.65540737294458e-05	147.2308	10.6437510164416	5	1066000	544846	134412	386742	NA
dataset_3_types_unequal	5.28227030150844	0.00340600220656899	10.6365717148162	0.00681431814837928	0.00950719143265215	8.52656731507462e-05	0.00512506593160577	4.77382623064969e-05	140.8078	7.05420446967618	5	1065000	528580	134548	401872	NA
dataset_4_types_rare	5.84686191359214	0.0050971172742856	11.6135000846667	0.0100714596740941	0.0122170703103135	0.000173887327807477	0.00668797328603147	9.5045492928186e-05	122.671	4.90409930568303	5	1073000	539831	142817	390352	NA
dataset_multibatch_dropout	5.0035259875303	0.0114802618703536	10.4247702092018	0.0238077716967825	0.0088785178175167	0.00015728479253966	0.00501202316838308	0.000103087851624364	102.6682	9.13298687177425	5	1072000	514202	141335	416463	NA
