dataset	mse	mse_std	mse_dropout	mse_dropout_std	mse_biozero	mse_biozero_std	mse_non_zero	mse_non_zero_std	runtime_sec	runtime_sec_std	n_repeats	n_total	n_dropout	n_biozero	n_non_zero	error
dataset_2_types_equal	4.87704726817338	0.000288578918391117	9.74546248106201	0.000577762613104814	0.0129260821440175	2.9508006874741e-06	0	0	159.209	3.06243677485758	5	16395000	8201495	2462320	5731185	NA
dataset_3_types_unequal	4.90002488368455	0.00868210958695632	10.1286800242293	0.0179821719314681	0.0391784828240102	0.00024338280730327	0	0	286.5888	4.93796989662746	5	16410000	7929271	2459502	6021227	NA
dataset_4_types_rare	4.17424296293497	0.0138191976396125	8.35257387995479	0.027477772115345	0.00335770406245499	0.000746701930390498	0	0	346.8162	9.05307313568158	5	16425000	8207482	2484106	5733412	NA
dataset_multibatch_dropout	4.27318306711375	0.00455510013828214	8.91912132860403	0.0094695501467927	0.00222964137067691	0.000131783884851349	0	0	307.1464	1.3680498163446	5	16410000	7861476	2455940	6092584	NA
