dataset	mse	mse_std	mse_dropout	mse_dropout_std	mse_biozero	mse_biozero_std	mse_non_zero	mse_non_zero_std	runtime_sec	runtime_sec_std	n_repeats	n_total	n_dropout	n_biozero	n_non_zero	error
dataset_2_types_equal	4.87673114580693	0	9.74482957382985	0	0.012929314584216	0	0	0	33.027	0	1	16395000	8201495	2462320	5731185	NA
dataset_3_types_unequal	4.89944269079642	0	10.1275347905844	0	0.0389862010671152	0	0	0	57.859	0	1	16410000	7929271	2459502	6021227	NA
dataset_4_types_rare	4.15513210799041	0	8.3142724964281	0	0.00354373614236282	0	0	0	66.668	0	1	16425000	8207482	2484106	5733412	NA
dataset_multibatch_dropout	4.27063873453075	0	8.91382087789336	0	0.00219579215804472	0	0	0	65.107	0	1	16410000	7861476	2455940	6092584	NA
