dataset	mse	mse_std	mse_dropout	mse_dropout_std	mse_biozero	mse_biozero_std	mse_non_zero	mse_non_zero_std	runtime_sec	runtime_sec_std	n_repeats	n_total	n_dropout	n_biozero	n_non_zero	error
dataset_2_types_equal	0.7258799493312835	0.012238035813598109	1.4118082761764525	0.025475088412440363	0.17151965349912643	0.0033948800461417574	0.0	0.0	87.11347131230286	3.6020654381141557	10	5455000	2708148	794605	1952247	
dataset_3_types_unequal	0.630576229095459	0.009317039451844153	1.2542090177536012	0.020618781867267802	0.18690690398216248	0.004682728974265054	0.0	0.0	83.11421380360261	0.7742346715955258	10	5445000	2620323	786783	2037894	
dataset_4_types_rare	0.6894730269908905	0.005209282932452145	1.3263976454734803	0.010468747134911931	0.18969640582799913	0.0028600033254297806	0.0	0.0	83.14515419160598	0.9000497158405985	10	5470000	2727398	810789	1931813	
dataset_multibatch_dropout	0.7843644022941589	0.010182484570605757	1.5914618730545045	0.02285055679829151	0.1793075129389763	0.005017708795015473	0.0	0.0	84.47561595710576	0.5377712196643666	10	5470000	2605049	806639	2058312	
