dataset	mse	mse_std	mse_dropout	mse_dropout_std	mse_biozero	mse_biozero_std	mse_non_zero	mse_non_zero_std	runtime_sec	runtime_sec_std	n_repeats	n_total	n_dropout	n_biozero	n_non_zero	error
dataset_2_types_equal	1.889176118373871	0.01405206195823924	2.858752799034119	0.030508336747506182	0.1489194542169571	0.001714121251817076	1.1280520677566528	0.016940278104875018	14.33708387929364	0.9775259476970692	10	1066000	544846	134412	386742	
dataset_3_types_unequal	1.5912263631820678	0.01119468767629983	2.341321659088135	0.022875306119782956	0.17232652753591537	0.001195886968171038	1.0796826839447022	0.016259490308854374	14.457961996190715	0.9888139925508624	10	1065000	528580	134548	401872	
dataset_4_types_rare	1.7487756490707398	0.018774409837563615	2.637910580635071	0.03668407199441776	0.1921487867832184	0.00183320346440981	1.0886798620223999	0.007453574832960048	13.730573741201079	0.7019630856980122	10	1073000	539831	142817	390352	
dataset_multibatch_dropout	1.4075613260269164	0.010782528513598882	2.070846605300903	0.02504368476865881	0.17759438306093217	0.0013479477093523745	1.0060247480869293	0.008460664154457027	15.12096668179729	1.767801125318566	10	1072000	514202	141335	416463	
