dataset	mse	mse_std	mse_dropout	mse_dropout_std	mse_biozero	mse_biozero_std	mse_non_zero	mse_non_zero_std	runtime_sec	runtime_sec_std	n_repeats	n_total	n_dropout	n_biozero	n_non_zero	error
dataset_2_types_equal	1.8861397504806519	0.0	2.848536968231201	0.0	0.14844384789466858	0.0	1.1342400312423706	0.0	14.31716428801883	0.0	1	1066000	544846	134412	386742	
dataset_3_types_unequal	1.5977897644042969	0.0	2.3397042751312256	0.0	0.17009584605693817	0.0	1.099949836730957	0.0	12.917546382988803	0.0	1	1065000	528580	134548	401872	
dataset_4_types_rare	1.718295931816101	0.0	2.5823583602905273	0.0	0.19276387989521027	0.0	1.081497073173523	0.0	12.919316607993096	0.0	1	1073000	539831	142817	390352	
dataset_multibatch_dropout	1.4066219329833984	0.0	2.0728602409362793	0.0	0.17562417685985565	0.0	1.0017892122268677	0.0	14.376012891007122	0.0	1	1072000	514202	141335	416463	
