dataset	mse	mse_std	mse_dropout	mse_dropout_std	mse_biozero	mse_biozero_std	mse_non_zero	mse_non_zero_std	runtime_sec	runtime_sec_std	n_repeats	n_total	n_dropout	n_biozero	n_non_zero	error
dataset_2_types_equal	1.8622610569000244	0.0	2.823162794113159	0.0	0.15086998045444489	0.0	1.103324294090271	0.0	14.379519183014054	0.0	1	1066000	544846	134412	386742	
dataset_3_types_unequal	1.5741041898727417	0.0	2.312593460083008	0.0	0.16999858617782593	0.0	1.0728732347488403	0.0	13.038897370977793	0.0	1	1065000	528580	134548	401872	
dataset_4_types_rare	1.6934231519699097	0.0	2.536442995071411	0.0	0.19513215124607086	0.0	1.075758934020996	0.0	13.084834059001878	0.0	1	1073000	539831	142817	390352	
dataset_multibatch_dropout	1.420737624168396	0.0	2.1045079231262207	0.0	0.18091751635074615	0.0	0.9972521662712097	0.0	15.013172759965528	0.0	1	1072000	514202	141335	416463	
