dataset	mse	mse_std	mse_dropout	mse_dropout_std	mse_biozero	mse_biozero_std	mse_non_zero	mse_non_zero_std	runtime_sec	runtime_sec_std	n_repeats	n_total	n_dropout	n_biozero	n_non_zero	error
dataset_2_types_equal	1.9041811227798462	0.0	2.8762240409851074	0.0	0.14684152603149414	0.0	1.1455196142196655	0.0	14.148635929974262	0.0	1	1066000	544846	134412	386742	
dataset_3_types_unequal	1.6087595224380493	0.0	2.3735461235046387	0.0	0.17203496396541595	0.0	1.0838602781295776	0.0	13.802985791000538	0.0	1	1065000	528580	134548	401872	
dataset_4_types_rare	1.7344821691513062	0.0	2.613868236541748	0.0	0.19062921404838562	0.0	1.0831947326660156	0.0	12.393162938009482	0.0	1	1073000	539831	142817	390352	
dataset_multibatch_dropout	1.4074130058288574	0.0	2.0687084197998047	0.0	0.1771842986345291	0.0	1.008420705795288	0.0	15.46322971599875	0.0	1	1072000	514202	141335	416463	
