dataset	mse	mse_std	mse_dropout	mse_dropout_std	mse_biozero	mse_biozero_std	mse_non_zero	mse_non_zero_std	runtime_sec	runtime_sec_std	n_repeats	n_total	n_dropout	n_biozero	n_non_zero	error
dataset_2_types_equal	4.50201416015625	0.0	6.350572109222412	0.0	0.046097222715616226	0.0	3.65791392326355	0.0	68.93119845999172	0.0	1	109700000	54416196	14930150	40353654	
dataset_3_types_unequal	4.159583568572998	0.0	5.681713581085205	0.0	0.05330536514520645	0.0	3.7168407440185547	0.0	51.05079587199725	0.0	1	109700000	52522454	14911900	42265646	
dataset_4_types_rare	4.5477213859558105	0.0	6.041999816894531	0.0	0.05790753662586212	0.0	4.173083305358887	0.0	52.88308944698656	0.0	1	109700000	54710917	14860453	40128630	
dataset_multibatch_dropout	4.019442558288574	0.0	5.365013122558594	0.0	0.046956270933151245	0.0	3.7685084342956543	0.0	63.578153370006476	0.0	1	109700000	52227521	15008132	42464347	
