dataset	mse	mse_std	mse_dropout	mse_dropout_std	mse_biozero	mse_biozero_std	mse_non_zero	mse_non_zero_std	runtime_sec	runtime_sec_std	n_repeats	n_total	n_dropout	n_biozero	n_non_zero	error
dataset_2_types_equal	4.5012288093566895	0.0	6.349266052246094	0.0	0.04609892517328262	0.0	3.6575229167938232	0.0	53.60986257100012	0.0	1	109700000	54416196	14930150	40353654	
dataset_3_types_unequal	4.158945560455322	0.0	5.680830478668213	0.0	0.053278516978025436	0.0	3.716247081756592	0.0	56.86002293002093	0.0	1	109700000	52522454	14911900	42265646	
dataset_4_types_rare	4.548067092895508	0.0	6.042576789855957	0.0	0.05791839584708214	0.0	4.173243999481201	0.0	56.435012664005626	0.0	1	109700000	54710917	14860453	40128630	
dataset_multibatch_dropout	4.019550323486328	0.0	5.365206241607666	0.0	0.04697394743561745	0.0	3.7685298919677734	0.0	64.55874005501391	0.0	1	109700000	52227521	15008132	42464347	
