Processing saver cells_1000...

=== dataset_2_types_equal ===
Running SAVER x5...
SAVER can be unstable with ncores > 1; using ncores = 1.
1066 genes, 1000 cells
Running SAVER with 1 worker(s)
Calculating predictions for 1066 genes using 961 genes and 1000 cells...
Start time: 2026-02-03 15:01:32.491183
Estimating finish time...
Finished 8/1066 genes. Approximate finish time: 2026-02-03 15:03:54.743867
Calculating max cor cutoff...
Finished 100/1066 genes. Approximate finish time: 2026-02-03 15:04:01.133429
Calculating lambda coefficients...
Finished 221/1066 genes. Approximate finish time: 2026-02-03 15:04:01.921408
Predicting remaining genes...
Finished 433/1066 genes. Approximate finish time: 2026-02-03 15:03:58.950766
Predicting remaining genes...
Done!
Finish time: 2026-02-03 15:04:01.551055
Total time: 2.484328 mins
  [saver] Saved imputed matrix to results_imputation_r/saver/cells_1000/dataset_2_types_equal_saver.rds
1066 genes, 1000 cells
Running SAVER with 1 worker(s)
Calculating predictions for 1066 genes using 961 genes and 1000 cells...
Start time: 2026-02-03 15:04:01.961002
Estimating finish time...
Finished 8/1066 genes. Approximate finish time: 2026-02-03 15:05:24.85447
Calculating max cor cutoff...
Finished 100/1066 genes. Approximate finish time: 2026-02-03 15:06:37.71552
Calculating lambda coefficients...
Finished 220/1066 genes. Approximate finish time: 2026-02-03 15:06:37.435982
Predicting remaining genes...
Finished 432/1066 genes. Approximate finish time: 2026-02-03 15:06:35.039827
Predicting remaining genes...
Done!
Finish time: 2026-02-03 15:06:35.438232
Total time: 2.55795 mins
1066 genes, 1000 cells
Running SAVER with 1 worker(s)
Calculating predictions for 1066 genes using 961 genes and 1000 cells...
Start time: 2026-02-03 15:06:35.605401
Estimating finish time...
Finished 8/1066 genes. Approximate finish time: 2026-02-03 15:08:15.976449
Calculating max cor cutoff...
Finished 100/1066 genes. Approximate finish time: 2026-02-03 15:08:45.13339
Calculating lambda coefficients...
Finished 213/1066 genes. Approximate finish time: 2026-02-03 15:08:49.498049
Predicting remaining genes...
Finished 427/1066 genes. Approximate finish time: 2026-02-03 15:08:50.853815
Predicting remaining genes...
Done!
Finish time: 2026-02-03 15:08:48.918382
Total time: 2.22188 mins
1066 genes, 1000 cells
Running SAVER with 1 worker(s)
Calculating predictions for 1066 genes using 961 genes and 1000 cells...
Start time: 2026-02-03 15:08:49.074151
Estimating finish time...
Finished 8/1066 genes. Approximate finish time: 2026-02-03 15:10:57.201808
Calculating max cor cutoff...
Finished 100/1066 genes. Approximate finish time: 2026-02-03 15:11:17.820517
Calculating lambda coefficients...
Finished 227/1066 genes. Approximate finish time: 2026-02-03 15:11:12.786301
Predicting remaining genes...
Finished 437/1066 genes. Approximate finish time: 2026-02-03 15:11:12.759223
Predicting remaining genes...
Done!
Finish time: 2026-02-03 15:11:13.253691
Total time: 2.402988 mins
1066 genes, 1000 cells
Running SAVER with 1 worker(s)
Calculating predictions for 1066 genes using 961 genes and 1000 cells...
Start time: 2026-02-03 15:11:13.429769
Estimating finish time...
Finished 8/1066 genes. Approximate finish time: 2026-02-03 15:12:32.817441
Calculating max cor cutoff...
Finished 100/1066 genes. Approximate finish time: 2026-02-03 15:13:35.443091
Calculating lambda coefficients...
Finished 218/1066 genes. Approximate finish time: 2026-02-03 15:13:36.009858
Predicting remaining genes...
Finished 430/1066 genes. Approximate finish time: 2026-02-03 15:13:34.606665
Predicting remaining genes...
Done!
Finish time: 2026-02-03 15:13:33.873393
Total time: 2.340724 mins

=== dataset_3_types_unequal ===
Running SAVER x5...
SAVER can be unstable with ncores > 1; using ncores = 1.
1065 genes, 1000 cells
Running SAVER with 1 worker(s)
Calculating predictions for 1065 genes using 971 genes and 1000 cells...
Start time: 2026-02-03 15:13:34.897054
Estimating finish time...
Finished 8/1065 genes. Approximate finish time: 2026-02-03 15:14:50.053684
Calculating max cor cutoff...
Finished 100/1065 genes. Approximate finish time: 2026-02-03 15:15:43.310498
Calculating lambda coefficients...
Finished 222/1065 genes. Approximate finish time: 2026-02-03 15:15:43.971476
Predicting remaining genes...
Finished 433/1065 genes. Approximate finish time: 2026-02-03 15:15:47.37159
Predicting remaining genes...
Done!
Finish time: 2026-02-03 15:15:45.42545
Total time: 2.17547 mins
  [saver] Saved imputed matrix to results_imputation_r/saver/cells_1000/dataset_3_types_unequal_saver.rds
1065 genes, 1000 cells
Running SAVER with 1 worker(s)
Calculating predictions for 1065 genes using 971 genes and 1000 cells...
Start time: 2026-02-03 15:15:45.833916
Estimating finish time...
Finished 8/1065 genes. Approximate finish time: 2026-02-03 15:17:19.272665
Calculating max cor cutoff...
Finished 100/1065 genes. Approximate finish time: 2026-02-03 15:17:39.595834
Calculating lambda coefficients...
Finished 250/1065 genes. Approximate finish time: 2026-02-03 15:17:46.35796
Predicting remaining genes...
Finished 454/1065 genes. Approximate finish time: 2026-02-03 15:17:46.310047
Predicting remaining genes...
Done!
Finish time: 2026-02-03 15:17:48.552698
Total time: 2.045309 mins
1065 genes, 1000 cells
Running SAVER with 1 worker(s)
Calculating predictions for 1065 genes using 971 genes and 1000 cells...
Start time: 2026-02-03 15:17:48.720668
Estimating finish time...
Finished 8/1065 genes. Approximate finish time: 2026-02-03 15:19:43.207784
Calculating max cor cutoff...
Finished 100/1065 genes. Approximate finish time: 2026-02-03 15:19:49.02477
Calculating lambda coefficients...
Finished 215/1065 genes. Approximate finish time: 2026-02-03 15:19:54.960791
Predicting remaining genes...
Finished 428/1065 genes. Approximate finish time: 2026-02-03 15:19:58.577715
Predicting remaining genes...
Done!
Finish time: 2026-02-03 15:19:56.4155
Total time: 2.128244 mins
1065 genes, 1000 cells
Running SAVER with 1 worker(s)
Calculating predictions for 1065 genes using 971 genes and 1000 cells...
Start time: 2026-02-03 15:19:57.025286
Estimating finish time...
Finished 8/1065 genes. Approximate finish time: 2026-02-03 15:21:39.445035
Calculating max cor cutoff...
Finished 100/1065 genes. Approximate finish time: 2026-02-03 15:22:18.501862
Calculating lambda coefficients...
Finished 209/1065 genes. Approximate finish time: 2026-02-03 15:22:15.049494
Predicting remaining genes...
Finished 423/1065 genes. Approximate finish time: 2026-02-03 15:22:12.227691
Predicting remaining genes...
Done!
Finish time: 2026-02-03 15:22:13.747097
Total time: 2.278693 mins
1065 genes, 1000 cells
Running SAVER with 1 worker(s)
Calculating predictions for 1065 genes using 971 genes and 1000 cells...
Start time: 2026-02-03 15:22:13.931852
Estimating finish time...
Finished 8/1065 genes. Approximate finish time: 2026-02-03 15:24:28.706487
Calculating max cor cutoff...
Finished 100/1065 genes. Approximate finish time: 2026-02-03 15:24:25.73332
Calculating lambda coefficients...
Finished 224/1065 genes. Approximate finish time: 2026-02-03 15:24:24.903666
Predicting remaining genes...
Finished 435/1065 genes. Approximate finish time: 2026-02-03 15:24:25.58062
Predicting remaining genes...
Done!
Finish time: 2026-02-03 15:24:25.55846
Total time: 2.193773 mins

=== dataset_4_types_rare ===
Running SAVER x5...
SAVER can be unstable with ncores > 1; using ncores = 1.
1073 genes, 1000 cells
Running SAVER with 1 worker(s)
Calculating predictions for 1073 genes using 990 genes and 1000 cells...
Start time: 2026-02-03 15:24:26.614383
Estimating finish time...
Finished 8/1073 genes. Approximate finish time: 2026-02-03 15:26:16.521418
Calculating max cor cutoff...
Finished 100/1073 genes. Approximate finish time: 2026-02-03 15:26:36.954045
Calculating lambda coefficients...
Finished 222/1073 genes. Approximate finish time: 2026-02-03 15:26:25.697717
Predicting remaining genes...
Finished 435/1073 genes. Approximate finish time: 2026-02-03 15:26:30.337137
Predicting remaining genes...
Done!
Finish time: 2026-02-03 15:26:29.592437
Total time: 2.04963 mins
  [saver] Saved imputed matrix to results_imputation_r/saver/cells_1000/dataset_4_types_rare_saver.rds
1073 genes, 1000 cells
Running SAVER with 1 worker(s)
Calculating predictions for 1073 genes using 990 genes and 1000 cells...
Start time: 2026-02-03 15:26:30.008217
Estimating finish time...
Finished 8/1073 genes. Approximate finish time: 2026-02-03 15:27:55.666337
Calculating max cor cutoff...
Finished 100/1073 genes. Approximate finish time: 2026-02-03 15:28:16.706659
Calculating lambda coefficients...
Finished 220/1073 genes. Approximate finish time: 2026-02-03 15:28:20.286923
Predicting remaining genes...
Finished 434/1073 genes. Approximate finish time: 2026-02-03 15:28:26.355704
Predicting remaining genes...
Done!
Finish time: 2026-02-03 15:28:24.867123
Total time: 1.914311 mins
1073 genes, 1000 cells
Running SAVER with 1 worker(s)
Calculating predictions for 1073 genes using 990 genes and 1000 cells...
Start time: 2026-02-03 15:28:25.030491
Estimating finish time...
Finished 8/1073 genes. Approximate finish time: 2026-02-03 15:29:59.89696
Calculating max cor cutoff...
Finished 100/1073 genes. Approximate finish time: 2026-02-03 15:30:23.978316
Calculating lambda coefficients...
Finished 215/1073 genes. Approximate finish time: 2026-02-03 15:30:13.213063
Predicting remaining genes...
Finished 430/1073 genes. Approximate finish time: 2026-02-03 15:30:16.389638
Predicting remaining genes...
Done!
Finish time: 2026-02-03 15:30:17.37483
Total time: 1.872402 mins
1073 genes, 1000 cells
Running SAVER with 1 worker(s)
Calculating predictions for 1073 genes using 990 genes and 1000 cells...
Start time: 2026-02-03 15:30:18.038933
Estimating finish time...
Finished 8/1073 genes. Approximate finish time: 2026-02-03 15:32:17.076232
Calculating max cor cutoff...
Finished 100/1073 genes. Approximate finish time: 2026-02-03 15:32:23.728792
Calculating lambda coefficients...
Finished 221/1073 genes. Approximate finish time: 2026-02-03 15:32:19.499134
Predicting remaining genes...
Finished 434/1073 genes. Approximate finish time: 2026-02-03 15:32:19.648234
Predicting remaining genes...
Done!
Finish time: 2026-02-03 15:32:21.554713
Total time: 2.058593 mins
1073 genes, 1000 cells
Running SAVER with 1 worker(s)
Calculating predictions for 1073 genes using 990 genes and 1000 cells...
Start time: 2026-02-03 15:32:21.736688
Estimating finish time...
Finished 8/1073 genes. Approximate finish time: 2026-02-03 15:34:03.389785
Calculating max cor cutoff...
Finished 100/1073 genes. Approximate finish time: 2026-02-03 15:34:36.264649
Calculating lambda coefficients...
Finished 224/1073 genes. Approximate finish time: 2026-02-03 15:34:25.181788
Predicting remaining genes...
Finished 437/1073 genes. Approximate finish time: 2026-02-03 15:34:27.668979
Predicting remaining genes...
Done!
Finish time: 2026-02-03 15:34:26.348173
Total time: 2.076855 mins

=== dataset_multibatch_dropout ===
Running SAVER x5...
SAVER can be unstable with ncores > 1; using ncores = 1.
1072 genes, 1000 cells
Running SAVER with 1 worker(s)
Calculating predictions for 1072 genes using 981 genes and 1000 cells...
Start time: 2026-02-03 15:34:27.312293
Estimating finish time...
Finished 8/1072 genes. Approximate finish time: 2026-02-03 15:37:03.123689
Calculating max cor cutoff...
Finished 100/1072 genes. Approximate finish time: 2026-02-03 15:36:21.871502
Calculating lambda coefficients...
Finished 339/1072 genes. Approximate finish time: 2026-02-03 15:36:14.671201
Predicting remaining genes...
Finished 523/1072 genes. Approximate finish time: 2026-02-03 15:36:16.152028
Predicting remaining genes...
Done!
Finish time: 2026-02-03 15:36:14.822856
Total time: 1.79184 mins
  [saver] Saved imputed matrix to results_imputation_r/saver/cells_1000/dataset_multibatch_dropout_saver.rds
1072 genes, 1000 cells
Running SAVER with 1 worker(s)
Calculating predictions for 1072 genes using 981 genes and 1000 cells...
Start time: 2026-02-03 15:36:15.23087
Estimating finish time...
Finished 8/1072 genes. Approximate finish time: 2026-02-03 15:38:01.648084
Calculating max cor cutoff...
Finished 100/1072 genes. Approximate finish time: 2026-02-03 15:38:15.767596
Calculating lambda coefficients...
Finished 289/1072 genes. Approximate finish time: 2026-02-03 15:38:08.89424
Predicting remaining genes...
Finished 485/1072 genes. Approximate finish time: 2026-02-03 15:38:07.790761
Predicting remaining genes...
Done!
Finish time: 2026-02-03 15:38:07.118046
Total time: 1.864782 mins
1072 genes, 1000 cells
Running SAVER with 1 worker(s)
Calculating predictions for 1072 genes using 981 genes and 1000 cells...
Start time: 2026-02-03 15:38:07.292162
Estimating finish time...
Finished 8/1072 genes. Approximate finish time: 2026-02-03 15:40:17.334506
Calculating max cor cutoff...
Finished 100/1072 genes. Approximate finish time: 2026-02-03 15:40:01.555717
Calculating lambda coefficients...
Finished 276/1072 genes. Approximate finish time: 2026-02-03 15:39:48.040774
Predicting remaining genes...
Finished 475/1072 genes. Approximate finish time: 2026-02-03 15:39:48.635501
Predicting remaining genes...
Done!
Finish time: 2026-02-03 15:39:47.483641
Total time: 1.669855 mins
1072 genes, 1000 cells
Running SAVER with 1 worker(s)
Calculating predictions for 1072 genes using 981 genes and 1000 cells...
Start time: 2026-02-03 15:39:47.652445
Estimating finish time...
Finished 8/1072 genes. Approximate finish time: 2026-02-03 15:42:24.352453
Calculating max cor cutoff...
Finished 100/1072 genes. Approximate finish time: 2026-02-03 15:41:41.451877
Calculating lambda coefficients...
Finished 333/1072 genes. Approximate finish time: 2026-02-03 15:41:34.338283
Predicting remaining genes...
Finished 518/1072 genes. Approximate finish time: 2026-02-03 15:41:33.813587
Predicting remaining genes...
Done!
Finish time: 2026-02-03 15:41:33.727659
Total time: 1.767917 mins
1072 genes, 1000 cells
Running SAVER with 1 worker(s)
Calculating predictions for 1072 genes using 981 genes and 1000 cells...
Start time: 2026-02-03 15:41:33.883855
Estimating finish time...
Finished 8/1072 genes. Approximate finish time: 2026-02-03 15:42:37.92833
Calculating max cor cutoff...
Finished 100/1072 genes. Approximate finish time: 2026-02-03 15:43:15.099845
Calculating lambda coefficients...
Finished 305/1072 genes. Approximate finish time: 2026-02-03 15:43:16.206377
Predicting remaining genes...
Finished 497/1072 genes. Approximate finish time: 2026-02-03 15:43:15.771493
Predicting remaining genes...
Done!
Finish time: 2026-02-03 15:43:16.343818
Total time: 1.707661 mins
Wrote results_imputation_r/saver/cells_1000/saver_mse_table.tsv

Done.
Processing saver cells_5000...

=== dataset_2_types_equal ===
Running SAVER x10...
SAVER can be unstable with ncores > 1; using ncores = 1.
1091 genes, 5000 cells
Running SAVER with 1 worker(s)
Calculating predictions for 1091 genes using 964 genes and 5000 cells...
Start time: 2026-02-03 15:43:27.445917
Estimating finish time...
Finished 8/1091 genes. Approximate finish time: 2026-02-03 16:03:47.349473
Calculating max cor cutoff...
Finished 100/1091 genes. Approximate finish time: 2026-02-03 15:53:13.252887
Calculating lambda coefficients...
Finished 213/1091 genes. Approximate finish time: 2026-02-03 15:51:23.4094
Predicting remaining genes...
Finished 433/1091 genes. Approximate finish time: 2026-02-03 15:53:02.729441
Predicting remaining genes...
Done!
Finish time: 2026-02-03 15:52:56.223422
Total time: 9.479621 mins
  [saver] Saved imputed matrix to results_imputation_r/saver/cells_5000/dataset_2_types_equal_saver.rds
1091 genes, 5000 cells
Running SAVER with 1 worker(s)
Calculating predictions for 1091 genes using 964 genes and 5000 cells...
Start time: 2026-02-03 15:52:58.365237
Estimating finish time...
Finished 8/1091 genes. Approximate finish time: 2026-02-03 16:15:54.978637
Calculating max cor cutoff...
Finished 100/1091 genes. Approximate finish time: 2026-02-03 16:02:02.560486
Calculating lambda coefficients...
Finished 214/1091 genes. Approximate finish time: 2026-02-03 16:00:28.141421
Predicting remaining genes...
Finished 434/1091 genes. Approximate finish time: 2026-02-03 16:01:58.924565
Predicting remaining genes...
Done!
Finish time: 2026-02-03 16:02:08.952988
Total time: 9.176459 mins
1091 genes, 5000 cells
Running SAVER with 1 worker(s)
Calculating predictions for 1091 genes using 964 genes and 5000 cells...
Start time: 2026-02-03 16:02:10.471912
Estimating finish time...
Finished 8/1091 genes. Approximate finish time: 2026-02-03 16:06:26.068259
Calculating max cor cutoff...
Finished 100/1091 genes. Approximate finish time: 2026-02-03 16:09:24.529073
Calculating lambda coefficients...
Finished 204/1091 genes. Approximate finish time: 2026-02-03 16:08:53.573174
Predicting remaining genes...
Finished 426/1091 genes. Approximate finish time: 2026-02-03 16:10:16.657829
Predicting remaining genes...
Done!
Finish time: 2026-02-03 16:10:24.179239
Total time: 8.228451 mins
1091 genes, 5000 cells
Running SAVER with 1 worker(s)
Calculating predictions for 1091 genes using 964 genes and 5000 cells...
Start time: 2026-02-03 16:10:25.765134
Estimating finish time...
Finished 8/1091 genes. Approximate finish time: 2026-02-03 16:15:42.977255
Calculating max cor cutoff...
Finished 100/1091 genes. Approximate finish time: 2026-02-03 16:16:05.890895
Calculating lambda coefficients...
Finished 205/1091 genes. Approximate finish time: 2026-02-03 16:16:23.124614
Predicting remaining genes...
Finished 427/1091 genes. Approximate finish time: 2026-02-03 16:18:17.010567
Predicting remaining genes...
Done!
Finish time: 2026-02-03 16:18:13.147892
Total time: 7.789709 mins
1091 genes, 5000 cells
Running SAVER with 1 worker(s)
Calculating predictions for 1091 genes using 964 genes and 5000 cells...
Start time: 2026-02-03 16:18:14.593758
Estimating finish time...
Finished 8/1091 genes. Approximate finish time: 2026-02-03 16:23:27.20482
Calculating max cor cutoff...
Finished 100/1091 genes. Approximate finish time: 2026-02-03 16:26:34.572714
Calculating lambda coefficients...
Finished 203/1091 genes. Approximate finish time: 2026-02-03 16:25:40.127825
Predicting remaining genes...
Finished 425/1091 genes. Approximate finish time: 2026-02-03 16:27:22.943892
Predicting remaining genes...
Done!
Finish time: 2026-02-03 16:27:10.578212
Total time: 8.93307 mins
1091 genes, 5000 cells
Running SAVER with 1 worker(s)
Calculating predictions for 1091 genes using 964 genes and 5000 cells...
Start time: 2026-02-03 16:27:12.185396
Estimating finish time...
Finished 8/1091 genes. Approximate finish time: 2026-02-03 16:31:41.949704
Calculating max cor cutoff...
Finished 100/1091 genes. Approximate finish time: 2026-02-03 16:36:03.545274
Calculating lambda coefficients...
Finished 207/1091 genes. Approximate finish time: 2026-02-03 16:34:34.292681
Predicting remaining genes...
Finished 428/1091 genes. Approximate finish time: 2026-02-03 16:36:31.399607
Predicting remaining genes...
Done!
Finish time: 2026-02-03 16:36:26.300417
Total time: 9.235246 mins
1091 genes, 5000 cells
Running SAVER with 1 worker(s)
Calculating predictions for 1091 genes using 964 genes and 5000 cells...
Start time: 2026-02-03 16:36:27.79503
Estimating finish time...
Finished 8/1091 genes. Approximate finish time: 2026-02-03 16:41:01.731456
Calculating max cor cutoff...
Finished 100/1091 genes. Approximate finish time: 2026-02-03 16:43:13.47991
Calculating lambda coefficients...
Finished 212/1091 genes. Approximate finish time: 2026-02-03 16:42:53.997231
Predicting remaining genes...
Finished 432/1091 genes. Approximate finish time: 2026-02-03 16:44:57.767121
Predicting remaining genes...
Done!
Finish time: 2026-02-03 16:44:43.871443
Total time: 8.267936 mins
1091 genes, 5000 cells
Running SAVER with 1 worker(s)
Calculating predictions for 1091 genes using 964 genes and 5000 cells...
Start time: 2026-02-03 16:44:45.041551
Estimating finish time...
Finished 8/1091 genes. Approximate finish time: 2026-02-03 17:02:04.019448
Calculating max cor cutoff...
Finished 100/1091 genes. Approximate finish time: 2026-02-03 16:53:04.766305
Calculating lambda coefficients...
Finished 206/1091 genes. Approximate finish time: 2026-02-03 16:52:47.753524
Predicting remaining genes...
Finished 428/1091 genes. Approximate finish time: 2026-02-03 16:54:36.553752
Predicting remaining genes...
Done!
Finish time: 2026-02-03 16:54:15.288681
Total time: 9.504115 mins
1091 genes, 5000 cells
Running SAVER with 1 worker(s)
Calculating predictions for 1091 genes using 964 genes and 5000 cells...
Start time: 2026-02-03 16:54:16.872553
Estimating finish time...
Finished 8/1091 genes. Approximate finish time: 2026-02-03 16:59:08.695287
Calculating max cor cutoff...
Finished 100/1091 genes. Approximate finish time: 2026-02-03 17:02:09.677462
Calculating lambda coefficients...
Finished 209/1091 genes. Approximate finish time: 2026-02-03 17:00:57.328931
Predicting remaining genes...
Finished 430/1091 genes. Approximate finish time: 2026-02-03 17:02:48.942848
Predicting remaining genes...
Done!
Finish time: 2026-02-03 17:02:48.209069
Total time: 8.522271 mins
1091 genes, 5000 cells
Running SAVER with 1 worker(s)
Calculating predictions for 1091 genes using 964 genes and 5000 cells...
Start time: 2026-02-03 17:02:49.706236
Estimating finish time...
Finished 8/1091 genes. Approximate finish time: 2026-02-03 17:06:46.47987
Calculating max cor cutoff...
Finished 100/1091 genes. Approximate finish time: 2026-02-03 17:11:23.440438
Calculating lambda coefficients...
Finished 213/1091 genes. Approximate finish time: 2026-02-03 17:10:31.701283
Predicting remaining genes...
Finished 433/1091 genes. Approximate finish time: 2026-02-03 17:12:00.597225
Predicting remaining genes...
Done!
Finish time: 2026-02-03 17:12:07.437478
Total time: 9.295517 mins

=== dataset_3_types_unequal ===
Running SAVER x10...
SAVER can be unstable with ncores > 1; using ncores = 1.
1089 genes, 5000 cells
Running SAVER with 1 worker(s)
Calculating predictions for 1089 genes using 973 genes and 5000 cells...
Start time: 2026-02-03 17:12:10.975806
Estimating finish time...
Finished 8/1089 genes. Approximate finish time: 2026-02-03 17:30:10.488747
Calculating max cor cutoff...
Finished 100/1089 genes. Approximate finish time: 2026-02-03 17:20:09.501846
Calculating lambda coefficients...
Finished 218/1089 genes. Approximate finish time: 2026-02-03 17:19:14.703428
Predicting remaining genes...
Finished 436/1089 genes. Approximate finish time: 2026-02-03 17:20:56.558833
Predicting remaining genes...
Done!
Finish time: 2026-02-03 17:20:42.596487
Total time: 8.527007 mins
  [saver] Saved imputed matrix to results_imputation_r/saver/cells_5000/dataset_3_types_unequal_saver.rds
1089 genes, 5000 cells
Running SAVER with 1 worker(s)
Calculating predictions for 1089 genes using 973 genes and 5000 cells...
Start time: 2026-02-03 17:20:44.665744
Estimating finish time...
Finished 8/1089 genes. Approximate finish time: 2026-02-03 17:36:35.680065
Calculating max cor cutoff...
Finished 100/1089 genes. Approximate finish time: 2026-02-03 17:30:56.964478
Calculating lambda coefficients...
Finished 220/1089 genes. Approximate finish time: 2026-02-03 17:28:43.55982
Predicting remaining genes...
Finished 438/1089 genes. Approximate finish time: 2026-02-03 17:29:42.997244
Predicting remaining genes...
Done!
Finish time: 2026-02-03 17:29:43.564249
Total time: 8.981638 mins
1089 genes, 5000 cells
Running SAVER with 1 worker(s)
Calculating predictions for 1089 genes using 973 genes and 5000 cells...
Start time: 2026-02-03 17:29:45.12126
Estimating finish time...
Finished 8/1089 genes. Approximate finish time: 2026-02-03 17:37:56.536005
Calculating max cor cutoff...
Finished 100/1089 genes. Approximate finish time: 2026-02-03 17:38:50.948718
Calculating lambda coefficients...
Finished 221/1089 genes. Approximate finish time: 2026-02-03 17:36:44.341575
Predicting remaining genes...
Finished 438/1089 genes. Approximate finish time: 2026-02-03 17:38:15.05868
Predicting remaining genes...
Done!
Finish time: 2026-02-03 17:38:11.153072
Total time: 8.43386 mins
1089 genes, 5000 cells
Running SAVER with 1 worker(s)
Calculating predictions for 1089 genes using 973 genes and 5000 cells...
Start time: 2026-02-03 17:38:12.282034
Estimating finish time...
Finished 8/1089 genes. Approximate finish time: 2026-02-03 17:42:57.561222
Calculating max cor cutoff...
Finished 100/1089 genes. Approximate finish time: 2026-02-03 17:45:09.399479
Calculating lambda coefficients...
Finished 212/1089 genes. Approximate finish time: 2026-02-03 17:43:46.911284
Predicting remaining genes...
Finished 432/1089 genes. Approximate finish time: 2026-02-03 17:45:19.793447
Predicting remaining genes...
Done!
Finish time: 2026-02-03 17:45:28.026602
Total time: 7.262406 mins
1089 genes, 5000 cells
Running SAVER with 1 worker(s)
Calculating predictions for 1089 genes using 973 genes and 5000 cells...
Start time: 2026-02-03 17:45:29.613295
Estimating finish time...
Finished 8/1089 genes. Approximate finish time: 2026-02-03 18:00:48.486749
Calculating max cor cutoff...
Finished 100/1089 genes. Approximate finish time: 2026-02-03 17:53:04.40853
Calculating lambda coefficients...
Finished 215/1089 genes. Approximate finish time: 2026-02-03 17:52:29.216744
Predicting remaining genes...
Finished 434/1089 genes. Approximate finish time: 2026-02-03 17:54:13.696718
Predicting remaining genes...
Done!
Finish time: 2026-02-03 17:54:03.110854
Total time: 8.558288 mins
1089 genes, 5000 cells
Running SAVER with 1 worker(s)
Calculating predictions for 1089 genes using 973 genes and 5000 cells...
Start time: 2026-02-03 17:54:04.051801
Estimating finish time...
Finished 8/1089 genes. Approximate finish time: 2026-02-03 18:03:47.325434
Calculating max cor cutoff...
Finished 100/1089 genes. Approximate finish time: 2026-02-03 18:00:35.975056
Calculating lambda coefficients...
Finished 214/1089 genes. Approximate finish time: 2026-02-03 18:01:17.236447
Predicting remaining genes...
Finished 433/1089 genes. Approximate finish time: 2026-02-03 18:02:35.941066
Predicting remaining genes...
Done!
Finish time: 2026-02-03 18:02:28.629158
Total time: 8.409619 mins
1089 genes, 5000 cells
Running SAVER with 1 worker(s)
Calculating predictions for 1089 genes using 973 genes and 5000 cells...
Start time: 2026-02-03 18:02:30.072816
Estimating finish time...
Finished 8/1089 genes. Approximate finish time: 2026-02-03 18:06:22.637245
Calculating max cor cutoff...
Finished 100/1089 genes. Approximate finish time: 2026-02-03 18:10:51.984938
Calculating lambda coefficients...
Finished 221/1089 genes. Approximate finish time: 2026-02-03 18:09:39.321504
Predicting remaining genes...
Finished 438/1089 genes. Approximate finish time: 2026-02-03 18:10:50.121793
Predicting remaining genes...
Done!
Finish time: 2026-02-03 18:10:52.161267
Total time: 8.368137 mins
1089 genes, 5000 cells
Running SAVER with 1 worker(s)
Calculating predictions for 1089 genes using 973 genes and 5000 cells...
Start time: 2026-02-03 18:10:53.664786
Estimating finish time...
Finished 8/1089 genes. Approximate finish time: 2026-02-03 18:14:43.39443
Calculating max cor cutoff...
Finished 100/1089 genes. Approximate finish time: 2026-02-03 18:17:54.914241
Calculating lambda coefficients...
Finished 212/1089 genes. Approximate finish time: 2026-02-03 18:16:52.510265
Predicting remaining genes...
Finished 432/1089 genes. Approximate finish time: 2026-02-03 18:18:00.671675
Predicting remaining genes...
Done!
Finish time: 2026-02-03 18:18:01.622561
Total time: 7.132626 mins
1089 genes, 5000 cells
Running SAVER with 1 worker(s)
Calculating predictions for 1089 genes using 973 genes and 5000 cells...
Start time: 2026-02-03 18:18:03.039206
Estimating finish time...
Finished 8/1089 genes. Approximate finish time: 2026-02-03 18:32:54.676207
Calculating max cor cutoff...
Finished 100/1089 genes. Approximate finish time: 2026-02-03 18:26:23.040076
Calculating lambda coefficients...
Finished 215/1089 genes. Approximate finish time: 2026-02-03 18:25:16.956297
Predicting remaining genes...
Finished 434/1089 genes. Approximate finish time: 2026-02-03 18:26:32.584983
Predicting remaining genes...
Done!
Finish time: 2026-02-03 18:26:39.696154
Total time: 8.610946 mins
1089 genes, 5000 cells
Running SAVER with 1 worker(s)
Calculating predictions for 1089 genes using 973 genes and 5000 cells...
Start time: 2026-02-03 18:26:41.062473
Estimating finish time...
Finished 8/1089 genes. Approximate finish time: 2026-02-03 18:35:51.749901
Calculating max cor cutoff...
Finished 100/1089 genes. Approximate finish time: 2026-02-03 18:34:04.13041
Calculating lambda coefficients...
Finished 214/1089 genes. Approximate finish time: 2026-02-03 18:33:46.226574
Predicting remaining genes...
Finished 433/1089 genes. Approximate finish time: 2026-02-03 18:35:04.733999
Predicting remaining genes...
Done!
Finish time: 2026-02-03 18:35:04.695727
Total time: 8.393884 mins

=== dataset_4_types_rare ===
Running SAVER x10...
SAVER can be unstable with ncores > 1; using ncores = 1.
1094 genes, 5000 cells
Running SAVER with 1 worker(s)
Calculating predictions for 1094 genes using 989 genes and 5000 cells...
Start time: 2026-02-03 18:35:08.159351
Estimating finish time...
Finished 8/1094 genes. Approximate finish time: 2026-02-03 18:40:07.82233
Calculating max cor cutoff...
Finished 100/1094 genes. Approximate finish time: 2026-02-03 18:42:03.006174
Calculating lambda coefficients...
Finished 210/1094 genes. Approximate finish time: 2026-02-03 18:40:58.92816
Predicting remaining genes...
Finished 431/1094 genes. Approximate finish time: 2026-02-03 18:42:26.997514
Predicting remaining genes...
Done!
Finish time: 2026-02-03 18:42:32.286257
Total time: 7.402111 mins
  [saver] Saved imputed matrix to results_imputation_r/saver/cells_5000/dataset_4_types_rare_saver.rds
1094 genes, 5000 cells
Running SAVER with 1 worker(s)
Calculating predictions for 1094 genes using 989 genes and 5000 cells...
Start time: 2026-02-03 18:42:35.110019
Estimating finish time...
Finished 8/1094 genes. Approximate finish time: 2026-02-03 18:47:36.127224
Calculating max cor cutoff...
Finished 100/1094 genes. Approximate finish time: 2026-02-03 18:50:01.221686
Calculating lambda coefficients...
Finished 215/1094 genes. Approximate finish time: 2026-02-03 18:48:37.586777
Predicting remaining genes...
Finished 435/1094 genes. Approximate finish time: 2026-02-03 18:50:05.521063
Predicting remaining genes...
Done!
Finish time: 2026-02-03 18:50:12.287779
Total time: 7.619626 mins
1094 genes, 5000 cells
Running SAVER with 1 worker(s)
Calculating predictions for 1094 genes using 989 genes and 5000 cells...
Start time: 2026-02-03 18:50:13.812165
Estimating finish time...
Finished 8/1094 genes. Approximate finish time: 2026-02-03 18:54:46.729396
Calculating max cor cutoff...
Finished 100/1094 genes. Approximate finish time: 2026-02-03 18:57:54.383572
Calculating lambda coefficients...
Finished 215/1094 genes. Approximate finish time: 2026-02-03 18:56:38.647625
Predicting remaining genes...
Finished 435/1094 genes. Approximate finish time: 2026-02-03 18:58:24.403419
Predicting remaining genes...
Done!
Finish time: 2026-02-03 18:58:20.779639
Total time: 8.11612 mins
1094 genes, 5000 cells
Running SAVER with 1 worker(s)
Calculating predictions for 1094 genes using 989 genes and 5000 cells...
Start time: 2026-02-03 18:58:22.361513
Estimating finish time...
Finished 8/1094 genes. Approximate finish time: 2026-02-03 19:09:38.753125
Calculating max cor cutoff...
Finished 100/1094 genes. Approximate finish time: 2026-02-03 19:05:12.075609
Calculating lambda coefficients...
Finished 217/1094 genes. Approximate finish time: 2026-02-03 19:04:39.128549
Predicting remaining genes...
Finished 437/1094 genes. Approximate finish time: 2026-02-03 19:06:10.789589
Predicting remaining genes...
Done!
Finish time: 2026-02-03 19:06:22.589956
Total time: 8.003804 mins
1094 genes, 5000 cells
Running SAVER with 1 worker(s)
Calculating predictions for 1094 genes using 989 genes and 5000 cells...
Start time: 2026-02-03 19:06:24.132617
Estimating finish time...
Finished 8/1094 genes. Approximate finish time: 2026-02-03 19:17:07.888773
Calculating max cor cutoff...
Finished 100/1094 genes. Approximate finish time: 2026-02-03 19:12:41.46582
Calculating lambda coefficients...
Finished 212/1094 genes. Approximate finish time: 2026-02-03 19:12:01.825321
Predicting remaining genes...
Finished 433/1094 genes. Approximate finish time: 2026-02-03 19:13:44.23915
Predicting remaining genes...
Done!
Finish time: 2026-02-03 19:13:49.462159
Total time: 7.422155 mins
1094 genes, 5000 cells
Running SAVER with 1 worker(s)
Calculating predictions for 1094 genes using 989 genes and 5000 cells...
Start time: 2026-02-03 19:13:50.966735
Estimating finish time...
Finished 8/1094 genes. Approximate finish time: 2026-02-03 19:18:48.846033
Calculating max cor cutoff...
Finished 100/1094 genes. Approximate finish time: 2026-02-03 19:20:00.100814
Calculating lambda coefficients...
Finished 208/1094 genes. Approximate finish time: 2026-02-03 19:19:46.042558
Predicting remaining genes...
Finished 430/1094 genes. Approximate finish time: 2026-02-03 19:21:15.588489
Predicting remaining genes...
Done!
Finish time: 2026-02-03 19:21:12.11048
Total time: 7.352392 mins
1094 genes, 5000 cells
Running SAVER with 1 worker(s)
Calculating predictions for 1094 genes using 989 genes and 5000 cells...
Start time: 2026-02-03 19:21:13.524032
Estimating finish time...
Finished 8/1094 genes. Approximate finish time: 2026-02-03 19:25:13.310192
Calculating max cor cutoff...
Finished 100/1094 genes. Approximate finish time: 2026-02-03 19:29:05.708956
Calculating lambda coefficients...
Finished 214/1094 genes. Approximate finish time: 2026-02-03 19:27:58.232076
Predicting remaining genes...
Finished 434/1094 genes. Approximate finish time: 2026-02-03 19:29:52.788347
Predicting remaining genes...
Done!
Finish time: 2026-02-03 19:29:48.289767
Total time: 8.579425 mins
1094 genes, 5000 cells
Running SAVER with 1 worker(s)
Calculating predictions for 1094 genes using 989 genes and 5000 cells...
Start time: 2026-02-03 19:29:49.934486
Estimating finish time...
Finished 8/1094 genes. Approximate finish time: 2026-02-03 19:41:28.862256
Calculating max cor cutoff...
Finished 100/1094 genes. Approximate finish time: 2026-02-03 19:36:26.509814
Calculating lambda coefficients...
Finished 203/1094 genes. Approximate finish time: 2026-02-03 19:35:46.960333
Predicting remaining genes...
Finished 426/1094 genes. Approximate finish time: 2026-02-03 19:37:25.750684
Predicting remaining genes...
Done!
Finish time: 2026-02-03 19:37:33.87798
Total time: 7.732387 mins
1094 genes, 5000 cells
Running SAVER with 1 worker(s)
Calculating predictions for 1094 genes using 989 genes and 5000 cells...
Start time: 2026-02-03 19:37:35.407933
Estimating finish time...
Finished 8/1094 genes. Approximate finish time: 2026-02-03 19:41:48.87146
Calculating max cor cutoff...
Finished 100/1094 genes. Approximate finish time: 2026-02-03 19:45:43.665933
Calculating lambda coefficients...
Finished 214/1094 genes. Approximate finish time: 2026-02-03 19:44:39.786093
Predicting remaining genes...
Finished 434/1094 genes. Approximate finish time: 2026-02-03 19:46:16.45718
Predicting remaining genes...
Done!
Finish time: 2026-02-03 19:46:01.318963
Total time: 8.431847 mins
1094 genes, 5000 cells
Running SAVER with 1 worker(s)
Calculating predictions for 1094 genes using 989 genes and 5000 cells...
Start time: 2026-02-03 19:46:02.738202
Estimating finish time...
Finished 8/1094 genes. Approximate finish time: 2026-02-03 19:50:05.844909
Calculating max cor cutoff...
Finished 100/1094 genes. Approximate finish time: 2026-02-03 19:53:38.017317
Calculating lambda coefficients...
Finished 206/1094 genes. Approximate finish time: 2026-02-03 19:53:12.464854
Predicting remaining genes...
Finished 428/1094 genes. Approximate finish time: 2026-02-03 19:54:59.505674
Predicting remaining genes...
Done!
Finish time: 2026-02-03 19:55:03.032922
Total time: 9.004908 mins

=== dataset_multibatch_dropout ===
Running SAVER x10...
SAVER can be unstable with ncores > 1; using ncores = 1.
1094 genes, 5000 cells
Running SAVER with 1 worker(s)
Calculating predictions for 1094 genes using 983 genes and 5000 cells...
Start time: 2026-02-03 19:55:06.457453
Estimating finish time...
Finished 8/1094 genes. Approximate finish time: 2026-02-03 19:59:59.668284
Calculating max cor cutoff...
Finished 100/1094 genes. Approximate finish time: 2026-02-03 20:00:50.530221
Calculating lambda coefficients...
Finished 206/1094 genes. Approximate finish time: 2026-02-03 20:00:28.907164
Predicting remaining genes...
Finished 428/1094 genes. Approximate finish time: 2026-02-03 20:01:42.23885
Predicting remaining genes...
Done!
Finish time: 2026-02-03 20:01:55.319909
Total time: 6.81437 mins
  [saver] Saved imputed matrix to results_imputation_r/saver/cells_5000/dataset_multibatch_dropout_saver.rds
1094 genes, 5000 cells
Running SAVER with 1 worker(s)
Calculating predictions for 1094 genes using 983 genes and 5000 cells...
Start time: 2026-02-03 20:01:57.952435
Estimating finish time...
Finished 8/1094 genes. Approximate finish time: 2026-02-03 20:06:51.556547
Calculating max cor cutoff...
Finished 100/1094 genes. Approximate finish time: 2026-02-03 20:08:04.216563
Calculating lambda coefficients...
Finished 200/1094 genes. Approximate finish time: 2026-02-03 20:08:22.763166
Predicting remaining genes...
Finished 424/1094 genes. Approximate finish time: 2026-02-03 20:09:51.399721
Predicting remaining genes...
Done!
Finish time: 2026-02-03 20:09:41.908787
Total time: 7.732602 mins
1094 genes, 5000 cells
Running SAVER with 1 worker(s)
Calculating predictions for 1094 genes using 983 genes and 5000 cells...
Start time: 2026-02-03 20:09:43.357031
Estimating finish time...
Finished 8/1094 genes. Approximate finish time: 2026-02-03 20:13:12.364237
Calculating max cor cutoff...
Finished 100/1094 genes. Approximate finish time: 2026-02-03 20:15:09.935153
Calculating lambda coefficients...
Finished 207/1094 genes. Approximate finish time: 2026-02-03 20:15:40.108119
Predicting remaining genes...
Finished 429/1094 genes. Approximate finish time: 2026-02-03 20:16:49.46192
Predicting remaining genes...
Done!
Finish time: 2026-02-03 20:17:02.301078
Total time: 7.315731 mins
1094 genes, 5000 cells
Running SAVER with 1 worker(s)
Calculating predictions for 1094 genes using 983 genes and 5000 cells...
Start time: 2026-02-03 20:17:03.979604
Estimating finish time...
Finished 8/1094 genes. Approximate finish time: 2026-02-03 20:21:23.968888
Calculating max cor cutoff...
Finished 100/1094 genes. Approximate finish time: 2026-02-03 20:23:49.554391
Calculating lambda coefficients...
Finished 200/1094 genes. Approximate finish time: 2026-02-03 20:24:17.046061
Predicting remaining genes...
Finished 424/1094 genes. Approximate finish time: 2026-02-03 20:25:20.676713
Predicting remaining genes...
Done!
Finish time: 2026-02-03 20:25:13.173228
Total time: 8.153223 mins
1094 genes, 5000 cells
Running SAVER with 1 worker(s)
Calculating predictions for 1094 genes using 983 genes and 5000 cells...
Start time: 2026-02-03 20:25:14.495304
Estimating finish time...
Finished 8/1094 genes. Approximate finish time: 2026-02-03 20:28:49.173145
Calculating max cor cutoff...
Finished 100/1094 genes. Approximate finish time: 2026-02-03 20:31:10.66088
Calculating lambda coefficients...
Finished 207/1094 genes. Approximate finish time: 2026-02-03 20:31:15.029392
Predicting remaining genes...
Finished 429/1094 genes. Approximate finish time: 2026-02-03 20:32:51.272593
Predicting remaining genes...
Done!
Finish time: 2026-02-03 20:32:45.80201
Total time: 7.521774 mins
1094 genes, 5000 cells
Running SAVER with 1 worker(s)
Calculating predictions for 1094 genes using 983 genes and 5000 cells...
Start time: 2026-02-03 20:32:47.370512
Estimating finish time...
Finished 8/1094 genes. Approximate finish time: 2026-02-03 20:36:56.776344
Calculating max cor cutoff...
Finished 100/1094 genes. Approximate finish time: 2026-02-03 20:39:31.433775
Calculating lambda coefficients...
Finished 200/1094 genes. Approximate finish time: 2026-02-03 20:39:29.591904
Predicting remaining genes...
Finished 424/1094 genes. Approximate finish time: 2026-02-03 20:40:26.035202
Predicting remaining genes...
Done!
Finish time: 2026-02-03 20:40:22.79273
Total time: 7.590366 mins
1094 genes, 5000 cells
Running SAVER with 1 worker(s)
Calculating predictions for 1094 genes using 983 genes and 5000 cells...
Start time: 2026-02-03 20:40:24.137874
Estimating finish time...
Finished 8/1094 genes. Approximate finish time: 2026-02-03 20:43:48.501825
Calculating max cor cutoff...
Finished 100/1094 genes. Approximate finish time: 2026-02-03 20:46:22.409472
Calculating lambda coefficients...
Finished 207/1094 genes. Approximate finish time: 2026-02-03 20:46:48.810412
Predicting remaining genes...
Finished 429/1094 genes. Approximate finish time: 2026-02-03 20:48:18.949522
Predicting remaining genes...
Done!
Finish time: 2026-02-03 20:48:15.939758
Total time: 7.863361 mins
1094 genes, 5000 cells
Running SAVER with 1 worker(s)
Calculating predictions for 1094 genes using 983 genes and 5000 cells...
Start time: 2026-02-03 20:48:17.464767
Estimating finish time...
Finished 8/1094 genes. Approximate finish time: 2026-02-03 20:52:32.221316
Calculating max cor cutoff...
Finished 100/1094 genes. Approximate finish time: 2026-02-03 20:54:23.022449
Calculating lambda coefficients...
Finished 200/1094 genes. Approximate finish time: 2026-02-03 20:54:38.373264
Predicting remaining genes...
Finished 424/1094 genes. Approximate finish time: 2026-02-03 20:55:50.497521
Predicting remaining genes...
Done!
Finish time: 2026-02-03 20:55:48.045156
Total time: 7.509669 mins
1094 genes, 5000 cells
Running SAVER with 1 worker(s)
Calculating predictions for 1094 genes using 983 genes and 5000 cells...
Start time: 2026-02-03 20:55:49.447508
Estimating finish time...
Finished 8/1094 genes. Approximate finish time: 2026-02-03 20:59:13.428617
Calculating max cor cutoff...
Finished 100/1094 genes. Approximate finish time: 2026-02-03 21:02:13.108506
Calculating lambda coefficients...
Finished 207/1094 genes. Approximate finish time: 2026-02-03 21:02:32.057237
Predicting remaining genes...
Finished 429/1094 genes. Approximate finish time: 2026-02-03 21:03:55.28726
Predicting remaining genes...
Done!
Finish time: 2026-02-03 21:03:38.58837
Total time: 7.819011 mins
1094 genes, 5000 cells
Running SAVER with 1 worker(s)
Calculating predictions for 1094 genes using 983 genes and 5000 cells...
Start time: 2026-02-03 21:03:39.923297
Estimating finish time...
Finished 8/1094 genes. Approximate finish time: 2026-02-03 21:07:08.937436
Calculating max cor cutoff...
Finished 100/1094 genes. Approximate finish time: 2026-02-03 21:09:18.778599
Calculating lambda coefficients...
Finished 200/1094 genes. Approximate finish time: 2026-02-03 21:10:12.163803
Predicting remaining genes...
Finished 424/1094 genes. Approximate finish time: 2026-02-03 21:11:20.559936
Predicting remaining genes...
Done!
Finish time: 2026-02-03 21:11:28.593362
Total time: 7.811164 mins
Wrote results_imputation_r/saver/cells_5000/saver_mse_table.tsv

Done.
Processing saver cells_10000...

=== dataset_2_types_equal ===
Running SAVER x5...
SAVER can be unstable with ncores > 1; using ncores = 1.
1095 genes, 10000 cells
Running SAVER with 1 worker(s)
Calculating predictions for 1095 genes using 973 genes and 10000 cells...
Start time: 2026-02-03 21:11:44.387705
Estimating finish time...
Finished 8/1095 genes. Approximate finish time: 2026-02-03 21:24:11.339374
Calculating max cor cutoff...
Finished 100/1095 genes. Approximate finish time: 2026-02-03 21:28:15.58586
Calculating lambda coefficients...
Finished 212/1095 genes. Approximate finish time: 2026-02-03 21:26:25.940022
Predicting remaining genes...
Finished 433/1095 genes. Approximate finish time: 2026-02-03 21:31:14.279496
Predicting remaining genes...
Done!
Finish time: 2026-02-03 21:30:48.349426
Total time: 19.06602 mins
  [saver] Saved imputed matrix to results_imputation_r/saver/cells_10000/dataset_2_types_equal_saver.rds
1095 genes, 10000 cells
Running SAVER with 1 worker(s)
Calculating predictions for 1095 genes using 973 genes and 10000 cells...
Start time: 2026-02-03 21:30:52.902864
Estimating finish time...
Finished 8/1095 genes. Approximate finish time: 2026-02-03 21:38:35.507256
Calculating max cor cutoff...
Finished 100/1095 genes. Approximate finish time: 2026-02-03 21:45:27.409316
Calculating lambda coefficients...
Finished 213/1095 genes. Approximate finish time: 2026-02-03 21:45:46.056211
Predicting remaining genes...
Finished 434/1095 genes. Approximate finish time: 2026-02-03 21:49:19.938036
Predicting remaining genes...
Done!
Finish time: 2026-02-03 21:49:47.390598
Total time: 18.90812 mins
1095 genes, 10000 cells
Running SAVER with 1 worker(s)
Calculating predictions for 1095 genes using 973 genes and 10000 cells...
Start time: 2026-02-03 21:49:50.031464
Estimating finish time...
Finished 8/1095 genes. Approximate finish time: 2026-02-03 22:01:20.304345
Calculating max cor cutoff...
Finished 100/1095 genes. Approximate finish time: 2026-02-03 22:05:19.846824
Calculating lambda coefficients...
Finished 206/1095 genes. Approximate finish time: 2026-02-03 22:03:57.36165
Predicting remaining genes...
Finished 429/1095 genes. Approximate finish time: 2026-02-03 22:08:59.738682
Predicting remaining genes...
Done!
Finish time: 2026-02-03 22:09:18.382556
Total time: 19.47251 mins
1095 genes, 10000 cells
Running SAVER with 1 worker(s)
Calculating predictions for 1095 genes using 973 genes and 10000 cells...
Start time: 2026-02-03 22:09:21.387309
Estimating finish time...
Finished 8/1095 genes. Approximate finish time: 2026-02-03 22:31:04.624796
Calculating max cor cutoff...
Finished 100/1095 genes. Approximate finish time: 2026-02-03 22:24:41.93238
Calculating lambda coefficients...
Finished 207/1095 genes. Approximate finish time: 2026-02-03 22:24:11.592347
Predicting remaining genes...
Finished 429/1095 genes. Approximate finish time: 2026-02-03 22:29:35.344197
Predicting remaining genes...
Done!
Finish time: 2026-02-03 22:28:43.797816
Total time: 19.3735 mins
1095 genes, 10000 cells
Running SAVER with 1 worker(s)
Calculating predictions for 1095 genes using 973 genes and 10000 cells...
Start time: 2026-02-03 22:28:46.493785
Estimating finish time...
Finished 8/1095 genes. Approximate finish time: 2026-02-03 22:38:29.713312
Calculating max cor cutoff...
Finished 100/1095 genes. Approximate finish time: 2026-02-03 22:45:52.285731
Calculating lambda coefficients...
Finished 205/1095 genes. Approximate finish time: 2026-02-03 22:45:00.066635
Predicting remaining genes...
Finished 428/1095 genes. Approximate finish time: 2026-02-03 22:48:51.920618
Predicting remaining genes...
Done!
Finish time: 2026-02-03 22:49:57.886938
Total time: 21.18988 mins

=== dataset_3_types_unequal ===
Running SAVER x5...
SAVER can be unstable with ncores > 1; using ncores = 1.
1094 genes, 10000 cells
Running SAVER with 1 worker(s)
Calculating predictions for 1094 genes using 978 genes and 10000 cells...
Start time: 2026-02-03 22:50:04.780537
Estimating finish time...
Finished 8/1094 genes. Approximate finish time: 2026-02-03 23:10:08.298069
Calculating max cor cutoff...
Finished 100/1094 genes. Approximate finish time: 2026-02-03 23:06:14.544593
Calculating lambda coefficients...
Finished 214/1094 genes. Approximate finish time: 2026-02-03 23:03:42.816706
Predicting remaining genes...
Finished 434/1094 genes. Approximate finish time: 2026-02-03 23:08:11.741729
Predicting remaining genes...
Done!
Finish time: 2026-02-03 23:08:26.082309
Total time: 18.35503 mins
  [saver] Saved imputed matrix to results_imputation_r/saver/cells_10000/dataset_3_types_unequal_saver.rds
1094 genes, 10000 cells
Running SAVER with 1 worker(s)
Calculating predictions for 1094 genes using 978 genes and 10000 cells...
Start time: 2026-02-03 23:08:31.218515
Estimating finish time...
Finished 8/1094 genes. Approximate finish time: 2026-02-03 23:23:04.751031
Calculating max cor cutoff...
Finished 100/1094 genes. Approximate finish time: 2026-02-03 23:23:06.864563
Calculating lambda coefficients...
Finished 210/1094 genes. Approximate finish time: 2026-02-03 23:21:11.037788
Predicting remaining genes...
Finished 431/1094 genes. Approximate finish time: 2026-02-03 23:26:40.319384
Predicting remaining genes...
Done!
Finish time: 2026-02-03 23:26:21.086847
Total time: 17.83113 mins
1094 genes, 10000 cells
Running SAVER with 1 worker(s)
Calculating predictions for 1094 genes using 978 genes and 10000 cells...
Start time: 2026-02-03 23:26:23.838937
Estimating finish time...
Finished 8/1094 genes. Approximate finish time: 2026-02-03 23:35:16.124055
Calculating max cor cutoff...
Finished 100/1094 genes. Approximate finish time: 2026-02-03 23:39:12.473331
Calculating lambda coefficients...
Finished 221/1094 genes. Approximate finish time: 2026-02-03 23:39:24.751714
Predicting remaining genes...
Finished 440/1094 genes. Approximate finish time: 2026-02-03 23:44:03.675126
Predicting remaining genes...
Done!
Finish time: 2026-02-03 23:43:24.982463
Total time: 17.01905 mins
1094 genes, 10000 cells
Running SAVER with 1 worker(s)
Calculating predictions for 1094 genes using 978 genes and 10000 cells...
Start time: 2026-02-03 23:43:27.546186
Estimating finish time...
Finished 8/1094 genes. Approximate finish time: 2026-02-03 23:51:25.186187
Calculating max cor cutoff...
Finished 100/1094 genes. Approximate finish time: 2026-02-03 23:55:05.107916
Calculating lambda coefficients...
Finished 214/1094 genes. Approximate finish time: 2026-02-03 23:55:48.408232
Predicting remaining genes...
Finished 434/1094 genes. Approximate finish time: 2026-02-04 00:01:01.600522
Predicting remaining genes...
Done!
Finish time: 2026-02-04 00:00:45.955363
Total time: 17.30682 mins
1094 genes, 10000 cells
Running SAVER with 1 worker(s)
Calculating predictions for 1094 genes using 978 genes and 10000 cells...
Start time: 2026-02-04 00:00:48.591635
Estimating finish time...
Finished 8/1094 genes. Approximate finish time: 2026-02-04 00:12:25.25891
Calculating max cor cutoff...
Finished 100/1094 genes. Approximate finish time: 2026-02-04 00:14:02.471444
Calculating lambda coefficients...
Finished 210/1094 genes. Approximate finish time: 2026-02-04 00:13:29.459058
Predicting remaining genes...
Finished 431/1094 genes. Approximate finish time: 2026-02-04 00:17:24.830319
Predicting remaining genes...
Done!
Finish time: 2026-02-04 00:18:17.960984
Total time: 17.48948 mins

=== dataset_4_types_rare ===
Running SAVER x5...
SAVER can be unstable with ncores > 1; using ncores = 1.
1096 genes, 10000 cells
Running SAVER with 1 worker(s)
Calculating predictions for 1096 genes using 1006 genes and 10000 cells...
Start time: 2026-02-04 00:18:25.167399
Estimating finish time...
Finished 8/1096 genes. Approximate finish time: 2026-02-04 00:28:24.487122
Calculating max cor cutoff...
Finished 100/1096 genes. Approximate finish time: 2026-02-04 00:34:57.035548
Calculating lambda coefficients...
Finished 207/1096 genes. Approximate finish time: 2026-02-04 00:32:41.993569
Predicting remaining genes...
Finished 430/1096 genes. Approximate finish time: 2026-02-04 00:39:15.59843
Predicting remaining genes...
Done!
Finish time: 2026-02-04 00:39:14.324424
Total time: 20.81928 mins
  [saver] Saved imputed matrix to results_imputation_r/saver/cells_10000/dataset_4_types_rare_saver.rds
1096 genes, 10000 cells
Running SAVER with 1 worker(s)
Calculating predictions for 1096 genes using 1006 genes and 10000 cells...
Start time: 2026-02-04 00:39:19.513569
Estimating finish time...
Finished 8/1096 genes. Approximate finish time: 2026-02-04 00:50:04.376801
Calculating max cor cutoff...
Finished 100/1096 genes. Approximate finish time: 2026-02-04 00:54:28.753733
Calculating lambda coefficients...
Finished 206/1096 genes. Approximate finish time: 2026-02-04 00:52:04.048264
Predicting remaining genes...
Finished 429/1096 genes. Approximate finish time: 2026-02-04 00:57:04.734783
Predicting remaining genes...
Done!
Finish time: 2026-02-04 00:57:48.797769
Total time: 18.48807 mins
1096 genes, 10000 cells
Running SAVER with 1 worker(s)
Calculating predictions for 1096 genes using 1006 genes and 10000 cells...
Start time: 2026-02-04 00:57:51.401649
Estimating finish time...
Finished 8/1096 genes. Approximate finish time: 2026-02-04 01:06:26.558173
Calculating max cor cutoff...
Finished 100/1096 genes. Approximate finish time: 2026-02-04 01:10:53.751698
Calculating lambda coefficients...
Finished 202/1096 genes. Approximate finish time: 2026-02-04 01:10:36.80787
Predicting remaining genes...
Finished 426/1096 genes. Approximate finish time: 2026-02-04 01:16:23.170916
Predicting remaining genes...
Done!
Finish time: 2026-02-04 01:15:32.226552
Total time: 17.68041 mins
1096 genes, 10000 cells
Running SAVER with 1 worker(s)
Calculating predictions for 1096 genes using 1006 genes and 10000 cells...
Start time: 2026-02-04 01:15:34.815166
Estimating finish time...
Finished 8/1096 genes. Approximate finish time: 2026-02-04 01:33:37.947983
Calculating max cor cutoff...
Finished 100/1096 genes. Approximate finish time: 2026-02-04 01:29:20.567188
Calculating lambda coefficients...
Finished 204/1096 genes. Approximate finish time: 2026-02-04 01:28:46.528635
Predicting remaining genes...
Finished 427/1096 genes. Approximate finish time: 2026-02-04 01:34:57.211501
Predicting remaining genes...
Done!
Finish time: 2026-02-04 01:34:12.853771
Total time: 18.63397 mins
1096 genes, 10000 cells
Running SAVER with 1 worker(s)
Calculating predictions for 1096 genes using 1006 genes and 10000 cells...
Start time: 2026-02-04 01:34:15.313181
Estimating finish time...
Finished 8/1096 genes. Approximate finish time: 2026-02-04 01:42:38.460078
Calculating max cor cutoff...
Finished 100/1096 genes. Approximate finish time: 2026-02-04 01:45:15.878176
Calculating lambda coefficients...
Finished 200/1096 genes. Approximate finish time: 2026-02-04 01:46:29.69524
Predicting remaining genes...
Finished 424/1096 genes. Approximate finish time: 2026-02-04 01:51:15.247062
Predicting remaining genes...
Done!
Finish time: 2026-02-04 01:52:38.988182
Total time: 18.39458 mins

=== dataset_multibatch_dropout ===
Running SAVER x5...
SAVER can be unstable with ncores > 1; using ncores = 1.
1097 genes, 10000 cells
Running SAVER with 1 worker(s)
Calculating predictions for 1097 genes using 997 genes and 10000 cells...
Start time: 2026-02-04 01:52:45.765338
Estimating finish time...
Finished 8/1097 genes. Approximate finish time: 2026-02-04 02:02:16.468035
Calculating max cor cutoff...
Finished 100/1097 genes. Approximate finish time: 2026-02-04 02:07:11.849713
Calculating lambda coefficients...
Finished 200/1097 genes. Approximate finish time: 2026-02-04 02:06:08.710329
Predicting remaining genes...
Finished 425/1097 genes. Approximate finish time: 2026-02-04 02:09:16.374275
Predicting remaining genes...
Done!
Finish time: 2026-02-04 02:09:37.048423
Total time: 16.85471 mins
  [saver] Saved imputed matrix to results_imputation_r/saver/cells_10000/dataset_multibatch_dropout_saver.rds
1097 genes, 10000 cells
Running SAVER with 1 worker(s)
Calculating predictions for 1097 genes using 997 genes and 10000 cells...
Start time: 2026-02-04 02:09:41.690579
Estimating finish time...
Finished 8/1097 genes. Approximate finish time: 2026-02-04 02:23:08.495518
Calculating max cor cutoff...
Finished 100/1097 genes. Approximate finish time: 2026-02-04 02:22:04.986954
Calculating lambda coefficients...
Finished 200/1097 genes. Approximate finish time: 2026-02-04 02:22:23.799455
Predicting remaining genes...
Finished 425/1097 genes. Approximate finish time: 2026-02-04 02:25:36.698447
Predicting remaining genes...
Done!
Finish time: 2026-02-04 02:25:28.112035
Total time: 15.77369 mins
1097 genes, 10000 cells
Running SAVER with 1 worker(s)
Calculating predictions for 1097 genes using 997 genes and 10000 cells...
Start time: 2026-02-04 02:25:30.687585
Estimating finish time...
Finished 8/1097 genes. Approximate finish time: 2026-02-04 02:38:07.461162
Calculating max cor cutoff...
Finished 100/1097 genes. Approximate finish time: 2026-02-04 02:36:49.502394
Calculating lambda coefficients...
Finished 200/1097 genes. Approximate finish time: 2026-02-04 02:37:36.33087
Predicting remaining genes...
Finished 425/1097 genes. Approximate finish time: 2026-02-04 02:42:10.604807
Predicting remaining genes...
Done!
Finish time: 2026-02-04 02:42:14.782959
Total time: 16.73492 mins
1097 genes, 10000 cells
Running SAVER with 1 worker(s)
Calculating predictions for 1097 genes using 997 genes and 10000 cells...
Start time: 2026-02-04 02:42:17.662686
Estimating finish time...
Finished 8/1097 genes. Approximate finish time: 2026-02-04 02:57:02.419545
Calculating max cor cutoff...
Finished 100/1097 genes. Approximate finish time: 2026-02-04 02:52:52.521173
Calculating lambda coefficients...
Finished 200/1097 genes. Approximate finish time: 2026-02-04 02:52:49.427538
Predicting remaining genes...
Finished 425/1097 genes. Approximate finish time: 2026-02-04 02:56:13.979206
Predicting remaining genes...
Done!
Finish time: 2026-02-04 02:56:45.571524
Total time: 14.46514 mins
1097 genes, 10000 cells
Running SAVER with 1 worker(s)
Calculating predictions for 1097 genes using 997 genes and 10000 cells...
Start time: 2026-02-04 02:56:48.088229
Estimating finish time...
Finished 8/1097 genes. Approximate finish time: 2026-02-04 03:10:26.041214
Calculating max cor cutoff...
Finished 100/1097 genes. Approximate finish time: 2026-02-04 03:09:25.179919
Calculating lambda coefficients...
Finished 200/1097 genes. Approximate finish time: 2026-02-04 03:09:40.224291
Predicting remaining genes...
Finished 425/1097 genes. Approximate finish time: 2026-02-04 03:12:53.148116
Predicting remaining genes...
Done!
Finish time: 2026-02-04 03:12:49.306752
Total time: 16.0203 mins
Wrote results_imputation_r/saver/cells_10000/saver_mse_table.tsv

Done.
Processing saver cells_15000...

=== dataset_2_types_equal ===
Running SAVER x5...
SAVER can be unstable with ncores > 1; using ncores = 1.
1093 genes, 15000 cells
Running SAVER with 1 worker(s)
Calculating predictions for 1093 genes using 972 genes and 15000 cells...
Start time: 2026-02-04 03:13:07.456707
Estimating finish time...
Finished 8/1093 genes. Approximate finish time: 2026-02-04 03:28:58.98255
Calculating max cor cutoff...
Finished 100/1093 genes. Approximate finish time: 2026-02-04 03:40:17.109818
Calculating lambda coefficients...
Finished 209/1093 genes. Approximate finish time: 2026-02-04 03:38:51.539432
Predicting remaining genes...
Finished 430/1093 genes. Approximate finish time: 2026-02-04 03:46:36.355369
Predicting remaining genes...
Done!
Finish time: 2026-02-04 03:47:40.392748
Total time: 34.54893 mins
  [saver] Saved imputed matrix to results_imputation_r/saver/cells_15000/dataset_2_types_equal_saver.rds
1093 genes, 15000 cells
Running SAVER with 1 worker(s)
Calculating predictions for 1093 genes using 972 genes and 15000 cells...
Start time: 2026-02-04 03:47:47.50524
Estimating finish time...
Finished 8/1093 genes. Approximate finish time: 2026-02-04 04:06:28.227931
Calculating max cor cutoff...
Finished 100/1093 genes. Approximate finish time: 2026-02-04 04:15:12.244714
Calculating lambda coefficients...
Finished 213/1093 genes. Approximate finish time: 2026-02-04 04:12:42.391444
Predicting remaining genes...
Finished 433/1093 genes. Approximate finish time: 2026-02-04 04:19:59.41514
Predicting remaining genes...
Done!
Finish time: 2026-02-04 04:22:01.952237
Total time: 34.24078 mins
1093 genes, 15000 cells
Running SAVER with 1 worker(s)
Calculating predictions for 1093 genes using 972 genes and 15000 cells...
Start time: 2026-02-04 04:22:05.573509
Estimating finish time...
Finished 8/1093 genes. Approximate finish time: 2026-02-04 04:51:14.300807
Calculating max cor cutoff...
Finished 100/1093 genes. Approximate finish time: 2026-02-04 04:44:41.306245
Calculating lambda coefficients...
Finished 202/1093 genes. Approximate finish time: 2026-02-04 04:47:09.483892
Predicting remaining genes...
Finished 425/1093 genes. Approximate finish time: 2026-02-04 04:56:48.329224
Predicting remaining genes...
Done!
Finish time: 2026-02-04 04:54:21.069476
Total time: 32.25826 mins
1093 genes, 15000 cells
Running SAVER with 1 worker(s)
Calculating predictions for 1093 genes using 972 genes and 15000 cells...
Start time: 2026-02-04 04:54:23.961431
Estimating finish time...
Finished 8/1093 genes. Approximate finish time: 2026-02-04 05:28:02.649812
Calculating max cor cutoff...
Finished 100/1093 genes. Approximate finish time: 2026-02-04 05:17:47.310707
Calculating lambda coefficients...
Finished 204/1093 genes. Approximate finish time: 2026-02-04 05:17:11.543252
Predicting remaining genes...
Finished 427/1093 genes. Approximate finish time: 2026-02-04 05:24:34.676818
Predicting remaining genes...
Done!
Finish time: 2026-02-04 05:23:36.551058
Total time: 29.20982 mins
1093 genes, 15000 cells
Running SAVER with 1 worker(s)
Calculating predictions for 1093 genes using 972 genes and 15000 cells...
Start time: 2026-02-04 05:23:39.678809
Estimating finish time...
Finished 8/1093 genes. Approximate finish time: 2026-02-04 05:46:11.513095
Calculating max cor cutoff...
Finished 100/1093 genes. Approximate finish time: 2026-02-04 05:49:35.642854
Calculating lambda coefficients...
Finished 203/1093 genes. Approximate finish time: 2026-02-04 05:47:57.340372
Predicting remaining genes...
Finished 426/1093 genes. Approximate finish time: 2026-02-04 05:54:27.376349
Predicting remaining genes...
Done!
Finish time: 2026-02-04 05:55:21.299666
Total time: 31.69368 mins

=== dataset_3_types_unequal ===
Running SAVER x5...
SAVER can be unstable with ncores > 1; using ncores = 1.
1094 genes, 15000 cells
Running SAVER with 1 worker(s)
Calculating predictions for 1094 genes using 980 genes and 15000 cells...
Start time: 2026-02-04 05:55:30.446623
Estimating finish time...
Finished 8/1094 genes. Approximate finish time: 2026-02-04 06:23:03.421997
Calculating max cor cutoff...
Finished 100/1094 genes. Approximate finish time: 2026-02-04 06:19:13.682712
Calculating lambda coefficients...
Finished 215/1094 genes. Approximate finish time: 2026-02-04 06:17:16.834979
Predicting remaining genes...
Finished 435/1094 genes. Approximate finish time: 2026-02-04 06:23:38.395486
Predicting remaining genes...
Done!
Finish time: 2026-02-04 06:24:45.660167
Total time: 29.25355 mins
  [saver] Saved imputed matrix to results_imputation_r/saver/cells_15000/dataset_3_types_unequal_saver.rds
1094 genes, 15000 cells
Running SAVER with 1 worker(s)
Calculating predictions for 1094 genes using 980 genes and 15000 cells...
Start time: 2026-02-04 06:24:52.675714
Estimating finish time...
Finished 8/1094 genes. Approximate finish time: 2026-02-04 06:44:30.044071
Calculating max cor cutoff...
Finished 100/1094 genes. Approximate finish time: 2026-02-04 06:44:38.520062
Calculating lambda coefficients...
Finished 208/1094 genes. Approximate finish time: 2026-02-04 06:43:05.614217
Predicting remaining genes...
Finished 430/1094 genes. Approximate finish time: 2026-02-04 06:48:44.417204
Predicting remaining genes...
Done!
Finish time: 2026-02-04 06:49:40.763472
Total time: 24.80146 mins
1094 genes, 15000 cells
Running SAVER with 1 worker(s)
Calculating predictions for 1094 genes using 980 genes and 15000 cells...
Start time: 2026-02-04 06:49:44.77775
Estimating finish time...
Finished 8/1094 genes. Approximate finish time: 2026-02-04 07:06:31.028324
Calculating max cor cutoff...
Finished 100/1094 genes. Approximate finish time: 2026-02-04 07:13:55.859028
Calculating lambda coefficients...
Finished 206/1094 genes. Approximate finish time: 2026-02-04 07:11:29.458555
Predicting remaining genes...
Finished 428/1094 genes. Approximate finish time: 2026-02-04 07:16:51.962413
Predicting remaining genes...
Done!
Finish time: 2026-02-04 07:18:41.485384
Total time: 28.94512 mins
1094 genes, 15000 cells
Running SAVER with 1 worker(s)
Calculating predictions for 1094 genes using 980 genes and 15000 cells...
Start time: 2026-02-04 07:18:44.684785
Estimating finish time...
Finished 8/1094 genes. Approximate finish time: 2026-02-04 07:47:59.816694
Calculating max cor cutoff...
Finished 100/1094 genes. Approximate finish time: 2026-02-04 07:41:32.931038
Calculating lambda coefficients...
Finished 217/1094 genes. Approximate finish time: 2026-02-04 07:38:32.805916
Predicting remaining genes...
Finished 437/1094 genes. Approximate finish time: 2026-02-04 07:46:15.654713
Predicting remaining genes...
Done!
Finish time: 2026-02-04 07:46:29.340014
Total time: 27.74425 mins
1094 genes, 15000 cells
Running SAVER with 1 worker(s)
Calculating predictions for 1094 genes using 980 genes and 15000 cells...
Start time: 2026-02-04 07:46:32.937474
Estimating finish time...
Finished 8/1094 genes. Approximate finish time: 2026-02-04 08:06:41.024514
Calculating max cor cutoff...
Finished 100/1094 genes. Approximate finish time: 2026-02-04 08:06:08.910009
Calculating lambda coefficients...
Finished 209/1094 genes. Approximate finish time: 2026-02-04 08:04:41.373447
Predicting remaining genes...
Finished 431/1094 genes. Approximate finish time: 2026-02-04 08:11:54.500006
Predicting remaining genes...
Done!
Finish time: 2026-02-04 08:11:19.589593
Total time: 24.77753 mins

=== dataset_4_types_rare ===
Running SAVER x5...
SAVER can be unstable with ncores > 1; using ncores = 1.
1095 genes, 15000 cells
Running SAVER with 1 worker(s)
Calculating predictions for 1095 genes using 997 genes and 15000 cells...
Start time: 2026-02-04 08:11:28.366279
Estimating finish time...
Finished 8/1095 genes. Approximate finish time: 2026-02-04 08:24:04.919135
Calculating max cor cutoff...
Finished 100/1095 genes. Approximate finish time: 2026-02-04 08:27:40.920073
Calculating lambda coefficients...
Finished 213/1095 genes. Approximate finish time: 2026-02-04 08:27:18.33866
Predicting remaining genes...
Finished 434/1095 genes. Approximate finish time: 2026-02-04 08:34:45.600716
Predicting remaining genes...
Done!
Finish time: 2026-02-04 08:34:22.558922
Total time: 22.90321 mins
  [saver] Saved imputed matrix to results_imputation_r/saver/cells_15000/dataset_4_types_rare_saver.rds
1095 genes, 15000 cells
Running SAVER with 1 worker(s)
Calculating predictions for 1095 genes using 997 genes and 15000 cells...
Start time: 2026-02-04 08:34:28.997266
Estimating finish time...
Finished 8/1095 genes. Approximate finish time: 2026-02-04 09:01:15.133934
Calculating max cor cutoff...
Finished 100/1095 genes. Approximate finish time: 2026-02-04 08:52:26.033849
Calculating lambda coefficients...
Finished 209/1095 genes. Approximate finish time: 2026-02-04 08:52:09.149124
Predicting remaining genes...
Finished 431/1095 genes. Approximate finish time: 2026-02-04 08:59:17.741594
Predicting remaining genes...
Done!
Finish time: 2026-02-04 08:59:02.850316
Total time: 24.56421 mins
1095 genes, 15000 cells
Running SAVER with 1 worker(s)
Calculating predictions for 1095 genes using 997 genes and 15000 cells...
Start time: 2026-02-04 08:59:05.805132
Estimating finish time...
Finished 8/1095 genes. Approximate finish time: 2026-02-04 09:12:22.622009
Calculating max cor cutoff...
Finished 100/1095 genes. Approximate finish time: 2026-02-04 09:14:59.709404
Calculating lambda coefficients...
Finished 206/1095 genes. Approximate finish time: 2026-02-04 09:14:42.222958
Predicting remaining genes...
Finished 429/1095 genes. Approximate finish time: 2026-02-04 09:21:51.429339
Predicting remaining genes...
Done!
Finish time: 2026-02-04 09:21:49.607698
Total time: 22.73004 mins
1095 genes, 15000 cells
Running SAVER with 1 worker(s)
Calculating predictions for 1095 genes using 997 genes and 15000 cells...
Start time: 2026-02-04 09:21:52.339448
Estimating finish time...
Finished 8/1095 genes. Approximate finish time: 2026-02-04 09:34:55.046554
Calculating max cor cutoff...
Finished 100/1095 genes. Approximate finish time: 2026-02-04 09:37:35.07423
Calculating lambda coefficients...
Finished 200/1095 genes. Approximate finish time: 2026-02-04 09:37:27.504522
Predicting remaining genes...
Finished 424/1095 genes. Approximate finish time: 2026-02-04 09:44:44.170525
Predicting remaining genes...
Done!
Finish time: 2026-02-04 09:44:43.820984
Total time: 22.85802 mins
1095 genes, 15000 cells
Running SAVER with 1 worker(s)
Calculating predictions for 1095 genes using 997 genes and 15000 cells...
Start time: 2026-02-04 09:44:46.78949
Estimating finish time...
Finished 8/1095 genes. Approximate finish time: 2026-02-04 09:57:33.028191
Calculating max cor cutoff...
Finished 100/1095 genes. Approximate finish time: 2026-02-04 10:01:45.901664
Calculating lambda coefficients...
Finished 206/1095 genes. Approximate finish time: 2026-02-04 10:00:28.769957
Predicting remaining genes...
Finished 429/1095 genes. Approximate finish time: 2026-02-04 10:07:31.554101
Predicting remaining genes...
Done!
Finish time: 2026-02-04 10:07:18.80551
Total time: 22.5336 mins

=== dataset_multibatch_dropout ===
Running SAVER x5...
SAVER can be unstable with ncores > 1; using ncores = 1.
1094 genes, 15000 cells
Running SAVER with 1 worker(s)
Calculating predictions for 1094 genes using 989 genes and 15000 cells...
Start time: 2026-02-04 10:07:27.586698
Estimating finish time...
Finished 8/1094 genes. Approximate finish time: 2026-02-04 10:20:05.99236
Calculating max cor cutoff...
Finished 100/1094 genes. Approximate finish time: 2026-02-04 10:20:53.997735
Calculating lambda coefficients...
Finished 200/1094 genes. Approximate finish time: 2026-02-04 10:21:03.773482
Predicting remaining genes...
Finished 424/1094 genes. Approximate finish time: 2026-02-04 10:27:40.687212
Predicting remaining genes...
Done!
Finish time: 2026-02-04 10:27:14.620359
Total time: 19.78389 mins
  [saver] Saved imputed matrix to results_imputation_r/saver/cells_15000/dataset_multibatch_dropout_saver.rds
1094 genes, 15000 cells
Running SAVER with 1 worker(s)
Calculating predictions for 1094 genes using 989 genes and 15000 cells...
Start time: 2026-02-04 10:27:21.461866
Estimating finish time...
Finished 8/1094 genes. Approximate finish time: 2026-02-04 10:47:00.980303
Calculating max cor cutoff...
Finished 100/1094 genes. Approximate finish time: 2026-02-04 10:46:11.035874
Calculating lambda coefficients...
Finished 200/1094 genes. Approximate finish time: 2026-02-04 10:43:51.347577
Predicting remaining genes...
Finished 424/1094 genes. Approximate finish time: 2026-02-04 10:49:45.593602
Predicting remaining genes...
Done!
Finish time: 2026-02-04 10:49:35.744835
Total time: 22.23805 mins
1094 genes, 15000 cells
Running SAVER with 1 worker(s)
Calculating predictions for 1094 genes using 989 genes and 15000 cells...
Start time: 2026-02-04 10:49:39.08642
Estimating finish time...
Finished 8/1094 genes. Approximate finish time: 2026-02-04 11:00:40.371954
Calculating max cor cutoff...
Finished 100/1094 genes. Approximate finish time: 2026-02-04 11:05:38.701456
Calculating lambda coefficients...
Finished 200/1094 genes. Approximate finish time: 2026-02-04 11:05:53.728123
Predicting remaining genes...
Finished 424/1094 genes. Approximate finish time: 2026-02-04 11:11:34.769215
Predicting remaining genes...
Done!
Finish time: 2026-02-04 11:11:27.882161
Total time: 21.81326 mins
1094 genes, 15000 cells
Running SAVER with 1 worker(s)
Calculating predictions for 1094 genes using 989 genes and 15000 cells...
Start time: 2026-02-04 11:11:31.180316
Estimating finish time...
Finished 8/1094 genes. Approximate finish time: 2026-02-04 11:31:40.328584
Calculating max cor cutoff...
Finished 100/1094 genes. Approximate finish time: 2026-02-04 11:30:22.58062
Calculating lambda coefficients...
Finished 200/1094 genes. Approximate finish time: 2026-02-04 11:28:05.17732
Predicting remaining genes...
Finished 424/1094 genes. Approximate finish time: 2026-02-04 11:33:57.23218
Predicting remaining genes...
Done!
Finish time: 2026-02-04 11:33:51.913187
Total time: 22.34554 mins
1094 genes, 15000 cells
Running SAVER with 1 worker(s)
Calculating predictions for 1094 genes using 989 genes and 15000 cells...
Start time: 2026-02-04 11:33:55.167987
Estimating finish time...
Finished 8/1094 genes. Approximate finish time: 2026-02-04 11:44:51.730922
Calculating max cor cutoff...
Finished 100/1094 genes. Approximate finish time: 2026-02-04 11:49:53.554902
Calculating lambda coefficients...
Finished 200/1094 genes. Approximate finish time: 2026-02-04 11:50:00.828475
Predicting remaining genes...
Finished 424/1094 genes. Approximate finish time: 2026-02-04 11:55:51.982935
Predicting remaining genes...
Done!
Finish time: 2026-02-04 11:55:45.34622
Total time: 21.8363 mins
Wrote results_imputation_r/saver/cells_15000/saver_mse_table.tsv

Done.
Processing saver cells_20000...

=== dataset_2_types_equal ===
Running SAVER x5...
SAVER can be unstable with ncores > 1; using ncores = 1.
1096 genes, 20000 cells
Running SAVER with 1 worker(s)
Calculating predictions for 1096 genes using 980 genes and 20000 cells...
Start time: 2026-02-04 11:56:06.497232
Estimating finish time...
Finished 8/1096 genes. Approximate finish time: 2026-02-04 12:40:09.38801
Calculating max cor cutoff...
Finished 100/1096 genes. Approximate finish time: 2026-02-04 12:27:46.255115
Calculating lambda coefficients...
Finished 202/1096 genes. Approximate finish time: 2026-02-04 12:26:33.151163
Predicting remaining genes...
Finished 426/1096 genes. Approximate finish time: 2026-02-04 12:39:19.818772
Predicting remaining genes...
Done!
Finish time: 2026-02-04 12:39:35.447818
Total time: 43.48251 mins
  [saver] Saved imputed matrix to results_imputation_r/saver/cells_20000/dataset_2_types_equal_saver.rds
1096 genes, 20000 cells
Running SAVER with 1 worker(s)
Calculating predictions for 1096 genes using 980 genes and 20000 cells...
Start time: 2026-02-04 12:39:44.893851
Estimating finish time...
Finished 8/1096 genes. Approximate finish time: 2026-02-04 13:02:15.277936
Calculating max cor cutoff...
Finished 100/1096 genes. Approximate finish time: 2026-02-04 13:07:43.969217
Calculating lambda coefficients...
Finished 203/1096 genes. Approximate finish time: 2026-02-04 13:07:52.80997
Predicting remaining genes...
Finished 427/1096 genes. Approximate finish time: 2026-02-04 13:19:44.565102
Predicting remaining genes...
Done!
Finish time: 2026-02-04 13:19:45.906623
Total time: 40.01688 mins
1096 genes, 20000 cells
Running SAVER with 1 worker(s)
Calculating predictions for 1096 genes using 980 genes and 20000 cells...
Start time: 2026-02-04 13:19:50.933088
Estimating finish time...
Finished 8/1096 genes. Approximate finish time: 2026-02-04 13:57:55.428423
Calculating max cor cutoff...
Finished 100/1096 genes. Approximate finish time: 2026-02-04 13:47:19.447361
Calculating lambda coefficients...
Finished 206/1096 genes. Approximate finish time: 2026-02-04 13:47:07.40964
Predicting remaining genes...
Finished 429/1096 genes. Approximate finish time: 2026-02-04 13:57:20.049916
Predicting remaining genes...
Done!
Finish time: 2026-02-04 13:57:28.751191
Total time: 37.6303 mins
1096 genes, 20000 cells
Running SAVER with 1 worker(s)
Calculating predictions for 1096 genes using 980 genes and 20000 cells...
Start time: 2026-02-04 13:57:33.03134
Estimating finish time...
Finished 8/1096 genes. Approximate finish time: 2026-02-04 14:17:46.430941
Calculating max cor cutoff...
Finished 100/1096 genes. Approximate finish time: 2026-02-04 14:26:40.209799
Calculating lambda coefficients...
Finished 206/1096 genes. Approximate finish time: 2026-02-04 14:25:25.5791
Predicting remaining genes...
Finished 429/1096 genes. Approximate finish time: 2026-02-04 14:36:08.081386
Predicting remaining genes...
Done!
Finish time: 2026-02-04 14:35:54.262146
Total time: 38.35384 mins
1096 genes, 20000 cells
Running SAVER with 1 worker(s)
Calculating predictions for 1096 genes using 980 genes and 20000 cells...
Start time: 2026-02-04 14:35:58.514214
Estimating finish time...
Finished 8/1096 genes. Approximate finish time: 2026-02-04 14:56:30.520231
Calculating max cor cutoff...
Finished 100/1096 genes. Approximate finish time: 2026-02-04 15:05:06.208487
Calculating lambda coefficients...
Finished 206/1096 genes. Approximate finish time: 2026-02-04 15:03:51.167605
Predicting remaining genes...
Finished 429/1096 genes. Approximate finish time: 2026-02-04 15:14:48.642083
Predicting remaining genes...
Done!
Finish time: 2026-02-04 15:14:41.37093
Total time: 38.71427 mins

=== dataset_3_types_unequal ===
Running SAVER x5...
SAVER can be unstable with ncores > 1; using ncores = 1.
1094 genes, 20000 cells
Running SAVER with 1 worker(s)
Calculating predictions for 1094 genes using 986 genes and 20000 cells...
Start time: 2026-02-04 15:14:53.691432
Estimating finish time...
Finished 8/1094 genes. Approximate finish time: 2026-02-04 15:34:36.979532
Calculating max cor cutoff...
Finished 100/1094 genes. Approximate finish time: 2026-02-04 15:43:38.928987
Calculating lambda coefficients...
Finished 210/1094 genes. Approximate finish time: 2026-02-04 15:40:22.025382
Predicting remaining genes...
Finished 431/1094 genes. Approximate finish time: 2026-02-04 15:48:54.537589
Predicting remaining genes...
Done!
Finish time: 2026-02-04 15:49:10.310951
Total time: 34.27699 mins
  [saver] Saved imputed matrix to results_imputation_r/saver/cells_20000/dataset_3_types_unequal_saver.rds
1094 genes, 20000 cells
Running SAVER with 1 worker(s)
Calculating predictions for 1094 genes using 986 genes and 20000 cells...
Start time: 2026-02-04 15:49:19.577202
Estimating finish time...
Finished 8/1094 genes. Approximate finish time: 2026-02-04 16:08:23.589181
Calculating max cor cutoff...
Finished 100/1094 genes. Approximate finish time: 2026-02-04 16:13:13.734028
Calculating lambda coefficients...
Finished 204/1094 genes. Approximate finish time: 2026-02-04 16:12:07.916989
Predicting remaining genes...
Finished 427/1094 genes. Approximate finish time: 2026-02-04 16:21:12.620439
Predicting remaining genes...
Done!
Finish time: 2026-02-04 16:21:05.654652
Total time: 31.76795 mins
1094 genes, 20000 cells
Running SAVER with 1 worker(s)
Calculating predictions for 1094 genes using 986 genes and 20000 cells...
Start time: 2026-02-04 16:21:10.00312
Estimating finish time...
Finished 8/1094 genes. Approximate finish time: 2026-02-04 16:45:24.891481
Calculating max cor cutoff...
Finished 100/1094 genes. Approximate finish time: 2026-02-04 16:45:12.590199
Calculating lambda coefficients...
Finished 213/1094 genes. Approximate finish time: 2026-02-04 16:44:09.397594
Predicting remaining genes...
Finished 434/1094 genes. Approximate finish time: 2026-02-04 16:52:48.445098
Predicting remaining genes...
Done!
Finish time: 2026-02-04 16:52:14.58362
Total time: 31.07634 mins
1094 genes, 20000 cells
Running SAVER with 1 worker(s)
Calculating predictions for 1094 genes using 986 genes and 20000 cells...
Start time: 2026-02-04 16:52:18.597171
Estimating finish time...
Finished 8/1094 genes. Approximate finish time: 2026-02-04 17:10:47.311457
Calculating max cor cutoff...
Finished 100/1094 genes. Approximate finish time: 2026-02-04 17:16:02.905993
Calculating lambda coefficients...
Finished 210/1094 genes. Approximate finish time: 2026-02-04 17:15:13.12669
Predicting remaining genes...
Finished 431/1094 genes. Approximate finish time: 2026-02-04 17:24:37.987735
Predicting remaining genes...
Done!
Finish time: 2026-02-04 17:24:31.669847
Total time: 32.21787 mins
1094 genes, 20000 cells
Running SAVER with 1 worker(s)
Calculating predictions for 1094 genes using 986 genes and 20000 cells...
Start time: 2026-02-04 17:24:36.359992
Estimating finish time...
Finished 8/1094 genes. Approximate finish time: 2026-02-04 17:43:17.645114
Calculating max cor cutoff...
Finished 100/1094 genes. Approximate finish time: 2026-02-04 17:48:25.697304
Calculating lambda coefficients...
Finished 204/1094 genes. Approximate finish time: 2026-02-04 17:47:10.002609
Predicting remaining genes...
Finished 427/1094 genes. Approximate finish time: 2026-02-04 17:56:19.8308
Predicting remaining genes...
Done!
Finish time: 2026-02-04 17:56:23.699641
Total time: 31.78899 mins

=== dataset_4_types_rare ===
Running SAVER x5...
SAVER can be unstable with ncores > 1; using ncores = 1.
1095 genes, 20000 cells
Running SAVER with 1 worker(s)
Calculating predictions for 1095 genes using 1002 genes and 20000 cells...
Start time: 2026-02-04 17:56:36.033189
Estimating finish time...
Finished 8/1095 genes. Approximate finish time: 2026-02-04 18:26:44.730047
Calculating max cor cutoff...
Finished 100/1095 genes. Approximate finish time: 2026-02-04 18:19:25.812069
Calculating lambda coefficients...
Finished 206/1095 genes. Approximate finish time: 2026-02-04 18:18:46.869683
Predicting remaining genes...
Finished 429/1095 genes. Approximate finish time: 2026-02-04 18:31:12.305322
Predicting remaining genes...
Done!
Finish time: 2026-02-04 18:31:10.692656
Total time: 34.57765 mins
  [saver] Saved imputed matrix to results_imputation_r/saver/cells_20000/dataset_4_types_rare_saver.rds
1095 genes, 20000 cells
Running SAVER with 1 worker(s)
Calculating predictions for 1095 genes using 1002 genes and 20000 cells...
Start time: 2026-02-04 18:31:19.949175
Estimating finish time...
Finished 8/1095 genes. Approximate finish time: 2026-02-04 18:48:44.183976
Calculating max cor cutoff...
Finished 100/1095 genes. Approximate finish time: 2026-02-04 18:56:39.578769
Calculating lambda coefficients...
Finished 213/1095 genes. Approximate finish time: 2026-02-04 18:55:39.297537
Predicting remaining genes...
Finished 434/1095 genes. Approximate finish time: 2026-02-04 19:08:10.527416
Predicting remaining genes...
Done!
Finish time: 2026-02-04 19:07:47.416249
Total time: 36.45778 mins
1095 genes, 20000 cells
Running SAVER with 1 worker(s)
Calculating predictions for 1095 genes using 1002 genes and 20000 cells...
Start time: 2026-02-04 19:07:52.034077
Estimating finish time...
Finished 8/1095 genes. Approximate finish time: 2026-02-04 19:25:09.677184
Calculating max cor cutoff...
Finished 100/1095 genes. Approximate finish time: 2026-02-04 19:29:56.774508
Calculating lambda coefficients...
Finished 206/1095 genes. Approximate finish time: 2026-02-04 19:29:30.921515
Predicting remaining genes...
Finished 429/1095 genes. Approximate finish time: 2026-02-04 19:41:42.065363
Predicting remaining genes...
Done!
Finish time: 2026-02-04 19:41:38.088168
Total time: 33.76756 mins
1095 genes, 20000 cells
Running SAVER with 1 worker(s)
Calculating predictions for 1095 genes using 1002 genes and 20000 cells...
Start time: 2026-02-04 19:41:42.672677
Estimating finish time...
Finished 8/1095 genes. Approximate finish time: 2026-02-04 19:59:03.722465
Calculating max cor cutoff...
Finished 100/1095 genes. Approximate finish time: 2026-02-04 20:06:26.532812
Calculating lambda coefficients...
Finished 213/1095 genes. Approximate finish time: 2026-02-04 20:05:12.666864
Predicting remaining genes...
Finished 434/1095 genes. Approximate finish time: 2026-02-04 20:17:33.749312
Predicting remaining genes...
Done!
Finish time: 2026-02-04 20:17:03.815808
Total time: 35.35238 mins
1095 genes, 20000 cells
Running SAVER with 1 worker(s)
Calculating predictions for 1095 genes using 1002 genes and 20000 cells...
Start time: 2026-02-04 20:17:08.824578
Estimating finish time...
Finished 8/1095 genes. Approximate finish time: 2026-02-04 20:34:23.5229
Calculating max cor cutoff...
Finished 100/1095 genes. Approximate finish time: 2026-02-04 20:39:14.693417
Calculating lambda coefficients...
Finished 206/1095 genes. Approximate finish time: 2026-02-04 20:38:51.756022
Predicting remaining genes...
Finished 429/1095 genes. Approximate finish time: 2026-02-04 20:50:41.359798
Predicting remaining genes...
Done!
Finish time: 2026-02-04 20:51:10.382061
Total time: 34.02595 mins

=== dataset_multibatch_dropout ===
Running SAVER x5...
SAVER can be unstable with ncores > 1; using ncores = 1.
1097 genes, 20000 cells
Running SAVER with 1 worker(s)
Calculating predictions for 1097 genes using 996 genes and 20000 cells...
Start time: 2026-02-04 20:51:22.913382
Estimating finish time...
Finished 8/1097 genes. Approximate finish time: 2026-02-04 21:07:14.559429
Calculating max cor cutoff...
Finished 100/1097 genes. Approximate finish time: 2026-02-04 21:13:24.55609
Calculating lambda coefficients...
Finished 200/1097 genes. Approximate finish time: 2026-02-04 21:15:27.601613
Predicting remaining genes...
Finished 425/1097 genes. Approximate finish time: 2026-02-04 21:25:07.650778
Predicting remaining genes...
Done!
Finish time: 2026-02-04 21:24:57.051258
Total time: 33.56896 mins
  [saver] Saved imputed matrix to results_imputation_r/saver/cells_20000/dataset_multibatch_dropout_saver.rds
1097 genes, 20000 cells
Running SAVER with 1 worker(s)
Calculating predictions for 1097 genes using 996 genes and 20000 cells...
Start time: 2026-02-04 21:25:06.334183
Estimating finish time...
Finished 8/1097 genes. Approximate finish time: 2026-02-04 21:41:08.954969
Calculating max cor cutoff...
Finished 100/1097 genes. Approximate finish time: 2026-02-04 21:44:54.101427
Calculating lambda coefficients...
Finished 200/1097 genes. Approximate finish time: 2026-02-04 21:46:15.631473
Predicting remaining genes...
Finished 425/1097 genes. Approximate finish time: 2026-02-04 21:55:02.948827
Predicting remaining genes...
Done!
Finish time: 2026-02-04 21:55:07.935346
Total time: 30.02668 mins
1097 genes, 20000 cells
Running SAVER with 1 worker(s)
Calculating predictions for 1097 genes using 996 genes and 20000 cells...
Start time: 2026-02-04 21:55:12.908949
Estimating finish time...
Finished 8/1097 genes. Approximate finish time: 2026-02-04 22:14:00.017929
Calculating max cor cutoff...
Finished 100/1097 genes. Approximate finish time: 2026-02-04 22:15:16.610428
Calculating lambda coefficients...
Finished 200/1097 genes. Approximate finish time: 2026-02-04 22:16:34.665414
Predicting remaining genes...
Finished 425/1097 genes. Approximate finish time: 2026-02-04 22:25:35.214844
Predicting remaining genes...
Done!
Finish time: 2026-02-04 22:25:29.201774
Total time: 30.27154 mins
1097 genes, 20000 cells
Running SAVER with 1 worker(s)
Calculating predictions for 1097 genes using 996 genes and 20000 cells...
Start time: 2026-02-04 22:25:33.903965
Estimating finish time...
Finished 8/1097 genes. Approximate finish time: 2026-02-04 22:42:22.657439
Calculating max cor cutoff...
Finished 100/1097 genes. Approximate finish time: 2026-02-04 22:47:33.064419
Calculating lambda coefficients...
Finished 200/1097 genes. Approximate finish time: 2026-02-04 22:51:43.00211
Predicting remaining genes...
Finished 425/1097 genes. Approximate finish time: 2026-02-04 23:00:46.683086
Predicting remaining genes...
Done!
Finish time: 2026-02-04 23:00:29.802194
Total time: 34.93163 mins
1097 genes, 20000 cells
Running SAVER with 1 worker(s)
Calculating predictions for 1097 genes using 996 genes and 20000 cells...
Start time: 2026-02-04 23:00:34.749212
Estimating finish time...
Finished 8/1097 genes. Approximate finish time: 2026-02-04 23:16:13.29302
Calculating max cor cutoff...
Finished 100/1097 genes. Approximate finish time: 2026-02-04 23:25:12.730176
Calculating lambda coefficients...
Finished 200/1097 genes. Approximate finish time: 2026-02-04 23:23:34.97823
Predicting remaining genes...
Finished 425/1097 genes. Approximate finish time: 2026-02-04 23:32:15.436009
Predicting remaining genes...
Done!
Finish time: 2026-02-04 23:31:59.271648
Total time: 31.4087 mins
Wrote results_imputation_r/saver/cells_20000/saver_mse_table.tsv

Done.
Processing saver cells_25000...

=== dataset_2_types_equal ===
Running SAVER x5...
SAVER can be unstable with ncores > 1; using ncores = 1.
1097 genes, 25000 cells
Running SAVER with 1 worker(s)
Calculating predictions for 1097 genes using 975 genes and 25000 cells...
Start time: 2026-02-04 23:32:23.98292
Estimating finish time...
Finished 8/1097 genes. Approximate finish time: 2026-02-05 00:17:20.847422
Calculating max cor cutoff...
Finished 100/1097 genes. Approximate finish time: 2026-02-05 00:10:03.102719
Calculating lambda coefficients...
Finished 203/1097 genes. Approximate finish time: 2026-02-05 00:07:53.775799
Predicting remaining genes...
Finished 427/1097 genes. Approximate finish time: 2026-02-05 00:25:00.428422
Predicting remaining genes...
Done!
Finish time: 2026-02-05 00:24:27.385105
Total time: 52.0567 mins
  [saver] Saved imputed matrix to results_imputation_r/saver/cells_25000/dataset_2_types_equal_saver.rds
1097 genes, 25000 cells
Running SAVER with 1 worker(s)
Calculating predictions for 1097 genes using 975 genes and 25000 cells...
Start time: 2026-02-05 00:24:38.245249
Estimating finish time...
Finished 8/1097 genes. Approximate finish time: 2026-02-05 00:52:30.504662
Calculating max cor cutoff...
Finished 100/1097 genes. Approximate finish time: 2026-02-05 00:58:59.718308
Calculating lambda coefficients...
Finished 206/1097 genes. Approximate finish time: 2026-02-05 00:59:23.375391
Predicting remaining genes...
Finished 429/1097 genes. Approximate finish time: 2026-02-05 01:17:22.01439
Predicting remaining genes...
Done!
Finish time: 2026-02-05 01:17:15.459537
Total time: 52.62023 mins
1097 genes, 25000 cells
Running SAVER with 1 worker(s)
Calculating predictions for 1097 genes using 975 genes and 25000 cells...
Start time: 2026-02-05 01:17:22.075341
Estimating finish time...
Finished 8/1097 genes. Approximate finish time: 2026-02-05 01:45:34.287074
Calculating max cor cutoff...
Finished 100/1097 genes. Approximate finish time: 2026-02-05 01:50:50.42731
Calculating lambda coefficients...
Finished 200/1097 genes. Approximate finish time: 2026-02-05 01:50:15.714683
Predicting remaining genes...
Finished 425/1097 genes. Approximate finish time: 2026-02-05 02:08:10.809566
Predicting remaining genes...
Done!
Finish time: 2026-02-05 02:07:33.403931
Total time: 50.18881 mins
1097 genes, 25000 cells
Running SAVER with 1 worker(s)
Calculating predictions for 1097 genes using 975 genes and 25000 cells...
Start time: 2026-02-05 02:07:40.028732
Estimating finish time...
Finished 8/1097 genes. Approximate finish time: 2026-02-05 02:32:50.745409
Calculating max cor cutoff...
Finished 100/1097 genes. Approximate finish time: 2026-02-05 02:43:31.806221
Calculating lambda coefficients...
Finished 204/1097 genes. Approximate finish time: 2026-02-05 02:43:55.155708
Predicting remaining genes...
Finished 428/1097 genes. Approximate finish time: 2026-02-05 03:00:50.124366
Predicting remaining genes...
Done!
Finish time: 2026-02-05 03:01:00.92648
Total time: 53.34829 mins
1097 genes, 25000 cells
Running SAVER with 1 worker(s)
Calculating predictions for 1097 genes using 975 genes and 25000 cells...
Start time: 2026-02-05 03:01:06.959946
Estimating finish time...
Finished 8/1097 genes. Approximate finish time: 2026-02-05 03:27:56.21903
Calculating max cor cutoff...
Finished 100/1097 genes. Approximate finish time: 2026-02-05 03:33:23.311849
Calculating lambda coefficients...
Finished 202/1097 genes. Approximate finish time: 2026-02-05 03:33:31.223729
Predicting remaining genes...
Finished 426/1097 genes. Approximate finish time: 2026-02-05 03:50:37.110579
Predicting remaining genes...
Done!
Finish time: 2026-02-05 03:49:48.817944
Total time: 48.69763 mins

=== dataset_3_types_unequal ===
Running SAVER x5...
SAVER can be unstable with ncores > 1; using ncores = 1.
1098 genes, 25000 cells
Running SAVER with 1 worker(s)
Calculating predictions for 1098 genes using 983 genes and 25000 cells...
Start time: 2026-02-05 03:50:04.618597
Estimating finish time...
Finished 8/1098 genes. Approximate finish time: 2026-02-05 04:22:26.681334
Calculating max cor cutoff...
Finished 100/1098 genes. Approximate finish time: 2026-02-05 04:21:32.092309
Calculating lambda coefficients...
Finished 205/1098 genes. Approximate finish time: 2026-02-05 04:21:55.939924
Predicting remaining genes...
Finished 429/1098 genes. Approximate finish time: 2026-02-05 04:35:39.253614
Predicting remaining genes...
Done!
Finish time: 2026-02-05 04:36:02.134799
Total time: 45.9586 mins
  [saver] Saved imputed matrix to results_imputation_r/saver/cells_25000/dataset_3_types_unequal_saver.rds
1098 genes, 25000 cells
Running SAVER with 1 worker(s)
Calculating predictions for 1098 genes using 983 genes and 25000 cells...
Start time: 2026-02-05 04:36:13.861213
Estimating finish time...
Finished 8/1098 genes. Approximate finish time: 2026-02-05 04:59:43.969108
Calculating max cor cutoff...
Finished 100/1098 genes. Approximate finish time: 2026-02-05 05:06:43.401836
Calculating lambda coefficients...
Finished 207/1098 genes. Approximate finish time: 2026-02-05 05:06:38.287209
Predicting remaining genes...
Finished 430/1098 genes. Approximate finish time: 2026-02-05 05:20:56.266482
Predicting remaining genes...
Done!
Finish time: 2026-02-05 05:20:25.35408
Total time: 44.19154 mins
1098 genes, 25000 cells
Running SAVER with 1 worker(s)
Calculating predictions for 1098 genes using 983 genes and 25000 cells...
Start time: 2026-02-05 05:20:31.447914
Estimating finish time...
Finished 8/1098 genes. Approximate finish time: 2026-02-05 05:43:53.187426
Calculating max cor cutoff...
Finished 100/1098 genes. Approximate finish time: 2026-02-05 05:50:04.636431
Calculating lambda coefficients...
Finished 214/1098 genes. Approximate finish time: 2026-02-05 05:50:32.816021
Predicting remaining genes...
Finished 435/1098 genes. Approximate finish time: 2026-02-05 06:03:35.915048
Predicting remaining genes...
Done!
Finish time: 2026-02-05 06:03:13.431105
Total time: 42.69972 mins
1098 genes, 25000 cells
Running SAVER with 1 worker(s)
Calculating predictions for 1098 genes using 983 genes and 25000 cells...
Start time: 2026-02-05 06:03:19.054442
Estimating finish time...
Finished 8/1098 genes. Approximate finish time: 2026-02-05 06:28:38.938938
Calculating max cor cutoff...
Finished 100/1098 genes. Approximate finish time: 2026-02-05 06:33:08.075335
Calculating lambda coefficients...
Finished 205/1098 genes. Approximate finish time: 2026-02-05 06:31:59.957267
Predicting remaining genes...
Finished 429/1098 genes. Approximate finish time: 2026-02-05 06:46:32.864264
Predicting remaining genes...
Done!
Finish time: 2026-02-05 06:46:12.274031
Total time: 42.88699 mins
1098 genes, 25000 cells
Running SAVER with 1 worker(s)
Calculating predictions for 1098 genes using 983 genes and 25000 cells...
Start time: 2026-02-05 06:46:18.883445
Estimating finish time...
Finished 8/1098 genes. Approximate finish time: 2026-02-05 07:09:26.427048
Calculating max cor cutoff...
Finished 100/1098 genes. Approximate finish time: 2026-02-05 07:17:26.82949
Calculating lambda coefficients...
Finished 207/1098 genes. Approximate finish time: 2026-02-05 07:17:27.035289
Predicting remaining genes...
Finished 430/1098 genes. Approximate finish time: 2026-02-05 07:31:55.175534
Predicting remaining genes...
Done!
Finish time: 2026-02-05 07:31:25.648205
Total time: 45.11274 mins

=== dataset_4_types_rare ===
Running SAVER x5...
SAVER can be unstable with ncores > 1; using ncores = 1.
1099 genes, 25000 cells
Running SAVER with 1 worker(s)
Calculating predictions for 1099 genes using 1001 genes and 25000 cells...
Start time: 2026-02-05 07:31:41.593761
Estimating finish time...
Finished 8/1099 genes. Approximate finish time: 2026-02-05 07:57:26.844574
Calculating max cor cutoff...
Finished 100/1099 genes. Approximate finish time: 2026-02-05 08:02:36.173575
Calculating lambda coefficients...
Finished 202/1099 genes. Approximate finish time: 2026-02-05 08:02:05.412217
Predicting remaining genes...
Finished 427/1099 genes. Approximate finish time: 2026-02-05 08:23:11.965588
Predicting remaining genes...
Done!
Finish time: 2026-02-05 08:22:59.53847
Total time: 51.29907 mins
  [saver] Saved imputed matrix to results_imputation_r/saver/cells_25000/dataset_4_types_rare_saver.rds
1099 genes, 25000 cells
Running SAVER with 1 worker(s)
Calculating predictions for 1099 genes using 1001 genes and 25000 cells...
Start time: 2026-02-05 08:23:11.25657
Estimating finish time...
Finished 8/1099 genes. Approximate finish time: 2026-02-05 08:47:56.083929
Calculating max cor cutoff...
Finished 100/1099 genes. Approximate finish time: 2026-02-05 08:56:16.966016
Calculating lambda coefficients...
Finished 203/1099 genes. Approximate finish time: 2026-02-05 08:56:05.270465
Predicting remaining genes...
Finished 427/1099 genes. Approximate finish time: 2026-02-05 09:16:22.546442
Predicting remaining genes...
Done!
Finish time: 2026-02-05 09:15:59.241958
Total time: 52.79975 mins
1099 genes, 25000 cells
Running SAVER with 1 worker(s)
Calculating predictions for 1099 genes using 1001 genes and 25000 cells...
Start time: 2026-02-05 09:16:05.056939
Estimating finish time...
Finished 8/1099 genes. Approximate finish time: 2026-02-05 09:41:08.185451
Calculating max cor cutoff...
Finished 100/1099 genes. Approximate finish time: 2026-02-05 09:46:51.927493
Calculating lambda coefficients...
Finished 206/1099 genes. Approximate finish time: 2026-02-05 09:46:55.344909
Predicting remaining genes...
Finished 430/1099 genes. Approximate finish time: 2026-02-05 10:06:29.319146
Predicting remaining genes...
Done!
Finish time: 2026-02-05 10:05:36.412808
Total time: 49.52259 mins
1099 genes, 25000 cells
Running SAVER with 1 worker(s)
Calculating predictions for 1099 genes using 1001 genes and 25000 cells...
Start time: 2026-02-05 10:05:42.332786
Estimating finish time...
Finished 8/1099 genes. Approximate finish time: 2026-02-05 10:31:27.791796
Calculating max cor cutoff...
Finished 100/1099 genes. Approximate finish time: 2026-02-05 10:36:14.654201
Calculating lambda coefficients...
Finished 202/1099 genes. Approximate finish time: 2026-02-05 10:35:37.880112
Predicting remaining genes...
Finished 427/1099 genes. Approximate finish time: 2026-02-05 10:54:43.355292
Predicting remaining genes...
Done!
Finish time: 2026-02-05 10:54:31.717558
Total time: 48.82308 mins
1099 genes, 25000 cells
Running SAVER with 1 worker(s)
Calculating predictions for 1099 genes using 1001 genes and 25000 cells...
Start time: 2026-02-05 10:54:37.883424
Estimating finish time...
Finished 8/1099 genes. Approximate finish time: 2026-02-05 11:19:06.670002
Calculating max cor cutoff...
Finished 100/1099 genes. Approximate finish time: 2026-02-05 11:28:05.339868
Calculating lambda coefficients...
Finished 203/1099 genes. Approximate finish time: 2026-02-05 11:27:36.310048
Predicting remaining genes...
Finished 427/1099 genes. Approximate finish time: 2026-02-05 11:47:45.079986
Predicting remaining genes...
Done!
Finish time: 2026-02-05 11:47:31.246632
Total time: 52.88938 mins

=== dataset_multibatch_dropout ===
Running SAVER x5...
SAVER can be unstable with ncores > 1; using ncores = 1.
1098 genes, 25000 cells
Running SAVER with 1 worker(s)
Calculating predictions for 1098 genes using 995 genes and 25000 cells...
Start time: 2026-02-05 11:47:47.173444
Estimating finish time...
Finished 8/1098 genes. Approximate finish time: 2026-02-05 12:09:03.660842
Calculating max cor cutoff...
Finished 100/1098 genes. Approximate finish time: 2026-02-05 12:13:48.032878
Calculating lambda coefficients...
Finished 200/1098 genes. Approximate finish time: 2026-02-05 12:14:26.06464
Predicting remaining genes...
Finished 425/1098 genes. Approximate finish time: 2026-02-05 12:28:02.816278
Predicting remaining genes...
Done!
Finish time: 2026-02-05 12:28:00.849891
Total time: 40.22794 mins
  [saver] Saved imputed matrix to results_imputation_r/saver/cells_25000/dataset_multibatch_dropout_saver.rds
1098 genes, 25000 cells
Running SAVER with 1 worker(s)
Calculating predictions for 1098 genes using 995 genes and 25000 cells...
Start time: 2026-02-05 12:28:12.471748
Estimating finish time...
Finished 8/1098 genes. Approximate finish time: 2026-02-05 12:49:43.95313
Calculating max cor cutoff...
Finished 100/1098 genes. Approximate finish time: 2026-02-05 12:58:33.089095
Calculating lambda coefficients...
Finished 200/1098 genes. Approximate finish time: 2026-02-05 12:57:58.371139
Predicting remaining genes...
Finished 425/1098 genes. Approximate finish time: 2026-02-05 13:11:10.023961
Predicting remaining genes...
Done!
Finish time: 2026-02-05 13:11:19.802209
Total time: 43.12217 mins
1098 genes, 25000 cells
Running SAVER with 1 worker(s)
Calculating predictions for 1098 genes using 995 genes and 25000 cells...
Start time: 2026-02-05 13:11:26.19401
Estimating finish time...
Finished 8/1098 genes. Approximate finish time: 2026-02-05 13:31:46.37474
Calculating max cor cutoff...
Finished 100/1098 genes. Approximate finish time: 2026-02-05 13:39:34.375376
Calculating lambda coefficients...
Finished 200/1098 genes. Approximate finish time: 2026-02-05 13:40:02.500539
Predicting remaining genes...
Finished 425/1098 genes. Approximate finish time: 2026-02-05 13:53:19.7069
Predicting remaining genes...
Done!
Finish time: 2026-02-05 13:53:09.427834
Total time: 41.72056 mins
1098 genes, 25000 cells
Running SAVER with 1 worker(s)
Calculating predictions for 1098 genes using 995 genes and 25000 cells...
Start time: 2026-02-05 13:53:15.687138
Estimating finish time...
Finished 8/1098 genes. Approximate finish time: 2026-02-05 14:13:55.785246
Calculating max cor cutoff...
Finished 100/1098 genes. Approximate finish time: 2026-02-05 14:21:33.094901
Calculating lambda coefficients...
Finished 200/1098 genes. Approximate finish time: 2026-02-05 14:21:53.280046
Predicting remaining genes...
Finished 425/1098 genes. Approximate finish time: 2026-02-05 14:35:38.814209
Predicting remaining genes...
Done!
Finish time: 2026-02-05 14:35:16.254982
Total time: 42.00946 mins
1098 genes, 25000 cells
Running SAVER with 1 worker(s)
Calculating predictions for 1098 genes using 995 genes and 25000 cells...
Start time: 2026-02-05 14:35:22.695317
Estimating finish time...
Finished 8/1098 genes. Approximate finish time: 2026-02-05 14:55:57.176133
Calculating max cor cutoff...
Finished 100/1098 genes. Approximate finish time: 2026-02-05 15:02:37.926321
Calculating lambda coefficients...
Finished 200/1098 genes. Approximate finish time: 2026-02-05 15:03:01.484295
Predicting remaining genes...
Finished 425/1098 genes. Approximate finish time: 2026-02-05 15:15:41.890336
Predicting remaining genes...
Done!
Finish time: 2026-02-05 15:15:29.218507
Total time: 40.10872 mins
Wrote results_imputation_r/saver/cells_25000/saver_mse_table.tsv

Done.
Processing saver cells_50000...

=== dataset_2_types_equal ===
Running SAVER x5...
SAVER can be unstable with ncores > 1; using ncores = 1.
1098 genes, 50000 cells
Running SAVER with 1 worker(s)
Calculating predictions for 1098 genes using 965 genes and 50000 cells...
Start time: 2026-02-05 15:16:08.410361
Estimating finish time...
Finished 8/1098 genes. Approximate finish time: 2026-02-05 16:28:48.922534
Calculating max cor cutoff...
Finished 100/1098 genes. Approximate finish time: 2026-02-05 16:42:04.123914
Calculating lambda coefficients...
Finished 200/1098 genes. Approximate finish time: 2026-02-05 16:39:39.034382
Predicting remaining genes...
Finished 425/1098 genes. Approximate finish time: 2026-02-05 17:18:21.455541
Predicting remaining genes...
Done!
Finish time: 2026-02-05 17:18:36.62073
Total time: 2.041169 hours
  [saver] Saved imputed matrix to results_imputation_r/saver/cells_50000/dataset_2_types_equal_saver.rds
1098 genes, 50000 cells
Running SAVER with 1 worker(s)
Calculating predictions for 1098 genes using 965 genes and 50000 cells...
Start time: 2026-02-05 17:18:58.929087
Estimating finish time...
Finished 8/1098 genes. Approximate finish time: 2026-02-05 18:20:10.86455
Calculating max cor cutoff...
Finished 100/1098 genes. Approximate finish time: 2026-02-05 18:39:51.306964
Calculating lambda coefficients...
Finished 204/1098 genes. Approximate finish time: 2026-02-05 18:42:03.720313
Predicting remaining genes...
Finished 428/1098 genes. Approximate finish time: 2026-02-05 19:19:46.834415
Predicting remaining genes...
Done!
Finish time: 2026-02-05 19:20:13.361998
Total time: 2.020676 hours
1098 genes, 50000 cells
Running SAVER with 1 worker(s)
Calculating predictions for 1098 genes using 965 genes and 50000 cells...
Start time: 2026-02-05 19:20:25.181195
Estimating finish time...
Finished 8/1098 genes. Approximate finish time: 2026-02-05 20:23:29.425679
Calculating max cor cutoff...
Finished 100/1098 genes. Approximate finish time: 2026-02-05 20:36:46.955524
Calculating lambda coefficients...
Finished 200/1098 genes. Approximate finish time: 2026-02-05 20:36:25.060395
Predicting remaining genes...
Finished 425/1098 genes. Approximate finish time: 2026-02-05 21:16:18.235093
Predicting remaining genes...
Done!
Finish time: 2026-02-05 21:17:22.630304
Total time: 1.949291 hours
1098 genes, 50000 cells
Running SAVER with 1 worker(s)
Calculating predictions for 1098 genes using 965 genes and 50000 cells...
Start time: 2026-02-05 21:17:34.771308
Estimating finish time...
Finished 8/1098 genes. Approximate finish time: 2026-02-05 22:19:14.891008
Calculating max cor cutoff...
Finished 100/1098 genes. Approximate finish time: 2026-02-05 22:31:11.259073
Calculating lambda coefficients...
Finished 209/1098 genes. Approximate finish time: 2026-02-05 22:31:08.298481
Predicting remaining genes...
Finished 432/1098 genes. Approximate finish time: 2026-02-05 23:08:18.878124
Predicting remaining genes...
Done!
Finish time: 2026-02-05 23:07:23.308339
Total time: 1.830149 hours
1098 genes, 50000 cells
Running SAVER with 1 worker(s)
Calculating predictions for 1098 genes using 965 genes and 50000 cells...
Start time: 2026-02-05 23:07:34.45129
Estimating finish time...
Finished 8/1098 genes. Approximate finish time: 2026-02-06 00:07:46.452137
Calculating max cor cutoff...
Finished 100/1098 genes. Approximate finish time: 2026-02-06 00:27:46.399406
Calculating lambda coefficients...
Finished 200/1098 genes. Approximate finish time: 2026-02-06 00:31:24.434947
Predicting remaining genes...
Finished 425/1098 genes. Approximate finish time: 2026-02-06 01:08:44.512987
Predicting remaining genes...
Done!
Finish time: 2026-02-06 01:09:41.840544
Total time: 2.035386 hours

=== dataset_3_types_unequal ===
Running SAVER x5...
SAVER can be unstable with ncores > 1; using ncores = 1.
1099 genes, 50000 cells
Running SAVER with 1 worker(s)
Calculating predictions for 1099 genes using 975 genes and 50000 cells...
Start time: 2026-02-06 01:10:11.99291
Estimating finish time...
Finished 8/1099 genes. Approximate finish time: 2026-02-06 02:08:19.379018
Calculating max cor cutoff...
Finished 100/1099 genes. Approximate finish time: 2026-02-06 02:31:02.760176
Calculating lambda coefficients...
Finished 203/1099 genes. Approximate finish time: 2026-02-06 02:31:09.308619
Predicting remaining genes...
Finished 427/1099 genes. Approximate finish time: 2026-02-06 03:11:54.218682
Predicting remaining genes...
Done!
Finish time: 2026-02-06 03:10:40.299662
Total time: 2.007863 hours
  [saver] Saved imputed matrix to results_imputation_r/saver/cells_50000/dataset_3_types_unequal_saver.rds
1099 genes, 50000 cells
Running SAVER with 1 worker(s)
Calculating predictions for 1099 genes using 975 genes and 50000 cells...
Start time: 2026-02-06 03:11:03.014142
Estimating finish time...
Finished 8/1099 genes. Approximate finish time: 2026-02-06 04:07:08.291248
Calculating max cor cutoff...
Finished 100/1099 genes. Approximate finish time: 2026-02-06 04:27:49.272942
Calculating lambda coefficients...
Finished 206/1099 genes. Approximate finish time: 2026-02-06 04:27:07.02233
Predicting remaining genes...
Finished 430/1099 genes. Approximate finish time: 2026-02-06 05:06:12.869413
Predicting remaining genes...
Done!
Finish time: 2026-02-06 05:05:17.412752
Total time: 1.904 hours
1099 genes, 50000 cells
Running SAVER with 1 worker(s)
Calculating predictions for 1099 genes using 975 genes and 50000 cells...
Start time: 2026-02-06 05:05:29.637288
Estimating finish time...
Finished 8/1099 genes. Approximate finish time: 2026-02-06 06:00:38.321396
Calculating max cor cutoff...
Finished 100/1099 genes. Approximate finish time: 2026-02-06 06:20:09.852059
Calculating lambda coefficients...
Finished 205/1099 genes. Approximate finish time: 2026-02-06 06:19:07.478693
Predicting remaining genes...
Finished 429/1099 genes. Approximate finish time: 2026-02-06 06:55:14.995668
Predicting remaining genes...
Done!
Finish time: 2026-02-06 06:54:43.063529
Total time: 1.820396 hours
1099 genes, 50000 cells
Running SAVER with 1 worker(s)
Calculating predictions for 1099 genes using 975 genes and 50000 cells...
Start time: 2026-02-06 06:54:55.163447
Estimating finish time...
Finished 8/1099 genes. Approximate finish time: 2026-02-06 07:50:06.753859
Calculating max cor cutoff...
Finished 100/1099 genes. Approximate finish time: 2026-02-06 08:11:10.531941
Calculating lambda coefficients...
Finished 205/1099 genes. Approximate finish time: 2026-02-06 08:10:03.201275
Predicting remaining genes...
Finished 429/1099 genes. Approximate finish time: 2026-02-06 08:46:33.002196
Predicting remaining genes...
Done!
Finish time: 2026-02-06 08:46:21.946681
Total time: 1.85744 hours
1099 genes, 50000 cells
Running SAVER with 1 worker(s)
Calculating predictions for 1099 genes using 975 genes and 50000 cells...
Start time: 2026-02-06 08:46:33.990119
Estimating finish time...
Finished 8/1099 genes. Approximate finish time: 2026-02-06 09:44:16.431061
Calculating max cor cutoff...
Finished 100/1099 genes. Approximate finish time: 2026-02-06 10:02:11.637396
Calculating lambda coefficients...
Finished 205/1099 genes. Approximate finish time: 2026-02-06 10:00:56.405988
Predicting remaining genes...
Finished 429/1099 genes. Approximate finish time: 2026-02-06 10:37:49.191711
Predicting remaining genes...
Done!
Finish time: 2026-02-06 10:37:45.708496
Total time: 1.853255 hours

=== dataset_4_types_rare ===
Running SAVER x5...
SAVER can be unstable with ncores > 1; using ncores = 1.
1098 genes, 50000 cells
Running SAVER with 1 worker(s)
Calculating predictions for 1098 genes using 996 genes and 50000 cells...
Start time: 2026-02-06 10:38:16.686317
Estimating finish time...
Finished 8/1098 genes. Approximate finish time: 2026-02-06 11:32:18.735406
Calculating max cor cutoff...
Finished 100/1098 genes. Approximate finish time: 2026-02-06 11:51:01.968328
Calculating lambda coefficients...
Finished 200/1098 genes. Approximate finish time: 2026-02-06 11:50:47.07386
Predicting remaining genes...
Finished 425/1098 genes. Approximate finish time: 2026-02-06 12:37:31.489142
Predicting remaining genes...
Done!
Finish time: 2026-02-06 12:38:16.784754
Total time: 2.000027 hours
  [saver] Saved imputed matrix to results_imputation_r/saver/cells_50000/dataset_4_types_rare_saver.rds
1098 genes, 50000 cells
Running SAVER with 1 worker(s)
Calculating predictions for 1098 genes using 996 genes and 50000 cells...
Start time: 2026-02-06 12:38:38.888227
Estimating finish time...
Finished 8/1098 genes. Approximate finish time: 2026-02-06 13:39:21.883559
Calculating max cor cutoff...
Finished 100/1098 genes. Approximate finish time: 2026-02-06 13:55:55.507993
Calculating lambda coefficients...
Finished 205/1098 genes. Approximate finish time: 2026-02-06 13:53:44.34889
Predicting remaining genes...
Finished 429/1098 genes. Approximate finish time: 2026-02-06 14:42:06.080729
Predicting remaining genes...
Done!
Finish time: 2026-02-06 14:40:25.112558
Total time: 2.029507 hours
1098 genes, 50000 cells
Running SAVER with 1 worker(s)
Calculating predictions for 1098 genes using 996 genes and 50000 cells...
Start time: 2026-02-06 14:40:37.481949
Estimating finish time...
Finished 8/1098 genes. Approximate finish time: 2026-02-06 15:35:30.30181
Calculating max cor cutoff...
Finished 100/1098 genes. Approximate finish time: 2026-02-06 15:52:02.827034
Calculating lambda coefficients...
Finished 200/1098 genes. Approximate finish time: 2026-02-06 15:53:16.711798
Predicting remaining genes...
Finished 425/1098 genes. Approximate finish time: 2026-02-06 16:41:41.971551
Predicting remaining genes...
Done!
Finish time: 2026-02-06 16:42:05.215083
Total time: 2.02437 hours
1098 genes, 50000 cells
Running SAVER with 1 worker(s)
Calculating predictions for 1098 genes using 996 genes and 50000 cells...
Start time: 2026-02-06 16:42:16.898324
Estimating finish time...
Finished 8/1098 genes. Approximate finish time: 2026-02-06 17:42:09.998839
Calculating max cor cutoff...
