dataset	mse	mse_std	mse_dropout	mse_dropout_std	mse_biozero	mse_biozero_std	mse_non_zero	mse_non_zero_std	runtime_sec	runtime_sec_std	n_repeats	n_total	n_dropout	n_biozero	n_non_zero	error
dataset_2_types_equal	4.624738597869873	0.022050849876667913	6.333027791976929	0.021764736015679815	0.041512032598257066	0.00034628295084789516	4.07834095954895	0.033887564557578215	138.04773853290243	5.457030386014151	10	27425000	13486654	3820636	10117710	
dataset_3_types_unequal	4.297476482391358	0.013452611829113812	5.655760622024536	0.020649152158747287	0.048386068642139436	0.0004907177427438639	4.170260334014893	0.014790700444254271	131.33662294339155	1.5549778733022137	10	27450000	13013543	3842821	10593636	
dataset_4_types_rare	4.738326740264893	0.014092443869805524	6.105410528182984	0.015136642071664874	0.05319000221788883	0.0004299425034682018	4.710177707672119	0.021300895603229248	129.5046411213989	4.722051782063666	10	27475000	13522375	3885221	10067404	
dataset_multibatch_dropout	4.141366052627563	0.020394469733357373	5.380513143539429	0.029399040948600803	0.04682440385222435	0.00046345826650507526	4.111984443664551	0.022336917799849636	172.9606838184991	15.553232846235241	10	27450000	12939065	3839220	10671715	
