dataset	mse	mse_std	mse_dropout	mse_dropout_std	mse_biozero	mse_biozero_std	mse_non_zero	mse_non_zero_std	runtime_sec	runtime_sec_std	n_repeats	n_total	n_dropout	n_biozero	n_non_zero	error
dataset_2_types_equal	4.948640489578247	0.026646744630149943	7.2464556217193605	0.06294371479066457	0.03529352843761444	0.000489067781072984	3.419087624549866	0.027311711378283712	39.40529857931542	4.633309545922449	10	1066000	544846	134412	386742	
dataset_3_types_unequal	4.59968900680542	0.017567332038588748	6.567216253280639	0.07445660901814594	0.04251034632325172	0.0009002302861151755	3.5375684261322022	0.059692840687012506	43.48047905710409	2.659147360830701	10	1065000	528580	134548	401872	
dataset_4_types_rare	4.856694936752319	0.020140137971018563	6.739196634292602	0.05920770500852303	0.04798667803406716	0.0011119369282398467	4.012669277191162	0.09057416768630878	42.47007299338584	2.973601814612675	10	1073000	539831	142817	390352	
dataset_multibatch_dropout	4.337615966796875	0.0327507157453804	6.316755533218384	0.08268811574125556	0.03919328078627586	0.0009026617230675909	3.352750563621521	0.04274739909466294	43.61426794510335	5.093023818554931	10	1072000	514202	141335	416463	
