dataset	mse	mse_std	mse_dropout	mse_dropout_std	mse_biozero	mse_biozero_std	mse_non_zero	mse_non_zero_std	runtime_sec	runtime_sec_std	n_repeats	n_total	n_dropout	n_biozero	n_non_zero	error
dataset_2_types_equal	4.916561603546143	0.0	7.134395599365234	0.0	0.03563664108514786	0.0	3.488420248031616	0.0	50.460848590009846	0.0	1	1066000	544846	134412	386742	
dataset_3_types_unequal	4.60772180557251	0.0	6.586625576019287	0.0	0.042386606335639954	0.0	3.5333669185638428	0.0	41.00113109400263	0.0	1	1065000	528580	134548	401872	
dataset_4_types_rare	4.8597612380981445	0.0	6.760279178619385	0.0	0.04773574694991112	0.0	3.9920361042022705	0.0	39.65099706599722	0.0	1	1073000	539831	142817	390352	
dataset_multibatch_dropout	4.370474338531494	0.0	6.463233947753906	0.0	0.03722226619720459	0.0	3.257145404815674	0.0	46.96000548196025	0.0	1	1072000	514202	141335	416463	
