dataset	mse	mse_std	mse_dropout	mse_dropout_std	mse_biozero	mse_biozero_std	mse_non_zero	mse_non_zero_std	runtime_sec	runtime_sec_std	n_repeats	n_total	n_dropout	n_biozero	n_non_zero	error
dataset_2_types_equal	4.9576849937438965	0.0	7.2665324211120605	0.0	0.03538765758275986	0.0	3.4156973361968994	0.0	47.51149903301848	0.0	1	1066000	544846	134412	386742	
dataset_3_types_unequal	4.605960369110107	0.0	6.557096481323242	0.0	0.04282538220286369	0.0	3.5673975944519043	0.0	42.62674079602584	0.0	1	1065000	528580	134548	401872	
dataset_4_types_rare	4.887650489807129	0.0	6.834528923034668	0.0	0.04708624258637428	0.0	3.966247797012329	0.0	45.240400815964676	0.0	1	1073000	539831	142817	390352	
dataset_multibatch_dropout	4.35026741027832	0.0	6.271387577056885	0.0	0.040497392416000366	0.0	3.440886974334717	0.0	45.215802361024544	0.0	1	1072000	514202	141335	416463	
