dataset	mse	mse_std	mse_dropout	mse_dropout_std	mse_biozero	mse_biozero_std	mse_non_zero	mse_non_zero_std	runtime_sec	runtime_sec_std	n_repeats	n_total	n_dropout	n_biozero	n_non_zero	error
dataset_2_types_equal	4.913726806640625	0.0	7.1560797691345215	0.0	0.03512340784072876	0.0	3.450228691101074	0.0	44.51516475301469	0.0	1	1066000	544846	134412	386742	
dataset_3_types_unequal	4.592660903930664	0.0	6.5511040687561035	0.0	0.042558759450912476	0.0	3.540116310119629	0.0	45.10741032799706	0.0	1	1065000	528580	134548	401872	
dataset_4_types_rare	4.895040988922119	0.0	6.856431007385254	0.0	0.04631998389959335	0.0	3.9565536975860596	0.0	44.32047645497369	0.0	1	1073000	539831	142817	390352	
dataset_multibatch_dropout	4.353975772857666	0.0	6.3359880447387695	0.0	0.03988666459918022	0.0	3.370879650115967	0.0	42.784077665011864	0.0	1	1072000	514202	141335	416463	
