dataset	mse	mse_std	mse_dropout	mse_dropout_std	mse_biozero	mse_biozero_std	mse_non_zero	mse_non_zero_std	runtime_sec	runtime_sec_std	n_repeats	n_total	n_dropout	n_biozero	n_non_zero	error
dataset_2_types_equal	5.21086759457894	0.000554332832354903	10.4118672912144	0.00111344606209765	0.00639510110648884	1.27957924806999e-05	0.004109080095422	5.97981843994011e-06	2005.9622	94.9917772215045	5	16395000	8201495	2462320	5731185	NA
dataset_3_types_unequal	4.89783614733309	0.00073461690579998	10.1297078815227	0.00150691468774869	0.00931312921405989	3.24047627713565e-05	0.00488049601489041	1.49661966952512e-05	1756.9064	145.161531909456	5	16410000	7929271	2459502	6021227	NA
dataset_4_types_rare	5.50782232762827	0.000548235603731317	11.015628855249	0.00110675433943217	0.00995915778897856	2.2483592676933e-05	0.00534874862272894	1.0890788993261e-05	1807.779	53.8856222103815	5	16425000	8207482	2484106	5733412	NA
dataset_multibatch_dropout	4.85287106882778	0.000972090811596238	10.1223763013715	0.00203055980605351	0.010347439601342	9.32512634277681e-06	0.00547931591073444	1.08728540245322e-05	1475.7606	70.6615065704087	5	16410000	7861476	2455940	6092584	NA
