dataset	mse	mse_std	mse_dropout	mse_dropout_std	mse_biozero	mse_biozero_std	mse_non_zero	mse_non_zero_std	runtime_sec	runtime_sec_std	n_repeats	n_total	n_dropout	n_biozero	n_non_zero	error
dataset_2_types_equal	4.94148259299288	0	10.0452793753394	0	0.0112423283168064	0	0	0	93.071	0	1	27425000	13486654	3820636	10117710	NA
dataset_3_types_unequal	4.62406143911415	0	9.74253466726747	0	0.0378869279124651	0	0	0	142.09	0	1	27450000	13013543	3842821	10593636	NA
dataset_4_types_rare	4.20158709854233	0	8.53618369824658	0	0.00234954353264623	0	0	0	135.29	0	1	27475000	13522375	3885221	10067404	NA
dataset_multibatch_dropout	4.43133571704942	0	9.40038030673569	0	0.00209251343578012	0	0	0	148.31	0	1	27450000	12939065	3839220	10671715	NA
