dataset	mse	mse_std	mse_dropout	mse_dropout_std	mse_biozero	mse_biozero_std	mse_non_zero	mse_non_zero_std	runtime_sec	runtime_sec_std	n_repeats	n_total	n_dropout	n_biozero	n_non_zero	error
dataset_2_types_equal	4.94148259299288	0	10.0452793753394	0	0.0112423283168064	0	0	0	480.777	9.73181216423743	5	27425000	13486654	3820636	10117710	NA
dataset_3_types_unequal	4.5988187910219	0.0236810063495852	9.68929265650045	0.0499504695849556	0.0378756097664594	1.23899628819674e-05	0	0	698.6656	9.75421689834705	5	27450000	13013543	3842821	10593636	NA
dataset_4_types_rare	4.20498861149473	0.0390098296618295	8.54296225095011	0.0791955972948261	0.0028114057414931	0.000376574529354797	0	0	703.0192	7.53048655134567	5	27475000	13522375	3885221	10067404	NA
dataset_multibatch_dropout	4.43245648852411	0.00701227845884919	9.40275459437881	0.0148399072203783	0.00210400400883067	0.000135295097904882	0	0	715.587	15.6847049223121	5	27450000	12939065	3839220	10671715	NA
