dataset	mse	mse_std	mse_dropout	mse_dropout_std	mse_biozero	mse_biozero_std	mse_non_zero	mse_non_zero_std	runtime_sec	runtime_sec_std	n_repeats	n_total	n_dropout	n_biozero	n_non_zero	error
dataset_2_types_equal	4.632593154907227	0.0	6.41049337387085	0.0	0.039780523627996445	0.0	3.9707934856414795	0.0	82.8038130250061	0.0	1	10950000	5432695	1528220	3989085	
dataset_3_types_unequal	4.267357349395752	0.0	5.6940531730651855	0.0	0.04978598654270172	0.0	4.026786804199219	0.0	70.38599821302341	0.0	1	10940000	5229749	1530688	4179563	
dataset_4_types_rare	4.783245086669922	0.0	6.187341690063477	0.0	0.05281679332256317	0.0	4.692945957183838	0.0	71.88854746700963	0.0	1	10960000	5449791	1541869	3968340	
dataset_multibatch_dropout	4.1212639808654785	0.0	5.4649529457092285	0.0	0.04531051591038704	0.0	3.970515489578247	0.0	89.1410299600102	0.0	1	10970000	5215158	1564255	4190587	
