dataset	mse	mse_std	mse_dropout	mse_dropout_std	mse_biozero	mse_biozero_std	mse_non_zero	mse_non_zero_std	runtime_sec	runtime_sec_std	n_repeats	n_total	n_dropout	n_biozero	n_non_zero	error
dataset_2_types_equal	4.626026153564453	0.0	6.396275043487549	0.0	0.040811147540807724	0.0	3.9717345237731934	0.0	85.18342984700575	0.0	1	10950000	5432695	1528220	3989085	
dataset_3_types_unequal	4.29042911529541	0.0	5.705320358276367	0.0	0.04911917448043823	0.0	4.073323726654053	0.0	75.426132986031	0.0	1	10940000	5229749	1530688	4179563	
dataset_4_types_rare	4.7760396003723145	0.0	6.179337024688721	0.0	0.05289594829082489	0.0	4.684005260467529	0.0	71.26829353300855	0.0	1	10960000	5449791	1541869	3968340	
dataset_multibatch_dropout	4.114888668060303	0.0	5.4656877517700195	0.0	0.045700378715991974	0.0	3.952770471572876	0.0	84.56194557104027	0.0	1	10970000	5215158	1564255	4190587	
