dataset	mse	mse_std	mse_dropout	mse_dropout_std	mse_biozero	mse_biozero_std	mse_non_zero	mse_non_zero_std	runtime_sec	runtime_sec_std	n_repeats	n_total	n_dropout	n_biozero	n_non_zero	error
dataset_2_types_equal	4.635051107406616	0.041705037866439754	6.406193017959595	0.04410736565698669	0.04057850763201713	0.00048410630215764785	3.983097457885742	0.06363776747216586	71.10885737910867	3.3855176344631768	10	10950000	5432695	1528220	3989085	
dataset_3_types_unequal	4.276145315170288	0.021114108090439804	5.7245996475219725	0.021249029959177924	0.04899848140776157	0.000744168544349608	4.011852669715881	0.037752456707498994	69.76826548310927	1.2911840168035142	10	10940000	5229749	1530688	4179563	
dataset_4_types_rare	4.75480842590332	0.03334009904133477	6.149015045166015	0.039899884251471764	0.05359806679189205	0.000317731067677288	4.666741466522216	0.044989607055071476	72.40056814569398	1.7235964937804873	10	10960000	5449791	1541869	3968340	
dataset_multibatch_dropout	4.141767835617065	0.02633316297248028	5.492196989059448	0.0302281279331769	0.04508040808141232	0.0005638460834150151	3.9903696298599245	0.04936030153340936	90.41736343598458	13.303377791445556	10	10970000	5215158	1564255	4190587	
