dataset	mse	mse_std	mse_dropout	mse_dropout_std	mse_biozero	mse_biozero_std	mse_non_zero	mse_non_zero_std	runtime_sec	runtime_sec_std	n_repeats	n_total	n_dropout	n_biozero	n_non_zero	error
dataset_2_types_equal	0.7210379123687745	0.007125186134236018	1.419855272769928	0.014797414194337855	0.14298284351825713	0.0018637974599988514	0.0	0.0	326.07121545560074	4.474647181077035	10	21920000	10830882	2985456	8103662	
dataset_3_types_unequal	0.6358487367630005	0.0051960592400832895	1.2895368456840515	0.011651303261041317	0.16002955436706542	0.0028868448295543826	0.0	0.0	326.6990496375132	3.188295346618624	10	21880000	10423230	2944613	8512157	
dataset_4_types_rare	0.6732255637645721	0.010817865639593105	1.3116530418395995	0.02281612895175075	0.16631175130605697	0.004840607085714697	0.0	0.0	328.8512814595888	1.2147632505560393	10	21900000	10864415	2966119	8069466	
dataset_multibatch_dropout	0.6082447409629822	0.007410623031884484	1.2395118832588197	0.01671434242670165	0.16165085285902023	0.0038749097872353587	0.0	0.0	329.9026788390009	0.9436755255512074	10	21940000	10369961	3038645	8531394	
