dataset	mse	mse_std	mse_dropout	mse_dropout_std	mse_biozero	mse_biozero_std	mse_non_zero	mse_non_zero_std	runtime_sec	runtime_sec_std	n_repeats	n_total	n_dropout	n_biozero	n_non_zero	error
dataset_2_types_equal	1.7275027275085448	0.0068418602458514876	2.63450448513031	0.011797254839556261	0.15193563401699067	0.0036809102531688807	1.1064772844314574	0.005165955958446732	252.80039373610634	23.3793834377159	10	16395000	8201495	2462320	5731185	
dataset_3_types_unequal	1.4288948893547058	0.02152504143094391	2.0763747692108154	0.03186869428015588	0.17009924054145814	0.007968209052502314	1.0904195189476014	0.020354701393559823	231.8466482799093	39.822827678082135	10	16410000	7929271	2459502	6021227	
dataset_4_types_rare	1.6541690468788146	0.013353670849656012	2.480301761627197	0.023350041021083536	0.19645872116088867	0.0021051698200752348	1.1031246900558471	0.005536610943588901	287.2852333417046	10.645211406508713	10	16425000	8207482	2484106	5733412	
dataset_multibatch_dropout	1.3245457887649537	0.010304221247247357	1.8962641596794128	0.015953304746365384	0.17025991380214692	0.0023713570278942027	1.052134132385254	0.008015343697635088	311.3541301108897	25.823875079956032	10	16410000	7861476	2455940	6092584	
