dataset	mse	mse_std	mse_dropout	mse_dropout_std	mse_biozero	mse_biozero_std	mse_non_zero	mse_non_zero_std	runtime_sec	runtime_sec_std	n_repeats	n_total	n_dropout	n_biozero	n_non_zero	error
dataset_2_types_equal	4.333738327026367	0.0	6.326040744781494	0.0	0.03571957349777222	0.0	3.585282325744629	0.0	44.51168972195592	0.0	1	82350000	39081484	12812096	30456420	
dataset_3_types_unequal	4.029427528381348	0.0	5.669804573059082	0.0	0.042131125926971436	0.0	3.694178581237793	0.0	41.617635414004326	0.0	1	82425000	37806692	12885849	31732459	
dataset_4_types_rare	4.4151411056518555	0.0	6.029385089874268	0.0	0.04580404609441757	0.0	4.16342830657959	0.0	29.072116698022	0.0	1	82425000	39467844	12846724	30110432	
dataset_multibatch_dropout	3.909287691116333	0.0	5.397721290588379	0.0	0.036170605570077896	0.0	3.7363393306732178	0.0	35.0981928689871	0.0	1	82425000	37611926	13035156	31777918	
