dataset	mse	mse_std	mse_dropout	mse_dropout_std	mse_biozero	mse_biozero_std	mse_non_zero	mse_non_zero_std	runtime_sec	runtime_sec_std	n_repeats	n_total	n_dropout	n_biozero	n_non_zero	error
dataset_2_types_equal	4.333390712738037	0.0	6.325808525085449	0.0	0.035717595368623734	0.0	3.5846595764160156	0.0	35.31072029902134	0.0	1	82350000	39081484	12812096	30456420	
dataset_3_types_unequal	4.030776023864746	0.0	5.671787738800049	0.0	0.04212842136621475	0.0	3.695359945297241	0.0	34.54376687796321	0.0	1	82425000	37806692	12885849	31732459	
dataset_4_types_rare	4.415428161621094	0.0	6.0300421714782715	0.0	0.045805349946022034	0.0	4.163352966308594	0.0	32.12051785597578	0.0	1	82425000	39467844	12846724	30110432	
dataset_multibatch_dropout	3.9091596603393555	0.0	5.397618770599365	0.0	0.03611893206834793	0.0	3.736142158508301	0.0	36.53005476499675	0.0	1	82425000	37611926	13035156	31777918	
