dataset	mse	mse_std	mse_dropout	mse_dropout_std	mse_biozero	mse_biozero_std	mse_non_zero	mse_non_zero_std	runtime_sec	runtime_sec_std	n_repeats	n_total	n_dropout	n_biozero	n_non_zero	error
dataset_2_types_equal	4.333364486694336	0.0	6.325428485870361	0.0	0.03570108115673065	0.0	3.5850560665130615	0.0	33.05835838400526	0.0	1	82350000	39081484	12812096	30456420	
dataset_3_types_unequal	4.0288567543029785	0.0	5.668946743011475	0.0	0.04218494892120361	0.0	3.693730592727661	0.0	36.00569795904448	0.0	1	82425000	37806692	12885849	31732459	
dataset_4_types_rare	4.415956974029541	0.0	6.030381202697754	0.0	0.0458110086619854	0.0	4.16441011428833	0.0	35.76103380101267	0.0	1	82425000	39467844	12846724	30110432	
dataset_multibatch_dropout	3.909928321838379	0.0	5.398769855499268	0.0	0.03610462695360184	0.0	3.7367653846740723	0.0	32.35495341999922	0.0	1	82425000	37611926	13035156	31777918	
