dataset	ASW	ASW_std	ARI	ARI_std	NMI	NMI_std	PS	PS_std	runtime_sec	runtime_sec_std	n_repeats	n_cells	n_genes	label_source	error
blakeley_top1000hvg	0.42526	0.04064514731182556	0.8188000000000001	0.10166117744744058	0.78906	0.1247305014821956	0.8533200000000001	0.08366998864586989	33.00529036521912	8.735692790295627	5	30	1000	cell_type1	
darmanis_top1000hvg	0.3362	0.014161391174598612	0.66396	0.07312228114603644	0.7822199999999999	0.023443911789631025	0.87048	0.01365693962789615	44.09219560623169	5.189216853128826	5	420	1000	cell_type1	
deng_top1000hvg	0.5153800000000001	0.007257892256020314	0.5767	0.0056422513237182155	0.80482	0.0010473776778221011	0.8581999999999999	1.2412670766236366e-16	36.65347962379455	3.780882081162494	5	268	1000	cell_type1	
pollen_top1000hvg	0.5818	0.029958054008897183	0.90846	0.057974028668016514	0.9321000000000002	0.018164112970360004	0.9391400000000001	0.019580806929235563	48.76837110519409	4.0264244083782454	5	299	1000	cell_type1	
usoskin_top1000hvg	0.31406	0.004942469018618126	0.7586199999999999	0.02966718726134988	0.7259200000000001	0.01759110570714642	0.87106	0.01427245599047339	39.5007670879364	4.794552136562413	5	622	1000	cell_type1	
