dataset	ARI	ARI_std	NMI	NMI_std	PS	PS_std	runtime_sec	runtime_sec_std	n_repeats	n_cells	n_genes	label_source	error
blakeley_top1000hvg	0.25438	0.05137953872895319	0.3879	0.06053688957982562	0.6866599999999999	0.060569530293704626	0.4961682319641113	0.24218782637850217	5	30	1000	cell_type1	
darmanis_top1000hvg	0.60232	0.008089313938771337	0.7586799999999999	0.0023763417262675046	0.8475999999999999	0.0016970562748477233	2.030878448486328	0.1744596783519223	5	420	1000	cell_type1	
deng_top1000hvg	0.33409999999999995	0.14602951756408702	0.48735999999999996	0.13640276023600106	0.6507600000000001	0.10017406350947335	1.8465933799743652	0.2038363497690294	5	268	1000	cell_type1	
pollen_top1000hvg	0.7358	0.04885862257575423	0.8198399999999999	0.030126118236507002	0.78128	0.03502537651474999	2.8431270599365233	0.22489123405119835	5	299	1000	cell_type1	
usoskin_top1000hvg	0.9551000000000001	0.014360536201688302	0.92896	0.017884714143647937	0.97522	0.009409941551359415	1.8147273063659668	0.17674792028570596	5	622	1000	cell_type1	
