dataset	ASW	ASW_std	ARI	ARI_std	NMI	NMI_std	PS	PS_std	runtime_sec	runtime_sec_std	n_repeats	n_cells	n_genes	label_source	error
blakeley_top1000hvg	0.6902	0.0	0.8038000000000001	1.2412670766236366e-16	0.7254	0.0	0.8667	0.0	0.25741915702819823	0.5086948573844063	5	30	1000	cell_type1	
darmanis_top1000hvg	0.6168	0.0026532998322843352	0.8271599999999999	0.012592577178639793	0.84454	0.0044663183943825565	0.8976	0.0	0.14719724655151367	0.004627561821888861	5	420	1000	cell_type1	
deng_top1000hvg	0.7400800000000001	0.0013255187663703434	0.562	0.0004472135954999583	0.8020600000000002	8.944271910003138e-05	0.8581999999999999	1.2412670766236366e-16	0.08021779060363769	0.00213355144536329	5	268	1000	cell_type1	
pollen_top1000hvg	0.87636	0.0011567194992736683	0.9023999999999999	1.2412670766236366e-16	0.9225999999999999	1.2412670766236366e-16	0.9231	0.0	0.10533995628356933	0.003641104074420183	5	299	1000	cell_type1	
usoskin_top1000hvg	0.5468	0.0016309506430300285	0.9053000000000001	0.005908891605030493	0.86294	0.009909490400621045	0.94468	0.0037097169703361604	0.17968454360961914	0.003570985865380608	5	622	1000	cell_type1	
