dataset	mse	mse_std	mse_dropout	mse_dropout_std	mse_biozero	mse_biozero_std	mse_non_zero	mse_non_zero_std	runtime_sec	runtime_sec_std	n_repeats	n_total	n_dropout	n_biozero	n_non_zero	error
dataset_2_types_equal	0.7625265717506409	0.012066165353652871	1.4544236779212951	0.02444731655416619	0.1518942266702652	0.0036093370647688563	0.0	0.0	18.35501677360735	2.6946930693800133	10	1066000	544846	134412	386742	
dataset_3_types_unequal	0.6316292524337769	0.009245360635641445	1.2301466464996338	0.019965763253855393	0.1668863281607628	0.005355199372257962	0.0	0.0	17.513431868195767	0.43087396318844534	10	1065000	528580	134548	401872	
dataset_4_types_rare	0.6654856503009796	0.006322162451449364	1.2710344791412354	0.013406006336962758	0.19551089257001877	0.00379173967865985	0.0	0.0	17.4096978960908	0.35014427432298895	10	1073000	539831	142817	390352	
dataset_multibatch_dropout	0.6298334419727325	0.011212233714629916	1.2701635837554932	0.024952654462159198	0.15608839094638824	0.005942793250172132	0.0	0.0	17.453877897496568	0.13959089723943355	10	1072000	514202	141335	416463	
