dataset	mse	mse_std	mse_dropout	mse_dropout_std	mse_biozero	mse_biozero_std	mse_non_zero	mse_non_zero_std	runtime_sec	runtime_sec_std	n_repeats	n_total	n_dropout	n_biozero	n_non_zero	error
dataset_2_types_equal	0.765505063533783	0.00824961717660111	1.4605549573898315	0.01662928331347851	0.15066311061382293	0.002441582485940772	0.0	0.0	19.35464403622318	3.1807017337781844	5	1066000	544846	134412	386742	
dataset_3_types_unequal	0.6338266253471374	0.010518573582322837	1.2348549127578736	0.022656412088104476	0.16578258872032164	0.005841021445915183	0.0	0.0	17.7042900551809	0.25563436101498077	5	1065000	528580	134548	401872	
dataset_4_types_rare	0.6676036834716796	0.0060277369860550715	1.2755886316299438	0.012966775025224229	0.19420911967754365	0.004198768807795567	0.0	0.0	17.23066438541282	0.5414992643753759	5	1073000	539831	142817	390352	
dataset_multibatch_dropout	0.627193546295166	0.012745125442501205	1.264134454727173	0.028245533692304474	0.15799961388111114	0.006193695847201275	0.0	0.0	17.0821116581792	0.14603036461344945	5	1072000	514202	141335	416463	
