dataset	mse	mse_std	mse_dropout	mse_dropout_std	mse_biozero	mse_biozero_std	mse_non_zero	mse_non_zero_std	runtime_sec	runtime_sec_std	n_repeats	n_total	n_dropout	n_biozero	n_non_zero	error
dataset_2_types_equal	1.6856947660446167	0.011518685033035147	2.5753134965896605	0.019836312748313	0.15569715201854706	0.0037544645794818916	1.0603470206260681	0.006857105774603081	309.5042680785118	47.54149207042659	10	21920000	10830882	2985456	8103662	
dataset_3_types_unequal	1.3896127939224243	0.032258991503806185	2.0154447674751284	0.049004335608595934	0.17926951348781586	0.008839582583884913	1.0419677138328551	0.026601004869050645	317.0320351050992	65.77439990277782	10	21880000	10423230	2944613	8512157	
dataset_4_types_rare	1.6307787537574767	0.007363271072750835	2.4435425281524656	0.012929935169922229	0.196408811211586	0.0022297159946044723	1.06374032497406	0.0030486334011726973	357.86566916140725	21.857673357923545	10	21900000	10864415	2966119	8069466	
dataset_multibatch_dropout	1.295423412322998	0.008120970212511378	1.854344129562378	0.013096090253967942	0.1732269838452339	0.0025573010490408405	1.0157474875450134	0.00590693331823475	375.7434402236948	41.835979834507164	10	21940000	10369961	3038645	8531394	
