dataset	rmse	rmse_dropout	rmse_biozero	rmse_non_zero	n_total	n_dropout	n_biozero	n_non_zero
dataset_2_types_equal	0.17270927056705812	0.2623199627961888	0.07491462959699306	0.0598293026313799	92300	36914	7279	48107
dataset_3_types_unequal	0.1721019315143141	0.2741737313990621	0.07678023892497642	0.060279151489493185	92600	33394	7662	51544
dataset_4_types_rare	0.22729815644807855	0.3032582620502826	0.08734705113186048	0.059400708289689574	93200	50349	8182	34669
dataset_multibatch_dropout	0.1983821945665858	0.27421989227750343	0.06262888081038506	0.057972163771978016	291600	145828	36313	109459
AVG	0.19262288827400914		0.07541770011605375					
