dataset	mse	mse_std	mse_dropout	mse_dropout_std	mse_biozero	mse_biozero_std	mse_non_zero	mse_non_zero_std	runtime_sec	runtime_sec_std	n_repeats	n_total	n_dropout	n_biozero	n_non_zero	error
dataset_2_types_equal	1.7129308700561523	0.007319213610442784	2.632531833648682	0.012183630214209432	0.1537867844104767	0.002528758201794123	1.057843804359436	0.004611636558288217	159.87996576639708	15.916780643008732	10	10950000	5432695	1528220	3989085	
dataset_3_types_unequal	1.4446407794952392	0.010088664362341506	2.1150622367858887	0.01428922575979509	0.16810967028141022	0.0015086226595052749	1.073271596431732	0.009269406804921061	105.91635358560598	20.10773113166475	10	10940000	5229749	1530688	4179563	
dataset_4_types_rare	1.6516905426979065	0.014715751132046033	2.4924575328826903	0.02697877319429111	0.19622889459133147	0.0014765235491632576	1.0625595688819884	0.003919582569628654	195.97838414988945	10.235490520045436	10	10960000	5449791	1541869	3968340	
dataset_multibatch_dropout	1.3397456884384156	0.008295842072820313	1.9351569294929505	0.012728684549718334	0.16997315883636474	0.0025528216450121225	1.0354104876518249	0.007316260553564025	115.24253431440448	41.47005214920831	10	10970000	5215158	1564255	4190587	
