dataset	mse	mse_std	mse_dropout	mse_dropout_std	mse_biozero	mse_biozero_std	mse_non_zero	mse_non_zero_std	runtime_sec	runtime_sec_std	n_repeats	n_total	n_dropout	n_biozero	n_non_zero	error
dataset_2_types_equal	1.7215375900268555	0.0	2.644622325897217	0.0	0.15150831639766693	0.0	1.0658701658248901	0.0	141.22978892800165	0.0	1	10950000	5432695	1528220	3989085	
dataset_3_types_unequal	1.4557114839553833	0.0	2.130204916000366	0.0	0.16768181324005127	0.0	1.0834529399871826	0.0	116.34390539600281	0.0	1	10940000	5229749	1530688	4179563	
dataset_4_types_rare	1.6596014499664307	0.0	2.5062880516052246	0.0	0.1934138387441635	0.0	1.0665082931518555	0.0	173.73822146398015	0.0	1	10960000	5449791	1541869	3968340	
dataset_multibatch_dropout	1.3470033407211304	0.0	1.9468817710876465	0.0	0.16695290803909302	0.0	1.040945291519165	0.0	84.8795151290251	0.0	1	10970000	5215158	1564255	4190587	
