dataset	mse	mse_std	mse_dropout	mse_dropout_std	mse_biozero	mse_biozero_std	mse_non_zero	mse_non_zero_std	runtime_sec	runtime_sec_std	n_repeats	n_total	n_dropout	n_biozero	n_non_zero	error
dataset_2_types_equal	4.564871311187744	0.0	6.340939521789551	0.0	0.04008755832910538	0.0	3.967268228530884	0.0	110.58182722202037	0.0	1	16395000	8201495	2462320	5731185	
dataset_3_types_unequal	4.229811191558838	0.0	5.662199020385742	0.0	0.04660862311720848	0.0	4.0522308349609375	0.0	94.08915575296851	0.0	1	16410000	7929271	2459502	6021227	
dataset_4_types_rare	4.654204845428467	0.0	6.052893161773682	0.0	0.052908774465322495	0.0	4.645540237426758	0.0	97.176322616986	0.0	1	16425000	8207482	2484106	5733412	
dataset_multibatch_dropout	4.117708206176758	0.0	5.432270526885986	0.0	0.043813083320856094	0.0	4.063694000244141	0.0	103.05942290503299	0.0	1	16410000	7861476	2455940	6092584	
