dataset	mse	mse_std	mse_dropout	mse_dropout_std	mse_biozero	mse_biozero_std	mse_non_zero	mse_non_zero_std	runtime_sec	runtime_sec_std	n_repeats	n_total	n_dropout	n_biozero	n_non_zero	error
dataset_2_types_equal	4.571152400970459	0.021754454538968997	6.344803094863892	0.027072927487988962	0.039570840820670125	0.00023928289154733995	3.9799291610717775	0.041102377041192746	92.7382270283997	4.937972370970339	10	16395000	8201495	2462320	5731185	
dataset_3_types_unequal	4.245109701156617	0.012365882580310282	5.6704065799713135	0.022047860563227526	0.04710934236645699	0.0005331213248744688	4.082918453216553	0.014079029397169788	89.81276168910554	1.7933936968524091	10	16410000	7929271	2459502	6021227	
dataset_4_types_rare	4.642049074172974	0.02825054177131427	6.047169256210327	0.0304819467271365	0.052300072461366656	0.0003528011202085158	4.619189596176147	0.04863007684965988	91.95804506159621	2.379807451816252	10	16425000	8207482	2484106	5733412	
dataset_multibatch_dropout	4.106925773620605	0.023486002958087535	5.403278112411499	0.02135970417399323	0.044200354069471356	0.0006114676159252969	4.071898174285889	0.044882572623934164	100.15390656440869	15.062110276934197	10	16410000	7861476	2455940	6092584	
