dataset	mse	mse_std	mse_dropout	mse_dropout_std	mse_biozero	mse_biozero_std	mse_non_zero	mse_non_zero_std	runtime_sec	runtime_sec_std	n_repeats	n_total	n_dropout	n_biozero	n_non_zero	error
dataset_2_types_equal	4.497995471954345	0.0010085656817624042	6.36387882232666	0.0014734709834914794	0.044161389395594594	4.109757366556014e-05	3.692667841911316	0.0008031199367131552	20.607612823200178	0.878711638286285	10	27425000	13486654	3820636	10117710	
dataset_3_types_unequal	4.150644397735595	0.001052718241769132	5.679738759994507	0.0014249430865721378	0.05112248286604881	7.276700472593047e-05	3.759354996681213	0.0011198128875641782	21.55264062230126	1.558133451886021	10	27450000	13013543	3842821	10593636	
dataset_4_types_rare	4.520068550109864	0.0010439127904809326	6.031603288650513	0.0012957539797443904	0.05384000577032566	6.510725400894217e-05	4.213415718078613	0.0012426567409591928	22.9542192480003	2.4740379943663635	10	27475000	13522375	3885221	10067404	
dataset_multibatch_dropout	3.9993029832839966	0.0005248051562957333	5.366855669021606	0.0007795159426468029	0.04253347627818584	0.00011017396837873171	3.7646673202514647	0.0005823594576332431	22.913016796606826	2.3172369032455458	10	27450000	12939065	3839220	10671715	
