dataset	mse	mse_std	mse_dropout	mse_dropout_std	mse_biozero	mse_biozero_std	mse_non_zero	mse_non_zero_std	runtime_sec	runtime_sec_std	n_repeats	n_total	n_dropout	n_biozero	n_non_zero	error
dataset_2_types_equal	4.497386932373047	0.0	6.362687110900879	0.0	0.04414616525173187	0.0	3.6926281452178955	0.0	8.702178421022836	0.0	1	27425000	13486654	3820636	10117710	
dataset_3_types_unequal	4.151357650756836	0.0	5.680977821350098	0.0	0.05094433203339577	0.0	3.759742498397827	0.0	7.469604705052916	0.0	1	27450000	13013543	3842821	10593636	
dataset_4_types_rare	4.5193634033203125	0.0	6.030637741088867	0.0	0.053891588002443314	0.0	4.21276330947876	0.0	4.9089292619610205	0.0	1	27475000	13522375	3885221	10067404	
dataset_multibatch_dropout	3.9995906352996826	0.0	5.3671088218688965	0.0	0.042479872703552246	0.0	3.7651188373565674	0.0	6.972411605005618	0.0	1	27450000	12939065	3839220	10671715	
