dataset	mse	mse_std	mse_dropout	mse_dropout_std	mse_biozero	mse_biozero_std	mse_non_zero	mse_non_zero_std	runtime_sec	runtime_sec_std	n_repeats	n_total	n_dropout	n_biozero	n_non_zero	error
dataset_2_types_equal	4.49660062789917	0.0	6.362368583679199	0.0	0.04418115317821503	0.0	3.690922975540161	0.0	8.712359711993486	0.0	1	27425000	13486654	3820636	10117710	
dataset_3_types_unequal	4.151083946228027	0.0	5.680850505828857	0.0	0.051021430641412735	0.0	3.759169816970825	0.0	6.808988705044612	0.0	1	27450000	13013543	3842821	10593636	
dataset_4_types_rare	4.520203113555908	0.0	6.03145694732666	0.0	0.05383194983005524	0.0	4.213987350463867	0.0	5.059788274986204	0.0	1	27475000	13522375	3885221	10067404	
dataset_multibatch_dropout	3.9996354579925537	0.0	5.366753578186035	0.0	0.042552363127470016	0.0	3.765660524368286	0.0	6.95892713702051	0.0	1	27450000	12939065	3839220	10671715	
