dataset	mse	mse_std	mse_dropout	mse_dropout_std	mse_biozero	mse_biozero_std	mse_non_zero	mse_non_zero_std	runtime_sec	runtime_sec_std	n_repeats	n_total	n_dropout	n_biozero	n_non_zero	error
dataset_2_types_equal	5.30289120254921	0.000797716043512147	10.6835275881371	0.00160605240277733	0.00682564383900413	2.88374430890716e-05	0.00398103125194135	2.16557024447274e-05	1165.3938	25.9661286717909	5	10950000	5432695	1528220	3989085	NA
dataset_3_types_unequal	4.98748900742024	0.000523557887085143	10.4266679069963	0.00110912687963797	0.00995736069585199	2.27241050647724e-05	0.00455360254235201	1.10694879615151e-05	1041.7652	49.2985940641314	5	10940000	5229749	1530688	4179563	NA
dataset_4_types_rare	5.68274258504325	0.000505610002231288	11.4217370284078	0.00103540682516465	0.0104421057395949	3.20458867797959e-05	0.00521092223846032	1.85144916744764e-05	1085.3962	52.5438956797075	5	10960000	5449791	1541869	3968340	NA
dataset_multibatch_dropout	4.92904462794528	0.000659878613133363	10.3608944128446	0.0013880002181721	0.0102139008051778	5.55242075467663e-06	0.00523579127553442	2.12699228055915e-06	1000.026	42.5985911328047	5	10970000	5215158	1564255	4190587	NA
