Processing saver datasets from datasets...

=== baron-human_top1000markers ===
Running saver x5...
  [saver] Using 8 worker(s).
1000 genes, 8569 cells
starting worker pid=1755255 on localhost:11079 at 15:09:30.889
starting worker pid=1755253 on localhost:11079 at 15:09:30.897
starting worker pid=1755254 on localhost:11079 at 15:09:30.909
starting worker pid=1755259 on localhost:11079 at 15:09:30.909
starting worker pid=1755260 on localhost:11079 at 15:09:30.909
starting worker pid=1755258 on localhost:11079 at 15:09:30.909
starting worker pid=1755256 on localhost:11079 at 15:09:30.909
starting worker pid=1755257 on localhost:11079 at 15:09:30.910
Running SAVER with 8 worker(s)
Calculating predictions for 1000 genes using 919 genes and 8569 cells...
Start time: 2026-02-07 15:09:33.31456
Estimating finish time...
Loading required package: SAVER
loaded SAVER and set parent environment
Loading required package: SAVER
loaded SAVER and set parent environment
Loading required package: SAVER
loaded SAVER and set parent environment
Loading required package: SAVER
loaded SAVER and set parent environment
Loading required package: SAVER
loaded SAVER and set parent environment
Loading required package: SAVER
loaded SAVER and set parent environment
Loading required package: SAVER
loaded SAVER and set parent environment
Loading required package: SAVER
loaded SAVER and set parent environment
Finished 8/1000 genes. Approximate finish time: 2026-02-07 15:14:40.86188
Calculating max cor cutoff...
loaded SAVER and set parent environment
loaded SAVER and set parent environment
loaded SAVER and set parent environment
loaded SAVER and set parent environment
loaded SAVER and set parent environment
loaded SAVER and set parent environment
loaded SAVER and set parent environment
loaded SAVER and set parent environment
Finished 100/1000 genes. Approximate finish time: 2026-02-07 15:15:30.262532
Calculating lambda coefficients...
loaded SAVER and set parent environment
loaded SAVER and set parent environment
loaded SAVER and set parent environment
loaded SAVER and set parent environment
loaded SAVER and set parent environment
loaded SAVER and set parent environment
loaded SAVER and set parent environment
loaded SAVER and set parent environment
Finished 200/1000 genes. Approximate finish time: 2026-02-07 15:16:27.608992
Predicting remaining genes...
loaded SAVER and set parent environment
loaded SAVER and set parent environment
loaded SAVER and set parent environment
loaded SAVER and set parent environment
loaded SAVER and set parent environment
loaded SAVER and set parent environment
loaded SAVER and set parent environment
loaded SAVER and set parent environment
Finished 400/1000 genes. Approximate finish time: 2026-02-07 15:17:30.9431
Predicting remaining genes...
loaded SAVER and set parent environment
loaded SAVER and set parent environment
loaded SAVER and set parent environment
loaded SAVER and set parent environment
loaded SAVER and set parent environment
loaded SAVER and set parent environment
loaded SAVER and set parent environment
loaded SAVER and set parent environment
Done!
Finish time: 2026-02-07 15:17:15.287992
Total time: 7.699551 mins
1000 genes, 8569 cells
starting worker pid=2173653 on localhost:11079 at 15:17:32.771
starting worker pid=2173651 on localhost:11079 at 15:17:32.771
starting worker pid=2173650 on localhost:11079 at 15:17:32.771
starting worker pid=2173656 on localhost:11079 at 15:17:32.771
starting worker pid=2173652 on localhost:11079 at 15:17:32.771
starting worker pid=2173654 on localhost:11079 at 15:17:32.771
starting worker pid=2173655 on localhost:11079 at 15:17:32.781
starting worker pid=2173649 on localhost:11079 at 15:17:32.780
Running SAVER with 8 worker(s)
Calculating predictions for 1000 genes using 919 genes and 8569 cells...
Start time: 2026-02-07 15:17:33.671422
Estimating finish time...
Loading required package: SAVER
loaded SAVER and set parent environment
Loading required package: SAVER
loaded SAVER and set parent environment
Loading required package: SAVER
loaded SAVER and set parent environment
Loading required package: SAVER
loaded SAVER and set parent environment
Loading required package: SAVER
loaded SAVER and set parent environment
Loading required package: SAVER
loaded SAVER and set parent environment
Loading required package: SAVER
loaded SAVER and set parent environment
Loading required package: SAVER
loaded SAVER and set parent environment
Finished 8/1000 genes. Approximate finish time: 2026-02-07 15:21:59.550215
Calculating max cor cutoff...
loaded SAVER and set parent environment
loaded SAVER and set parent environment
loaded SAVER and set parent environment
loaded SAVER and set parent environment
loaded SAVER and set parent environment
loaded SAVER and set parent environment
loaded SAVER and set parent environment
loaded SAVER and set parent environment
Finished 100/1000 genes. Approximate finish time: 2026-02-07 15:23:48.989406
Calculating lambda coefficients...
loaded SAVER and set parent environment
loaded SAVER and set parent environment
loaded SAVER and set parent environment
loaded SAVER and set parent environment
loaded SAVER and set parent environment
loaded SAVER and set parent environment
loaded SAVER and set parent environment
loaded SAVER and set parent environment
Finished 200/1000 genes. Approximate finish time: 2026-02-07 15:25:05.337787
Predicting remaining genes...
loaded SAVER and set parent environment
loaded SAVER and set parent environment
loaded SAVER and set parent environment
loaded SAVER and set parent environment
loaded SAVER and set parent environment
loaded SAVER and set parent environment
loaded SAVER and set parent environment
loaded SAVER and set parent environment
Finished 400/1000 genes. Approximate finish time: 2026-02-07 15:25:55.951277
Predicting remaining genes...
loaded SAVER and set parent environment
loaded SAVER and set parent environment
loaded SAVER and set parent environment
loaded SAVER and set parent environment
loaded SAVER and set parent environment
loaded SAVER and set parent environment
loaded SAVER and set parent environment
loaded SAVER and set parent environment
Done!
Finish time: 2026-02-07 15:25:54.056214
Total time: 8.339742 mins
1000 genes, 8569 cells
starting worker pid=2449104 on localhost:11079 at 15:26:04.802
starting worker pid=2449098 on localhost:11079 at 15:26:04.802
starting worker pid=2449099 on localhost:11079 at 15:26:04.802
starting worker pid=2449105 on localhost:11079 at 15:26:04.802
starting worker pid=2449102 on localhost:11079 at 15:26:04.806
starting worker pid=2449101 on localhost:11079 at 15:26:04.806
starting worker pid=2449100 on localhost:11079 at 15:26:04.807
starting worker pid=2449103 on localhost:11079 at 15:26:04.809
Running SAVER with 8 worker(s)
Calculating predictions for 1000 genes using 919 genes and 8569 cells...
Start time: 2026-02-07 15:26:05.632378
Estimating finish time...
Loading required package: SAVER
loaded SAVER and set parent environment
Loading required package: SAVER
loaded SAVER and set parent environment
Loading required package: SAVER
loaded SAVER and set parent environment
Loading required package: SAVER
loaded SAVER and set parent environment
Loading required package: SAVER
loaded SAVER and set parent environment
Loading required package: SAVER
loaded SAVER and set parent environment
Loading required package: SAVER
loaded SAVER and set parent environment
Loading required package: SAVER
loaded SAVER and set parent environment
Finished 8/1000 genes. Approximate finish time: 2026-02-07 15:29:29.624377
Calculating max cor cutoff...
loaded SAVER and set parent environment
loaded SAVER and set parent environment
loaded SAVER and set parent environment
loaded SAVER and set parent environment
loaded SAVER and set parent environment
loaded SAVER and set parent environment
loaded SAVER and set parent environment
loaded SAVER and set parent environment
Finished 100/1000 genes. Approximate finish time: 2026-02-07 15:31:13.900701
Calculating lambda coefficients...
loaded SAVER and set parent environment
loaded SAVER and set parent environment
loaded SAVER and set parent environment
loaded SAVER and set parent environment
loaded SAVER and set parent environment
loaded SAVER and set parent environment
loaded SAVER and set parent environment
loaded SAVER and set parent environment
Finished 200/1000 genes. Approximate finish time: 2026-02-07 15:31:54.708569
Predicting remaining genes...
loaded SAVER and set parent environment
loaded SAVER and set parent environment
loaded SAVER and set parent environment
loaded SAVER and set parent environment
loaded SAVER and set parent environment
loaded SAVER and set parent environment
loaded SAVER and set parent environment
loaded SAVER and set parent environment
Finished 400/1000 genes. Approximate finish time: 2026-02-07 15:32:39.279649
Predicting remaining genes...
loaded SAVER and set parent environment
loaded SAVER and set parent environment
loaded SAVER and set parent environment
loaded SAVER and set parent environment
loaded SAVER and set parent environment
loaded SAVER and set parent environment
loaded SAVER and set parent environment
loaded SAVER and set parent environment
Done!
Finish time: 2026-02-07 15:32:39.131076
Total time: 6.558307 mins
1000 genes, 8569 cells
starting worker pid=2554876 on localhost:11079 at 15:32:49.778
starting worker pid=2554877 on localhost:11079 at 15:32:49.779
starting worker pid=2554879 on localhost:11079 at 15:32:49.779
starting worker pid=2554878 on localhost:11079 at 15:32:49.779
starting worker pid=2554880 on localhost:11079 at 15:32:49.779
starting worker pid=2554874 on localhost:11079 at 15:32:49.779
starting worker pid=2554881 on localhost:11079 at 15:32:49.781
starting worker pid=2554875 on localhost:11079 at 15:32:49.802
Running SAVER with 8 worker(s)
Calculating predictions for 1000 genes using 919 genes and 8569 cells...
Start time: 2026-02-07 15:32:50.580677
Estimating finish time...
Loading required package: SAVER
loaded SAVER and set parent environment
Loading required package: SAVER
loaded SAVER and set parent environment
Loading required package: SAVER
loaded SAVER and set parent environment
Loading required package: SAVER
loaded SAVER and set parent environment
Loading required package: SAVER
loaded SAVER and set parent environment
Loading required package: SAVER
loaded SAVER and set parent environment
Loading required package: SAVER
loaded SAVER and set parent environment
Loading required package: SAVER
loaded SAVER and set parent environment
Finished 8/1000 genes. Approximate finish time: 2026-02-07 15:36:08.551678
Calculating max cor cutoff...
loaded SAVER and set parent environment
loaded SAVER and set parent environment
loaded SAVER and set parent environment
loaded SAVER and set parent environment
loaded SAVER and set parent environment
loaded SAVER and set parent environment
loaded SAVER and set parent environment
loaded SAVER and set parent environment
Finished 100/1000 genes. Approximate finish time: 2026-02-07 15:38:38.3376
Calculating lambda coefficients...
loaded SAVER and set parent environment
loaded SAVER and set parent environment
loaded SAVER and set parent environment
loaded SAVER and set parent environment
loaded SAVER and set parent environment
loaded SAVER and set parent environment
loaded SAVER and set parent environment
loaded SAVER and set parent environment
Finished 202/1000 genes. Approximate finish time: 2026-02-07 15:38:47.443006
Predicting remaining genes...
loaded SAVER and set parent environment
loaded SAVER and set parent environment
loaded SAVER and set parent environment
loaded SAVER and set parent environment
loaded SAVER and set parent environment
loaded SAVER and set parent environment
loaded SAVER and set parent environment
loaded SAVER and set parent environment
Finished 402/1000 genes. Approximate finish time: 2026-02-07 15:39:42.426477
Predicting remaining genes...
loaded SAVER and set parent environment
loaded SAVER and set parent environment
loaded SAVER and set parent environment
loaded SAVER and set parent environment
loaded SAVER and set parent environment
loaded SAVER and set parent environment
loaded SAVER and set parent environment
loaded SAVER and set parent environment
Done!
Finish time: 2026-02-07 15:39:33.684467
Total time: 6.718392 mins
1000 genes, 8569 cells
starting worker pid=2667328 on localhost:11079 at 15:39:43.601
starting worker pid=2667329 on localhost:11079 at 15:39:43.608
starting worker pid=2667330 on localhost:11079 at 15:39:43.608
starting worker pid=2667332 on localhost:11079 at 15:39:43.609
starting worker pid=2667334 on localhost:11079 at 15:39:43.608
starting worker pid=2667333 on localhost:11079 at 15:39:43.608
starting worker pid=2667335 on localhost:11079 at 15:39:43.609
starting worker pid=2667331 on localhost:11079 at 15:39:43.609
Running SAVER with 8 worker(s)
Calculating predictions for 1000 genes using 919 genes and 8569 cells...
Start time: 2026-02-07 15:39:44.774543
Estimating finish time...
Loading required package: SAVER
loaded SAVER and set parent environment
Loading required package: SAVER
loaded SAVER and set parent environment
Loading required package: SAVER
loaded SAVER and set parent environment
Loading required package: SAVER
loaded SAVER and set parent environment
Loading required package: SAVER
loaded SAVER and set parent environment
Loading required package: SAVER
loaded SAVER and set parent environment
Loading required package: SAVER
loaded SAVER and set parent environment
Loading required package: SAVER
loaded SAVER and set parent environment
Finished 8/1000 genes. Approximate finish time: 2026-02-07 15:43:14.940969
Calculating max cor cutoff...
loaded SAVER and set parent environment
loaded SAVER and set parent environment
loaded SAVER and set parent environment
loaded SAVER and set parent environment
loaded SAVER and set parent environment
loaded SAVER and set parent environment
loaded SAVER and set parent environment
loaded SAVER and set parent environment
Finished 100/1000 genes. Approximate finish time: 2026-02-07 15:45:20.855685
Calculating lambda coefficients...
loaded SAVER and set parent environment
loaded SAVER and set parent environment
loaded SAVER and set parent environment
loaded SAVER and set parent environment
loaded SAVER and set parent environment
loaded SAVER and set parent environment
loaded SAVER and set parent environment
loaded SAVER and set parent environment
Finished 202/1000 genes. Approximate finish time: 2026-02-07 15:45:49.137847
Predicting remaining genes...
loaded SAVER and set parent environment
loaded SAVER and set parent environment
loaded SAVER and set parent environment
loaded SAVER and set parent environment
loaded SAVER and set parent environment
loaded SAVER and set parent environment
loaded SAVER and set parent environment
loaded SAVER and set parent environment
Finished 402/1000 genes. Approximate finish time: 2026-02-07 15:46:37.273414
Predicting remaining genes...
loaded SAVER and set parent environment
loaded SAVER and set parent environment
loaded SAVER and set parent environment
loaded SAVER and set parent environment
loaded SAVER and set parent environment
loaded SAVER and set parent environment
loaded SAVER and set parent environment
loaded SAVER and set parent environment
Done!
Finish time: 2026-02-07 15:46:40.105408
Total time: 6.922177 mins

=== baron-mouse_top1000markers ===
Running saver x5...
  [saver] Using 8 worker(s).
1000 genes, 1886 cells
starting worker pid=2830844 on localhost:11079 at 15:46:50.444
starting worker pid=2830845 on localhost:11079 at 15:46:50.450
starting worker pid=2830842 on localhost:11079 at 15:46:50.450
starting worker pid=2830843 on localhost:11079 at 15:46:50.450
starting worker pid=2830841 on localhost:11079 at 15:46:50.450
starting worker pid=2830846 on localhost:11079 at 15:46:50.451
starting worker pid=2830848 on localhost:11079 at 15:46:50.458
starting worker pid=2830847 on localhost:11079 at 15:46:50.469
Running SAVER with 8 worker(s)
Calculating predictions for 1000 genes using 911 genes and 1886 cells...
Start time: 2026-02-07 15:46:51.129723
Estimating finish time...
Loading required package: SAVER
loaded SAVER and set parent environment
Loading required package: SAVER
loaded SAVER and set parent environment
Loading required package: SAVER
loaded SAVER and set parent environment
Loading required package: SAVER
loaded SAVER and set parent environment
Loading required package: SAVER
loaded SAVER and set parent environment
Loading required package: SAVER
loaded SAVER and set parent environment
Loading required package: SAVER
loaded SAVER and set parent environment
Loading required package: SAVER
loaded SAVER and set parent environment
Finished 8/1000 genes. Approximate finish time: 2026-02-07 15:48:31.578156
Calculating max cor cutoff...
loaded SAVER and set parent environment
loaded SAVER and set parent environment
loaded SAVER and set parent environment
loaded SAVER and set parent environment
loaded SAVER and set parent environment
loaded SAVER and set parent environment
loaded SAVER and set parent environment
loaded SAVER and set parent environment
Finished 100/1000 genes. Approximate finish time: 2026-02-07 15:48:32.570321
Calculating lambda coefficients...
loaded SAVER and set parent environment
loaded SAVER and set parent environment
loaded SAVER and set parent environment
loaded SAVER and set parent environment
loaded SAVER and set parent environment
loaded SAVER and set parent environment
loaded SAVER and set parent environment
loaded SAVER and set parent environment
Finished 203/1000 genes. Approximate finish time: 2026-02-07 15:48:38.425396
Predicting remaining genes...
loaded SAVER and set parent environment
loaded SAVER and set parent environment
loaded SAVER and set parent environment
loaded SAVER and set parent environment
loaded SAVER and set parent environment
loaded SAVER and set parent environment
loaded SAVER and set parent environment
loaded SAVER and set parent environment
Finished 403/1000 genes. Approximate finish time: 2026-02-07 15:48:36.117124
Predicting remaining genes...
loaded SAVER and set parent environment
loaded SAVER and set parent environment
loaded SAVER and set parent environment
loaded SAVER and set parent environment
loaded SAVER and set parent environment
loaded SAVER and set parent environment
loaded SAVER and set parent environment
loaded SAVER and set parent environment
Done!
Finish time: 2026-02-07 15:48:36.423552
Total time: 1.754893 mins
1000 genes, 1886 cells
starting worker pid=2857526 on localhost:11079 at 15:48:37.773
starting worker pid=2857523 on localhost:11079 at 15:48:37.773
starting worker pid=2857527 on localhost:11079 at 15:48:37.773
starting worker pid=2857522 on localhost:11079 at 15:48:37.773
starting worker pid=2857525 on localhost:11079 at 15:48:37.773
starting worker pid=2857520 on localhost:11079 at 15:48:37.777
starting worker pid=2857521 on localhost:11079 at 15:48:37.786
starting worker pid=2857524 on localhost:11079 at 15:48:37.796
Running SAVER with 8 worker(s)
Calculating predictions for 1000 genes using 911 genes and 1886 cells...
Start time: 2026-02-07 15:48:37.980729
Estimating finish time...
Loading required package: SAVER
loaded SAVER and set parent environment
Loading required package: SAVER
loaded SAVER and set parent environment
Loading required package: SAVER
loaded SAVER and set parent environment
Loading required package: SAVER
loaded SAVER and set parent environment
Loading required package: SAVER
loaded SAVER and set parent environment
Loading required package: SAVER
loaded SAVER and set parent environment
Loading required package: SAVER
loaded SAVER and set parent environment
Loading required package: SAVER
loaded SAVER and set parent environment
Finished 8/1000 genes. Approximate finish time: 2026-02-07 15:49:35.456957
Calculating max cor cutoff...
loaded SAVER and set parent environment
loaded SAVER and set parent environment
loaded SAVER and set parent environment
loaded SAVER and set parent environment
loaded SAVER and set parent environment
loaded SAVER and set parent environment
loaded SAVER and set parent environment
loaded SAVER and set parent environment
Finished 100/1000 genes. Approximate finish time: 2026-02-07 15:50:15.957214
Calculating lambda coefficients...
loaded SAVER and set parent environment
loaded SAVER and set parent environment
loaded SAVER and set parent environment
loaded SAVER and set parent environment
loaded SAVER and set parent environment
loaded SAVER and set parent environment
loaded SAVER and set parent environment
loaded SAVER and set parent environment
Finished 200/1000 genes. Approximate finish time: 2026-02-07 15:50:33.809516
Predicting remaining genes...
loaded SAVER and set parent environment
loaded SAVER and set parent environment
loaded SAVER and set parent environment
loaded SAVER and set parent environment
loaded SAVER and set parent environment
loaded SAVER and set parent environment
loaded SAVER and set parent environment
loaded SAVER and set parent environment
Finished 400/1000 genes. Approximate finish time: 2026-02-07 15:50:31.97698
Predicting remaining genes...
loaded SAVER and set parent environment
loaded SAVER and set parent environment
loaded SAVER and set parent environment
loaded SAVER and set parent environment
loaded SAVER and set parent environment
loaded SAVER and set parent environment
loaded SAVER and set parent environment
loaded SAVER and set parent environment
Done!
Finish time: 2026-02-07 15:50:31.909346
Total time: 1.898806 mins
1000 genes, 1886 cells
starting worker pid=2904933 on localhost:11079 at 15:50:33.078
starting worker pid=2904932 on localhost:11079 at 15:50:33.078
starting worker pid=2904929 on localhost:11079 at 15:50:33.078
starting worker pid=2904931 on localhost:11079 at 15:50:33.078
starting worker pid=2904930 on localhost:11079 at 15:50:33.078
starting worker pid=2904926 on localhost:11079 at 15:50:33.082
starting worker pid=2904928 on localhost:11079 at 15:50:33.083
starting worker pid=2904927 on localhost:11079 at 15:50:33.093
Running SAVER with 8 worker(s)
Calculating predictions for 1000 genes using 911 genes and 1886 cells...
Start time: 2026-02-07 15:50:33.211176
Estimating finish time...
Loading required package: SAVER
loaded SAVER and set parent environment
Loading required package: SAVER
loaded SAVER and set parent environment
Loading required package: SAVER
loaded SAVER and set parent environment
Loading required package: SAVER
loaded SAVER and set parent environment
Loading required package: SAVER
loaded SAVER and set parent environment
Loading required package: SAVER
loaded SAVER and set parent environment
Loading required package: SAVER
loaded SAVER and set parent environment
Loading required package: SAVER
loaded SAVER and set parent environment
Finished 8/1000 genes. Approximate finish time: 2026-02-07 15:52:28.837586
Calculating max cor cutoff...
loaded SAVER and set parent environment
loaded SAVER and set parent environment
loaded SAVER and set parent environment
loaded SAVER and set parent environment
loaded SAVER and set parent environment
loaded SAVER and set parent environment
loaded SAVER and set parent environment
loaded SAVER and set parent environment
Finished 100/1000 genes. Approximate finish time: 2026-02-07 15:52:08.506916
Calculating lambda coefficients...
loaded SAVER and set parent environment
loaded SAVER and set parent environment
loaded SAVER and set parent environment
loaded SAVER and set parent environment
loaded SAVER and set parent environment
loaded SAVER and set parent environment
loaded SAVER and set parent environment
loaded SAVER and set parent environment
Finished 203/1000 genes. Approximate finish time: 2026-02-07 15:52:31.220219
Predicting remaining genes...
loaded SAVER and set parent environment
loaded SAVER and set parent environment
loaded SAVER and set parent environment
loaded SAVER and set parent environment
loaded SAVER and set parent environment
loaded SAVER and set parent environment
loaded SAVER and set parent environment
loaded SAVER and set parent environment
Finished 403/1000 genes. Approximate finish time: 2026-02-07 15:52:30.46269
Predicting remaining genes...
loaded SAVER and set parent environment
loaded SAVER and set parent environment
loaded SAVER and set parent environment
loaded SAVER and set parent environment
loaded SAVER and set parent environment
loaded SAVER and set parent environment
loaded SAVER and set parent environment
loaded SAVER and set parent environment
Done!
Finish time: 2026-02-07 15:52:30.949663
Total time: 1.962303 mins
1000 genes, 1886 cells
starting worker pid=2929052 on localhost:11079 at 15:52:32.219
starting worker pid=2929046 on localhost:11079 at 15:52:32.219
starting worker pid=2929051 on localhost:11079 at 15:52:32.219
starting worker pid=2929053 on localhost:11079 at 15:52:32.219
starting worker pid=2929047 on localhost:11079 at 15:52:32.219
starting worker pid=2929048 on localhost:11079 at 15:52:32.219
starting worker pid=2929050 on localhost:11079 at 15:52:32.219
starting worker pid=2929049 on localhost:11079 at 15:52:32.292
Running SAVER with 8 worker(s)
Calculating predictions for 1000 genes using 911 genes and 1886 cells...
Start time: 2026-02-07 15:52:32.428395
Estimating finish time...
Loading required package: SAVER
loaded SAVER and set parent environment
Loading required package: SAVER
loaded SAVER and set parent environment
Loading required package: SAVER
loaded SAVER and set parent environment
Loading required package: SAVER
loaded SAVER and set parent environment
Loading required package: SAVER
loaded SAVER and set parent environment
Loading required package: SAVER
loaded SAVER and set parent environment
Loading required package: SAVER
loaded SAVER and set parent environment
Loading required package: SAVER
loaded SAVER and set parent environment
Finished 8/1000 genes. Approximate finish time: 2026-02-07 15:54:17.216346
Calculating max cor cutoff...
loaded SAVER and set parent environment
loaded SAVER and set parent environment
loaded SAVER and set parent environment
loaded SAVER and set parent environment
loaded SAVER and set parent environment
loaded SAVER and set parent environment
loaded SAVER and set parent environment
loaded SAVER and set parent environment
Finished 100/1000 genes. Approximate finish time: 2026-02-07 15:54:19.687466
Calculating lambda coefficients...
loaded SAVER and set parent environment
loaded SAVER and set parent environment
loaded SAVER and set parent environment
loaded SAVER and set parent environment
loaded SAVER and set parent environment
loaded SAVER and set parent environment
loaded SAVER and set parent environment
loaded SAVER and set parent environment
Finished 200/1000 genes. Approximate finish time: 2026-02-07 15:54:29.444969
Predicting remaining genes...
loaded SAVER and set parent environment
loaded SAVER and set parent environment
loaded SAVER and set parent environment
loaded SAVER and set parent environment
loaded SAVER and set parent environment
loaded SAVER and set parent environment
loaded SAVER and set parent environment
loaded SAVER and set parent environment
Finished 400/1000 genes. Approximate finish time: 2026-02-07 15:54:26.350357
Predicting remaining genes...
loaded SAVER and set parent environment
loaded SAVER and set parent environment
loaded SAVER and set parent environment
loaded SAVER and set parent environment
loaded SAVER and set parent environment
loaded SAVER and set parent environment
loaded SAVER and set parent environment
loaded SAVER and set parent environment
Done!
Finish time: 2026-02-07 15:54:26.525953
Total time: 1.901622 mins
1000 genes, 1886 cells
starting worker pid=2959951 on localhost:11079 at 15:54:27.825
starting worker pid=2959954 on localhost:11079 at 15:54:27.825
starting worker pid=2959950 on localhost:11079 at 15:54:27.825
starting worker pid=2959957 on localhost:11079 at 15:54:27.825
starting worker pid=2959956 on localhost:11079 at 15:54:27.825
starting worker pid=2959953 on localhost:11079 at 15:54:27.825
starting worker pid=2959952 on localhost:11079 at 15:54:27.825
starting worker pid=2959955 on localhost:11079 at 15:54:27.825
Running SAVER with 8 worker(s)
Calculating predictions for 1000 genes using 911 genes and 1886 cells...
Start time: 2026-02-07 15:54:27.93777
Estimating finish time...
Loading required package: SAVER
loaded SAVER and set parent environment
Loading required package: SAVER
loaded SAVER and set parent environment
Loading required package: SAVER
loaded SAVER and set parent environment
Loading required package: SAVER
loaded SAVER and set parent environment
Loading required package: SAVER
loaded SAVER and set parent environment
Loading required package: SAVER
loaded SAVER and set parent environment
Loading required package: SAVER
loaded SAVER and set parent environment
Loading required package: SAVER
loaded SAVER and set parent environment
Finished 8/1000 genes. Approximate finish time: 2026-02-07 15:55:59.936344
Calculating max cor cutoff...
loaded SAVER and set parent environment
loaded SAVER and set parent environment
loaded SAVER and set parent environment
loaded SAVER and set parent environment
loaded SAVER and set parent environment
loaded SAVER and set parent environment
loaded SAVER and set parent environment
loaded SAVER and set parent environment
Finished 100/1000 genes. Approximate finish time: 2026-02-07 15:56:11.610304
Calculating lambda coefficients...
loaded SAVER and set parent environment
loaded SAVER and set parent environment
loaded SAVER and set parent environment
loaded SAVER and set parent environment
loaded SAVER and set parent environment
loaded SAVER and set parent environment
loaded SAVER and set parent environment
loaded SAVER and set parent environment
Finished 203/1000 genes. Approximate finish time: 2026-02-07 15:56:12.5667
Predicting remaining genes...
loaded SAVER and set parent environment
loaded SAVER and set parent environment
loaded SAVER and set parent environment
loaded SAVER and set parent environment
loaded SAVER and set parent environment
loaded SAVER and set parent environment
loaded SAVER and set parent environment
loaded SAVER and set parent environment
Finished 403/1000 genes. Approximate finish time: 2026-02-07 15:56:11.72805
Predicting remaining genes...
loaded SAVER and set parent environment
loaded SAVER and set parent environment
loaded SAVER and set parent environment
loaded SAVER and set parent environment
loaded SAVER and set parent environment
loaded SAVER and set parent environment
loaded SAVER and set parent environment
loaded SAVER and set parent environment
Done!
Finish time: 2026-02-07 15:56:11.33477
Total time: 1.723279 mins

=== campbell_top1000markers ===
Running saver x5...
  [saver] Using 8 worker(s).
1000 genes, 21086 cells
starting worker pid=2963545 on localhost:11079 at 15:56:15.020
starting worker pid=2963546 on localhost:11079 at 15:56:15.020
starting worker pid=2963549 on localhost:11079 at 15:56:15.020
starting worker pid=2963548 on localhost:11079 at 15:56:15.020
starting worker pid=2963550 on localhost:11079 at 15:56:15.020
starting worker pid=2963552 on localhost:11079 at 15:56:15.020
starting worker pid=2963551 on localhost:11079 at 15:56:15.020
starting worker pid=2963547 on localhost:11079 at 15:56:15.020
Running SAVER with 8 worker(s)
Calculating predictions for 1000 genes using 970 genes and 21086 cells...
Start time: 2026-02-07 15:56:18.492998
Estimating finish time...
Loading required package: SAVER
loaded SAVER and set parent environment
Loading required package: SAVER
loaded SAVER and set parent environment
Loading required package: SAVER
loaded SAVER and set parent environment
Loading required package: SAVER
loaded SAVER and set parent environment
Loading required package: SAVER
loaded SAVER and set parent environment
Loading required package: SAVER
loaded SAVER and set parent environment
Loading required package: SAVER
loaded SAVER and set parent environment
Loading required package: SAVER
loaded SAVER and set parent environment
Finished 8/1000 genes. Approximate finish time: 2026-02-07 16:02:31.1982
Calculating max cor cutoff...
loaded SAVER and set parent environment
loaded SAVER and set parent environment
loaded SAVER and set parent environment
loaded SAVER and set parent environment
loaded SAVER and set parent environment
loaded SAVER and set parent environment
loaded SAVER and set parent environment
loaded SAVER and set parent environment
Finished 100/1000 genes. Approximate finish time: 2026-02-07 16:04:24.626112
Calculating lambda coefficients...
loaded SAVER and set parent environment
loaded SAVER and set parent environment
loaded SAVER and set parent environment
loaded SAVER and set parent environment
loaded SAVER and set parent environment
loaded SAVER and set parent environment
loaded SAVER and set parent environment
loaded SAVER and set parent environment
Finished 200/1000 genes. Approximate finish time: 2026-02-07 16:04:25.368813
Predicting remaining genes...
loaded SAVER and set parent environment
loaded SAVER and set parent environment
loaded SAVER and set parent environment
loaded SAVER and set parent environment
loaded SAVER and set parent environment
loaded SAVER and set parent environment
loaded SAVER and set parent environment
loaded SAVER and set parent environment
Finished 400/1000 genes. Approximate finish time: 2026-02-07 16:07:44.111639
Predicting remaining genes...
loaded SAVER and set parent environment
loaded SAVER and set parent environment
loaded SAVER and set parent environment
loaded SAVER and set parent environment
loaded SAVER and set parent environment
loaded SAVER and set parent environment
loaded SAVER and set parent environment
loaded SAVER and set parent environment
Done!
Finish time: 2026-02-07 16:07:48.619529
Total time: 11.5021 mins
1000 genes, 21086 cells
starting worker pid=3102846 on localhost:11079 at 16:09:26.799
starting worker pid=3102847 on localhost:11079 at 16:09:26.799
starting worker pid=3102849 on localhost:11079 at 16:09:26.799
starting worker pid=3102848 on localhost:11079 at 16:09:26.799
starting worker pid=3102843 on localhost:11079 at 16:09:26.800
starting worker pid=3102842 on localhost:11079 at 16:09:26.800
starting worker pid=3102844 on localhost:11079 at 16:09:26.800
starting worker pid=3102845 on localhost:11079 at 16:09:26.800
Running SAVER with 8 worker(s)
Calculating predictions for 1000 genes using 970 genes and 21086 cells...
Start time: 2026-02-07 16:09:29.803746
Estimating finish time...
Loading required package: SAVER
loaded SAVER and set parent environment
Loading required package: SAVER
loaded SAVER and set parent environment
Loading required package: SAVER
loaded SAVER and set parent environment
Loading required package: SAVER
loaded SAVER and set parent environment
Loading required package: SAVER
loaded SAVER and set parent environment
Loading required package: SAVER
loaded SAVER and set parent environment
Loading required package: SAVER
loaded SAVER and set parent environment
Loading required package: SAVER
loaded SAVER and set parent environment
Finished 8/1000 genes. Approximate finish time: 2026-02-07 16:16:41.72068
Calculating max cor cutoff...
loaded SAVER and set parent environment
loaded SAVER and set parent environment
loaded SAVER and set parent environment
loaded SAVER and set parent environment
loaded SAVER and set parent environment
loaded SAVER and set parent environment
loaded SAVER and set parent environment
loaded SAVER and set parent environment
Finished 100/1000 genes. Approximate finish time: 2026-02-07 16:17:59.568879
Calculating lambda coefficients...
loaded SAVER and set parent environment
loaded SAVER and set parent environment
loaded SAVER and set parent environment
loaded SAVER and set parent environment
loaded SAVER and set parent environment
loaded SAVER and set parent environment
loaded SAVER and set parent environment
loaded SAVER and set parent environment
Finished 200/1000 genes. Approximate finish time: 2026-02-07 16:18:07.740975
Predicting remaining genes...
loaded SAVER and set parent environment
loaded SAVER and set parent environment
loaded SAVER and set parent environment
loaded SAVER and set parent environment
loaded SAVER and set parent environment
loaded SAVER and set parent environment
loaded SAVER and set parent environment
loaded SAVER and set parent environment
Finished 400/1000 genes. Approximate finish time: 2026-02-07 16:21:15.032062
Predicting remaining genes...
loaded SAVER and set parent environment
loaded SAVER and set parent environment
loaded SAVER and set parent environment
loaded SAVER and set parent environment
loaded SAVER and set parent environment
loaded SAVER and set parent environment
loaded SAVER and set parent environment
loaded SAVER and set parent environment
Done!
Finish time: 2026-02-07 16:21:09.72004
Total time: 11.66527 mins
1000 genes, 21086 cells
starting worker pid=3397600 on localhost:11079 at 16:22:38.276
starting worker pid=3397597 on localhost:11079 at 16:22:38.276
starting worker pid=3397596 on localhost:11079 at 16:22:38.276
starting worker pid=3397601 on localhost:11079 at 16:22:38.276
starting worker pid=3397603 on localhost:11079 at 16:22:38.278
starting worker pid=3397599 on localhost:11079 at 16:22:38.277
starting worker pid=3397602 on localhost:11079 at 16:22:38.285
starting worker pid=3397598 on localhost:11079 at 16:22:38.285
Running SAVER with 8 worker(s)
Calculating predictions for 1000 genes using 970 genes and 21086 cells...
Start time: 2026-02-07 16:22:40.373417
Estimating finish time...
Loading required package: SAVER
loaded SAVER and set parent environment
Loading required package: SAVER
loaded SAVER and set parent environment
Loading required package: SAVER
loaded SAVER and set parent environment
Loading required package: SAVER
loaded SAVER and set parent environment
Loading required package: SAVER
loaded SAVER and set parent environment
Loading required package: SAVER
loaded SAVER and set parent environment
Loading required package: SAVER
loaded SAVER and set parent environment
Loading required package: SAVER
loaded SAVER and set parent environment
Finished 8/1000 genes. Approximate finish time: 2026-02-07 16:29:10.931733
Calculating max cor cutoff...
loaded SAVER and set parent environment
loaded SAVER and set parent environment
loaded SAVER and set parent environment
loaded SAVER and set parent environment
loaded SAVER and set parent environment
loaded SAVER and set parent environment
loaded SAVER and set parent environment
loaded SAVER and set parent environment
Finished 100/1000 genes. Approximate finish time: 2026-02-07 16:30:12.344543
Calculating lambda coefficients...
loaded SAVER and set parent environment
loaded SAVER and set parent environment
loaded SAVER and set parent environment
loaded SAVER and set parent environment
loaded SAVER and set parent environment
loaded SAVER and set parent environment
loaded SAVER and set parent environment
loaded SAVER and set parent environment
Finished 200/1000 genes. Approximate finish time: 2026-02-07 16:30:42.120096
Predicting remaining genes...
loaded SAVER and set parent environment
loaded SAVER and set parent environment
loaded SAVER and set parent environment
loaded SAVER and set parent environment
loaded SAVER and set parent environment
loaded SAVER and set parent environment
loaded SAVER and set parent environment
loaded SAVER and set parent environment
Finished 400/1000 genes. Approximate finish time: 2026-02-07 16:34:02.693671
Predicting remaining genes...
loaded SAVER and set parent environment
loaded SAVER and set parent environment
loaded SAVER and set parent environment
loaded SAVER and set parent environment
loaded SAVER and set parent environment
loaded SAVER and set parent environment
loaded SAVER and set parent environment
loaded SAVER and set parent environment
Done!
Finish time: 2026-02-07 16:33:51.978937
Total time: 11.19342 mins
1000 genes, 21086 cells
starting worker pid=3937386 on localhost:11079 at 16:35:29.647
starting worker pid=3937387 on localhost:11079 at 16:35:29.647
starting worker pid=3937384 on localhost:11079 at 16:35:29.647
starting worker pid=3937385 on localhost:11079 at 16:35:29.647
starting worker pid=3937381 on localhost:11079 at 16:35:29.653
starting worker pid=3937388 on localhost:11079 at 16:35:29.653
starting worker pid=3937382 on localhost:11079 at 16:35:29.666
starting worker pid=3937383 on localhost:11079 at 16:35:29.666
Running SAVER with 8 worker(s)
Calculating predictions for 1000 genes using 970 genes and 21086 cells...
Start time: 2026-02-07 16:35:31.683532
Estimating finish time...
Loading required package: SAVER
loaded SAVER and set parent environment
Loading required package: SAVER
loaded SAVER and set parent environment
Loading required package: SAVER
loaded SAVER and set parent environment
Loading required package: SAVER
loaded SAVER and set parent environment
Loading required package: SAVER
loaded SAVER and set parent environment
Loading required package: SAVER
loaded SAVER and set parent environment
Loading required package: SAVER
loaded SAVER and set parent environment
Loading required package: SAVER
loaded SAVER and set parent environment
Finished 8/1000 genes. Approximate finish time: 2026-02-07 16:41:46.540372
Calculating max cor cutoff...
loaded SAVER and set parent environment
loaded SAVER and set parent environment
loaded SAVER and set parent environment
loaded SAVER and set parent environment
loaded SAVER and set parent environment
loaded SAVER and set parent environment
loaded SAVER and set parent environment
loaded SAVER and set parent environment
Finished 100/1000 genes. Approximate finish time: 2026-02-07 16:43:17.019965
Calculating lambda coefficients...
loaded SAVER and set parent environment
loaded SAVER and set parent environment
loaded SAVER and set parent environment
loaded SAVER and set parent environment
loaded SAVER and set parent environment
loaded SAVER and set parent environment
loaded SAVER and set parent environment
loaded SAVER and set parent environment
Finished 200/1000 genes. Approximate finish time: 2026-02-07 16:43:20.784147
Predicting remaining genes...
loaded SAVER and set parent environment
loaded SAVER and set parent environment
loaded SAVER and set parent environment
loaded SAVER and set parent environment
loaded SAVER and set parent environment
loaded SAVER and set parent environment
loaded SAVER and set parent environment
loaded SAVER and set parent environment
Finished 400/1000 genes. Approximate finish time: 2026-02-07 16:46:40.770991
Predicting remaining genes...
loaded SAVER and set parent environment
loaded SAVER and set parent environment
loaded SAVER and set parent environment
loaded SAVER and set parent environment
loaded SAVER and set parent environment
loaded SAVER and set parent environment
loaded SAVER and set parent environment
loaded SAVER and set parent environment
Done!
Finish time: 2026-02-07 16:46:38.636863
Total time: 11.11588 mins
1000 genes, 21086 cells
starting worker pid=238423 on localhost:11079 at 16:48:04.492
starting worker pid=238425 on localhost:11079 at 16:48:04.492
starting worker pid=238424 on localhost:11079 at 16:48:04.492
starting worker pid=238418 on localhost:11079 at 16:48:04.493
starting worker pid=238419 on localhost:11079 at 16:48:04.493
starting worker pid=238422 on localhost:11079 at 16:48:04.493
starting worker pid=238420 on localhost:11079 at 16:48:04.500
starting worker pid=238421 on localhost:11079 at 16:48:04.500
Running SAVER with 8 worker(s)
Calculating predictions for 1000 genes using 970 genes and 21086 cells...
Start time: 2026-02-07 16:48:07.523745
Estimating finish time...
Loading required package: SAVER
loaded SAVER and set parent environment
Loading required package: SAVER
loaded SAVER and set parent environment
Loading required package: SAVER
loaded SAVER and set parent environment
Loading required package: SAVER
loaded SAVER and set parent environment
Loading required package: SAVER
loaded SAVER and set parent environment
Loading required package: SAVER
loaded SAVER and set parent environment
Loading required package: SAVER
loaded SAVER and set parent environment
Loading required package: SAVER
loaded SAVER and set parent environment
Finished 8/1000 genes. Approximate finish time: 2026-02-07 16:54:07.551934
Calculating max cor cutoff...
loaded SAVER and set parent environment
loaded SAVER and set parent environment
loaded SAVER and set parent environment
loaded SAVER and set parent environment
loaded SAVER and set parent environment
loaded SAVER and set parent environment
loaded SAVER and set parent environment
loaded SAVER and set parent environment
Finished 100/1000 genes. Approximate finish time: 2026-02-07 16:55:30.406758
Calculating lambda coefficients...
loaded SAVER and set parent environment
loaded SAVER and set parent environment
loaded SAVER and set parent environment
loaded SAVER and set parent environment
loaded SAVER and set parent environment
loaded SAVER and set parent environment
loaded SAVER and set parent environment
loaded SAVER and set parent environment
Finished 200/1000 genes. Approximate finish time: 2026-02-07 16:55:40.983162
Predicting remaining genes...
loaded SAVER and set parent environment
loaded SAVER and set parent environment
loaded SAVER and set parent environment
loaded SAVER and set parent environment
loaded SAVER and set parent environment
loaded SAVER and set parent environment
loaded SAVER and set parent environment
loaded SAVER and set parent environment
Finished 400/1000 genes. Approximate finish time: 2026-02-07 16:59:05.33842
Predicting remaining genes...
loaded SAVER and set parent environment
loaded SAVER and set parent environment
loaded SAVER and set parent environment
loaded SAVER and set parent environment
loaded SAVER and set parent environment
loaded SAVER and set parent environment
loaded SAVER and set parent environment
loaded SAVER and set parent environment
Done!
Finish time: 2026-02-07 16:58:46.704568
Total time: 10.65301 mins

=== chen_top1000markers ===
Running saver x5...
  [saver] Using 8 worker(s).
1000 genes, 14437 cells
starting worker pid=258567 on localhost:11079 at 17:00:18.914
starting worker pid=258571 on localhost:11079 at 17:00:18.914
starting worker pid=258573 on localhost:11079 at 17:00:18.914
starting worker pid=258574 on localhost:11079 at 17:00:18.914
starting worker pid=258570 on localhost:11079 at 17:00:18.914
starting worker pid=258569 on localhost:11079 at 17:00:18.914
starting worker pid=258568 on localhost:11079 at 17:00:18.924
starting worker pid=258572 on localhost:11079 at 17:00:18.924
Running SAVER with 8 worker(s)
Calculating predictions for 1000 genes using 932 genes and 14437 cells...
Start time: 2026-02-07 17:00:20.793369
Estimating finish time...
Loading required package: SAVER
loaded SAVER and set parent environment
Loading required package: SAVER
loaded SAVER and set parent environment
Loading required package: SAVER
loaded SAVER and set parent environment
Loading required package: SAVER
loaded SAVER and set parent environment
Loading required package: SAVER
loaded SAVER and set parent environment
Loading required package: SAVER
loaded SAVER and set parent environment
Loading required package: SAVER
loaded SAVER and set parent environment
Loading required package: SAVER
loaded SAVER and set parent environment
Finished 8/1000 genes. Approximate finish time: 2026-02-07 17:05:47.284435
Calculating max cor cutoff...
loaded SAVER and set parent environment
loaded SAVER and set parent environment
loaded SAVER and set parent environment
loaded SAVER and set parent environment
loaded SAVER and set parent environment
loaded SAVER and set parent environment
loaded SAVER and set parent environment
loaded SAVER and set parent environment
Finished 100/1000 genes. Approximate finish time: 2026-02-07 17:07:38.839366
Calculating lambda coefficients...
loaded SAVER and set parent environment
loaded SAVER and set parent environment
loaded SAVER and set parent environment
loaded SAVER and set parent environment
loaded SAVER and set parent environment
loaded SAVER and set parent environment
loaded SAVER and set parent environment
loaded SAVER and set parent environment
Finished 200/1000 genes. Approximate finish time: 2026-02-07 17:08:46.996913
Predicting remaining genes...
loaded SAVER and set parent environment
loaded SAVER and set parent environment
loaded SAVER and set parent environment
loaded SAVER and set parent environment
loaded SAVER and set parent environment
loaded SAVER and set parent environment
loaded SAVER and set parent environment
loaded SAVER and set parent environment
Finished 400/1000 genes. Approximate finish time: 2026-02-07 17:10:55.160062
Predicting remaining genes...
loaded SAVER and set parent environment
loaded SAVER and set parent environment
loaded SAVER and set parent environment
loaded SAVER and set parent environment
loaded SAVER and set parent environment
loaded SAVER and set parent environment
loaded SAVER and set parent environment
loaded SAVER and set parent environment
Done!
Finish time: 2026-02-07 17:10:48.179041
Total time: 10.45642 mins
1000 genes, 14437 cells
starting worker pid=278420 on localhost:11079 at 17:11:51.024
starting worker pid=278419 on localhost:11079 at 17:11:51.024
starting worker pid=278416 on localhost:11079 at 17:11:51.024
starting worker pid=278415 on localhost:11079 at 17:11:51.025
starting worker pid=278417 on localhost:11079 at 17:11:51.027
starting worker pid=278418 on localhost:11079 at 17:11:51.027
starting worker pid=278413 on localhost:11079 at 17:11:51.046
starting worker pid=278414 on localhost:11079 at 17:11:51.046
Running SAVER with 8 worker(s)
Calculating predictions for 1000 genes using 932 genes and 14437 cells...
Start time: 2026-02-07 17:11:52.515005
Estimating finish time...
Loading required package: SAVER
loaded SAVER and set parent environment
Loading required package: SAVER
loaded SAVER and set parent environment
Loading required package: SAVER
loaded SAVER and set parent environment
Loading required package: SAVER
loaded SAVER and set parent environment
Loading required package: SAVER
loaded SAVER and set parent environment
Loading required package: SAVER
loaded SAVER and set parent environment
Loading required package: SAVER
loaded SAVER and set parent environment
Loading required package: SAVER
loaded SAVER and set parent environment
Finished 8/1000 genes. Approximate finish time: 2026-02-07 17:20:08.377128
Calculating max cor cutoff...
loaded SAVER and set parent environment
loaded SAVER and set parent environment
loaded SAVER and set parent environment
loaded SAVER and set parent environment
loaded SAVER and set parent environment
loaded SAVER and set parent environment
loaded SAVER and set parent environment
loaded SAVER and set parent environment
Finished 100/1000 genes. Approximate finish time: 2026-02-07 17:20:33.42489
Calculating lambda coefficients...
loaded SAVER and set parent environment
loaded SAVER and set parent environment
loaded SAVER and set parent environment
loaded SAVER and set parent environment
loaded SAVER and set parent environment
loaded SAVER and set parent environment
loaded SAVER and set parent environment
loaded SAVER and set parent environment
Finished 200/1000 genes. Approximate finish time: 2026-02-07 17:21:27.275026
Predicting remaining genes...
loaded SAVER and set parent environment
loaded SAVER and set parent environment
loaded SAVER and set parent environment
loaded SAVER and set parent environment
loaded SAVER and set parent environment
loaded SAVER and set parent environment
loaded SAVER and set parent environment
loaded SAVER and set parent environment
Finished 400/1000 genes. Approximate finish time: 2026-02-07 17:23:30.505718
Predicting remaining genes...
loaded SAVER and set parent environment
loaded SAVER and set parent environment
loaded SAVER and set parent environment
loaded SAVER and set parent environment
loaded SAVER and set parent environment
loaded SAVER and set parent environment
loaded SAVER and set parent environment
loaded SAVER and set parent environment
Done!
Finish time: 2026-02-07 17:23:26.41522
Total time: 11.565 mins
1000 genes, 14437 cells
starting worker pid=299930 on localhost:11079 at 17:24:35.187
starting worker pid=299933 on localhost:11079 at 17:24:35.187
starting worker pid=299934 on localhost:11079 at 17:24:35.187
starting worker pid=299929 on localhost:11079 at 17:24:35.187
starting worker pid=299931 on localhost:11079 at 17:24:35.187
starting worker pid=299932 on localhost:11079 at 17:24:35.192
starting worker pid=299936 on localhost:11079 at 17:24:35.194
starting worker pid=299935 on localhost:11079 at 17:24:35.194
Running SAVER with 8 worker(s)
Calculating predictions for 1000 genes using 932 genes and 14437 cells...
Start time: 2026-02-07 17:24:36.95103
Estimating finish time...
Loading required package: SAVER
loaded SAVER and set parent environment
Loading required package: SAVER
loaded SAVER and set parent environment
Loading required package: SAVER
loaded SAVER and set parent environment
Loading required package: SAVER
loaded SAVER and set parent environment
Loading required package: SAVER
loaded SAVER and set parent environment
Loading required package: SAVER
loaded SAVER and set parent environment
Loading required package: SAVER
loaded SAVER and set parent environment
Loading required package: SAVER
loaded SAVER and set parent environment
Finished 8/1000 genes. Approximate finish time: 2026-02-07 17:31:31.615077
Calculating max cor cutoff...
loaded SAVER and set parent environment
loaded SAVER and set parent environment
loaded SAVER and set parent environment
loaded SAVER and set parent environment
loaded SAVER and set parent environment
loaded SAVER and set parent environment
loaded SAVER and set parent environment
loaded SAVER and set parent environment
Finished 100/1000 genes. Approximate finish time: 2026-02-07 17:33:58.111692
Calculating lambda coefficients...
loaded SAVER and set parent environment
loaded SAVER and set parent environment
loaded SAVER and set parent environment
loaded SAVER and set parent environment
loaded SAVER and set parent environment
loaded SAVER and set parent environment
loaded SAVER and set parent environment
loaded SAVER and set parent environment
Finished 200/1000 genes. Approximate finish time: 2026-02-07 17:35:31.331371
Predicting remaining genes...
loaded SAVER and set parent environment
loaded SAVER and set parent environment
loaded SAVER and set parent environment
loaded SAVER and set parent environment
loaded SAVER and set parent environment
loaded SAVER and set parent environment
loaded SAVER and set parent environment
loaded SAVER and set parent environment
Finished 400/1000 genes. Approximate finish time: 2026-02-07 17:37:30.413579
Predicting remaining genes...
loaded SAVER and set parent environment
loaded SAVER and set parent environment
loaded SAVER and set parent environment
loaded SAVER and set parent environment
loaded SAVER and set parent environment
loaded SAVER and set parent environment
loaded SAVER and set parent environment
loaded SAVER and set parent environment
Done!
Finish time: 2026-02-07 17:37:29.138686
Total time: 12.86979 mins
1000 genes, 14437 cells
starting worker pid=322969 on localhost:11079 at 17:38:32.340
starting worker pid=322972 on localhost:11079 at 17:38:32.340
starting worker pid=322968 on localhost:11079 at 17:38:32.345
starting worker pid=322966 on localhost:11079 at 17:38:32.344
starting worker pid=322967 on localhost:11079 at 17:38:32.346
starting worker pid=322973 on localhost:11079 at 17:38:32.346
starting worker pid=322970 on localhost:11079 at 17:38:32.347
starting worker pid=322971 on localhost:11079 at 17:38:32.347
Running SAVER with 8 worker(s)
Calculating predictions for 1000 genes using 932 genes and 14437 cells...
Start time: 2026-02-07 17:38:33.527644
Estimating finish time...
Loading required package: SAVER
loaded SAVER and set parent environment
Loading required package: SAVER
loaded SAVER and set parent environment
Loading required package: SAVER
loaded SAVER and set parent environment
Loading required package: SAVER
loaded SAVER and set parent environment
Loading required package: SAVER
loaded SAVER and set parent environment
Loading required package: SAVER
loaded SAVER and set parent environment
Loading required package: SAVER
loaded SAVER and set parent environment
Loading required package: SAVER
loaded SAVER and set parent environment
Finished 8/1000 genes. Approximate finish time: 2026-02-07 17:43:49.146112
Calculating max cor cutoff...
loaded SAVER and set parent environment
loaded SAVER and set parent environment
loaded SAVER and set parent environment
loaded SAVER and set parent environment
loaded SAVER and set parent environment
loaded SAVER and set parent environment
loaded SAVER and set parent environment
loaded SAVER and set parent environment
Finished 100/1000 genes. Approximate finish time: 2026-02-07 17:45:56.602093
Calculating lambda coefficients...
loaded SAVER and set parent environment
loaded SAVER and set parent environment
loaded SAVER and set parent environment
loaded SAVER and set parent environment
loaded SAVER and set parent environment
loaded SAVER and set parent environment
loaded SAVER and set parent environment
loaded SAVER and set parent environment
Finished 200/1000 genes. Approximate finish time: 2026-02-07 17:46:33.670191
Predicting remaining genes...
loaded SAVER and set parent environment
loaded SAVER and set parent environment
loaded SAVER and set parent environment
loaded SAVER and set parent environment
loaded SAVER and set parent environment
loaded SAVER and set parent environment
loaded SAVER and set parent environment
loaded SAVER and set parent environment
Finished 400/1000 genes. Approximate finish time: 2026-02-07 17:48:39.46289
Predicting remaining genes...
loaded SAVER and set parent environment
loaded SAVER and set parent environment
loaded SAVER and set parent environment
loaded SAVER and set parent environment
loaded SAVER and set parent environment
loaded SAVER and set parent environment
loaded SAVER and set parent environment
loaded SAVER and set parent environment
Done!
Finish time: 2026-02-07 17:48:30.557194
Total time: 9.950488 mins
1000 genes, 14437 cells
starting worker pid=341677 on localhost:11079 at 17:49:34.248
starting worker pid=341674 on localhost:11079 at 17:49:34.249
starting worker pid=341679 on localhost:11079 at 17:49:34.259
starting worker pid=341676 on localhost:11079 at 17:49:34.259
starting worker pid=341680 on localhost:11079 at 17:49:34.259
starting worker pid=341675 on localhost:11079 at 17:49:34.259
starting worker pid=341678 on localhost:11079 at 17:49:34.265
starting worker pid=341673 on localhost:11079 at 17:49:34.271
Running SAVER with 8 worker(s)
Calculating predictions for 1000 genes using 932 genes and 14437 cells...
Start time: 2026-02-07 17:49:35.745523
Estimating finish time...
Loading required package: SAVER
loaded SAVER and set parent environment
Loading required package: SAVER
loaded SAVER and set parent environment
Loading required package: SAVER
loaded SAVER and set parent environment
Loading required package: SAVER
loaded SAVER and set parent environment
Loading required package: SAVER
loaded SAVER and set parent environment
Loading required package: SAVER
loaded SAVER and set parent environment
Loading required package: SAVER
loaded SAVER and set parent environment
Loading required package: SAVER
loaded SAVER and set parent environment
Finished 8/1000 genes. Approximate finish time: 2026-02-07 17:55:49.596445
Calculating max cor cutoff...
loaded SAVER and set parent environment
loaded SAVER and set parent environment
loaded SAVER and set parent environment
loaded SAVER and set parent environment
loaded SAVER and set parent environment
loaded SAVER and set parent environment
loaded SAVER and set parent environment
loaded SAVER and set parent environment
Finished 100/1000 genes. Approximate finish time: 2026-02-07 17:57:56.19192
Calculating lambda coefficients...
loaded SAVER and set parent environment
loaded SAVER and set parent environment
loaded SAVER and set parent environment
loaded SAVER and set parent environment
loaded SAVER and set parent environment
loaded SAVER and set parent environment
loaded SAVER and set parent environment
loaded SAVER and set parent environment
Finished 200/1000 genes. Approximate finish time: 2026-02-07 17:59:37.018212
Predicting remaining genes...
loaded SAVER and set parent environment
loaded SAVER and set parent environment
loaded SAVER and set parent environment
loaded SAVER and set parent environment
loaded SAVER and set parent environment
loaded SAVER and set parent environment
loaded SAVER and set parent environment
loaded SAVER and set parent environment
Finished 400/1000 genes. Approximate finish time: 2026-02-07 18:01:48.050823
Predicting remaining genes...
loaded SAVER and set parent environment
loaded SAVER and set parent environment
loaded SAVER and set parent environment
loaded SAVER and set parent environment
loaded SAVER and set parent environment
loaded SAVER and set parent environment
loaded SAVER and set parent environment
loaded SAVER and set parent environment
Done!
Finish time: 2026-02-07 18:01:41.439337
Total time: 12.09489 mins

=== macosko_top1000markers ===
Running saver x5...
  [saver] Using 8 worker(s).
1000 genes, 44808 cells
starting worker pid=363481 on localhost:11079 at 18:02:55.316
starting worker pid=363485 on localhost:11079 at 18:02:55.316
starting worker pid=363482 on localhost:11079 at 18:02:55.316
starting worker pid=363486 on localhost:11079 at 18:02:55.316
starting worker pid=363487 on localhost:11079 at 18:02:55.316
starting worker pid=363480 on localhost:11079 at 18:02:55.317
starting worker pid=363483 on localhost:11079 at 18:02:55.321
starting worker pid=363484 on localhost:11079 at 18:02:55.321
Running SAVER with 8 worker(s)
Calculating predictions for 1000 genes using 568 genes and 44808 cells...
Start time: 2026-02-07 18:02:59.425534
Estimating finish time...
Loading required package: SAVER
loaded SAVER and set parent environment
Loading required package: SAVER
loaded SAVER and set parent environment
Loading required package: SAVER
loaded SAVER and set parent environment
Loading required package: SAVER
loaded SAVER and set parent environment
Loading required package: SAVER
loaded SAVER and set parent environment
Loading required package: SAVER
loaded SAVER and set parent environment
Loading required package: SAVER
loaded SAVER and set parent environment
Loading required package: SAVER
loaded SAVER and set parent environment
Finished 8/1000 genes. Approximate finish time: 2026-02-07 18:15:35.664591
Calculating max cor cutoff...
loaded SAVER and set parent environment
loaded SAVER and set parent environment
loaded SAVER and set parent environment
loaded SAVER and set parent environment
loaded SAVER and set parent environment
loaded SAVER and set parent environment
loaded SAVER and set parent environment
loaded SAVER and set parent environment
Finished 100/1000 genes. Approximate finish time: 2026-02-07 18:26:43.702898
Calculating lambda coefficients...
loaded SAVER and set parent environment
loaded SAVER and set parent environment
loaded SAVER and set parent environment
loaded SAVER and set parent environment
loaded SAVER and set parent environment
loaded SAVER and set parent environment
loaded SAVER and set parent environment
loaded SAVER and set parent environment
Finished 200/1000 genes. Approximate finish time: 2026-02-07 18:37:36.702214
Predicting remaining genes...
loaded SAVER and set parent environment
loaded SAVER and set parent environment
loaded SAVER and set parent environment
loaded SAVER and set parent environment
loaded SAVER and set parent environment
loaded SAVER and set parent environment
loaded SAVER and set parent environment
loaded SAVER and set parent environment
Finished 400/1000 genes. Approximate finish time: 2026-02-07 18:43:13.55255
Predicting remaining genes...
loaded SAVER and set parent environment
loaded SAVER and set parent environment
loaded SAVER and set parent environment
loaded SAVER and set parent environment
loaded SAVER and set parent environment
loaded SAVER and set parent environment
loaded SAVER and set parent environment
loaded SAVER and set parent environment
Done!
Finish time: 2026-02-07 18:42:37.399293
Total time: 39.63289 mins
1000 genes, 44808 cells
starting worker pid=432635 on localhost:11079 at 18:44:47.086
starting worker pid=432637 on localhost:11079 at 18:44:47.086
starting worker pid=432636 on localhost:11079 at 18:44:47.086
starting worker pid=432633 on localhost:11079 at 18:44:47.090
starting worker pid=432632 on localhost:11079 at 18:44:47.090
starting worker pid=432634 on localhost:11079 at 18:44:47.101
starting worker pid=432638 on localhost:11079 at 18:44:47.104
starting worker pid=432639 on localhost:11079 at 18:44:47.104
Running SAVER with 8 worker(s)
Calculating predictions for 1000 genes using 568 genes and 44808 cells...
Start time: 2026-02-07 18:44:50.283381
Estimating finish time...
Loading required package: SAVER
loaded SAVER and set parent environment
Loading required package: SAVER
loaded SAVER and set parent environment
Loading required package: SAVER
loaded SAVER and set parent environment
Loading required package: SAVER
loaded SAVER and set parent environment
Loading required package: SAVER
loaded SAVER and set parent environment
Loading required package: SAVER
loaded SAVER and set parent environment
Loading required package: SAVER
loaded SAVER and set parent environment
Loading required package: SAVER
loaded SAVER and set parent environment
Finished 8/1000 genes. Approximate finish time: 2026-02-07 18:58:45.46137
Calculating max cor cutoff...
loaded SAVER and set parent environment
loaded SAVER and set parent environment
loaded SAVER and set parent environment
loaded SAVER and set parent environment
loaded SAVER and set parent environment
loaded SAVER and set parent environment
loaded SAVER and set parent environment
loaded SAVER and set parent environment
Finished 100/1000 genes. Approximate finish time: 2026-02-07 19:13:21.846961
Calculating lambda coefficients...
loaded SAVER and set parent environment
loaded SAVER and set parent environment
loaded SAVER and set parent environment
loaded SAVER and set parent environment
loaded SAVER and set parent environment
loaded SAVER and set parent environment
loaded SAVER and set parent environment
loaded SAVER and set parent environment
Finished 200/1000 genes. Approximate finish time: 2026-02-07 19:29:20.273009
Predicting remaining genes...
loaded SAVER and set parent environment
loaded SAVER and set parent environment
loaded SAVER and set parent environment
loaded SAVER and set parent environment
loaded SAVER and set parent environment
loaded SAVER and set parent environment
loaded SAVER and set parent environment
loaded SAVER and set parent environment
Finished 400/1000 genes. Approximate finish time: 2026-02-07 19:35:21.098204
Predicting remaining genes...
loaded SAVER and set parent environment
loaded SAVER and set parent environment
loaded SAVER and set parent environment
loaded SAVER and set parent environment
loaded SAVER and set parent environment
loaded SAVER and set parent environment
loaded SAVER and set parent environment
loaded SAVER and set parent environment
Done!
Finish time: 2026-02-07 19:34:49.197757
Total time: 49.9819 mins
1000 genes, 44808 cells
starting worker pid=518561 on localhost:11079 at 19:36:57.501
starting worker pid=518560 on localhost:11079 at 19:36:57.501
starting worker pid=518565 on localhost:11079 at 19:36:57.501
starting worker pid=518562 on localhost:11079 at 19:36:57.501
starting worker pid=518564 on localhost:11079 at 19:36:57.501
starting worker pid=518566 on localhost:11079 at 19:36:57.504
starting worker pid=518563 on localhost:11079 at 19:36:57.508
starting worker pid=518567 on localhost:11079 at 19:36:57.508
Running SAVER with 8 worker(s)
Calculating predictions for 1000 genes using 568 genes and 44808 cells...
Start time: 2026-02-07 19:37:00.745362
Estimating finish time...
Loading required package: SAVER
loaded SAVER and set parent environment
Loading required package: SAVER
loaded SAVER and set parent environment
Loading required package: SAVER
loaded SAVER and set parent environment
Loading required package: SAVER
loaded SAVER and set parent environment
Loading required package: SAVER
loaded SAVER and set parent environment
Loading required package: SAVER
loaded SAVER and set parent environment
Loading required package: SAVER
loaded SAVER and set parent environment
Loading required package: SAVER
loaded SAVER and set parent environment
Finished 8/1000 genes. Approximate finish time: 2026-02-07 19:53:56.891223
Calculating max cor cutoff...
loaded SAVER and set parent environment
loaded SAVER and set parent environment
loaded SAVER and set parent environment
loaded SAVER and set parent environment
loaded SAVER and set parent environment
loaded SAVER and set parent environment
loaded SAVER and set parent environment
loaded SAVER and set parent environment
Finished 100/1000 genes. Approximate finish time: 2026-02-07 20:00:55.332472
Calculating lambda coefficients...
loaded SAVER and set parent environment
loaded SAVER and set parent environment
loaded SAVER and set parent environment
loaded SAVER and set parent environment
loaded SAVER and set parent environment
loaded SAVER and set parent environment
loaded SAVER and set parent environment
loaded SAVER and set parent environment
Finished 200/1000 genes. Approximate finish time: 2026-02-07 20:14:27.392227
Predicting remaining genes...
loaded SAVER and set parent environment
loaded SAVER and set parent environment
loaded SAVER and set parent environment
loaded SAVER and set parent environment
loaded SAVER and set parent environment
loaded SAVER and set parent environment
loaded SAVER and set parent environment
loaded SAVER and set parent environment
Finished 400/1000 genes. Approximate finish time: 2026-02-07 20:20:12.19439
Predicting remaining genes...
loaded SAVER and set parent environment
loaded SAVER and set parent environment
loaded SAVER and set parent environment
loaded SAVER and set parent environment
loaded SAVER and set parent environment
loaded SAVER and set parent environment
loaded SAVER and set parent environment
loaded SAVER and set parent environment
Done!
Finish time: 2026-02-07 20:19:52.948178
Total time: 42.87004 mins
1000 genes, 44808 cells
starting worker pid=592886 on localhost:11079 at 20:22:02.187
starting worker pid=592888 on localhost:11079 at 20:22:02.187
starting worker pid=592887 on localhost:11079 at 20:22:02.187
starting worker pid=592882 on localhost:11079 at 20:22:02.187
starting worker pid=592881 on localhost:11079 at 20:22:02.192
starting worker pid=592884 on localhost:11079 at 20:22:02.193
starting worker pid=592885 on localhost:11079 at 20:22:02.208
starting worker pid=592883 on localhost:11079 at 20:22:02.208
Running SAVER with 8 worker(s)
Calculating predictions for 1000 genes using 568 genes and 44808 cells...
Start time: 2026-02-07 20:22:05.504617
Estimating finish time...
Loading required package: SAVER
loaded SAVER and set parent environment
Loading required package: SAVER
loaded SAVER and set parent environment
Loading required package: SAVER
loaded SAVER and set parent environment
Loading required package: SAVER
loaded SAVER and set parent environment
Loading required package: SAVER
loaded SAVER and set parent environment
Loading required package: SAVER
loaded SAVER and set parent environment
Loading required package: SAVER
loaded SAVER and set parent environment
Loading required package: SAVER
loaded SAVER and set parent environment
Finished 8/1000 genes. Approximate finish time: 2026-02-07 20:35:03.653143
Calculating max cor cutoff...
loaded SAVER and set parent environment
loaded SAVER and set parent environment
loaded SAVER and set parent environment
loaded SAVER and set parent environment
loaded SAVER and set parent environment
loaded SAVER and set parent environment
loaded SAVER and set parent environment
loaded SAVER and set parent environment
Finished 100/1000 genes. Approximate finish time: 2026-02-07 20:48:26.74432
Calculating lambda coefficients...
loaded SAVER and set parent environment
loaded SAVER and set parent environment
loaded SAVER and set parent environment
loaded SAVER and set parent environment
loaded SAVER and set parent environment
loaded SAVER and set parent environment
loaded SAVER and set parent environment
loaded SAVER and set parent environment
Finished 200/1000 genes. Approximate finish time: 2026-02-07 20:57:52.76287
Predicting remaining genes...
loaded SAVER and set parent environment
loaded SAVER and set parent environment
loaded SAVER and set parent environment
loaded SAVER and set parent environment
loaded SAVER and set parent environment
loaded SAVER and set parent environment
loaded SAVER and set parent environment
loaded SAVER and set parent environment
Finished 400/1000 genes. Approximate finish time: 2026-02-07 21:03:33.213607
Predicting remaining genes...
loaded SAVER and set parent environment
loaded SAVER and set parent environment
loaded SAVER and set parent environment
loaded SAVER and set parent environment
loaded SAVER and set parent environment
loaded SAVER and set parent environment
loaded SAVER and set parent environment
loaded SAVER and set parent environment
Done!
Finish time: 2026-02-07 21:03:01.992743
Total time: 40.94146 mins
1000 genes, 44808 cells
starting worker pid=665885 on localhost:11079 at 21:05:12.668
starting worker pid=665880 on localhost:11079 at 21:05:12.668
starting worker pid=665882 on localhost:11079 at 21:05:12.668
starting worker pid=665884 on localhost:11079 at 21:05:12.668
starting worker pid=665887 on localhost:11079 at 21:05:12.668
starting worker pid=665883 on localhost:11079 at 21:05:12.668
starting worker pid=665886 on localhost:11079 at 21:05:12.673
starting worker pid=665881 on localhost:11079 at 21:05:12.673
Running SAVER with 8 worker(s)
Calculating predictions for 1000 genes using 568 genes and 44808 cells...
Start time: 2026-02-07 21:05:15.554276
Estimating finish time...
Loading required package: SAVER
loaded SAVER and set parent environment
Loading required package: SAVER
loaded SAVER and set parent environment
Loading required package: SAVER
loaded SAVER and set parent environment
Loading required package: SAVER
loaded SAVER and set parent environment
Loading required package: SAVER
loaded SAVER and set parent environment
Loading required package: SAVER
loaded SAVER and set parent environment
Loading required package: SAVER
loaded SAVER and set parent environment
Loading required package: SAVER
loaded SAVER and set parent environment
Finished 8/1000 genes. Approximate finish time: 2026-02-07 21:18:44.986733
Calculating max cor cutoff...
loaded SAVER and set parent environment
loaded SAVER and set parent environment
loaded SAVER and set parent environment
loaded SAVER and set parent environment
loaded SAVER and set parent environment
loaded SAVER and set parent environment
loaded SAVER and set parent environment
loaded SAVER and set parent environment
Finished 100/1000 genes. Approximate finish time: 2026-02-07 21:28:45.014632
Calculating lambda coefficients...
loaded SAVER and set parent environment
loaded SAVER and set parent environment
loaded SAVER and set parent environment
loaded SAVER and set parent environment
loaded SAVER and set parent environment
loaded SAVER and set parent environment
loaded SAVER and set parent environment
loaded SAVER and set parent environment
Finished 200/1000 genes. Approximate finish time: 2026-02-07 21:42:59.688409
Predicting remaining genes...
loaded SAVER and set parent environment
loaded SAVER and set parent environment
loaded SAVER and set parent environment
loaded SAVER and set parent environment
loaded SAVER and set parent environment
loaded SAVER and set parent environment
loaded SAVER and set parent environment
loaded SAVER and set parent environment
Finished 400/1000 genes. Approximate finish time: 2026-02-07 21:48:23.481046
Predicting remaining genes...
loaded SAVER and set parent environment
loaded SAVER and set parent environment
loaded SAVER and set parent environment
loaded SAVER and set parent environment
loaded SAVER and set parent environment
loaded SAVER and set parent environment
loaded SAVER and set parent environment
loaded SAVER and set parent environment
Done!
Finish time: 2026-02-07 21:48:04.765405
Total time: 42.82018 mins

=== manno_human_top1000markers ===
Running saver x5...
  [saver] Using 8 worker(s).
1000 genes, 4029 cells
starting worker pid=739873 on localhost:11079 at 21:50:04.367
starting worker pid=739871 on localhost:11079 at 21:50:04.367
starting worker pid=739875 on localhost:11079 at 21:50:04.376
starting worker pid=739874 on localhost:11079 at 21:50:04.376
starting worker pid=739868 on localhost:11079 at 21:50:04.376
starting worker pid=739872 on localhost:11079 at 21:50:04.376
starting worker pid=739870 on localhost:11079 at 21:50:04.389
starting worker pid=739869 on localhost:11079 at 21:50:04.389
Running SAVER with 8 worker(s)
Calculating predictions for 1000 genes using 974 genes and 4029 cells...
Start time: 2026-02-07 21:50:04.726266
Estimating finish time...
Loading required package: SAVER
loaded SAVER and set parent environment
Loading required package: SAVER
loaded SAVER and set parent environment
Loading required package: SAVER
loaded SAVER and set parent environment
Loading required package: SAVER
loaded SAVER and set parent environment
Loading required package: SAVER
loaded SAVER and set parent environment
Loading required package: SAVER
loaded SAVER and set parent environment
Loading required package: SAVER
loaded SAVER and set parent environment
Loading required package: SAVER
loaded SAVER and set parent environment
Finished 8/1000 genes. Approximate finish time: 2026-02-07 21:52:01.512455
Calculating max cor cutoff...
loaded SAVER and set parent environment
loaded SAVER and set parent environment
loaded SAVER and set parent environment
loaded SAVER and set parent environment
loaded SAVER and set parent environment
loaded SAVER and set parent environment
loaded SAVER and set parent environment
loaded SAVER and set parent environment
Finished 100/1000 genes. Approximate finish time: 2026-02-07 21:51:57.274916
Calculating lambda coefficients...
loaded SAVER and set parent environment
loaded SAVER and set parent environment
loaded SAVER and set parent environment
loaded SAVER and set parent environment
loaded SAVER and set parent environment
loaded SAVER and set parent environment
loaded SAVER and set parent environment
loaded SAVER and set parent environment
Finished 200/1000 genes. Approximate finish time: 2026-02-07 21:52:33.238834
Predicting remaining genes...
loaded SAVER and set parent environment
loaded SAVER and set parent environment
loaded SAVER and set parent environment
loaded SAVER and set parent environment
loaded SAVER and set parent environment
loaded SAVER and set parent environment
loaded SAVER and set parent environment
loaded SAVER and set parent environment
Finished 400/1000 genes. Approximate finish time: 2026-02-07 21:52:48.268216
Predicting remaining genes...
loaded SAVER and set parent environment
loaded SAVER and set parent environment
loaded SAVER and set parent environment
loaded SAVER and set parent environment
loaded SAVER and set parent environment
loaded SAVER and set parent environment
loaded SAVER and set parent environment
loaded SAVER and set parent environment
Done!
Finish time: 2026-02-07 21:52:49.207393
Total time: 2.741348 mins
1000 genes, 4029 cells
starting worker pid=744597 on localhost:11079 at 21:52:57.672
starting worker pid=744599 on localhost:11079 at 21:52:57.672
starting worker pid=744601 on localhost:11079 at 21:52:57.672
starting worker pid=744603 on localhost:11079 at 21:52:57.672
starting worker pid=744600 on localhost:11079 at 21:52:57.672
starting worker pid=744598 on localhost:11079 at 21:52:57.672
starting worker pid=744596 on localhost:11079 at 21:52:57.673
starting worker pid=744602 on localhost:11079 at 21:52:57.673
Running SAVER with 8 worker(s)
Calculating predictions for 1000 genes using 974 genes and 4029 cells...
Start time: 2026-02-07 21:52:57.923032
Estimating finish time...
Loading required package: SAVER
loaded SAVER and set parent environment
Loading required package: SAVER
loaded SAVER and set parent environment
Loading required package: SAVER
loaded SAVER and set parent environment
Loading required package: SAVER
loaded SAVER and set parent environment
Loading required package: SAVER
loaded SAVER and set parent environment
Loading required package: SAVER
loaded SAVER and set parent environment
Loading required package: SAVER
loaded SAVER and set parent environment
Loading required package: SAVER
loaded SAVER and set parent environment
Finished 8/1000 genes. Approximate finish time: 2026-02-07 21:54:31.952701
Calculating max cor cutoff...
loaded SAVER and set parent environment
loaded SAVER and set parent environment
loaded SAVER and set parent environment
loaded SAVER and set parent environment
loaded SAVER and set parent environment
loaded SAVER and set parent environment
loaded SAVER and set parent environment
loaded SAVER and set parent environment
Finished 100/1000 genes. Approximate finish time: 2026-02-07 21:54:39.448911
Calculating lambda coefficients...
loaded SAVER and set parent environment
loaded SAVER and set parent environment
loaded SAVER and set parent environment
loaded SAVER and set parent environment
loaded SAVER and set parent environment
loaded SAVER and set parent environment
loaded SAVER and set parent environment
loaded SAVER and set parent environment
Finished 200/1000 genes. Approximate finish time: 2026-02-07 21:55:43.693017
Predicting remaining genes...
loaded SAVER and set parent environment
loaded SAVER and set parent environment
loaded SAVER and set parent environment
loaded SAVER and set parent environment
loaded SAVER and set parent environment
loaded SAVER and set parent environment
loaded SAVER and set parent environment
loaded SAVER and set parent environment
Finished 400/1000 genes. Approximate finish time: 2026-02-07 21:56:02.881035
Predicting remaining genes...
loaded SAVER and set parent environment
loaded SAVER and set parent environment
loaded SAVER and set parent environment
loaded SAVER and set parent environment
loaded SAVER and set parent environment
loaded SAVER and set parent environment
loaded SAVER and set parent environment
loaded SAVER and set parent environment
Done!
Finish time: 2026-02-07 21:55:59.683335
Total time: 3.029335 mins
1000 genes, 4029 cells
starting worker pid=750129 on localhost:11079 at 21:56:08.618
starting worker pid=750128 on localhost:11079 at 21:56:08.618
starting worker pid=750131 on localhost:11079 at 21:56:08.618
starting worker pid=750130 on localhost:11079 at 21:56:08.618
starting worker pid=750133 on localhost:11079 at 21:56:08.618
starting worker pid=750132 on localhost:11079 at 21:56:08.618
starting worker pid=750134 on localhost:11079 at 21:56:08.618
starting worker pid=750135 on localhost:11079 at 21:56:08.618
Running SAVER with 8 worker(s)
Calculating predictions for 1000 genes using 974 genes and 4029 cells...
Start time: 2026-02-07 21:56:08.980392
Estimating finish time...
Loading required package: SAVER
loaded SAVER and set parent environment
Loading required package: SAVER
loaded SAVER and set parent environment
Loading required package: SAVER
loaded SAVER and set parent environment
Loading required package: SAVER
loaded SAVER and set parent environment
Loading required package: SAVER
loaded SAVER and set parent environment
Loading required package: SAVER
loaded SAVER and set parent environment
Loading required package: SAVER
loaded SAVER and set parent environment
Loading required package: SAVER
loaded SAVER and set parent environment
Finished 8/1000 genes. Approximate finish time: 2026-02-07 21:57:57.739637
Calculating max cor cutoff...
loaded SAVER and set parent environment
loaded SAVER and set parent environment
loaded SAVER and set parent environment
loaded SAVER and set parent environment
loaded SAVER and set parent environment
loaded SAVER and set parent environment
loaded SAVER and set parent environment
loaded SAVER and set parent environment
Finished 100/1000 genes. Approximate finish time: 2026-02-07 21:57:58.277946
Calculating lambda coefficients...
loaded SAVER and set parent environment
loaded SAVER and set parent environment
loaded SAVER and set parent environment
loaded SAVER and set parent environment
loaded SAVER and set parent environment
loaded SAVER and set parent environment
loaded SAVER and set parent environment
loaded SAVER and set parent environment
Finished 200/1000 genes. Approximate finish time: 2026-02-07 21:58:02.376517
Predicting remaining genes...
loaded SAVER and set parent environment
loaded SAVER and set parent environment
loaded SAVER and set parent environment
loaded SAVER and set parent environment
loaded SAVER and set parent environment
loaded SAVER and set parent environment
loaded SAVER and set parent environment
loaded SAVER and set parent environment
Finished 400/1000 genes. Approximate finish time: 2026-02-07 21:58:20.004168
Predicting remaining genes...
loaded SAVER and set parent environment
loaded SAVER and set parent environment
loaded SAVER and set parent environment
loaded SAVER and set parent environment
loaded SAVER and set parent environment
loaded SAVER and set parent environment
loaded SAVER and set parent environment
loaded SAVER and set parent environment
Done!
Finish time: 2026-02-07 21:58:19.586367
Total time: 2.176762 mins
1000 genes, 4029 cells
starting worker pid=754298 on localhost:11079 at 21:58:28.553
starting worker pid=754295 on localhost:11079 at 21:58:28.553
starting worker pid=754293 on localhost:11079 at 21:58:28.553
starting worker pid=754292 on localhost:11079 at 21:58:28.553
starting worker pid=754296 on localhost:11079 at 21:58:28.553
starting worker pid=754294 on localhost:11079 at 21:58:28.553
starting worker pid=754297 on localhost:11079 at 21:58:28.557
starting worker pid=754291 on localhost:11079 at 21:58:28.557
Running SAVER with 8 worker(s)
Calculating predictions for 1000 genes using 974 genes and 4029 cells...
Start time: 2026-02-07 21:58:28.81079
Estimating finish time...
Loading required package: SAVER
loaded SAVER and set parent environment
Loading required package: SAVER
loaded SAVER and set parent environment
Loading required package: SAVER
loaded SAVER and set parent environment
Loading required package: SAVER
loaded SAVER and set parent environment
Loading required package: SAVER
loaded SAVER and set parent environment
Loading required package: SAVER
loaded SAVER and set parent environment
Loading required package: SAVER
loaded SAVER and set parent environment
Loading required package: SAVER
loaded SAVER and set parent environment
Finished 8/1000 genes. Approximate finish time: 2026-02-07 22:00:50.400003
Calculating max cor cutoff...
loaded SAVER and set parent environment
loaded SAVER and set parent environment
loaded SAVER and set parent environment
loaded SAVER and set parent environment
loaded SAVER and set parent environment
loaded SAVER and set parent environment
loaded SAVER and set parent environment
loaded SAVER and set parent environment
Finished 100/1000 genes. Approximate finish time: 2026-02-07 22:00:27.156421
Calculating lambda coefficients...
loaded SAVER and set parent environment
loaded SAVER and set parent environment
loaded SAVER and set parent environment
loaded SAVER and set parent environment
loaded SAVER and set parent environment
loaded SAVER and set parent environment
loaded SAVER and set parent environment
loaded SAVER and set parent environment
Finished 200/1000 genes. Approximate finish time: 2026-02-07 22:01:05.274863
Predicting remaining genes...
loaded SAVER and set parent environment
loaded SAVER and set parent environment
loaded SAVER and set parent environment
loaded SAVER and set parent environment
loaded SAVER and set parent environment
loaded SAVER and set parent environment
loaded SAVER and set parent environment
loaded SAVER and set parent environment
Finished 400/1000 genes. Approximate finish time: 2026-02-07 22:01:19.77554
Predicting remaining genes...
loaded SAVER and set parent environment
loaded SAVER and set parent environment
loaded SAVER and set parent environment
loaded SAVER and set parent environment
loaded SAVER and set parent environment
loaded SAVER and set parent environment
loaded SAVER and set parent environment
loaded SAVER and set parent environment
Done!
Finish time: 2026-02-07 22:01:19.746385
Total time: 2.848923 mins
1000 genes, 4029 cells
starting worker pid=759350 on localhost:11079 at 22:01:28.885
starting worker pid=759352 on localhost:11079 at 22:01:28.885
starting worker pid=759354 on localhost:11079 at 22:01:28.886
starting worker pid=759349 on localhost:11079 at 22:01:28.886
starting worker pid=759348 on localhost:11079 at 22:01:28.889
starting worker pid=759351 on localhost:11079 at 22:01:28.889
starting worker pid=759355 on localhost:11079 at 22:01:28.896
starting worker pid=759353 on localhost:11079 at 22:01:28.896
Running SAVER with 8 worker(s)
Calculating predictions for 1000 genes using 974 genes and 4029 cells...
Start time: 2026-02-07 22:01:29.137243
Estimating finish time...
Loading required package: SAVER
loaded SAVER and set parent environment
Loading required package: SAVER
loaded SAVER and set parent environment
Loading required package: SAVER
loaded SAVER and set parent environment
Loading required package: SAVER
loaded SAVER and set parent environment
Loading required package: SAVER
loaded SAVER and set parent environment
Loading required package: SAVER
loaded SAVER and set parent environment
Loading required package: SAVER
loaded SAVER and set parent environment
Loading required package: SAVER
loaded SAVER and set parent environment
Finished 8/1000 genes. Approximate finish time: 2026-02-07 22:03:05.732116
Calculating max cor cutoff...
loaded SAVER and set parent environment
loaded SAVER and set parent environment
loaded SAVER and set parent environment
loaded SAVER and set parent environment
loaded SAVER and set parent environment
loaded SAVER and set parent environment
loaded SAVER and set parent environment
loaded SAVER and set parent environment
Finished 100/1000 genes. Approximate finish time: 2026-02-07 22:03:30.205795
Calculating lambda coefficients...
loaded SAVER and set parent environment
loaded SAVER and set parent environment
loaded SAVER and set parent environment
loaded SAVER and set parent environment
loaded SAVER and set parent environment
loaded SAVER and set parent environment
loaded SAVER and set parent environment
loaded SAVER and set parent environment
Finished 200/1000 genes. Approximate finish time: 2026-02-07 22:03:33.464517
Predicting remaining genes...
loaded SAVER and set parent environment
loaded SAVER and set parent environment
loaded SAVER and set parent environment
loaded SAVER and set parent environment
loaded SAVER and set parent environment
loaded SAVER and set parent environment
loaded SAVER and set parent environment
loaded SAVER and set parent environment
Finished 400/1000 genes. Approximate finish time: 2026-02-07 22:03:49.197046
Predicting remaining genes...
loaded SAVER and set parent environment
loaded SAVER and set parent environment
loaded SAVER and set parent environment
loaded SAVER and set parent environment
loaded SAVER and set parent environment
loaded SAVER and set parent environment
loaded SAVER and set parent environment
loaded SAVER and set parent environment
Done!
Finish time: 2026-02-07 22:03:49.671449
Total time: 2.342233 mins

=== manno_mouse_top1000markers ===
Running saver x5...
  [saver] Using 8 worker(s).
1000 genes, 2150 cells
starting worker pid=763451 on localhost:11079 at 22:03:59.080
starting worker pid=763449 on localhost:11079 at 22:03:59.080
starting worker pid=763452 on localhost:11079 at 22:03:59.080
starting worker pid=763454 on localhost:11079 at 22:03:59.080
starting worker pid=763450 on localhost:11079 at 22:03:59.080
starting worker pid=763456 on localhost:11079 at 22:03:59.080
starting worker pid=763453 on localhost:11079 at 22:03:59.080
starting worker pid=763455 on localhost:11079 at 22:03:59.080
Running SAVER with 8 worker(s)
Calculating predictions for 1000 genes using 967 genes and 2150 cells...
Start time: 2026-02-07 22:03:59.208768
Estimating finish time...
Loading required package: SAVER
loaded SAVER and set parent environment
Loading required package: SAVER
loaded SAVER and set parent environment
Loading required package: SAVER
loaded SAVER and set parent environment
Loading required package: SAVER
loaded SAVER and set parent environment
Loading required package: SAVER
loaded SAVER and set parent environment
Loading required package: SAVER
loaded SAVER and set parent environment
Loading required package: SAVER
loaded SAVER and set parent environment
Loading required package: SAVER
loaded SAVER and set parent environment
Finished 8/1000 genes. Approximate finish time: 2026-02-07 22:05:02.385653
Calculating max cor cutoff...
loaded SAVER and set parent environment
loaded SAVER and set parent environment
loaded SAVER and set parent environment
loaded SAVER and set parent environment
loaded SAVER and set parent environment
loaded SAVER and set parent environment
loaded SAVER and set parent environment
loaded SAVER and set parent environment
Finished 100/1000 genes. Approximate finish time: 2026-02-07 22:05:11.853954
Calculating lambda coefficients...
loaded SAVER and set parent environment
loaded SAVER and set parent environment
loaded SAVER and set parent environment
loaded SAVER and set parent environment
loaded SAVER and set parent environment
loaded SAVER and set parent environment
loaded SAVER and set parent environment
loaded SAVER and set parent environment
Finished 200/1000 genes. Approximate finish time: 2026-02-07 22:05:12.83656
Predicting remaining genes...
loaded SAVER and set parent environment
loaded SAVER and set parent environment
loaded SAVER and set parent environment
loaded SAVER and set parent environment
loaded SAVER and set parent environment
loaded SAVER and set parent environment
loaded SAVER and set parent environment
loaded SAVER and set parent environment
Finished 400/1000 genes. Approximate finish time: 2026-02-07 22:05:16.426897
Predicting remaining genes...
loaded SAVER and set parent environment
loaded SAVER and set parent environment
loaded SAVER and set parent environment
loaded SAVER and set parent environment
loaded SAVER and set parent environment
loaded SAVER and set parent environment
loaded SAVER and set parent environment
loaded SAVER and set parent environment
Done!
Finish time: 2026-02-07 22:05:15.473557
Total time: 1.271076 mins
1000 genes, 2150 cells
starting worker pid=765751 on localhost:11079 at 22:05:18.088
starting worker pid=765757 on localhost:11079 at 22:05:18.088
starting worker pid=765755 on localhost:11079 at 22:05:18.088
starting worker pid=765752 on localhost:11079 at 22:05:18.088
starting worker pid=765756 on localhost:11079 at 22:05:18.094
starting worker pid=765758 on localhost:11079 at 22:05:18.093
starting worker pid=765754 on localhost:11079 at 22:05:18.093
starting worker pid=765753 on localhost:11079 at 22:05:18.095
Running SAVER with 8 worker(s)
Calculating predictions for 1000 genes using 967 genes and 2150 cells...
Start time: 2026-02-07 22:05:18.218946
Estimating finish time...
Loading required package: SAVER
loaded SAVER and set parent environment
Loading required package: SAVER
loaded SAVER and set parent environment
Loading required package: SAVER
loaded SAVER and set parent environment
Loading required package: SAVER
loaded SAVER and set parent environment
Loading required package: SAVER
loaded SAVER and set parent environment
Loading required package: SAVER
loaded SAVER and set parent environment
Loading required package: SAVER
loaded SAVER and set parent environment
Loading required package: SAVER
loaded SAVER and set parent environment
Finished 8/1000 genes. Approximate finish time: 2026-02-07 22:06:37.10905
Calculating max cor cutoff...
loaded SAVER and set parent environment
loaded SAVER and set parent environment
loaded SAVER and set parent environment
loaded SAVER and set parent environment
loaded SAVER and set parent environment
loaded SAVER and set parent environment
loaded SAVER and set parent environment
loaded SAVER and set parent environment
Finished 100/1000 genes. Approximate finish time: 2026-02-07 22:06:29.479634
Calculating lambda coefficients...
loaded SAVER and set parent environment
loaded SAVER and set parent environment
loaded SAVER and set parent environment
loaded SAVER and set parent environment
loaded SAVER and set parent environment
loaded SAVER and set parent environment
loaded SAVER and set parent environment
loaded SAVER and set parent environment
Finished 200/1000 genes. Approximate finish time: 2026-02-07 22:06:51.227381
Predicting remaining genes...
loaded SAVER and set parent environment
loaded SAVER and set parent environment
loaded SAVER and set parent environment
loaded SAVER and set parent environment
loaded SAVER and set parent environment
loaded SAVER and set parent environment
loaded SAVER and set parent environment
loaded SAVER and set parent environment
Finished 400/1000 genes. Approximate finish time: 2026-02-07 22:06:54.554595
Predicting remaining genes...
loaded SAVER and set parent environment
loaded SAVER and set parent environment
loaded SAVER and set parent environment
loaded SAVER and set parent environment
loaded SAVER and set parent environment
loaded SAVER and set parent environment
loaded SAVER and set parent environment
loaded SAVER and set parent environment
Done!
Finish time: 2026-02-07 22:06:53.797528
Total time: 1.592973 mins
1000 genes, 2150 cells
starting worker pid=768808 on localhost:11079 at 22:06:56.786
starting worker pid=768812 on localhost:11079 at 22:06:56.786
starting worker pid=768810 on localhost:11079 at 22:06:56.786
starting worker pid=768806 on localhost:11079 at 22:06:56.786
starting worker pid=768811 on localhost:11079 at 22:06:56.787
starting worker pid=768807 on localhost:11079 at 22:06:56.788
starting worker pid=768813 on localhost:11079 at 22:06:56.793
starting worker pid=768809 on localhost:11079 at 22:06:56.793
Running SAVER with 8 worker(s)
Calculating predictions for 1000 genes using 967 genes and 2150 cells...
Start time: 2026-02-07 22:06:56.910617
Estimating finish time...
Loading required package: SAVER
loaded SAVER and set parent environment
Loading required package: SAVER
loaded SAVER and set parent environment
Loading required package: SAVER
loaded SAVER and set parent environment
Loading required package: SAVER
loaded SAVER and set parent environment
Loading required package: SAVER
loaded SAVER and set parent environment
Loading required package: SAVER
loaded SAVER and set parent environment
Loading required package: SAVER
loaded SAVER and set parent environment
Loading required package: SAVER
loaded SAVER and set parent environment
Finished 8/1000 genes. Approximate finish time: 2026-02-07 22:07:53.225616
Calculating max cor cutoff...
loaded SAVER and set parent environment
loaded SAVER and set parent environment
loaded SAVER and set parent environment
loaded SAVER and set parent environment
loaded SAVER and set parent environment
loaded SAVER and set parent environment
loaded SAVER and set parent environment
loaded SAVER and set parent environment
Finished 100/1000 genes. Approximate finish time: 2026-02-07 22:08:03.959972
Calculating lambda coefficients...
loaded SAVER and set parent environment
loaded SAVER and set parent environment
loaded SAVER and set parent environment
loaded SAVER and set parent environment
loaded SAVER and set parent environment
loaded SAVER and set parent environment
loaded SAVER and set parent environment
loaded SAVER and set parent environment
Finished 200/1000 genes. Approximate finish time: 2026-02-07 22:08:15.322896
Predicting remaining genes...
loaded SAVER and set parent environment
loaded SAVER and set parent environment
loaded SAVER and set parent environment
loaded SAVER and set parent environment
loaded SAVER and set parent environment
loaded SAVER and set parent environment
loaded SAVER and set parent environment
loaded SAVER and set parent environment
Finished 400/1000 genes. Approximate finish time: 2026-02-07 22:08:19.555732
Predicting remaining genes...
loaded SAVER and set parent environment
loaded SAVER and set parent environment
loaded SAVER and set parent environment
loaded SAVER and set parent environment
loaded SAVER and set parent environment
loaded SAVER and set parent environment
loaded SAVER and set parent environment
loaded SAVER and set parent environment
Done!
Finish time: 2026-02-07 22:08:17.510799
Total time: 1.343333 mins
1000 genes, 2150 cells
starting worker pid=771123 on localhost:11079 at 22:08:20.265
starting worker pid=771120 on localhost:11079 at 22:08:20.265
starting worker pid=771121 on localhost:11079 at 22:08:20.266
starting worker pid=771125 on localhost:11079 at 22:08:20.266
starting worker pid=771126 on localhost:11079 at 22:08:20.266
starting worker pid=771124 on localhost:11079 at 22:08:20.266
starting worker pid=771127 on localhost:11079 at 22:08:20.273
starting worker pid=771122 on localhost:11079 at 22:08:20.272
Running SAVER with 8 worker(s)
Calculating predictions for 1000 genes using 967 genes and 2150 cells...
Start time: 2026-02-07 22:08:20.389585
Estimating finish time...
Loading required package: SAVER
loaded SAVER and set parent environment
Loading required package: SAVER
loaded SAVER and set parent environment
Loading required package: SAVER
loaded SAVER and set parent environment
Loading required package: SAVER
loaded SAVER and set parent environment
Loading required package: SAVER
loaded SAVER and set parent environment
Loading required package: SAVER
loaded SAVER and set parent environment
Loading required package: SAVER
loaded SAVER and set parent environment
Loading required package: SAVER
loaded SAVER and set parent environment
Finished 8/1000 genes. Approximate finish time: 2026-02-07 22:09:34.169862
Calculating max cor cutoff...
loaded SAVER and set parent environment
loaded SAVER and set parent environment
loaded SAVER and set parent environment
loaded SAVER and set parent environment
loaded SAVER and set parent environment
loaded SAVER and set parent environment
loaded SAVER and set parent environment
loaded SAVER and set parent environment
Finished 100/1000 genes. Approximate finish time: 2026-02-07 22:09:31.005665
Calculating lambda coefficients...
loaded SAVER and set parent environment
loaded SAVER and set parent environment
loaded SAVER and set parent environment
loaded SAVER and set parent environment
loaded SAVER and set parent environment
loaded SAVER and set parent environment
loaded SAVER and set parent environment
loaded SAVER and set parent environment
Finished 200/1000 genes. Approximate finish time: 2026-02-07 22:09:40.608047
Predicting remaining genes...
loaded SAVER and set parent environment
loaded SAVER and set parent environment
loaded SAVER and set parent environment
loaded SAVER and set parent environment
loaded SAVER and set parent environment
loaded SAVER and set parent environment
loaded SAVER and set parent environment
loaded SAVER and set parent environment
Finished 400/1000 genes. Approximate finish time: 2026-02-07 22:09:44.000788
Predicting remaining genes...
loaded SAVER and set parent environment
loaded SAVER and set parent environment
loaded SAVER and set parent environment
loaded SAVER and set parent environment
loaded SAVER and set parent environment
loaded SAVER and set parent environment
loaded SAVER and set parent environment
loaded SAVER and set parent environment
Done!
Finish time: 2026-02-07 22:09:43.113904
Total time: 1.378735 mins
1000 genes, 2150 cells
starting worker pid=774006 on localhost:11079 at 22:09:45.702
starting worker pid=774010 on localhost:11079 at 22:09:45.702
starting worker pid=774011 on localhost:11079 at 22:09:45.703
starting worker pid=774007 on localhost:11079 at 22:09:45.703
starting worker pid=774013 on localhost:11079 at 22:09:45.703
starting worker pid=774008 on localhost:11079 at 22:09:45.703
starting worker pid=774009 on localhost:11079 at 22:09:45.711
starting worker pid=774012 on localhost:11079 at 22:09:45.714
Running SAVER with 8 worker(s)
Calculating predictions for 1000 genes using 967 genes and 2150 cells...
Start time: 2026-02-07 22:09:45.835582
Estimating finish time...
Loading required package: SAVER
loaded SAVER and set parent environment
Loading required package: SAVER
loaded SAVER and set parent environment
Loading required package: SAVER
loaded SAVER and set parent environment
Loading required package: SAVER
loaded SAVER and set parent environment
Loading required package: SAVER
loaded SAVER and set parent environment
Loading required package: SAVER
loaded SAVER and set parent environment
Loading required package: SAVER
loaded SAVER and set parent environment
Loading required package: SAVER
loaded SAVER and set parent environment
Finished 8/1000 genes. Approximate finish time: 2026-02-07 22:11:08.226778
Calculating max cor cutoff...
loaded SAVER and set parent environment
loaded SAVER and set parent environment
loaded SAVER and set parent environment
loaded SAVER and set parent environment
loaded SAVER and set parent environment
loaded SAVER and set parent environment
loaded SAVER and set parent environment
loaded SAVER and set parent environment
Finished 100/1000 genes. Approximate finish time: 2026-02-07 22:10:50.841855
Calculating lambda coefficients...
loaded SAVER and set parent environment
loaded SAVER and set parent environment
loaded SAVER and set parent environment
loaded SAVER and set parent environment
loaded SAVER and set parent environment
loaded SAVER and set parent environment
loaded SAVER and set parent environment
loaded SAVER and set parent environment
Finished 200/1000 genes. Approximate finish time: 2026-02-07 22:11:08.292063
Predicting remaining genes...
loaded SAVER and set parent environment
loaded SAVER and set parent environment
loaded SAVER and set parent environment
loaded SAVER and set parent environment
loaded SAVER and set parent environment
loaded SAVER and set parent environment
loaded SAVER and set parent environment
loaded SAVER and set parent environment
Finished 400/1000 genes. Approximate finish time: 2026-02-07 22:11:11.893858
Predicting remaining genes...
loaded SAVER and set parent environment
loaded SAVER and set parent environment
loaded SAVER and set parent environment
loaded SAVER and set parent environment
loaded SAVER and set parent environment
loaded SAVER and set parent environment
loaded SAVER and set parent environment
loaded SAVER and set parent environment
Done!
Finish time: 2026-02-07 22:11:11.044772
Total time: 1.420149 mins

=== shekhar_top1000markers ===
Running saver x5...
  [saver] Using 8 worker(s).
1000 genes, 27499 cells
starting worker pid=776550 on localhost:11079 at 22:11:17.133
starting worker pid=776552 on localhost:11079 at 22:11:17.133
starting worker pid=776547 on localhost:11079 at 22:11:17.133
starting worker pid=776551 on localhost:11079 at 22:11:17.133
starting worker pid=776553 on localhost:11079 at 22:11:17.133
starting worker pid=776554 on localhost:11079 at 22:11:17.133
starting worker pid=776548 on localhost:11079 at 22:11:17.133
starting worker pid=776549 on localhost:11079 at 22:11:17.133
Running SAVER with 8 worker(s)
Calculating predictions for 1000 genes using 762 genes and 27499 cells...
Start time: 2026-02-07 22:11:19.453434
Estimating finish time...
Loading required package: SAVER
loaded SAVER and set parent environment
Loading required package: SAVER
loaded SAVER and set parent environment
Loading required package: SAVER
loaded SAVER and set parent environment
Loading required package: SAVER
loaded SAVER and set parent environment
Loading required package: SAVER
loaded SAVER and set parent environment
Loading required package: SAVER
loaded SAVER and set parent environment
Loading required package: SAVER
loaded SAVER and set parent environment
Loading required package: SAVER
loaded SAVER and set parent environment
Finished 8/1000 genes. Approximate finish time: 2026-02-07 22:19:30.630393
Calculating max cor cutoff...
loaded SAVER and set parent environment
loaded SAVER and set parent environment
loaded SAVER and set parent environment
loaded SAVER and set parent environment
loaded SAVER and set parent environment
loaded SAVER and set parent environment
loaded SAVER and set parent environment
loaded SAVER and set parent environment
Finished 100/1000 genes. Approximate finish time: 2026-02-07 22:19:56.005464
Calculating lambda coefficients...
loaded SAVER and set parent environment
loaded SAVER and set parent environment
loaded SAVER and set parent environment
loaded SAVER and set parent environment
loaded SAVER and set parent environment
loaded SAVER and set parent environment
loaded SAVER and set parent environment
loaded SAVER and set parent environment
Finished 200/1000 genes. Approximate finish time: 2026-02-07 22:20:56.869238
Predicting remaining genes...
loaded SAVER and set parent environment
loaded SAVER and set parent environment
loaded SAVER and set parent environment
loaded SAVER and set parent environment
loaded SAVER and set parent environment
loaded SAVER and set parent environment
loaded SAVER and set parent environment
loaded SAVER and set parent environment
Finished 400/1000 genes. Approximate finish time: 2026-02-07 22:23:05.140649
Predicting remaining genes...
loaded SAVER and set parent environment
loaded SAVER and set parent environment
loaded SAVER and set parent environment
loaded SAVER and set parent environment
loaded SAVER and set parent environment
loaded SAVER and set parent environment
loaded SAVER and set parent environment
loaded SAVER and set parent environment
Done!
Finish time: 2026-02-07 22:22:47.581298
Total time: 11.46879 mins
1000 genes, 27499 cells
starting worker pid=796275 on localhost:11079 at 22:23:17.663
starting worker pid=796279 on localhost:11079 at 22:23:17.663
starting worker pid=796273 on localhost:11079 at 22:23:17.663
starting worker pid=796276 on localhost:11079 at 22:23:17.664
starting worker pid=796280 on localhost:11079 at 22:23:17.669
starting worker pid=796274 on localhost:11079 at 22:23:17.669
starting worker pid=796277 on localhost:11079 at 22:23:17.689
starting worker pid=796278 on localhost:11079 at 22:23:17.689
Running SAVER with 8 worker(s)
Calculating predictions for 1000 genes using 762 genes and 27499 cells...
Start time: 2026-02-07 22:23:20.213639
Estimating finish time...
Loading required package: SAVER
loaded SAVER and set parent environment
Loading required package: SAVER
loaded SAVER and set parent environment
Loading required package: SAVER
loaded SAVER and set parent environment
Loading required package: SAVER
loaded SAVER and set parent environment
Loading required package: SAVER
loaded SAVER and set parent environment
Loading required package: SAVER
loaded SAVER and set parent environment
Loading required package: SAVER
loaded SAVER and set parent environment
Loading required package: SAVER
loaded SAVER and set parent environment
Finished 8/1000 genes. Approximate finish time: 2026-02-07 22:28:58.843961
Calculating max cor cutoff...
loaded SAVER and set parent environment
loaded SAVER and set parent environment
loaded SAVER and set parent environment
loaded SAVER and set parent environment
loaded SAVER and set parent environment
loaded SAVER and set parent environment
loaded SAVER and set parent environment
loaded SAVER and set parent environment
Finished 100/1000 genes. Approximate finish time: 2026-02-07 22:31:33.191118
Calculating lambda coefficients...
loaded SAVER and set parent environment
loaded SAVER and set parent environment
loaded SAVER and set parent environment
loaded SAVER and set parent environment
loaded SAVER and set parent environment
loaded SAVER and set parent environment
loaded SAVER and set parent environment
loaded SAVER and set parent environment
Finished 200/1000 genes. Approximate finish time: 2026-02-07 22:32:57.500708
Predicting remaining genes...
loaded SAVER and set parent environment
loaded SAVER and set parent environment
loaded SAVER and set parent environment
loaded SAVER and set parent environment
loaded SAVER and set parent environment
loaded SAVER and set parent environment
loaded SAVER and set parent environment
loaded SAVER and set parent environment
Finished 400/1000 genes. Approximate finish time: 2026-02-07 22:34:43.081205
Predicting remaining genes...
loaded SAVER and set parent environment
loaded SAVER and set parent environment
loaded SAVER and set parent environment
loaded SAVER and set parent environment
loaded SAVER and set parent environment
loaded SAVER and set parent environment
loaded SAVER and set parent environment
loaded SAVER and set parent environment
Done!
Finish time: 2026-02-07 22:34:39.982289
Total time: 11.32947 mins
1000 genes, 27499 cells
starting worker pid=815899 on localhost:11079 at 22:35:10.130
starting worker pid=815900 on localhost:11079 at 22:35:10.130
starting worker pid=815904 on localhost:11079 at 22:35:10.130
starting worker pid=815902 on localhost:11079 at 22:35:10.133
starting worker pid=815905 on localhost:11079 at 22:35:10.133
starting worker pid=815901 on localhost:11079 at 22:35:10.133
starting worker pid=815903 on localhost:11079 at 22:35:10.135
starting worker pid=815906 on localhost:11079 at 22:35:10.135
Running SAVER with 8 worker(s)
Calculating predictions for 1000 genes using 762 genes and 27499 cells...
Start time: 2026-02-07 22:35:13.04256
Estimating finish time...
Loading required package: SAVER
loaded SAVER and set parent environment
Loading required package: SAVER
loaded SAVER and set parent environment
Loading required package: SAVER
loaded SAVER and set parent environment
Loading required package: SAVER
loaded SAVER and set parent environment
Loading required package: SAVER
loaded SAVER and set parent environment
Loading required package: SAVER
loaded SAVER and set parent environment
Loading required package: SAVER
loaded SAVER and set parent environment
Loading required package: SAVER
loaded SAVER and set parent environment
Finished 8/1000 genes. Approximate finish time: 2026-02-07 22:41:02.94081
Calculating max cor cutoff...
loaded SAVER and set parent environment
loaded SAVER and set parent environment
loaded SAVER and set parent environment
loaded SAVER and set parent environment
loaded SAVER and set parent environment
loaded SAVER and set parent environment
loaded SAVER and set parent environment
loaded SAVER and set parent environment
Finished 100/1000 genes. Approximate finish time: 2026-02-07 22:43:11.715183
Calculating lambda coefficients...
loaded SAVER and set parent environment
loaded SAVER and set parent environment
loaded SAVER and set parent environment
loaded SAVER and set parent environment
loaded SAVER and set parent environment
loaded SAVER and set parent environment
loaded SAVER and set parent environment
loaded SAVER and set parent environment
Finished 200/1000 genes. Approximate finish time: 2026-02-07 22:44:13.746991
Predicting remaining genes...
loaded SAVER and set parent environment
loaded SAVER and set parent environment
loaded SAVER and set parent environment
loaded SAVER and set parent environment
loaded SAVER and set parent environment
loaded SAVER and set parent environment
loaded SAVER and set parent environment
loaded SAVER and set parent environment
Finished 400/1000 genes. Approximate finish time: 2026-02-07 22:46:19.139771
Predicting remaining genes...
loaded SAVER and set parent environment
loaded SAVER and set parent environment
loaded SAVER and set parent environment
loaded SAVER and set parent environment
loaded SAVER and set parent environment
loaded SAVER and set parent environment
loaded SAVER and set parent environment
loaded SAVER and set parent environment
Done!
Finish time: 2026-02-07 22:46:08.738577
Total time: 10.92826 mins
1000 genes, 27499 cells
starting worker pid=834780 on localhost:11079 at 22:46:38.645
starting worker pid=834781 on localhost:11079 at 22:46:38.645
starting worker pid=834778 on localhost:11079 at 22:46:38.645
starting worker pid=834775 on localhost:11079 at 22:46:38.645
starting worker pid=834774 on localhost:11079 at 22:46:38.645
starting worker pid=834777 on localhost:11079 at 22:46:38.650
starting worker pid=834779 on localhost:11079 at 22:46:38.651
starting worker pid=834776 on localhost:11079 at 22:46:38.653
Running SAVER with 8 worker(s)
Calculating predictions for 1000 genes using 762 genes and 27499 cells...
Start time: 2026-02-07 22:46:40.929917
Estimating finish time...
Loading required package: SAVER
loaded SAVER and set parent environment
Loading required package: SAVER
loaded SAVER and set parent environment
Loading required package: SAVER
loaded SAVER and set parent environment
Loading required package: SAVER
loaded SAVER and set parent environment
Loading required package: SAVER
loaded SAVER and set parent environment
Loading required package: SAVER
loaded SAVER and set parent environment
Loading required package: SAVER
loaded SAVER and set parent environment
Loading required package: SAVER
loaded SAVER and set parent environment
Finished 8/1000 genes. Approximate finish time: 2026-02-07 22:52:20.828139
Calculating max cor cutoff...
loaded SAVER and set parent environment
loaded SAVER and set parent environment
loaded SAVER and set parent environment
loaded SAVER and set parent environment
loaded SAVER and set parent environment
loaded SAVER and set parent environment
loaded SAVER and set parent environment
loaded SAVER and set parent environment
Finished 100/1000 genes. Approximate finish time: 2026-02-07 22:55:44.941807
Calculating lambda coefficients...
loaded SAVER and set parent environment
loaded SAVER and set parent environment
loaded SAVER and set parent environment
loaded SAVER and set parent environment
loaded SAVER and set parent environment
loaded SAVER and set parent environment
loaded SAVER and set parent environment
loaded SAVER and set parent environment
Finished 200/1000 genes. Approximate finish time: 2026-02-07 22:56:44.626252
Predicting remaining genes...
loaded SAVER and set parent environment
loaded SAVER and set parent environment
loaded SAVER and set parent environment
loaded SAVER and set parent environment
loaded SAVER and set parent environment
loaded SAVER and set parent environment
loaded SAVER and set parent environment
loaded SAVER and set parent environment
Finished 400/1000 genes. Approximate finish time: 2026-02-07 22:58:31.900567
Predicting remaining genes...
loaded SAVER and set parent environment
loaded SAVER and set parent environment
loaded SAVER and set parent environment
loaded SAVER and set parent environment
loaded SAVER and set parent environment
loaded SAVER and set parent environment
loaded SAVER and set parent environment
loaded SAVER and set parent environment
Done!
Finish time: 2026-02-07 22:58:27.035255
Total time: 11.76842 mins
1000 genes, 27499 cells
starting worker pid=854810 on localhost:11079 at 22:58:56.774
starting worker pid=854809 on localhost:11079 at 22:58:56.775
starting worker pid=854814 on localhost:11079 at 22:58:56.775
starting worker pid=854811 on localhost:11079 at 22:58:56.775
starting worker pid=854813 on localhost:11079 at 22:58:56.780
starting worker pid=854812 on localhost:11079 at 22:58:56.780
starting worker pid=854815 on localhost:11079 at 22:58:56.781
starting worker pid=854816 on localhost:11079 at 22:58:56.783
Running SAVER with 8 worker(s)
Calculating predictions for 1000 genes using 762 genes and 27499 cells...
Start time: 2026-02-07 22:58:59.184577
Estimating finish time...
Loading required package: SAVER
loaded SAVER and set parent environment
Loading required package: SAVER
loaded SAVER and set parent environment
Loading required package: SAVER
loaded SAVER and set parent environment
Loading required package: SAVER
loaded SAVER and set parent environment
Loading required package: SAVER
loaded SAVER and set parent environment
Loading required package: SAVER
loaded SAVER and set parent environment
Loading required package: SAVER
loaded SAVER and set parent environment
Loading required package: SAVER
loaded SAVER and set parent environment
Finished 8/1000 genes. Approximate finish time: 2026-02-07 23:07:08.204053
Calculating max cor cutoff...
loaded SAVER and set parent environment
loaded SAVER and set parent environment
loaded SAVER and set parent environment
loaded SAVER and set parent environment
loaded SAVER and set parent environment
loaded SAVER and set parent environment
loaded SAVER and set parent environment
loaded SAVER and set parent environment
Finished 100/1000 genes. Approximate finish time: 2026-02-07 23:09:16.112412
Calculating lambda coefficients...
loaded SAVER and set parent environment
loaded SAVER and set parent environment
loaded SAVER and set parent environment
loaded SAVER and set parent environment
loaded SAVER and set parent environment
loaded SAVER and set parent environment
loaded SAVER and set parent environment
loaded SAVER and set parent environment
Finished 200/1000 genes. Approximate finish time: 2026-02-07 23:10:03.797166
Predicting remaining genes...
loaded SAVER and set parent environment
loaded SAVER and set parent environment
loaded SAVER and set parent environment
loaded SAVER and set parent environment
loaded SAVER and set parent environment
loaded SAVER and set parent environment
loaded SAVER and set parent environment
loaded SAVER and set parent environment
Finished 400/1000 genes. Approximate finish time: 2026-02-07 23:11:58.000623
Predicting remaining genes...
loaded SAVER and set parent environment
loaded SAVER and set parent environment
loaded SAVER and set parent environment
loaded SAVER and set parent environment
loaded SAVER and set parent environment
loaded SAVER and set parent environment
loaded SAVER and set parent environment
loaded SAVER and set parent environment
Done!
Finish time: 2026-02-07 23:11:49.442713
Total time: 12.83763 mins

=== zeisel_top1000markers ===
Running saver x5...
  [saver] Using 8 worker(s).
1000 genes, 3005 cells
starting worker pid=877101 on localhost:11079 at 23:12:18.599
starting worker pid=877103 on localhost:11079 at 23:12:18.599
starting worker pid=877099 on localhost:11079 at 23:12:18.599
starting worker pid=877098 on localhost:11079 at 23:12:18.599
starting worker pid=877097 on localhost:11079 at 23:12:18.607
starting worker pid=877096 on localhost:11079 at 23:12:18.607
starting worker pid=877102 on localhost:11079 at 23:12:18.607
starting worker pid=877100 on localhost:11079 at 23:12:18.607
Running SAVER with 8 worker(s)
Calculating predictions for 1000 genes using 998 genes and 3005 cells...
Start time: 2026-02-07 23:12:18.84726
Estimating finish time...
Loading required package: SAVER
loaded SAVER and set parent environment
Loading required package: SAVER
loaded SAVER and set parent environment
Loading required package: SAVER
loaded SAVER and set parent environment
Loading required package: SAVER
loaded SAVER and set parent environment
Loading required package: SAVER
loaded SAVER and set parent environment
Loading required package: SAVER
loaded SAVER and set parent environment
Loading required package: SAVER
loaded SAVER and set parent environment
Loading required package: SAVER
loaded SAVER and set parent environment
Finished 8/1000 genes. Approximate finish time: 2026-02-07 23:14:34.099936
Calculating max cor cutoff...
loaded SAVER and set parent environment
loaded SAVER and set parent environment
loaded SAVER and set parent environment
loaded SAVER and set parent environment
loaded SAVER and set parent environment
loaded SAVER and set parent environment
loaded SAVER and set parent environment
loaded SAVER and set parent environment
Finished 100/1000 genes. Approximate finish time: 2026-02-07 23:14:08.96645
Calculating lambda coefficients...
loaded SAVER and set parent environment
loaded SAVER and set parent environment
loaded SAVER and set parent environment
loaded SAVER and set parent environment
loaded SAVER and set parent environment
loaded SAVER and set parent environment
loaded SAVER and set parent environment
loaded SAVER and set parent environment
Finished 200/1000 genes. Approximate finish time: 2026-02-07 23:14:23.383808
Predicting remaining genes...
loaded SAVER and set parent environment
loaded SAVER and set parent environment
loaded SAVER and set parent environment
loaded SAVER and set parent environment
loaded SAVER and set parent environment
loaded SAVER and set parent environment
loaded SAVER and set parent environment
loaded SAVER and set parent environment
Finished 400/1000 genes. Approximate finish time: 2026-02-07 23:14:36.040447
Predicting remaining genes...
loaded SAVER and set parent environment
loaded SAVER and set parent environment
loaded SAVER and set parent environment
loaded SAVER and set parent environment
loaded SAVER and set parent environment
loaded SAVER and set parent environment
loaded SAVER and set parent environment
loaded SAVER and set parent environment
Done!
Finish time: 2026-02-07 23:14:34.745673
Total time: 2.26497 mins
1000 genes, 3005 cells
starting worker pid=881347 on localhost:11079 at 23:14:36.239
starting worker pid=881349 on localhost:11079 at 23:14:36.239
starting worker pid=881354 on localhost:11079 at 23:14:36.239
starting worker pid=881348 on localhost:11079 at 23:14:36.239
starting worker pid=881352 on localhost:11079 at 23:14:36.239
starting worker pid=881353 on localhost:11079 at 23:14:36.239
starting worker pid=881351 on localhost:11079 at 23:14:36.245
starting worker pid=881350 on localhost:11079 at 23:14:36.245
Running SAVER with 8 worker(s)
Calculating predictions for 1000 genes using 998 genes and 3005 cells...
Start time: 2026-02-07 23:14:36.457107
Estimating finish time...
Loading required package: SAVER
loaded SAVER and set parent environment
Loading required package: SAVER
loaded SAVER and set parent environment
Loading required package: SAVER
loaded SAVER and set parent environment
Loading required package: SAVER
loaded SAVER and set parent environment
Loading required package: SAVER
loaded SAVER and set parent environment
Loading required package: SAVER
loaded SAVER and set parent environment
Loading required package: SAVER
loaded SAVER and set parent environment
Loading required package: SAVER
loaded SAVER and set parent environment
Finished 8/1000 genes. Approximate finish time: 2026-02-07 23:17:17.341782
Calculating max cor cutoff...
loaded SAVER and set parent environment
loaded SAVER and set parent environment
loaded SAVER and set parent environment
loaded SAVER and set parent environment
loaded SAVER and set parent environment
loaded SAVER and set parent environment
loaded SAVER and set parent environment
loaded SAVER and set parent environment
Finished 100/1000 genes. Approximate finish time: 2026-02-07 23:16:53.288763
Calculating lambda coefficients...
loaded SAVER and set parent environment
loaded SAVER and set parent environment
loaded SAVER and set parent environment
loaded SAVER and set parent environment
loaded SAVER and set parent environment
loaded SAVER and set parent environment
loaded SAVER and set parent environment
loaded SAVER and set parent environment
Finished 200/1000 genes. Approximate finish time: 2026-02-07 23:16:55.256679
Predicting remaining genes...
loaded SAVER and set parent environment
loaded SAVER and set parent environment
loaded SAVER and set parent environment
loaded SAVER and set parent environment
loaded SAVER and set parent environment
loaded SAVER and set parent environment
loaded SAVER and set parent environment
loaded SAVER and set parent environment
Finished 400/1000 genes. Approximate finish time: 2026-02-07 23:17:06.69722
Predicting remaining genes...
loaded SAVER and set parent environment
loaded SAVER and set parent environment
loaded SAVER and set parent environment
loaded SAVER and set parent environment
loaded SAVER and set parent environment
loaded SAVER and set parent environment
loaded SAVER and set parent environment
loaded SAVER and set parent environment
Done!
Finish time: 2026-02-07 23:17:06.273576
Total time: 2.496937 mins
1000 genes, 3005 cells
starting worker pid=885394 on localhost:11079 at 23:17:07.937
starting worker pid=885393 on localhost:11079 at 23:17:07.937
starting worker pid=885398 on localhost:11079 at 23:17:07.937
starting worker pid=885396 on localhost:11079 at 23:17:07.937
starting worker pid=885397 on localhost:11079 at 23:17:07.937
starting worker pid=885399 on localhost:11079 at 23:17:07.937
starting worker pid=885400 on localhost:11079 at 23:17:07.937
starting worker pid=885395 on localhost:11079 at 23:17:07.939
Running SAVER with 8 worker(s)
Calculating predictions for 1000 genes using 998 genes and 3005 cells...
Start time: 2026-02-07 23:17:08.12244
Estimating finish time...
Loading required package: SAVER
loaded SAVER and set parent environment
Loading required package: SAVER
loaded SAVER and set parent environment
Loading required package: SAVER
loaded SAVER and set parent environment
Loading required package: SAVER
loaded SAVER and set parent environment
Loading required package: SAVER
loaded SAVER and set parent environment
Loading required package: SAVER
loaded SAVER and set parent environment
Loading required package: SAVER
loaded SAVER and set parent environment
Loading required package: SAVER
loaded SAVER and set parent environment
Finished 8/1000 genes. Approximate finish time: 2026-02-07 23:18:33.157555
Calculating max cor cutoff...
loaded SAVER and set parent environment
loaded SAVER and set parent environment
loaded SAVER and set parent environment
loaded SAVER and set parent environment
loaded SAVER and set parent environment
loaded SAVER and set parent environment
loaded SAVER and set parent environment
loaded SAVER and set parent environment
Finished 100/1000 genes. Approximate finish time: 2026-02-07 23:18:44.468248
Calculating lambda coefficients...
loaded SAVER and set parent environment
loaded SAVER and set parent environment
loaded SAVER and set parent environment
loaded SAVER and set parent environment
loaded SAVER and set parent environment
loaded SAVER and set parent environment
loaded SAVER and set parent environment
loaded SAVER and set parent environment
Finished 200/1000 genes. Approximate finish time: 2026-02-07 23:19:11.70278
Predicting remaining genes...
loaded SAVER and set parent environment
loaded SAVER and set parent environment
loaded SAVER and set parent environment
loaded SAVER and set parent environment
loaded SAVER and set parent environment
loaded SAVER and set parent environment
loaded SAVER and set parent environment
loaded SAVER and set parent environment
Finished 400/1000 genes. Approximate finish time: 2026-02-07 23:19:26.103182
Predicting remaining genes...
loaded SAVER and set parent environment
loaded SAVER and set parent environment
loaded SAVER and set parent environment
loaded SAVER and set parent environment
loaded SAVER and set parent environment
loaded SAVER and set parent environment
loaded SAVER and set parent environment
loaded SAVER and set parent environment
Done!
Finish time: 2026-02-07 23:19:24.928805
Total time: 2.280102 mins
1000 genes, 3005 cells
starting worker pid=889827 on localhost:11079 at 23:19:26.466
starting worker pid=889821 on localhost:11079 at 23:19:26.466
starting worker pid=889826 on localhost:11079 at 23:19:26.466
starting worker pid=889823 on localhost:11079 at 23:19:26.466
starting worker pid=889824 on localhost:11079 at 23:19:26.474
starting worker pid=889820 on localhost:11079 at 23:19:26.474
starting worker pid=889825 on localhost:11079 at 23:19:26.474
starting worker pid=889822 on localhost:11079 at 23:19:26.474
Running SAVER with 8 worker(s)
Calculating predictions for 1000 genes using 998 genes and 3005 cells...
Start time: 2026-02-07 23:19:26.809552
Estimating finish time...
Loading required package: SAVER
loaded SAVER and set parent environment
Loading required package: SAVER
loaded SAVER and set parent environment
Loading required package: SAVER
loaded SAVER and set parent environment
Loading required package: SAVER
loaded SAVER and set parent environment
Loading required package: SAVER
loaded SAVER and set parent environment
Loading required package: SAVER
loaded SAVER and set parent environment
Loading required package: SAVER
loaded SAVER and set parent environment
Loading required package: SAVER
loaded SAVER and set parent environment
Finished 8/1000 genes. Approximate finish time: 2026-02-07 23:21:00.611035
Calculating max cor cutoff...
loaded SAVER and set parent environment
loaded SAVER and set parent environment
loaded SAVER and set parent environment
loaded SAVER and set parent environment
loaded SAVER and set parent environment
loaded SAVER and set parent environment
loaded SAVER and set parent environment
loaded SAVER and set parent environment
Finished 100/1000 genes. Approximate finish time: 2026-02-07 23:21:24.647746
Calculating lambda coefficients...
loaded SAVER and set parent environment
loaded SAVER and set parent environment
loaded SAVER and set parent environment
loaded SAVER and set parent environment
loaded SAVER and set parent environment
loaded SAVER and set parent environment
loaded SAVER and set parent environment
loaded SAVER and set parent environment
Finished 200/1000 genes. Approximate finish time: 2026-02-07 23:21:34.354496
Predicting remaining genes...
loaded SAVER and set parent environment
loaded SAVER and set parent environment
loaded SAVER and set parent environment
loaded SAVER and set parent environment
loaded SAVER and set parent environment
loaded SAVER and set parent environment
loaded SAVER and set parent environment
loaded SAVER and set parent environment
Finished 400/1000 genes. Approximate finish time: 2026-02-07 23:21:45.648401
Predicting remaining genes...
loaded SAVER and set parent environment
loaded SAVER and set parent environment
loaded SAVER and set parent environment
loaded SAVER and set parent environment
loaded SAVER and set parent environment
loaded SAVER and set parent environment
loaded SAVER and set parent environment
loaded SAVER and set parent environment
Done!
Finish time: 2026-02-07 23:21:44.827543
Total time: 2.300296 mins
1000 genes, 3005 cells
starting worker pid=893491 on localhost:11079 at 23:21:46.362
starting worker pid=893490 on localhost:11079 at 23:21:46.362
starting worker pid=893492 on localhost:11079 at 23:21:46.362
starting worker pid=893489 on localhost:11079 at 23:21:46.362
starting worker pid=893488 on localhost:11079 at 23:21:46.365
starting worker pid=893485 on localhost:11079 at 23:21:46.365
starting worker pid=893487 on localhost:11079 at 23:21:46.380
starting worker pid=893486 on localhost:11079 at 23:21:46.380
Running SAVER with 8 worker(s)
Calculating predictions for 1000 genes using 998 genes and 3005 cells...
Start time: 2026-02-07 23:21:46.568447
Estimating finish time...
Loading required package: SAVER
loaded SAVER and set parent environment
Loading required package: SAVER
loaded SAVER and set parent environment
Loading required package: SAVER
loaded SAVER and set parent environment
Loading required package: SAVER
loaded SAVER and set parent environment
Loading required package: SAVER
loaded SAVER and set parent environment
Loading required package: SAVER
loaded SAVER and set parent environment
Loading required package: SAVER
loaded SAVER and set parent environment
Loading required package: SAVER
loaded SAVER and set parent environment
Finished 8/1000 genes. Approximate finish time: 2026-02-07 23:24:37.024169
Calculating max cor cutoff...
loaded SAVER and set parent environment
loaded SAVER and set parent environment
loaded SAVER and set parent environment
loaded SAVER and set parent environment
loaded SAVER and set parent environment
loaded SAVER and set parent environment
loaded SAVER and set parent environment
loaded SAVER and set parent environment
Finished 100/1000 genes. Approximate finish time: 2026-02-07 23:23:37.806345
Calculating lambda coefficients...
loaded SAVER and set parent environment
loaded SAVER and set parent environment
loaded SAVER and set parent environment
loaded SAVER and set parent environment
loaded SAVER and set parent environment
loaded SAVER and set parent environment
loaded SAVER and set parent environment
loaded SAVER and set parent environment
Finished 200/1000 genes. Approximate finish time: 2026-02-07 23:24:00.387976
Predicting remaining genes...
loaded SAVER and set parent environment
loaded SAVER and set parent environment
loaded SAVER and set parent environment
loaded SAVER and set parent environment
loaded SAVER and set parent environment
loaded SAVER and set parent environment
loaded SAVER and set parent environment
loaded SAVER and set parent environment
Finished 400/1000 genes. Approximate finish time: 2026-02-07 23:24:13.403066
Predicting remaining genes...
loaded SAVER and set parent environment
loaded SAVER and set parent environment
loaded SAVER and set parent environment
loaded SAVER and set parent environment
loaded SAVER and set parent environment
loaded SAVER and set parent environment
loaded SAVER and set parent environment
loaded SAVER and set parent environment
Done!
Finish time: 2026-02-07 23:24:12.049299
Total time: 2.424677 mins
Wrote results_clustering_r/saver/saver_clustering_table.tsv

Done.
Finished [R/saver]
