dataset	ARI	ARI_std	NMI	NMI_std	PS	PS_std	runtime_sec	runtime_sec_std	n_repeats	n_cells	n_genes	label_source	error
blakeley_top1000hvg	0.051640000000000005	0.06770689034359798	0.14107999999999998	0.056323946949765516	0.57334	0.036505725578325376	8.89786982536316	0.5964827078544411	5	30	1000	cell_type1	
darmanis_top1000hvg	0.62284	0.01689831352531962	0.78954	0.010164300271046688	0.8809600000000002	0.012836198814290751	13.317801761627198	0.3393902244477711	5	420	1000	cell_type1	
deng_top1000hvg	0.56034	0.13262653580637626	0.67806	0.04325977346219004	0.75	0.0037000000000000366	11.340938711166382	0.40678417325815264	5	268	1000	cell_type1	
pollen_top1000hvg	0.7848200000000001	0.04597887558433768	0.85946	0.039608875268050736	0.83612	0.04131884557922693	12.533447408676148	0.62402182289074	5	299	1000	cell_type1	
usoskin_top1000hvg	0.6496199999999999	0.004300813876465683	0.7576	0.008975243729281131	0.86948	0.0007155417527999531	13.992218160629273	0.8993787687351276	5	622	1000	cell_type1	
