dataset	ASW	ASW_std	ARI	ARI_std	NMI	NMI_std	PS	PS_std	runtime_sec	runtime_sec_std	n_repeats	n_cells	n_genes	label_source	error
blakeley_top1000hvg	0.42996	0.06303592626431374	0.61322	0.0953998270438684	0.6498200000000001	0.03737555350760709	0.78002	0.029784425460297196	8.074539136886596	0.6723574400221174	5	30	1000	cell_type1	
darmanis_top1000hvg	0.48721999999999993	0.008714183840153935	0.9407	0.008176796438703837	0.9174	0.008919921524318461	0.96046	0.00467846128550834	10.924457263946532	0.45998634467838984	5	420	1000	cell_type1	
deng_top1000hvg	0.5717	0.010754533927604695	0.5708599999999999	0.010103365775819452	0.79274	0.008758024891492374	0.8537199999999998	0.003143564855383122	10.322088146209717	0.4928504800531543	5	268	1000	cell_type1	
pollen_top1000hvg	0.67752	0.03472429984895304	0.92422	0.04359629571420031	0.94488	0.015129507592780374	0.9571999999999999	0.019264345304214184	10.662197923660278	0.9308991955233303	5	299	1000	cell_type1	
usoskin_top1000hvg	0.35375999999999996	0.00876629910509561	0.89618	0.028133112163427627	0.8770199999999999	0.022710504177582684	0.94086	0.01795126736472943	13.53004560470581	0.621851619381228	5	622	1000	cell_type1	
