dataset	mse	mse_std	mse_dropout	mse_dropout_std	mse_biozero	mse_biozero_std	mse_non_zero	mse_non_zero_std	runtime_sec	runtime_sec_std	n_repeats	n_total	n_dropout	n_biozero	n_non_zero	error
dataset_2_types_equal	5.20791558884974	0.000494365198487261	10.4849735628749	0.00101521062202978	0.0072819887066134	1.5965593014436e-05	0.0043708855418753	2.28858613296364e-05	538.1992	59.2293924052915	5	5455000	2708148	794605	1952247	NA
dataset_3_types_unequal	4.93982283103184	0.0010085765260365	10.2581573478627	0.00207920491284239	0.00988525972377756	2.45720619399181e-05	0.00484427769230996	2.91046730137762e-05	498.8044	35.801820174399	5	5445000	2620323	786783	2037894	NA
dataset_4_types_rare	5.62342556589377	0.000485090037169732	11.270556287919	0.000973493559042728	0.0114693739432173	6.69963966081468e-05	0.00597672996878234	3.87678636685011e-05	478.665	24.9460151126385	5	5470000	2727398	810789	1931813	NA
dataset_multibatch_dropout	4.8734859695104	0.00173061010829511	10.2257914565462	0.00362031268163789	0.0100338713893218	7.10987718199486e-05	0.00543490644475239	1.90495434290242e-05	463.942	20.5001897064386	5	5470000	2605049	806639	2058312	NA
