dataset	mse	mse_std	mse_dropout	mse_dropout_std	mse_biozero	mse_biozero_std	mse_non_zero	mse_non_zero_std	runtime_sec	runtime_sec_std	n_repeats	n_total	n_dropout	n_biozero	n_non_zero	error
dataset_2_types_equal	7.27988952082648	0	14.803595473619	0	0	0	0	0	1.431	0	1	27425000	13486654	3820636	10117710	NA
dataset_3_types_unequal	7.04092702453738	0	14.8517161562805	0	0	0	0	0	1.348	0	1	27450000	13013543	3842821	10593636	NA
dataset_4_types_rare	7.85866990680639	0	15.967384108894	0	0	0	0	0	1.346	0	1	27475000	13522375	3885221	10067404	NA
dataset_multibatch_dropout	7.08082786667936	0	15.0218524244486	0	0	0	0	0	1.658	0	1	27450000	12939065	3839220	10671715	NA
