dataset	method	ASW	ASW_std	ARI	ARI_std	NMI	NMI_std	PS	PS_std	runtime_sec	runtime_sec_std	n_repeats	error	n_cells	n_genes	label_source
blakeley	baseline	0.2508	0	1	0	1	0	1	0	0.0119	0.0145636533878006	10	NA	30	477	cell_type1
darmanis	baseline	0.2162	0	0.6912	0	0.796	0	0.8762	0	0.0522	0.0048027769744876	10	NA	420	380	cell_type1
li	baseline	0.3781	0	0.9002	0	0.9251	0	0.9358	0	0.0835000000000001	0.0146761333085008	10	NA	561	460	cell_type1
pollen	baseline	0.4407	0	0.9031	0	0.9281	0	0.9231	0	0.0512999999999998	0.00857710129744776	10	NA	299	446	cell_type1
usoskin	baseline	0.2436	0	0.872	0	0.8278	0	0.9293	0	0.0798999999999999	0.0115513346992174	10	NA	622	410	cell_type1
