dataset	ARI	ARI_std	NMI	NMI_std	PS	PS_std	runtime_sec	runtime_sec_std	n_repeats	n_cells	n_genes	label_source	error
blakeley_top1000hvg	0.051640000000000005	0.06770689034359798	0.14107999999999998	0.056323946949765516	0.57334	0.036505725578325376	2.8978522300720213	3.2160939711860697	5	30	1000	cell_type1	
darmanis_top1000hvg	0.6216200000000001	0.03086433216513844	0.7570399999999999	0.014899429519280265	0.87192	0.006169846027252236	10.347261667251587	0.5325295556719147	5	420	1000	cell_type1	
deng_top1000hvg	0.55826	0.18305207728949704	0.6376799999999999	0.08313691719086054	0.72464	0.033010574063472416	7.245525884628296	0.644469924792874	5	268	1000	cell_type1	
pollen_top1000hvg	0.6542600000000001	0.08626061094149519	0.77746	0.034632325939792125	0.7297800000000001	0.05492023306578371	7.967820262908935	0.06140624863752119	5	299	1000	cell_type1	
usoskin_top1000hvg	0.4936	0.023525199255266683	0.5969599999999999	0.014049839856738583	0.7617399999999999	0.02097660601718019	12.396886777877807	0.29973137905652486	5	622	1000	cell_type1	
