dataset	ASW	ASW_std	ARI	ARI_std	NMI	NMI_std	PS	PS_std	runtime_sec	runtime_sec_std	n_repeats	n_cells	n_genes	label_source	error
blakeley_top1000hvg	0.42051999999999995	0.07680880157898573	0.7064999999999999	0.06286139514837384	0.70118	0.07468465036404735	0.7933399999999999	0.014892212730148596	2.542319631576538	3.331471212270798	5	30	1000	cell_type1	
darmanis_top1000hvg	0.34368	0.008958348062003397	0.7446400000000001	0.02675206534082927	0.8034600000000001	0.012534073559701145	0.89954	0.01054646860328139	7.594273233413697	0.1495076196887595	5	420	1000	cell_type1	
deng_top1000hvg	0.59288	0.004866415518633845	0.5649200000000001	0.0037798148102783963	0.8026	0.0007000000000000101	0.8581999999999999	1.2412670766236366e-16	5.3489244937896725	0.20506178575468084	5	268	1000	cell_type1	
pollen_top1000hvg	0.52904	0.00757812641752565	0.76814	0.03918434636433279	0.8374600000000001	0.025295118106069436	0.8401599999999998	0.0361942398732174	5.476997137069702	0.25818576398006926	5	299	1000	cell_type1	
usoskin_top1000hvg	0.39715999999999996	0.003610817082046675	0.36746	0.00707975988293388	0.50484	0.0069514746636954675	0.70034	0.003152459357390665	10.797107410430907	0.02748696504289103	5	622	1000	cell_type1	
