dataset	mse	mse_std	mse_dropout	mse_dropout_std	mse_biozero	mse_biozero_std	mse_non_zero	mse_non_zero_std	runtime_sec	runtime_sec_std	n_repeats	n_total	n_dropout	n_biozero	n_non_zero	error
dataset_2_types_equal	4.416691780090332	0.0	6.242819309234619	0.0	0.04418648034334183	0.0	3.60481333732605	0.0	2.8577272400143556	0.0	1	10950000	5432695	1528220	3989085	
dataset_3_types_unequal	4.094479560852051	0.0	5.604508876800537	0.0	0.05275961384177208	0.0	3.685234785079956	0.0	1.3280971930362284	0.0	1	10940000	5229749	1530688	4179563	
dataset_4_types_rare	4.455229759216309	0.0	5.944216728210449	0.0	0.0555465966463089	0.0	4.1198554039001465	0.0	1.9457597839646041	0.0	1	10960000	5449791	1541869	3968340	
dataset_multibatch_dropout	3.953268527984619	0.0	5.280803680419922	0.0	0.03773227706551552	0.0	3.7627389430999756	0.0	1.9991543060168624	0.0	1	10970000	5215158	1564255	4190587	
