dataset	mse	mse_std	mse_dropout	mse_dropout_std	mse_biozero	mse_biozero_std	mse_non_zero	mse_non_zero_std	runtime_sec	runtime_sec_std	n_repeats	n_total	n_dropout	n_biozero	n_non_zero	error
dataset_2_types_equal	4.414786052703858	0.0010114929990271068	6.240201854705811	0.0014162332751295626	0.0442215520888567	5.349282768146431e-05	3.6031344175338744	0.0009267303177762871	4.172361542913132	0.5963282055571275	10	10950000	5432695	1528220	3989085	
dataset_3_types_unequal	4.094058895111084	0.0014847207161875833	5.60321078300476	0.0020069461765629894	0.052853851765394214	8.197360031829237e-05	3.6857234239578247	0.001522685491936506	4.1635154081974175	0.605628868908771	10	10940000	5229749	1530688	4179563	
dataset_4_types_rare	4.455412292480469	0.0009028508285311311	5.944216060638428	0.0011693592869960942	0.05550099164247513	6.627233973382699e-05	4.120364475250244	0.0015549522066421676	4.1183629546139855	0.5041953145015302	10	10960000	5449791	1541869	3968340	
dataset_multibatch_dropout	3.954365682601929	0.0013606203987563195	5.28265528678894	0.0018322803041574615	0.03762176893651485	0.00012363355410325482	3.7633554935455322	0.0013768389062675163	4.129695861798245	0.510945497685988	10	10970000	5215158	1564255	4190587	
