dataset	mse	mse_std	mse_dropout	mse_dropout_std	mse_biozero	mse_biozero_std	mse_non_zero	mse_non_zero_std	runtime_sec	runtime_sec_std	n_repeats	n_total	n_dropout	n_biozero	n_non_zero	error
dataset_2_types_equal	4.414108514785767	0.0013690711506867917	6.2392415523529055	0.001753261742660403	0.04418436549603939	7.67504619745413e-05	3.60259690284729	0.001543665881401417	1.9391258392075543	0.3931722688343831	10	10950000	5432695	1528220	3989085	
dataset_3_types_unequal	4.093407154083252	0.0013632616370036882	5.602426290512085	0.0017013141187221387	0.052846973016858104	9.165839677203882e-05	3.6850016117095947	0.0015071748312213485	1.8063225695164875	0.24891958359424435	10	10940000	5229749	1530688	4179563	
dataset_4_types_rare	4.456446933746338	0.0016153853758428764	5.945284128189087	0.001993340938070414	0.055451476201415065	5.990268447502578e-05	4.121774911880493	0.0018622935734720512	1.796051403792808	0.2231690602011009	10	10960000	5449791	1541869	3968340	
dataset_multibatch_dropout	3.9549455881118774	0.0008192521288459362	5.283608627319336	0.0011858024186001737	0.037647753953933716	0.0001267738048371303	3.7636750459671022	0.0009298894805622526	1.9142556804872584	0.37652445646491595	10	10970000	5215158	1564255	4190587	
