dataset	mse	mse_std	mse_dropout	mse_dropout_std	mse_biozero	mse_biozero_std	mse_non_zero	mse_non_zero_std	runtime_sec	runtime_sec_std	n_repeats	n_total	n_dropout	n_biozero	n_non_zero	error
dataset_2_types_equal	4.415455341339111	0.0	6.2412285804748535	0.0	0.044209275394678116	0.0	3.6035845279693604	0.0	2.99070759001188	0.0	1	10950000	5432695	1528220	3989085	
dataset_3_types_unequal	4.092222690582275	0.0	5.6009955406188965	0.0	0.05275833606719971	0.0	3.683729410171509	0.0	1.4714249659446068	0.0	1	10940000	5229749	1530688	4179563	
dataset_4_types_rare	4.458150863647461	0.0	5.947546482086182	0.0	0.05537567660212517	0.0	4.123404026031494	0.0	1.3294850660022348	0.0	1	10960000	5449791	1541869	3968340	
dataset_multibatch_dropout	3.9536149501800537	0.0	5.281106472015381	0.0	0.03769923001527786	0.0	3.763298988342285	0.0	1.9444189030327834	0.0	1	10970000	5215158	1564255	4190587	
