dataset	mse	mse_std	mse_dropout	mse_dropout_std	mse_biozero	mse_biozero_std	mse_non_zero	mse_non_zero_std	runtime_sec	runtime_sec_std	n_repeats	n_total	n_dropout	n_biozero	n_non_zero	error
dataset_2_types_equal	4.415163993835449	0.0	6.241496562957764	0.0	0.044152915477752686	0.0	3.6024394035339355	0.0	3.33689252397744	0.0	1	10950000	5432695	1528220	3989085	
dataset_3_types_unequal	4.092807292938232	0.0	5.602109432220459	0.0	0.052854347974061966	0.0	3.6838150024414062	0.0	1.326678262965288	0.0	1	10940000	5229749	1530688	4179563	
dataset_4_types_rare	4.456000328063965	0.0	5.944895267486572	0.0	0.055504921823740005	0.0	4.121053218841553	0.0	1.2995466570137069	0.0	1	10960000	5449791	1541869	3968340	
dataset_multibatch_dropout	3.952928304672241	0.0	5.280142784118652	0.0	0.0377647764980793	0.0	3.7626700401306152	0.0	1.9537081000162289	0.0	1	10970000	5215158	1564255	4190587	
