seed	n_pcs	n_neighbors	resolution	n_clusters	ari	nmi	batch_ari	batch_nmi	batch_silhouette	cluster_runtime_sec	dataset	transform	cluster_seed
42	20	10	0.2	7	0.5295000123478826	0.6915350390930185				0.22387774079106748	batch_effects_moderate_drop	raw	42
42	20	10	0.5	12	0.3778847560722466	0.5736619575249771				0.18059829506091774	batch_effects_moderate_drop	raw	42
42	20	10	1.0	17	0.26658469125601053	0.5242987283674927				0.181218015961349	batch_effects_moderate_drop	raw	42
42	20	15	0.2	6	0.5458081625636053	0.7050220632241883				0.23793621617369354	batch_effects_moderate_drop	raw	42
42	20	15	0.5	9	0.4271207437288629	0.6011813813442961				0.23740185797214508	batch_effects_moderate_drop	raw	42
42	20	15	1.0	15	0.2860830296100748	0.5597148968063981				0.22111255582422018	batch_effects_moderate_drop	raw	42
42	20	30	0.2	6	0.544422848849161	0.7037863634860766				0.3302882299758494	batch_effects_moderate_drop	raw	42
42	20	30	0.5	7	0.5010890757948726	0.6615815400486177				0.3378151359502226	batch_effects_moderate_drop	raw	42
42	20	30	1.0	14	0.30753019595961933	0.5638371586294939				0.33108674990944564	batch_effects_moderate_drop	raw	42
42	50	10	0.2	6	0.5474561324675525	0.7057144973751714				0.18212069105356932	batch_effects_moderate_drop	raw	42
42	50	10	0.5	12	0.38274511512950427	0.5924891218874934				0.18049231986515224	batch_effects_moderate_drop	raw	42
42	50	10	1.0	17	0.2878284237068091	0.5502575585768879				0.18003463395871222	batch_effects_moderate_drop	raw	42
42	50	15	0.2	6	0.5481717880847837	0.708969486707449				0.24053823994472623	batch_effects_moderate_drop	raw	42
42	50	15	0.5	8	0.45052404023485815	0.6244078606715969				0.23925450211390853	batch_effects_moderate_drop	raw	42
42	50	15	1.0	16	0.30249095389254665	0.5613899130816755				0.23267790186218917	batch_effects_moderate_drop	raw	42
42	50	30	0.2	6	0.5211274056458239	0.6758931726078616				0.40457062190398574	batch_effects_moderate_drop	raw	42
42	50	30	0.5	8	0.48573222329828203	0.6575345505696527				0.3308825858402997	batch_effects_moderate_drop	raw	42
42	50	30	1.0	13	0.30190124855513767	0.5601598911130363				0.331299431854859	batch_effects_moderate_drop	raw	42
42	20	10	0.2	6	0.5488634405098559	0.710625804181547				0.18227689107879996	batch_effects_moderate_drop	all_obs0.05	42
42	20	10	0.5	11	0.37887180023953226	0.582933320733604				0.1786900961305946	batch_effects_moderate_drop	all_obs0.05	42
42	20	10	1.0	19	0.2382082464351766	0.5327360388305995				0.17880178289487958	batch_effects_moderate_drop	all_obs0.05	42
42	20	15	0.2	7	0.5460450351259766	0.7072420961485928				0.24148949491791427	batch_effects_moderate_drop	all_obs0.05	42
42	20	15	0.5	10	0.38579670267953287	0.5902511841281094				0.23582462198100984	batch_effects_moderate_drop	all_obs0.05	42
42	20	15	1.0	15	0.2886253160355554	0.5564473341853475				0.23601352982223034	batch_effects_moderate_drop	all_obs0.05	42
42	20	30	0.2	6	0.5468031846501344	0.7075557139632929				0.3421719300094992	batch_effects_moderate_drop	all_obs0.05	42
42	20	30	0.5	8	0.4741881213555603	0.6492373129279448				0.3317150520160794	batch_effects_moderate_drop	all_obs0.05	42
42	20	30	1.0	13	0.30492216156820784	0.5667221735385259				0.32977284793742	batch_effects_moderate_drop	all_obs0.05	42
42	50	10	0.2	7	0.5284951551632439	0.686766397950537				0.2540869249496609	batch_effects_moderate_drop	all_obs0.05	42
42	50	10	0.5	12	0.39940831537986293	0.6069083230266628				0.19716395484283566	batch_effects_moderate_drop	all_obs0.05	42
42	50	10	1.0	16	0.26681057308716805	0.5371750831486907				0.1920468220487237	batch_effects_moderate_drop	all_obs0.05	42
42	50	15	0.2	6	0.5464845905540063	0.7045029962990511				0.30422322591766715	batch_effects_moderate_drop	all_obs0.05	42
42	50	15	0.5	10	0.4475579028105007	0.6312097485972553				0.24379029194824398	batch_effects_moderate_drop	all_obs0.05	42
42	50	15	1.0	15	0.2900219697943148	0.5581495634875305				0.23723159288056195	batch_effects_moderate_drop	all_obs0.05	42
42	50	30	0.2	6	0.5421380090892643	0.7007613292616873				0.3837441559880972	batch_effects_moderate_drop	all_obs0.05	42
42	50	30	0.5	8	0.5009616821496653	0.6730311828979022				0.35486852610483766	batch_effects_moderate_drop	all_obs0.05	42
42	50	30	1.0	13	0.311732554651463	0.5681011243690428				0.3300340969581157	batch_effects_moderate_drop	all_obs0.05	42
42	20	10	0.2	6	0.5454836003540906	0.7027071804879382				0.19905296596698463	batch_effects_moderate_drop	all_obs0.1	42
42	20	10	0.5	13	0.34501144025307984	0.5718590798339219				0.20383286383002996	batch_effects_moderate_drop	all_obs0.1	42
42	20	10	1.0	17	0.2719488239948072	0.5479632226364795				0.21354268002323806	batch_effects_moderate_drop	all_obs0.1	42
42	20	15	0.2	6	0.5508797052603984	0.7145276037906494				0.2354004979133606	batch_effects_moderate_drop	all_obs0.1	42
42	20	15	0.5	9	0.4357425291221658	0.6244246890659952				0.26087446813471615	batch_effects_moderate_drop	all_obs0.1	42
42	20	15	1.0	15	0.2946147276319094	0.5416557463159821				0.26438000914640725	batch_effects_moderate_drop	all_obs0.1	42
42	20	30	0.2	6	0.5441273654201275	0.7041147915725775				0.3145792209543288	batch_effects_moderate_drop	all_obs0.1	42
42	20	30	0.5	8	0.47454275991606537	0.6544917105589655				0.3279549570288509	batch_effects_moderate_drop	all_obs0.1	42
42	20	30	1.0	13	0.30914857839198684	0.5662768195110122				0.3253169159870595	batch_effects_moderate_drop	all_obs0.1	42
42	50	10	0.2	6	0.5471771346849177	0.7045676001278035				0.2022490429226309	batch_effects_moderate_drop	all_obs0.1	42
42	50	10	0.5	11	0.39757276710224154	0.5914282042565244				0.20269266609102488	batch_effects_moderate_drop	all_obs0.1	42
42	50	10	1.0	16	0.2727739822405479	0.5410844452947228				0.1957171659450978	batch_effects_moderate_drop	all_obs0.1	42
42	50	15	0.2	7	0.5455628753159976	0.7064376829260551				0.25742772803641856	batch_effects_moderate_drop	all_obs0.1	42
42	50	15	0.5	8	0.47511075183410933	0.646059845388759				0.26394205796532333	batch_effects_moderate_drop	all_obs0.1	42
42	50	15	1.0	15	0.29074482028323123	0.5503629461130972				0.2526302768383175	batch_effects_moderate_drop	all_obs0.1	42
42	50	30	0.2	6	0.541757094463332	0.6997887316016643				0.31743767601437867	batch_effects_moderate_drop	all_obs0.1	42
42	50	30	0.5	7	0.5063653042641161	0.6782476770680086				0.33590920199640095	batch_effects_moderate_drop	all_obs0.1	42
42	50	30	1.0	13	0.3183260761842696	0.5794792859241327				0.35008116788230836	batch_effects_moderate_drop	all_obs0.1	42
42	20	10	0.2	6	0.5505225723635667	0.7114544312761266				0.18935347720980644	batch_effects_moderate_drop	all_obs0.15	42
42	20	10	0.5	11	0.3908849130028588	0.5868795148929803				0.18794410000555217	batch_effects_moderate_drop	all_obs0.15	42
42	20	10	1.0	15	0.28777318893961257	0.549650710105175				0.18248475715517998	batch_effects_moderate_drop	all_obs0.15	42
42	20	15	0.2	6	0.5455511214844168	0.7035296775520964				0.2336728519294411	batch_effects_moderate_drop	all_obs0.15	42
42	20	15	0.5	10	0.40538640463262704	0.6082650154459701				0.26371373189613223	batch_effects_moderate_drop	all_obs0.15	42
42	20	15	1.0	15	0.28467990730463993	0.560097881439414				0.28389197611249983	batch_effects_moderate_drop	all_obs0.15	42
42	20	30	0.2	6	0.5444361774604461	0.7044115420706667				0.3207315569743514	batch_effects_moderate_drop	all_obs0.15	42
42	20	30	0.5	8	0.46752529095431744	0.641271051394946				0.3224561749957502	batch_effects_moderate_drop	all_obs0.15	42
42	20	30	1.0	13	0.3074935873495889	0.5630280380797935				0.3218403069768101	batch_effects_moderate_drop	all_obs0.15	42
42	50	10	0.2	6	0.5472407720276161	0.7066012959928104				0.2105561310891062	batch_effects_moderate_drop	all_obs0.15	42
42	50	10	0.5	10	0.4278745571803972	0.616943757313269				0.20265216613188386	batch_effects_moderate_drop	all_obs0.15	42
42	50	10	1.0	16	0.2750171873069717	0.5467706099429933				0.20575927710160613	batch_effects_moderate_drop	all_obs0.15	42
42	50	15	0.2	6	0.5420915309297004	0.7000672254116527				0.24738679314032197	batch_effects_moderate_drop	all_obs0.15	42
42	50	15	0.5	8	0.4650839094958357	0.6428988269291845				0.24418417015112936	batch_effects_moderate_drop	all_obs0.15	42
42	50	15	1.0	15	0.29389582021770777	0.5605553167919471				0.24608075409196317	batch_effects_moderate_drop	all_obs0.15	42
42	50	30	0.2	6	0.5444284214108154	0.7042309580098021				0.3230440129991621	batch_effects_moderate_drop	all_obs0.15	42
42	50	30	0.5	7	0.5137293852682454	0.6758755583117245				0.3222321558278054	batch_effects_moderate_drop	all_obs0.15	42
42	50	30	1.0	13	0.30861925973165955	0.5696042051966228				0.32725728303194046	batch_effects_moderate_drop	all_obs0.15	42
42	20	10	0.2	6	0.5485703843322977	0.7088283458506023				0.2052291079889983	batch_effects_moderate_drop	all_obs0.2	42
42	20	10	0.5	11	0.4020566441411353	0.5982640713653474				0.1917880999390036	batch_effects_moderate_drop	all_obs0.2	42
42	20	10	1.0	16	0.2731449359601322	0.543010405878181				0.19189691287465394	batch_effects_moderate_drop	all_obs0.2	42
42	20	15	0.2	7	0.5494528189509285	0.7138390712259236				0.25309522496536374	batch_effects_moderate_drop	all_obs0.2	42
42	20	15	0.5	8	0.4620254448376366	0.6412055835074055				0.25936235510744154	batch_effects_moderate_drop	all_obs0.2	42
42	20	15	1.0	14	0.2899632617190536	0.560938431072793				0.24681387678720057	batch_effects_moderate_drop	all_obs0.2	42
42	20	30	0.2	6	0.5454914019716077	0.7052978518419047				0.33221394289284945	batch_effects_moderate_drop	all_obs0.2	42
42	20	30	0.5	7	0.5289457898626859	0.6880167638096637				0.3321636619511992	batch_effects_moderate_drop	all_obs0.2	42
42	20	30	1.0	13	0.31558164353593643	0.5709349569788694				0.33594060502946377	batch_effects_moderate_drop	all_obs0.2	42
42	50	10	0.2	6	0.5392069740180848	0.694184380784086				0.21774076111614704	batch_effects_moderate_drop	all_obs0.2	42
42	50	10	0.5	8	0.46870195992700775	0.6445289880166069				0.21067903307266533	batch_effects_moderate_drop	all_obs0.2	42
42	50	10	1.0	15	0.30603859634956254	0.5639466553315663				0.2016781538259238	batch_effects_moderate_drop	all_obs0.2	42
42	50	15	0.2	6	0.5404254721245532	0.6968641909952359				0.25284672901034355	batch_effects_moderate_drop	all_obs0.2	42
42	50	15	0.5	8	0.4795353093688266	0.6595821076656773				0.2555163011420518	batch_effects_moderate_drop	all_obs0.2	42
42	50	15	1.0	15	0.2939516121761558	0.5575661615344124				0.24379920517094433	batch_effects_moderate_drop	all_obs0.2	42
42	50	30	0.2	6	0.5407625571148382	0.6970402914203505				0.3404433010146022	batch_effects_moderate_drop	all_obs0.2	42
42	50	30	0.5	7	0.5133614381860175	0.6761650017895812				0.3439049262087792	batch_effects_moderate_drop	all_obs0.2	42
42	50	30	1.0	13	0.3111561340750562	0.5589057323929569				0.33055898593738675	batch_effects_moderate_drop	all_obs0.2	42
42	20	10	0.2	7	0.5276596071976772	0.6880405056392035				0.1930621659848839	batch_effects_moderate_drop	all_obs0.25	42
42	20	10	0.5	9	0.4356395373621037	0.6158138699206789				0.19218391785398126	batch_effects_moderate_drop	all_obs0.25	42
42	20	10	1.0	16	0.2734213690892146	0.5465030154627966				0.1890436289831996	batch_effects_moderate_drop	all_obs0.25	42
42	20	15	0.2	6	0.5190245333811158	0.6676521709944773				0.2484319310169667	batch_effects_moderate_drop	all_obs0.25	42
42	20	15	0.5	9	0.4493005596271368	0.6217480066628198				0.24199790903367102	batch_effects_moderate_drop	all_obs0.25	42
42	20	15	1.0	15	0.2795438842613976	0.5451327305631054				0.2444509870838374	batch_effects_moderate_drop	all_obs0.25	42
42	20	30	0.2	6	0.5481674565884702	0.709705593611162				0.32849588012322783	batch_effects_moderate_drop	all_obs0.25	42
42	20	30	0.5	7	0.5033788726146478	0.664907224502964				0.32847702503204346	batch_effects_moderate_drop	all_obs0.25	42
42	20	30	1.0	13	0.30141200402613066	0.5570298929743501				0.32820803788490593	batch_effects_moderate_drop	all_obs0.25	42
42	50	10	0.2	6	0.5388373019745167	0.6911308926775703				0.22218348691239953	batch_effects_moderate_drop	all_obs0.25	42
42	50	10	0.5	7	0.5343843246942233	0.6920424247857077				0.21935646096244454	batch_effects_moderate_drop	all_obs0.25	42
42	50	10	1.0	14	0.28713284096768543	0.5606153100866507				0.21946190507151186	batch_effects_moderate_drop	all_obs0.25	42
42	50	15	0.2	6	0.5405208349957539	0.6968885902952635				0.2576167332008481	batch_effects_moderate_drop	all_obs0.25	42
42	50	15	0.5	7	0.495162568428035	0.6620976549857632				0.2617036458104849	batch_effects_moderate_drop	all_obs0.25	42
42	50	15	1.0	14	0.29107566550155267	0.5585657961424049				0.2596220860723406	batch_effects_moderate_drop	all_obs0.25	42
42	50	30	0.2	6	0.5434840512469843	0.7022792438562198				0.3243944440037012	batch_effects_moderate_drop	all_obs0.25	42
42	50	30	0.5	7	0.5458625919961045	0.7066286288539126				0.32071381085552275	batch_effects_moderate_drop	all_obs0.25	42
42	50	30	1.0	13	0.3117470926449758	0.5696395247205189				0.328008292010054	batch_effects_moderate_drop	all_obs0.25	42
42	20	10	0.2	4	0.2903759569142468	0.4133605544198845				0.273265598108992	batch_effects_moderate_drop	all_obs1.0	42
42	20	10	0.5	7	0.4507850360965511	0.5803639987958038				0.27568773995153606	batch_effects_moderate_drop	all_obs1.0	42
42	20	10	1.0	10	0.318249313797465	0.512560008285837				0.28086954983882606	batch_effects_moderate_drop	all_obs1.0	42
42	20	15	0.2	4	0.3156751408146009	0.4511762748233703				0.29755693417973816	batch_effects_moderate_drop	all_obs1.0	42
42	20	15	0.5	7	0.49034006958925536	0.6170954113949092				0.3116683370899409	batch_effects_moderate_drop	all_obs1.0	42
42	20	15	1.0	10	0.3087208563186718	0.5032646171981958				0.3132367809303105	batch_effects_moderate_drop	all_obs1.0	42
42	20	30	0.2	4	0.30556027588231643	0.4400264233584317				0.4326050851959735	batch_effects_moderate_drop	all_obs1.0	42
42	20	30	0.5	7	0.4782215393642969	0.6142893577463318				0.40087871393188834	batch_effects_moderate_drop	all_obs1.0	42
42	20	30	1.0	7	0.42031134818387905	0.5718644270591917				0.4072626931592822	batch_effects_moderate_drop	all_obs1.0	42
42	50	10	0.2	1	0.0	0.0				0.2752867271192372	batch_effects_moderate_drop	all_obs1.0	42
42	50	10	0.5	6	0.3087898584639286	0.4063784250780721				0.2966327080503106	batch_effects_moderate_drop	all_obs1.0	42
42	50	10	1.0	9	0.31649545083483527	0.4454679399096643				0.3441362821031362	batch_effects_moderate_drop	all_obs1.0	42
42	50	15	0.2	2	7.437773664442909e-05	0.00029513399954096133				0.3448209180496633	batch_effects_moderate_drop	all_obs1.0	42
42	50	15	0.5	6	0.3130524873580094	0.42577976594438344				0.3562235680874437	batch_effects_moderate_drop	all_obs1.0	42
42	50	15	1.0	9	0.31597036837927944	0.4557209656508114				0.3571042350959033	batch_effects_moderate_drop	all_obs1.0	42
42	50	30	0.2	2	0.0004260788338201756	0.0005982599317250172				0.45351653499528766	batch_effects_moderate_drop	all_obs1.0	42
42	50	30	0.5	6	0.32897530944562636	0.4582278737063762				0.5033595559652895	batch_effects_moderate_drop	all_obs1.0	42
42	50	30	1.0	7	0.40190659886492447	0.535504756472285				0.46717033605091274	batch_effects_moderate_drop	all_obs1.0	42
42	20	10	0.2	7	0.52165748555745	0.6726475384169734				0.19386203889735043	batch_effects_moderate_drop_group	raw	42
42	20	10	0.5	12	0.4412571500689522	0.6132976109094512				0.19196281488984823	batch_effects_moderate_drop_group	raw	42
42	20	10	1.0	16	0.29299212597102675	0.5422114214975596				0.1904983320273459	batch_effects_moderate_drop_group	raw	42
42	20	15	0.2	6	0.5261492939484524	0.6733193508684421				0.24351601395756006	batch_effects_moderate_drop_group	raw	42
42	20	15	0.5	9	0.47337181749333834	0.6367382758997286				0.24404409807175398	batch_effects_moderate_drop_group	raw	42
42	20	15	1.0	15	0.3162560163760728	0.5542256578366965				0.24102228786796331	batch_effects_moderate_drop_group	raw	42
42	20	30	0.2	6	0.5277892658420824	0.6729414839719968				0.3493267309386283	batch_effects_moderate_drop_group	raw	42
42	20	30	0.5	7	0.5131593640228399	0.6751146715011316				0.34049393702298403	batch_effects_moderate_drop_group	raw	42
42	20	30	1.0	12	0.3728469306112851	0.5806601315840924				0.34174848604016006	batch_effects_moderate_drop_group	raw	42
42	50	10	0.2	7	0.5302746499468052	0.6793376155645243				0.18515792209655046	batch_effects_moderate_drop_group	raw	42
42	50	10	0.5	10	0.4501581046442733	0.6147880742275589				0.18729164893738925	batch_effects_moderate_drop_group	raw	42
42	50	10	1.0	15	0.30914902250439813	0.5548612743736623				0.18612321699038148	batch_effects_moderate_drop_group	raw	42
42	50	15	0.2	6	0.531770643815891	0.6807681044599115				0.2487714891321957	batch_effects_moderate_drop_group	raw	42
42	50	15	0.5	7	0.5150656569020908	0.6717521038365081				0.2491283849813044	batch_effects_moderate_drop_group	raw	42
42	50	15	1.0	14	0.31521611890192264	0.5573072743546272				0.2400490150321275	batch_effects_moderate_drop_group	raw	42
42	50	30	0.2	6	0.5258475903180403	0.6689620480151288				0.33613149099983275	batch_effects_moderate_drop_group	raw	42
42	50	30	0.5	7	0.5137471858886294	0.6705606963320861				0.3423582180403173	batch_effects_moderate_drop_group	raw	42
42	50	30	1.0	12	0.35651359584556563	0.5803212391657239				0.354965167818591	batch_effects_moderate_drop_group	raw	42
42	20	10	0.2	7	0.5194232744627653	0.6664370579757025				0.19022470503114164	batch_effects_moderate_drop_group	all_obs0.05	42
42	20	10	0.5	8	0.5057085507994935	0.653366568958556				0.19051999296061695	batch_effects_moderate_drop_group	all_obs0.05	42
42	20	10	1.0	17	0.25870097474323445	0.5278963036728713				0.18739039287902415	batch_effects_moderate_drop_group	all_obs0.05	42
42	20	15	0.2	6	0.5239090267521364	0.6645526928907447				0.24751865002326667	batch_effects_moderate_drop_group	all_obs0.05	42
42	20	15	0.5	8	0.48932982346273796	0.6422715738129446				0.24612784781493247	batch_effects_moderate_drop_group	all_obs0.05	42
42	20	15	1.0	16	0.2733878301791259	0.5346780544682185				0.23931415495462716	batch_effects_moderate_drop_group	all_obs0.05	42
42	20	30	0.2	6	0.5225611426986175	0.6641180878401659				0.3328969699796289	batch_effects_moderate_drop_group	all_obs0.05	42
42	20	30	0.5	7	0.5016129641882798	0.6586288910023823				0.34427406801842153	batch_effects_moderate_drop_group	all_obs0.05	42
42	20	30	1.0	12	0.3581037248345642	0.5725605283698713				0.346268889028579	batch_effects_moderate_drop_group	all_obs0.05	42
42	50	10	0.2	6	0.5210924648582435	0.6649987532696544				0.20653124689124525	batch_effects_moderate_drop_group	all_obs0.05	42
42	50	10	0.5	8	0.48366649140422335	0.6338587307114203				0.19653207808732986	batch_effects_moderate_drop_group	all_obs0.05	42
42	50	10	1.0	15	0.30626930242258577	0.5472860616375094				0.1965762109030038	batch_effects_moderate_drop_group	all_obs0.05	42
42	50	15	0.2	6	0.528744186046047	0.6745686711031382				0.2554793369490653	batch_effects_moderate_drop_group	all_obs0.05	42
42	50	15	0.5	9	0.4585952417785027	0.6242363904980179				0.25180690083652735	batch_effects_moderate_drop_group	all_obs0.05	42
42	50	15	1.0	15	0.29556839775753785	0.5446840366720315				0.2548058801330626	batch_effects_moderate_drop_group	all_obs0.05	42
42	50	30	0.2	6	0.5254050777190221	0.6700841385403455				0.3557336749508977	batch_effects_moderate_drop_group	all_obs0.05	42
42	50	30	0.5	7	0.506488813056894	0.6630723875129922				0.3525897751096636	batch_effects_moderate_drop_group	all_obs0.05	42
42	50	30	1.0	11	0.3820675815858095	0.5856081314002705				0.34625647496432066	batch_effects_moderate_drop_group	all_obs0.05	42
42	20	10	0.2	7	0.5216020875546599	0.6689082500341166				0.19180675293318927	batch_effects_moderate_drop_group	all_obs0.1	42
42	20	10	0.5	11	0.3995771442175534	0.5786993020363671				0.1911099140997976	batch_effects_moderate_drop_group	all_obs0.1	42
42	20	10	1.0	15	0.3064404212472045	0.5477232030158113				0.18995746108703315	batch_effects_moderate_drop_group	all_obs0.1	42
42	20	15	0.2	6	0.5167840365113059	0.6578788672696354				0.248563963919878	batch_effects_moderate_drop_group	all_obs0.1	42
42	20	15	0.5	8	0.49789007837258703	0.6475574056837161				0.25034677190706134	batch_effects_moderate_drop_group	all_obs0.1	42
42	20	15	1.0	14	0.3206228225959019	0.5549091620720251				0.2445006538182497	batch_effects_moderate_drop_group	all_obs0.1	42
42	20	30	0.2	6	0.5209301292890182	0.6615272666376593				0.36293853889219463	batch_effects_moderate_drop_group	all_obs0.1	42
42	20	30	0.5	7	0.5017776835430274	0.6587949483637425				0.35109211993403733	batch_effects_moderate_drop_group	all_obs0.1	42
42	20	30	1.0	12	0.33904995609060856	0.5654570900165197				0.33875183993950486	batch_effects_moderate_drop_group	all_obs0.1	42
42	50	10	0.2	6	0.5099284240562131	0.6458558954532293				0.2130592919420451	batch_effects_moderate_drop_group	all_obs0.1	42
42	50	10	0.5	9	0.4372598308283367	0.6142738913747755				0.21932020713575184	batch_effects_moderate_drop_group	all_obs0.1	42
42	50	10	1.0	14	0.2933916107687288	0.5443182046404107				0.20911447098478675	batch_effects_moderate_drop_group	all_obs0.1	42
42	50	15	0.2	6	0.5261027998481236	0.6699913004910144				0.2567062929738313	batch_effects_moderate_drop_group	all_obs0.1	42
42	50	15	0.5	8	0.49321669518421285	0.6415862236098645				0.2576650041155517	batch_effects_moderate_drop_group	all_obs0.1	42
42	50	15	1.0	13	0.31093024865006874	0.548187466414368				0.25665231491439044	batch_effects_moderate_drop_group	all_obs0.1	42
42	50	30	0.2	6	0.5244141364601541	0.6687114953425337				0.37234978494234383	batch_effects_moderate_drop_group	all_obs0.1	42
42	50	30	0.5	7	0.5057605091594269	0.6627592041392419				0.3676096929702908	batch_effects_moderate_drop_group	all_obs0.1	42
42	50	30	1.0	12	0.3536972220092979	0.5715869303820676				0.36642909282818437	batch_effects_moderate_drop_group	all_obs0.1	42
42	20	10	0.2	7	0.5203284419953964	0.6653188339579276				0.19703435199335217	batch_effects_moderate_drop_group	all_obs0.15	42
42	20	10	0.5	8	0.47210488767640635	0.6172862518655267				0.19677368900738657	batch_effects_moderate_drop_group	all_obs0.15	42
42	20	10	1.0	16	0.27131454924494913	0.533821076908152				0.19383898004889488	batch_effects_moderate_drop_group	all_obs0.15	42
42	20	15	0.2	6	0.514802095736476	0.6571981520849254				0.2529652959201485	batch_effects_moderate_drop_group	all_obs0.15	42
42	20	15	0.5	7	0.5190584803458046	0.6673646748123532				0.24953798903152347	batch_effects_moderate_drop_group	all_obs0.15	42
42	20	15	1.0	14	0.3035074049582001	0.5533244637510076				0.24244389217346907	batch_effects_moderate_drop_group	all_obs0.15	42
42	20	30	0.2	6	0.526136304906295	0.6710637865436786				0.3646048989612609	batch_effects_moderate_drop_group	all_obs0.15	42
42	20	30	0.5	7	0.5004228400932622	0.6572848299621268				0.3613199279643595	batch_effects_moderate_drop_group	all_obs0.15	42
42	20	30	1.0	11	0.3619921154510789	0.5733301666347066				0.3706932452041656	batch_effects_moderate_drop_group	all_obs0.15	42
42	50	10	0.2	6	0.5202439764040677	0.6610819433997888				0.2238486499991268	batch_effects_moderate_drop_group	all_obs0.15	42
42	50	10	0.5	9	0.4422653544021017	0.6169443499823036				0.21846322598867118	batch_effects_moderate_drop_group	all_obs0.15	42
42	50	10	1.0	14	0.2973668920683935	0.5349042186250477				0.21793767903000116	batch_effects_moderate_drop_group	all_obs0.15	42
42	50	15	0.2	6	0.5255700446274111	0.6690646142220527				0.2543976102024317	batch_effects_moderate_drop_group	all_obs0.15	42
42	50	15	0.5	8	0.48706755400767954	0.6510468759605498				0.25471103214658797	batch_effects_moderate_drop_group	all_obs0.15	42
42	50	15	1.0	13	0.31539372017623885	0.5497036842102113				0.2572949400637299	batch_effects_moderate_drop_group	all_obs0.15	42
42	50	30	0.2	6	0.5202271154611382	0.6609215097098066				0.3580260861199349	batch_effects_moderate_drop_group	all_obs0.15	42
42	50	30	0.5	6	0.517392095345942	0.6532001764094574				0.33547273208387196	batch_effects_moderate_drop_group	all_obs0.15	42
42	50	30	1.0	12	0.3310675972531048	0.5630368782804299				0.3506275957915932	batch_effects_moderate_drop_group	all_obs0.15	42
42	20	10	0.2	7	0.5304754922641381	0.6834775810593648				0.19789326493628323	batch_effects_moderate_drop_group	all_obs0.2	42
42	20	10	0.5	9	0.4594889657490966	0.6337857075888557				0.19951504305936396	batch_effects_moderate_drop_group	all_obs0.2	42
42	20	10	1.0	16	0.2984584704578664	0.5394697685131227				0.19963737716898322	batch_effects_moderate_drop_group	all_obs0.2	42
42	20	15	0.2	6	0.5272521433673092	0.6780425058256676				0.2645209620241076	batch_effects_moderate_drop_group	all_obs0.2	42
42	20	15	0.5	7	0.5247587616124183	0.6786987253761972				0.2599396330770105	batch_effects_moderate_drop_group	all_obs0.2	42
42	20	15	1.0	14	0.3058361817578175	0.5657131106576166				0.2622233210131526	batch_effects_moderate_drop_group	all_obs0.2	42
42	20	30	0.2	6	0.5245971512627536	0.6676792461529504				0.34717637998983264	batch_effects_moderate_drop_group	all_obs0.2	42
42	20	30	0.5	7	0.5201790792621965	0.6733312030233003				0.34217480407096446	batch_effects_moderate_drop_group	all_obs0.2	42
42	20	30	1.0	13	0.30570006371919417	0.5632870630723612				0.34179930994287133	batch_effects_moderate_drop_group	all_obs0.2	42
42	50	10	0.2	6	0.5246704971235133	0.67124927326255				0.22227446385659277	batch_effects_moderate_drop_group	all_obs0.2	42
42	50	10	0.5	8	0.469407297276194	0.6334229663020108				0.21769614005461335	batch_effects_moderate_drop_group	all_obs0.2	42
42	50	10	1.0	13	0.3088587543784203	0.5390160042013921				0.21938104298897088	batch_effects_moderate_drop_group	all_obs0.2	42
42	50	15	0.2	6	0.5213048288651604	0.6650141449721427				0.2680055508390069	batch_effects_moderate_drop_group	all_obs0.2	42
42	50	15	0.5	9	0.4268107058670534	0.6115634449236852				0.26909582293592393	batch_effects_moderate_drop_group	all_obs0.2	42
42	50	15	1.0	12	0.3158481500792774	0.5468159886987571				0.2653154279105365	batch_effects_moderate_drop_group	all_obs0.2	42
42	50	30	0.2	6	0.5222130901415971	0.6646360551209898				0.3688018920365721	batch_effects_moderate_drop_group	all_obs0.2	42
42	50	30	0.5	7	0.502624401298325	0.6573808805126531				0.3761856679338962	batch_effects_moderate_drop_group	all_obs0.2	42
42	50	30	1.0	11	0.3962941130836935	0.5881487011923867				0.37566276593133807	batch_effects_moderate_drop_group	all_obs0.2	42
42	20	10	0.2	6	0.540477771368696	0.6951238174248541				0.20664547593332827	batch_effects_moderate_drop_group	all_obs0.25	42
42	20	10	0.5	10	0.43402998559486805	0.614326708529309				0.20098829502239823	batch_effects_moderate_drop_group	all_obs0.25	42
42	20	10	1.0	15	0.2817504674732409	0.549238757825277				0.20096913911402225	batch_effects_moderate_drop_group	all_obs0.25	42
42	20	15	0.2	6	0.5361736491732342	0.6897123989295582				0.26099094189703465	batch_effects_moderate_drop_group	all_obs0.25	42
42	20	15	0.5	7	0.5239566122084066	0.6798488786168622				0.2681055231951177	batch_effects_moderate_drop_group	all_obs0.25	42
42	20	15	1.0	14	0.2973920236616534	0.5586953482085513				0.26251955796033144	batch_effects_moderate_drop_group	all_obs0.25	42
42	20	30	0.2	6	0.5272220334406469	0.6714513217357355				0.3673389919567853	batch_effects_moderate_drop_group	all_obs0.25	42
42	20	30	0.5	7	0.5265902556764629	0.6812329968171333				0.3640970408450812	batch_effects_moderate_drop_group	all_obs0.25	42
42	20	30	1.0	12	0.3477034583724205	0.569514722513068				0.3566596021410078	batch_effects_moderate_drop_group	all_obs0.25	42
42	50	10	0.2	6	0.527595346274645	0.6730419149439788				0.23339374898932874	batch_effects_moderate_drop_group	all_obs0.25	42
42	50	10	0.5	8	0.4732617068674933	0.6368795743496292				0.2309353209566325	batch_effects_moderate_drop_group	all_obs0.25	42
42	50	10	1.0	14	0.2865216711521113	0.5457323759514303				0.2284856690093875	batch_effects_moderate_drop_group	all_obs0.25	42
42	50	15	0.2	6	0.5173458262567013	0.6572075675361081				0.27414176193997264	batch_effects_moderate_drop_group	all_obs0.25	42
42	50	15	0.5	7	0.48707120516178665	0.641192653554719				0.28009917214512825	batch_effects_moderate_drop_group	all_obs0.25	42
42	50	15	1.0	13	0.31230889346670776	0.5533884404149004				0.2873646488878876	batch_effects_moderate_drop_group	all_obs0.25	42
42	50	30	0.2	6	0.517365316835326	0.6576668083596435				0.36549302912317216	batch_effects_moderate_drop_group	all_obs0.25	42
42	50	30	0.5	7	0.5189548700110008	0.6651838923888509				0.3753388919867575	batch_effects_moderate_drop_group	all_obs0.25	42
42	50	30	1.0	10	0.39376089869979464	0.5877846388244082				0.3738133090082556	batch_effects_moderate_drop_group	all_obs0.25	42
42	20	10	0.2	5	0.6716781903741751	0.7264193186598814				0.27518573799170554	batch_effects_moderate_drop_group	all_obs1.0	42
42	20	10	0.5	5	0.6717260325977467	0.7266923393075462				0.2792692231014371	batch_effects_moderate_drop_group	all_obs1.0	42
42	20	10	1.0	10	0.40634631229864565	0.587770954588263				0.2788603201042861	batch_effects_moderate_drop_group	all_obs1.0	42
42	20	15	0.2	5	0.6706739776501018	0.7262960262512405				0.28894870285876095	batch_effects_moderate_drop_group	all_obs1.0	42
42	20	15	0.5	5	0.6727068421232537	0.7294124037504011				0.2972868140786886	batch_effects_moderate_drop_group	all_obs1.0	42
42	20	15	1.0	10	0.3892138588394317	0.5896001872587402				0.3108806142117828	batch_effects_moderate_drop_group	all_obs1.0	42
42	20	30	0.2	5	0.6752083730765668	0.7331880274235131				0.3998303909320384	batch_effects_moderate_drop_group	all_obs1.0	42
42	20	30	0.5	5	0.6742092317664153	0.7319835234140007				0.3866303290706128	batch_effects_moderate_drop_group	all_obs1.0	42
42	20	30	1.0	9	0.40658232061978233	0.6032315225434146				0.38589085708372295	batch_effects_moderate_drop_group	all_obs1.0	42
42	50	10	0.2	3	0.386651091597767	0.519438242817948				0.2707035569474101	batch_effects_moderate_drop_group	all_obs1.0	42
42	50	10	0.5	5	0.4366687480168542	0.49776033193834984				0.26993876695632935	batch_effects_moderate_drop_group	all_obs1.0	42
42	50	10	1.0	8	0.4511231218635768	0.5472337976275902				0.30338845681399107	batch_effects_moderate_drop_group	all_obs1.0	42
42	50	15	0.2	3	0.381376114328905	0.5065286669221218				0.3262432611081749	batch_effects_moderate_drop_group	all_obs1.0	42
42	50	15	0.5	5	0.5361990153075481	0.5752555221079694				0.3335302770137787	batch_effects_moderate_drop_group	all_obs1.0	42
42	50	15	1.0	9	0.29432319405808843	0.4455523524179183				0.3478015640284866	batch_effects_moderate_drop_group	all_obs1.0	42
42	50	30	0.2	3	0.38656326700146254	0.517980027576589				0.4455331100616604	batch_effects_moderate_drop_group	all_obs1.0	42
42	50	30	0.5	5	0.4427445928805013	0.5079306392158308				0.44773155194707215	batch_effects_moderate_drop_group	all_obs1.0	42
42	50	30	1.0	8	0.5247412350209401	0.582415263343383				0.46420870488509536	batch_effects_moderate_drop_group	all_obs1.0	42
42	20	10	0.2	3	0.9928121338231558	0.9846885591711968				0.22154139610938728	groups_balanced_moderate_drop	raw	42
42	20	10	0.5	6	0.6591885214260786	0.7777715090254627				0.2060205729212612	groups_balanced_moderate_drop	raw	42
42	20	10	1.0	9	0.41544420612874805	0.6636877729781119				0.2064061830751598	groups_balanced_moderate_drop	raw	42
42	20	15	0.2	3	0.993409392883238	0.9858729437835646				0.3060721349902451	groups_balanced_moderate_drop	raw	42
42	20	15	0.5	6	0.6508704570894718	0.7755719864993835				0.2920008439105004	groups_balanced_moderate_drop	raw	42
42	20	15	1.0	10	0.400384501541547	0.6511160783049494				0.2694305288605392	groups_balanced_moderate_drop	raw	42
42	20	30	0.2	3	0.9934021797289163	0.9853487377822522				0.43834636779502034	groups_balanced_moderate_drop	raw	42
42	20	30	0.5	4	0.9017079215566336	0.9111411059202728				0.46379494993016124	groups_balanced_moderate_drop	raw	42
42	20	30	1.0	7	0.5255077641521784	0.7189866867372119				0.47520218999125063	groups_balanced_moderate_drop	raw	42
42	50	10	0.2	3	0.9934093422314305	0.9856984472051393				0.20904696895740926	groups_balanced_moderate_drop	raw	42
42	50	10	0.5	6	0.6502701974453137	0.775423188941371				0.20638384483754635	groups_balanced_moderate_drop	raw	42
42	50	10	1.0	10	0.39732870203876575	0.6490216134668619				0.20560781098902225	groups_balanced_moderate_drop	raw	42
42	50	15	0.2	3	0.994006960604788	0.9868829419525187				0.29680673498660326	groups_balanced_moderate_drop	raw	42
42	50	15	0.5	5	0.7341519143463825	0.8194253280176368				0.29715130594559014	groups_balanced_moderate_drop	raw	42
42	50	15	1.0	9	0.43832062790891113	0.6723272326702123				0.2932403751183301	groups_balanced_moderate_drop	raw	42
42	50	30	0.2	3	0.9946048937444701	0.9879234201633059				0.51652055606246	groups_balanced_moderate_drop	raw	42
42	50	30	0.5	3	0.9946048937444701	0.9879234201633059				0.5304873480927199	groups_balanced_moderate_drop	raw	42
42	50	30	1.0	8	0.5332403520863497	0.7069094141947697				0.49187739402987063	groups_balanced_moderate_drop	raw	42
42	20	10	0.2	3	0.9934093422314305	0.9856984472051393				0.21725674509070814	groups_balanced_moderate_drop	all_obs0.05	42
42	20	10	0.5	6	0.7396747381949199	0.8059764452127138				0.21293175010941923	groups_balanced_moderate_drop	all_obs0.05	42
42	20	10	1.0	10	0.41921762800538526	0.6556284718822688				0.2062531157862395	groups_balanced_moderate_drop	all_obs0.05	42
42	20	15	0.2	3	0.9934136777385185	0.9853522811978331				0.3189270328730345	groups_balanced_moderate_drop	all_obs0.05	42
42	20	15	0.5	6	0.6697769934794783	0.7812397629394158				0.29494657297618687	groups_balanced_moderate_drop	all_obs0.05	42
42	20	15	1.0	9	0.45253466413124244	0.6760330304237162				0.279313851846382	groups_balanced_moderate_drop	all_obs0.05	42
42	20	30	0.2	3	0.9916106315076144	0.9820318939539873				0.47319906507618725	groups_balanced_moderate_drop	all_obs0.05	42
42	20	30	0.5	3	0.9916106315076144	0.9820318939539873				0.4784330599941313	groups_balanced_moderate_drop	all_obs0.05	42
42	20	30	1.0	7	0.5295586049303374	0.718966042595086				0.56327403197065	groups_balanced_moderate_drop	all_obs0.05	42
42	50	10	0.2	3	0.9928121338231558	0.9846885591711968				0.23207339504733682	groups_balanced_moderate_drop	all_obs0.05	42
42	50	10	0.5	4	0.8602537309560488	0.8899825538267644				0.22196474415250123	groups_balanced_moderate_drop	all_obs0.05	42
42	50	10	1.0	10	0.4628784421754484	0.674549304864328				0.21599185885861516	groups_balanced_moderate_drop	all_obs0.05	42
42	50	15	0.2	3	0.9928121338231558	0.9846885591711968				0.3154493598267436	groups_balanced_moderate_drop	all_obs0.05	42
42	50	15	0.5	4	0.9031640942467153	0.9116187815664812				0.29852514201775193	groups_balanced_moderate_drop	all_obs0.05	42
42	50	15	1.0	10	0.40883446942801216	0.6527548682922616				0.29784967098385096	groups_balanced_moderate_drop	all_obs0.05	42
42	50	30	0.2	3	0.9928120803072583	0.9845758225278488				0.45660307398065925	groups_balanced_moderate_drop	all_obs0.05	42
42	50	30	0.5	3	0.9928120803072583	0.9845758225278488				0.46758100506849587	groups_balanced_moderate_drop	all_obs0.05	42
42	50	30	1.0	7	0.6036562299876077	0.7412760007602417				0.4805415088776499	groups_balanced_moderate_drop	all_obs0.05	42
42	20	10	0.2	3	0.9934093422314305	0.9856984472051393				0.2238424380775541	groups_balanced_moderate_drop	all_obs0.1	42
42	20	10	0.5	6	0.6394083172876828	0.7710140033320615				0.21623931895010173	groups_balanced_moderate_drop	all_obs0.1	42
42	20	10	1.0	9	0.46345138135514957	0.6845817906047257				0.21524091600440443	groups_balanced_moderate_drop	all_obs0.1	42
42	20	15	0.2	3	0.9940069159847472	0.9867388152739144				0.29972734418697655	groups_balanced_moderate_drop	all_obs0.1	42
42	20	15	0.5	4	0.9262950472670417	0.9255294592839706				0.2845732388086617	groups_balanced_moderate_drop	all_obs0.1	42
42	20	15	1.0	8	0.5715269449318789	0.7295373177528164				0.28753975103609264	groups_balanced_moderate_drop	all_obs0.1	42
42	20	30	0.2	3	0.9928050474167968	0.9840820520290047				0.39835913805291057	groups_balanced_moderate_drop	all_obs0.1	42
42	20	30	0.5	3	0.9928050474167968	0.9840820520290047				0.4052028991281986	groups_balanced_moderate_drop	all_obs0.1	42
42	20	30	1.0	6	0.6273277694314499	0.765415165171437				0.4943887069821358	groups_balanced_moderate_drop	all_obs0.1	42
42	50	10	0.2	3	0.9934093422314305	0.9856984472051393				0.22922674985602498	groups_balanced_moderate_drop	all_obs0.1	42
42	50	10	0.5	5	0.7807003547160706	0.8367393668799741				0.23094355408102274	groups_balanced_moderate_drop	all_obs0.1	42
42	50	10	1.0	9	0.4634631185199791	0.675114581060905				0.22276132693514228	groups_balanced_moderate_drop	all_obs0.1	42
42	50	15	0.2	3	0.994002427248686	0.9872290836052798				0.3253596839495003	groups_balanced_moderate_drop	all_obs0.1	42
42	50	15	0.5	4	0.9373267341153747	0.9324490251529115				0.35183070902712643	groups_balanced_moderate_drop	all_obs0.1	42
42	50	15	1.0	8	0.5041179480140071	0.7030684964800288				0.31913955695927143	groups_balanced_moderate_drop	all_obs0.1	42
42	50	30	0.2	3	0.9928120803072583	0.9845758225278488				0.4050004370510578	groups_balanced_moderate_drop	all_obs0.1	42
42	50	30	0.5	3	0.9928120803072583	0.9845758225278488				0.4282335131429136	groups_balanced_moderate_drop	all_obs0.1	42
42	50	30	1.0	7	0.5812620083792833	0.7358261480870518				0.4926184869837016	groups_balanced_moderate_drop	all_obs0.1	42
42	20	10	0.2	3	0.9946048548718394	0.987815836810351				0.22071182797662914	groups_balanced_moderate_drop	all_obs0.15	42
42	20	10	0.5	5	0.7789642507154988	0.8362477963084688				0.21539420820772648	groups_balanced_moderate_drop	all_obs0.15	42
42	20	10	1.0	10	0.4291260156487907	0.6636401927844017				0.21609784988686442	groups_balanced_moderate_drop	all_obs0.15	42
42	20	15	0.2	3	0.994000605103295	0.9862818127774933				0.3196070999838412	groups_balanced_moderate_drop	all_obs0.15	42
42	20	15	0.5	4	0.8718406877175986	0.8965314554352728				0.3098333559464663	groups_balanced_moderate_drop	all_obs0.15	42
42	20	15	1.0	7	0.5690418250976867	0.7350036177406012				0.2922251420095563	groups_balanced_moderate_drop	all_obs0.15	42
42	20	30	0.2	3	0.9922076567537866	0.9830417330665628				0.4371925469022244	groups_balanced_moderate_drop	all_obs0.15	42
42	20	30	0.5	3	0.9922076567537866	0.9830417330665628				0.468105057021603	groups_balanced_moderate_drop	all_obs0.15	42
42	20	30	1.0	6	0.6281942508755065	0.7653246440598832				0.5306689681019634	groups_balanced_moderate_drop	all_obs0.15	42
42	50	10	0.2	3	0.9928003815785169	0.9845722590643815				0.24939768202602863	groups_balanced_moderate_drop	all_obs0.15	42
42	50	10	0.5	4	0.9046612003810064	0.9115490510100266				0.24802753701806068	groups_balanced_moderate_drop	all_obs0.15	42
42	50	10	1.0	9	0.5235438139230254	0.7108225834462293				0.2480956381186843	groups_balanced_moderate_drop	all_obs0.15	42
42	50	15	0.2	3	0.9928003815785169	0.9845722590643815				0.34300644393078983	groups_balanced_moderate_drop	all_obs0.15	42
42	50	15	0.5	3	0.9928003815785169	0.9845722590643815				0.3424610919319093	groups_balanced_moderate_drop	all_obs0.15	42
42	50	15	1.0	6	0.629385847504166	0.7680533529930689				0.3084964929148555	groups_balanced_moderate_drop	all_obs0.15	42
42	50	30	0.2	3	0.994002427248686	0.9872290836052798				0.4159228561911732	groups_balanced_moderate_drop	all_obs0.15	42
42	50	30	0.5	3	0.994002427248686	0.9872290836052798				0.43796719098463655	groups_balanced_moderate_drop	all_obs0.15	42
42	50	30	1.0	7	0.5813082988017259	0.7360175959898045				0.47520069405436516	groups_balanced_moderate_drop	all_obs0.15	42
42	20	10	0.2	3	0.9934024899203349	0.9852047299124774				0.2329291100613773	groups_balanced_moderate_drop	all_obs0.2	42
42	20	10	0.5	5	0.7618541935330659	0.8306344027204787				0.2225274450611323	groups_balanced_moderate_drop	all_obs0.2	42
42	20	10	1.0	8	0.5773905025355374	0.7408023118576128				0.22136872308328748	groups_balanced_moderate_drop	all_obs0.2	42
42	20	15	0.2	3	0.9934024899203349	0.9852047299124774				0.3182552771177143	groups_balanced_moderate_drop	all_obs0.2	42
42	20	15	0.5	5	0.7890568887733919	0.8411934229169025				0.321761618135497	groups_balanced_moderate_drop	all_obs0.2	42
42	20	15	1.0	6	0.5750355374630887	0.7515647803323261				0.2977300528436899	groups_balanced_moderate_drop	all_obs0.2	42
42	20	30	0.2	3	0.9934021797289163	0.9853487377822522				0.4715313359629363	groups_balanced_moderate_drop	all_obs0.2	42
42	20	30	0.5	3	0.9934021797289163	0.9853487377822522				0.5360329248942435	groups_balanced_moderate_drop	all_obs0.2	42
42	20	30	1.0	6	0.5781882365787545	0.7524525333998008				0.5436545789707452	groups_balanced_moderate_drop	all_obs0.2	42
42	50	10	0.2	3	0.9928000750772017	0.9846848884427943				0.2856969649437815	groups_balanced_moderate_drop	all_obs0.2	42
42	50	10	0.5	5	0.7679788293995153	0.8334219383561282				0.29624229087494314	groups_balanced_moderate_drop	all_obs0.2	42
42	50	10	1.0	7	0.5603696530363953	0.7296265753207578				0.2544444911181927	groups_balanced_moderate_drop	all_obs0.2	42
42	50	15	0.2	3	0.9928003815785169	0.9845722590643815				0.3329476681537926	groups_balanced_moderate_drop	all_obs0.2	42
42	50	15	0.5	3	0.9928003815785169	0.9845722590643815				0.37499086698517203	groups_balanced_moderate_drop	all_obs0.2	42
42	50	15	1.0	6	0.5724480136085236	0.7508875437437792				0.3427952341735363	groups_balanced_moderate_drop	all_obs0.2	42
42	50	30	0.2	3	0.9939909038426192	0.9866387578675545				0.4409349160268903	groups_balanced_moderate_drop	all_obs0.2	42
42	50	30	0.5	3	0.9939909038426192	0.9866387578675545				0.4460042880382389	groups_balanced_moderate_drop	all_obs0.2	42
42	50	30	1.0	6	0.614359236551052	0.7644922905405341				0.45513873896561563	groups_balanced_moderate_drop	all_obs0.2	42
42	20	10	0.2	3	0.9934024899203349	0.9852047299124774				0.22914766217581928	groups_balanced_moderate_drop	all_obs0.25	42
42	20	10	0.5	4	0.911416851934021	0.9143523150902578				0.2356904959306121	groups_balanced_moderate_drop	all_obs0.25	42
42	20	10	1.0	8	0.5639377951349411	0.735162157239091				0.22258494119159877	groups_balanced_moderate_drop	all_obs0.25	42
42	20	15	0.2	3	0.9934021797289163	0.9853487377822522				0.3483702940866351	groups_balanced_moderate_drop	all_obs0.25	42
42	20	15	0.5	3	0.9934021797289163	0.9853487377822522				0.3208753331564367	groups_balanced_moderate_drop	all_obs0.25	42
42	20	15	1.0	6	0.5941564031005239	0.7568607606100552				0.2987382370047271	groups_balanced_moderate_drop	all_obs0.25	42
42	20	30	0.2	3	0.9934021797289163	0.9853487377822522				0.49857144989073277	groups_balanced_moderate_drop	all_obs0.25	42
42	20	30	0.5	3	0.9934021797289163	0.9853487377822522				0.5050217730458826	groups_balanced_moderate_drop	all_obs0.25	42
42	20	30	1.0	6	0.6040376103010908	0.7588200655153179				0.5388967038597912	groups_balanced_moderate_drop	all_obs0.25	42
42	50	10	0.2	3	0.9933931033511497	0.9854542101101602				0.27057921490632	groups_balanced_moderate_drop	all_obs0.25	42
42	50	10	0.5	3	0.9933931033511497	0.9854542101101602				0.2800455039832741	groups_balanced_moderate_drop	all_obs0.25	42
42	50	10	1.0	6	0.5986594136625607	0.7553247852130728				0.27968446002341807	groups_balanced_moderate_drop	all_obs0.25	42
42	50	15	0.2	3	0.9939955765738104	0.9867353644017517				0.35790617601014674	groups_balanced_moderate_drop	all_obs0.25	42
42	50	15	0.5	3	0.9939955765738104	0.9867353644017517				0.35089013492688537	groups_balanced_moderate_drop	all_obs0.25	42
42	50	15	1.0	6	0.6116062504440114	0.7614596829788697				0.33955667493864894	groups_balanced_moderate_drop	all_obs0.25	42
42	50	30	0.2	3	0.9916015381125332	0.9822146552028674				0.43981083505786955	groups_balanced_moderate_drop	all_obs0.25	42
42	50	30	0.5	3	0.9916015381125332	0.9822146552028674				0.5157373559195548	groups_balanced_moderate_drop	all_obs0.25	42
42	50	30	1.0	7	0.5797169982339699	0.7354209248146468				0.476778615033254	groups_balanced_moderate_drop	all_obs0.25	42
42	20	10	0.2	2	0.5172010079517403	0.6189102690051322				0.31546898814849555	groups_balanced_moderate_drop	all_obs1.0	42
42	20	10	0.5	3	0.892679412833038	0.8350868942084801				0.32123982603661716	groups_balanced_moderate_drop	all_obs1.0	42
42	20	10	1.0	6	0.5168289229056486	0.6292336399069152				0.317631684942171	groups_balanced_moderate_drop	all_obs1.0	42
42	20	15	0.2	3	0.885796291592195	0.8274684709051828				0.3721084219869226	groups_balanced_moderate_drop	all_obs1.0	42
42	20	15	0.5	3	0.8863799213362383	0.8280619404997116				0.4090337979141623	groups_balanced_moderate_drop	all_obs1.0	42
42	20	15	1.0	6	0.5522844782338369	0.63950034107317				0.504778522066772	groups_balanced_moderate_drop	all_obs1.0	42
42	20	30	0.2	3	0.8926504799226637	0.8356508525873664				0.47237159311771393	groups_balanced_moderate_drop	all_obs1.0	42
42	20	30	0.5	3	0.8943866630629306	0.8374678236037999				0.5482624769210815	groups_balanced_moderate_drop	all_obs1.0	42
42	20	30	1.0	5	0.6658830839276829	0.6943978502888488				0.6237225781660527	groups_balanced_moderate_drop	all_obs1.0	42
42	50	10	0.2	1	0.0	0.0				0.2779603968374431	groups_balanced_moderate_drop	all_obs1.0	42
42	50	10	0.5	4	0.8130569393282872	0.742253174256758				0.2800333348568529	groups_balanced_moderate_drop	all_obs1.0	42
42	50	10	1.0	10	0.6699769210268552	0.6248104591446758				0.3607685898896307	groups_balanced_moderate_drop	all_obs1.0	42
42	50	15	0.2	1	0.0	0.0				0.35041119693778455	groups_balanced_moderate_drop	all_obs1.0	42
42	50	15	0.5	3	0.83618819063082	0.770596679333784				0.37667086999863386	groups_balanced_moderate_drop	all_obs1.0	42
42	50	15	1.0	10	0.7158678821163921	0.6665241873369299				0.45916436007246375	groups_balanced_moderate_drop	all_obs1.0	42
42	50	30	0.2	1	0.0	0.0				0.4582570770289749	groups_balanced_moderate_drop	all_obs1.0	42
42	50	30	0.5	3	0.8594216888458422	0.7981380833523259				0.47556895506568253	groups_balanced_moderate_drop	all_obs1.0	42
42	50	30	1.0	5	0.7178352263464144	0.6892969326328403				0.5549401768948883	groups_balanced_moderate_drop	all_obs1.0	42
42	20	10	0.2	3	0.9834346294730291	0.9678745381667813				0.2215179461054504	groups_balanced_moderate_drop_group	raw	42
42	20	10	0.5	5	0.7498417652508268	0.8145117083029877				0.22239927295595407	groups_balanced_moderate_drop_group	raw	42
42	20	10	1.0	9	0.4600696314806669	0.6558681515687117				0.21664211410097778	groups_balanced_moderate_drop_group	raw	42
42	20	15	0.2	3	0.9852005775990875	0.9715980149054223				0.30998834897764027	groups_balanced_moderate_drop_group	raw	42
42	20	15	0.5	4	0.855468259795338	0.8802032577086906				0.3024063070770353	groups_balanced_moderate_drop_group	raw	42
42	20	15	1.0	8	0.5159441345690146	0.6965146401093478				0.2912950739264488	groups_balanced_moderate_drop_group	raw	42
42	20	30	0.2	3	0.9857760323227778	0.9724325465116825				0.43873650999739766	groups_balanced_moderate_drop_group	raw	42
42	20	30	0.5	4	0.857237571370655	0.88259805993121				0.4666856871917844	groups_balanced_moderate_drop_group	raw	42
42	20	30	1.0	8	0.48865926112499025	0.6846454236695753				0.5111991281155497	groups_balanced_moderate_drop_group	raw	42
42	50	10	0.2	3	0.9828166877145471	0.9667724442613039				0.224117293022573	groups_balanced_moderate_drop_group	raw	42
42	50	10	0.5	4	0.8677519002980928	0.8836723625756494				0.22697775112465024	groups_balanced_moderate_drop_group	raw	42
42	50	10	1.0	8	0.48466382267972646	0.6804793079187689				0.22107250685803592	groups_balanced_moderate_drop_group	raw	42
42	50	15	0.2	3	0.9845945958843696	0.9694501919867957				0.3526982681360096	groups_balanced_moderate_drop_group	raw	42
42	50	15	0.5	4	0.8727279406562258	0.8872166329368254				0.3280556541867554	groups_balanced_moderate_drop_group	raw	42
42	50	15	1.0	7	0.5057957882806751	0.702199084339525				0.31164714111946523	groups_balanced_moderate_drop_group	raw	42
42	50	30	0.2	3	0.9851902870398734	0.9715946219193383				0.4498279120307416	groups_balanced_moderate_drop_group	raw	42
42	50	30	0.5	3	0.9851902870398734	0.9715946219193383				0.4776650310959667	groups_balanced_moderate_drop_group	raw	42
42	50	30	1.0	7	0.5029830964673553	0.6958606424220868				0.5180264678783715	groups_balanced_moderate_drop_group	raw	42
42	20	10	0.2	3	0.9839720807768214	0.9677813720590872				0.22325245500542223	groups_balanced_moderate_drop_group	all_obs0.05	42
42	20	10	0.5	5	0.7336281550249683	0.8057164714672451				0.2239273600280285	groups_balanced_moderate_drop_group	all_obs0.05	42
42	20	10	1.0	8	0.48844742952985587	0.6819196294076656				0.21382836904376745	groups_balanced_moderate_drop_group	all_obs0.05	42
42	20	15	0.2	3	0.9840018158770595	0.9683748292078653				0.3173845650162548	groups_balanced_moderate_drop_group	all_obs0.05	42
42	20	15	0.5	4	0.8756463639364492	0.886557844622934				0.31125283101573586	groups_balanced_moderate_drop_group	all_obs0.05	42
42	20	15	1.0	7	0.5209084893662597	0.7054080449855904				0.28939590509980917	groups_balanced_moderate_drop_group	all_obs0.05	42
42	20	30	0.2	3	0.9839648217421813	0.9678409920505863				0.4354840279556811	groups_balanced_moderate_drop_group	all_obs0.05	42
42	20	30	0.5	4	0.8506525886757502	0.8749395932520762				0.4788844392169267	groups_balanced_moderate_drop_group	all_obs0.05	42
42	20	30	1.0	7	0.5397830538351523	0.7104771879921816				0.5045427950099111	groups_balanced_moderate_drop_group	all_obs0.05	42
42	50	10	0.2	3	0.9822375556453425	0.9655043873728562				0.2384572320152074	groups_balanced_moderate_drop_group	all_obs0.05	42
42	50	10	0.5	4	0.8502319756878236	0.8734454887276802				0.23682210291735828	groups_balanced_moderate_drop_group	all_obs0.05	42
42	50	10	1.0	8	0.5125227424292537	0.6825427319460552				0.21983883692882955	groups_balanced_moderate_drop_group	all_obs0.05	42
42	50	15	0.2	3	0.9833967498788474	0.9674115550755269				0.3314948179759085	groups_balanced_moderate_drop_group	all_obs0.05	42
42	50	15	0.5	3	0.9833967498788474	0.9674115550755269				0.3536649839952588	groups_balanced_moderate_drop_group	all_obs0.05	42
42	50	15	1.0	7	0.5494815766772663	0.7217227831438945				0.3116844261530787	groups_balanced_moderate_drop_group	all_obs0.05	42
42	50	30	0.2	3	0.9845807311649757	0.9701250192364057				0.4202171009965241	groups_balanced_moderate_drop_group	all_obs0.05	42
42	50	30	0.5	3	0.9845807311649757	0.9701250192364057				0.46423934516496956	groups_balanced_moderate_drop_group	all_obs0.05	42
42	50	30	1.0	6	0.5703359587354737	0.7368048334443502				0.5183564361650497	groups_balanced_moderate_drop_group	all_obs0.05	42
42	20	10	0.2	3	0.9833997632383292	0.9674745960315686				0.23680709092877805	groups_balanced_moderate_drop_group	all_obs0.1	42
42	20	10	0.5	4	0.8726306753651434	0.8840182753233818				0.22927472181618214	groups_balanced_moderate_drop_group	all_obs0.1	42
42	20	10	1.0	8	0.534683490049342	0.7088902395259413				0.2310896790586412	groups_balanced_moderate_drop_group	all_obs0.1	42
42	20	15	0.2	3	0.9822267218675849	0.9652983502160118				0.320845055161044	groups_balanced_moderate_drop_group	all_obs0.1	42
42	20	15	0.5	3	0.9822267218675849	0.9652983502160118				0.3051416010130197	groups_balanced_moderate_drop_group	all_obs0.1	42
42	20	15	1.0	7	0.5054572449627676	0.6987751909394028				0.2887489830609411	groups_balanced_moderate_drop_group	all_obs0.1	42
42	20	30	0.2	3	0.9839559664512785	0.9678380393794884				0.4126592641696334	groups_balanced_moderate_drop_group	all_obs0.1	42
42	20	30	0.5	4	0.8562642711833242	0.8765207457595198				0.4406307868193835	groups_balanced_moderate_drop_group	all_obs0.1	42
42	20	30	1.0	6	0.5726747453518999	0.7361375609351954				0.4702852969057858	groups_balanced_moderate_drop_group	all_obs0.1	42
42	50	10	0.2	3	0.9822275960266158	0.9661105987906663				0.24622811004519463	groups_balanced_moderate_drop_group	all_obs0.1	42
42	50	10	0.5	4	0.8462430479942471	0.8718920651203094				0.2516374771948904	groups_balanced_moderate_drop_group	all_obs0.1	42
42	50	10	1.0	7	0.5074347111460646	0.7003218243642547				0.2425005550030619	groups_balanced_moderate_drop_group	all_obs0.1	42
42	50	15	0.2	3	0.9787174938922513	0.9608823070048685				0.34042387711815536	groups_balanced_moderate_drop_group	all_obs0.1	42
42	50	15	0.5	4	0.8741942266681555	0.8830560175646732				0.34840573696419597	groups_balanced_moderate_drop_group	all_obs0.1	42
42	50	15	1.0	6	0.5695981015809172	0.7327634307829729				0.313562581082806	groups_balanced_moderate_drop_group	all_obs0.1	42
42	50	30	0.2	3	0.9810423317732447	0.9640230465844206				0.4391106490511447	groups_balanced_moderate_drop_group	all_obs0.1	42
42	50	30	0.5	4	0.880854019744739	0.887459435651885				0.47373183397576213	groups_balanced_moderate_drop_group	all_obs0.1	42
42	50	30	1.0	7	0.5202807206910537	0.7062171505405928				0.5231552401091903	groups_balanced_moderate_drop_group	all_obs0.1	42
42	20	10	0.2	3	0.9834170799873079	0.9677613364543808				0.2357907979749143	groups_balanced_moderate_drop_group	all_obs0.15	42
42	20	10	0.5	4	0.8591778627170281	0.8787666923534282				0.23571922187693417	groups_balanced_moderate_drop_group	all_obs0.15	42
42	20	10	1.0	8	0.5259800253822907	0.7073424280673983				0.2316280771046877	groups_balanced_moderate_drop_group	all_obs0.15	42
42	20	15	0.2	3	0.9833960689632679	0.9669847984885296				0.3057958541903645	groups_balanced_moderate_drop_group	all_obs0.15	42
42	20	15	0.5	5	0.7073948580777026	0.7968889964405996				0.31486003496684134	groups_balanced_moderate_drop_group	all_obs0.15	42
42	20	15	1.0	6	0.562231063480931	0.7356435874955976				0.294978367164731	groups_balanced_moderate_drop_group	all_obs0.15	42
42	20	30	0.2	3	0.9821994679046293	0.9649469129299542				0.4074209709651768	groups_balanced_moderate_drop_group	all_obs0.15	42
42	20	30	0.5	3	0.9821994679046293	0.9649469129299542				0.4194323499687016	groups_balanced_moderate_drop_group	all_obs0.15	42
42	20	30	1.0	7	0.525163118305146	0.7086359057097201				0.49113954207859933	groups_balanced_moderate_drop_group	all_obs0.15	42
42	50	10	0.2	3	0.9781151866727816	0.9589337217708743				0.25360141415148973	groups_balanced_moderate_drop_group	all_obs0.15	42
42	50	10	0.5	4	0.8444737517505273	0.8680756533184077				0.2508272980339825	groups_balanced_moderate_drop_group	all_obs0.15	42
42	50	10	1.0	8	0.5177435264018323	0.701227920406382				0.24895152798853815	groups_balanced_moderate_drop_group	all_obs0.15	42
42	50	15	0.2	3	0.979853555282762	0.9618242007793686				0.3535708610434085	groups_balanced_moderate_drop_group	all_obs0.15	42
42	50	15	0.5	4	0.8527419919431851	0.8733429746655286				0.36345563805662096	groups_balanced_moderate_drop_group	all_obs0.15	42
42	50	15	1.0	6	0.6048123053979524	0.7441314887054734				0.3299032167997211	groups_balanced_moderate_drop_group	all_obs0.15	42
42	50	30	0.2	3	0.9810629622087426	0.9657380154946759				0.42935776500962675	groups_balanced_moderate_drop_group	all_obs0.15	42
42	50	30	0.5	4	0.8649716089400125	0.8813861049022556				0.469676666893065	groups_balanced_moderate_drop_group	all_obs0.15	42
42	50	30	1.0	6	0.5785973688945507	0.7409152071615328				0.5074263869319111	groups_balanced_moderate_drop_group	all_obs0.15	42
42	20	10	0.2	3	0.9798740128780232	0.961723506471481				0.3279697890393436	groups_balanced_moderate_drop_group	all_obs0.2	42
42	20	10	0.5	4	0.8435328738608325	0.8675755682798132				0.2756209820508957	groups_balanced_moderate_drop_group	all_obs0.2	42
42	20	10	1.0	8	0.46568724066956824	0.671572107509035				0.22798641305416822	groups_balanced_moderate_drop_group	all_obs0.2	42
42	20	15	0.2	3	0.9839918278601233	0.9685338656182512				0.38186840806156397	groups_balanced_moderate_drop_group	all_obs0.2	42
42	20	15	0.5	4	0.8493997555331568	0.8750299772025135				0.32627792190760374	groups_balanced_moderate_drop_group	all_obs0.2	42
42	20	15	1.0	6	0.5781858678022799	0.7404639965453071				0.3098189439624548	groups_balanced_moderate_drop_group	all_obs0.2	42
42	20	30	0.2	3	0.9839651200662791	0.9681604633335822				0.48684842395596206	groups_balanced_moderate_drop_group	all_obs0.2	42
42	20	30	0.5	4	0.8555082177349889	0.8781927143236441				0.4678634668234736	groups_balanced_moderate_drop_group	all_obs0.2	42
42	20	30	1.0	6	0.5858726667400451	0.7436308884967586				0.5521431481465697	groups_balanced_moderate_drop_group	all_obs0.2	42
42	50	10	0.2	3	0.9775457331652108	0.9586399636732303				0.29636987997218966	groups_balanced_moderate_drop_group	all_obs0.2	42
42	50	10	0.5	4	0.8530715306199009	0.8684575961034873				0.27806105301715434	groups_balanced_moderate_drop_group	all_obs0.2	42
42	50	10	1.0	8	0.5150740421785942	0.6841277027727737				0.2669541158247739	groups_balanced_moderate_drop_group	all_obs0.2	42
42	50	15	0.2	3	0.9798853282819597	0.9638421996198765				0.3765915900003165	groups_balanced_moderate_drop_group	all_obs0.2	42
42	50	15	0.5	5	0.7041476061399227	0.7935221427513575				0.39168081199750304	groups_balanced_moderate_drop_group	all_obs0.2	42
42	50	15	1.0	6	0.5780818441967579	0.7363560111943496				0.37106353510171175	groups_balanced_moderate_drop_group	all_obs0.2	42
42	50	30	0.2	3	0.9828038919619672	0.9677927809648343				0.41180931916460395	groups_balanced_moderate_drop_group	all_obs0.2	42
42	50	30	0.5	4	0.8497709349039092	0.8740682879586859				0.4492143942043185	groups_balanced_moderate_drop_group	all_obs0.2	42
42	50	30	1.0	6	0.6077736638054315	0.7475861744999246				0.4877706770785153	groups_balanced_moderate_drop_group	all_obs0.2	42
42	20	10	0.2	3	0.9822277406317917	0.9659541201859292				0.2257523259613663	groups_balanced_moderate_drop_group	all_obs0.25	42
42	20	10	0.5	4	0.8639644304920446	0.8819725186989597				0.257728457916528	groups_balanced_moderate_drop_group	all_obs0.25	42
42	20	10	1.0	6	0.5739194572763655	0.7363024602914842				0.23721642093732953	groups_balanced_moderate_drop_group	all_obs0.25	42
42	20	15	0.2	3	0.9851727861915588	0.9712460660117357				0.34224060410633683	groups_balanced_moderate_drop_group	all_obs0.25	42
42	20	15	0.5	4	0.8491593627529156	0.876864668616842				0.34136596508324146	groups_balanced_moderate_drop_group	all_obs0.25	42
42	20	15	1.0	6	0.6039898109639961	0.7487221733714954				0.31537198298610747	groups_balanced_moderate_drop_group	all_obs0.25	42
42	20	30	0.2	3	0.9851725542746275	0.971684198502608				0.40554532408714294	groups_balanced_moderate_drop_group	all_obs0.25	42
42	20	30	0.5	4	0.8503786822950857	0.8777850539640814				0.42122040898539126	groups_balanced_moderate_drop_group	all_obs0.25	42
42	20	30	1.0	6	0.5699583535694451	0.7393203578972484				0.4811054088640958	groups_balanced_moderate_drop_group	all_obs0.25	42
42	50	10	0.2	3	0.9810629622087426	0.9657380154946759				0.29072736692614853	groups_balanced_moderate_drop_group	all_obs0.25	42
42	50	10	0.5	4	0.847607831059815	0.8729443952197645				0.27498505800031126	groups_balanced_moderate_drop_group	all_obs0.25	42
42	50	10	1.0	7	0.5180549054040979	0.7005414944586762				0.2777522820979357	groups_balanced_moderate_drop_group	all_obs0.25	42
42	50	15	0.2	3	0.9792913730802052	0.962264291514814				0.36852864804677665	groups_balanced_moderate_drop_group	all_obs0.25	42
42	50	15	0.5	4	0.8476685462621739	0.8720546670597299				0.3756606630049646	groups_balanced_moderate_drop_group	all_obs0.25	42
42	50	15	1.0	6	0.5656648784838928	0.735513915584907				0.3785842398647219	groups_balanced_moderate_drop_group	all_obs0.25	42
42	50	30	0.2	3	0.9781266489507146	0.9620169491087164				0.40927301277406514	groups_balanced_moderate_drop_group	all_obs0.25	42
42	50	30	0.5	3	0.978708687576881	0.9627686978448112				0.4528056401759386	groups_balanced_moderate_drop_group	all_obs0.25	42
42	50	30	1.0	5	0.7054230182930064	0.7925789636317885				0.4890717249363661	groups_balanced_moderate_drop_group	all_obs0.25	42
42	20	10	0.2	3	0.9536211931311374	0.9216667987755283				0.29866160708479583	groups_balanced_moderate_drop_group	all_obs1.0	42
42	20	10	0.5	3	0.9536211931311374	0.9216667987755283				0.3216795530170202	groups_balanced_moderate_drop_group	all_obs1.0	42
42	20	10	1.0	5	0.690363892579217	0.7596320790961135				0.3167845888528973	groups_balanced_moderate_drop_group	all_obs1.0	42
42	20	15	0.2	3	0.9530738814685972	0.9211750544728412				0.342625968856737	groups_balanced_moderate_drop_group	all_obs1.0	42
42	20	15	0.5	3	0.9530738814685972	0.9211750544728412				0.36604553391225636	groups_balanced_moderate_drop_group	all_obs1.0	42
42	20	15	1.0	5	0.6869943313302095	0.7632248664654229				0.4445844190195203	groups_balanced_moderate_drop_group	all_obs1.0	42
42	20	30	0.2	3	0.9564853798933091	0.9258556718219539				0.3704519590828568	groups_balanced_moderate_drop_group	all_obs1.0	42
42	20	30	0.5	3	0.9564853798933091	0.9258556718219539				0.3981327668298036	groups_balanced_moderate_drop_group	all_obs1.0	42
42	20	30	1.0	5	0.6901326997953632	0.7659876429176161				0.4479614491574466	groups_balanced_moderate_drop_group	all_obs1.0	42
42	50	10	0.2	2	0.5511773256585303	0.6648411077581168				0.27778382902033627	groups_balanced_moderate_drop_group	all_obs1.0	42
42	50	10	0.5	3	0.9111499741880358	0.8667174198092092				0.2946445010602474	groups_balanced_moderate_drop_group	all_obs1.0	42
42	50	10	1.0	5	0.6827724255554971	0.7136065665804623				0.3543683129828423	groups_balanced_moderate_drop_group	all_obs1.0	42
42	50	15	0.2	2	0.5556503700039992	0.6723051523443105				0.31526497285813093	groups_balanced_moderate_drop_group	all_obs1.0	42
42	50	15	0.5	3	0.9130099011071459	0.871024040324489				0.3258262381423265	groups_balanced_moderate_drop_group	all_obs1.0	42
42	50	15	1.0	5	0.6625732740355567	0.7207420435432095				0.35758694005198777	groups_balanced_moderate_drop_group	all_obs1.0	42
42	50	30	0.2	2	0.5561921462293316	0.6698850897696096				0.37830645008943975	groups_balanced_moderate_drop_group	all_obs1.0	42
42	50	30	0.5	3	0.9112732849411632	0.871118167856128				0.4105283501558006	groups_balanced_moderate_drop_group	all_obs1.0	42
42	50	30	1.0	4	0.7995213698699114	0.794547497319568				0.5505296809133142	groups_balanced_moderate_drop_group	all_obs1.0	42
42	20	10	0.2	3	1.0	1.0				0.2278086820151657	groups_balanced_nodrop	raw	42
42	20	10	0.5	3	1.0	1.0				0.24269860400818288	groups_balanced_nodrop	raw	42
42	20	10	1.0	6	0.5724612623502617	0.7605252044520072				0.22556861792691052	groups_balanced_nodrop	raw	42
42	20	15	0.2	3	1.0	1.0				0.33678401401266456	groups_balanced_nodrop	raw	42
42	20	15	0.5	3	1.0	1.0				0.34259890182875097	groups_balanced_nodrop	raw	42
42	20	15	1.0	6	0.5741305117787279	0.7609776568346777				0.3187828748486936	groups_balanced_nodrop	raw	42
42	20	30	0.2	3	1.0	1.0				0.4461748271714896	groups_balanced_nodrop	raw	42
42	20	30	0.5	3	1.0	1.0				0.43621483794413507	groups_balanced_nodrop	raw	42
42	20	30	1.0	6	0.5785256443042364	0.7621623485427522				0.49969697603955865	groups_balanced_nodrop	raw	42
42	50	10	0.2	3	1.0	1.0				0.23402703693136573	groups_balanced_nodrop	raw	42
42	50	10	0.5	3	1.0	1.0				0.2443126500584185	groups_balanced_nodrop	raw	42
42	50	10	1.0	7	0.5746513490683364	0.7581205498154596				0.2325909291394055	groups_balanced_nodrop	raw	42
42	50	15	0.2	3	1.0	1.0				0.36560510704293847	groups_balanced_nodrop	raw	42
42	50	15	0.5	3	1.0	1.0				0.37942051887512207	groups_balanced_nodrop	raw	42
42	50	15	1.0	6	0.6093725529772763	0.7708633179195893				0.3121713229920715	groups_balanced_nodrop	raw	42
42	50	30	0.2	3	1.0	1.0				0.4391859141178429	groups_balanced_nodrop	raw	42
42	50	30	0.5	3	1.0	1.0				0.44190195808187127	groups_balanced_nodrop	raw	42
42	50	30	1.0	6	0.5910765279729343	0.7656357982330794				0.521057812962681	groups_balanced_nodrop	raw	42
42	20	10	0.2	3	1.0	1.0				0.2359915489796549	groups_balanced_nodrop	all_obs0.05	42
42	20	10	0.5	3	1.0	1.0				0.23175721801817417	groups_balanced_nodrop	all_obs0.05	42
42	20	10	1.0	6	0.5885229585756984	0.7649536008748478				0.23209297005087137	groups_balanced_nodrop	all_obs0.05	42
42	20	15	0.2	3	1.0	1.0				0.3525759130716324	groups_balanced_nodrop	all_obs0.05	42
42	20	15	0.5	3	1.0	1.0				0.31425602501258254	groups_balanced_nodrop	all_obs0.05	42
42	20	15	1.0	6	0.5847443546747412	0.763902522629434				0.3280720068141818	groups_balanced_nodrop	all_obs0.05	42
42	20	30	0.2	3	1.0	1.0				0.4895064530428499	groups_balanced_nodrop	all_obs0.05	42
42	20	30	0.5	3	1.0	1.0				0.5085807300638407	groups_balanced_nodrop	all_obs0.05	42
42	20	30	1.0	6	0.5750502060817003	0.7612280549714673				0.5705501108895987	groups_balanced_nodrop	all_obs0.05	42
42	50	10	0.2	3	1.0	1.0				0.22789123887196183	groups_balanced_nodrop	all_obs0.05	42
42	50	10	0.5	3	1.0	1.0				0.24937842297367752	groups_balanced_nodrop	all_obs0.05	42
42	50	10	1.0	6	0.5728298402527146	0.7606266944742829				0.23749154713004827	groups_balanced_nodrop	all_obs0.05	42
42	50	15	0.2	3	1.0	1.0				0.3336029648780823	groups_balanced_nodrop	all_obs0.05	42
42	50	15	0.5	3	1.0	1.0				0.3112906108144671	groups_balanced_nodrop	all_obs0.05	42
42	50	15	1.0	6	0.5775278908438104	0.7618966169224577				0.3139465390704572	groups_balanced_nodrop	all_obs0.05	42
42	50	30	0.2	3	1.0	1.0				0.4164979341439903	groups_balanced_nodrop	all_obs0.05	42
42	50	30	0.5	3	1.0	1.0				0.46798712806776166	groups_balanced_nodrop	all_obs0.05	42
42	50	30	1.0	5	0.7422958467860311	0.8313146986705432				0.5528726689517498	groups_balanced_nodrop	all_obs0.05	42
42	20	10	0.2	3	1.0	1.0				0.2270572178531438	groups_balanced_nodrop	all_obs0.1	42
42	20	10	0.5	3	1.0	1.0				0.23634697287343442	groups_balanced_nodrop	all_obs0.1	42
42	20	10	1.0	6	0.5804896898484913	0.7627210838881098				0.2295112879946828	groups_balanced_nodrop	all_obs0.1	42
42	20	15	0.2	3	1.0	1.0				0.3151678068097681	groups_balanced_nodrop	all_obs0.1	42
42	20	15	0.5	3	1.0	1.0				0.3264957629144192	groups_balanced_nodrop	all_obs0.1	42
42	20	15	1.0	6	0.5942688602733555	0.766662474126548				0.30199214396998286	groups_balanced_nodrop	all_obs0.1	42
42	20	30	0.2	3	1.0	1.0				0.37543036695569754	groups_balanced_nodrop	all_obs0.1	42
42	20	30	0.5	3	1.0	1.0				0.40741717512719333	groups_balanced_nodrop	all_obs0.1	42
42	20	30	1.0	6	0.5878991695836477	0.7647620985379757				0.488867447944358	groups_balanced_nodrop	all_obs0.1	42
42	50	10	0.2	3	1.0	1.0				0.23804614995606244	groups_balanced_nodrop	all_obs0.1	42
42	50	10	0.5	3	1.0	1.0				0.2477889668662101	groups_balanced_nodrop	all_obs0.1	42
42	50	10	1.0	6	0.5785474299813633	0.7621722852252987				0.22770740906707942	groups_balanced_nodrop	all_obs0.1	42
42	50	15	0.2	3	1.0	1.0				0.3140779498498887	groups_balanced_nodrop	all_obs0.1	42
42	50	15	0.5	3	1.0	1.0				0.3478004359640181	groups_balanced_nodrop	all_obs0.1	42
42	50	15	1.0	6	0.5790924500609019	0.762350515805584				0.335620281053707	groups_balanced_nodrop	all_obs0.1	42
42	50	30	0.2	3	1.0	1.0				0.4473273269832134	groups_balanced_nodrop	all_obs0.1	42
42	50	30	0.5	3	1.0	1.0				0.4495892128907144	groups_balanced_nodrop	all_obs0.1	42
42	50	30	1.0	6	0.5832144009121412	0.7634627731328616				0.5079932410735637	groups_balanced_nodrop	all_obs0.1	42
42	20	10	0.2	3	1.0	1.0				0.24113594088703394	groups_balanced_nodrop	all_obs0.15	42
42	20	10	0.5	3	1.0	1.0				0.25031308899633586	groups_balanced_nodrop	all_obs0.15	42
42	20	10	1.0	6	0.5761713906654627	0.7615332420007032				0.23461911384947598	groups_balanced_nodrop	all_obs0.15	42
42	20	15	0.2	3	1.0	1.0				0.3443337900098413	groups_balanced_nodrop	all_obs0.15	42
42	20	15	0.5	3	1.0	1.0				0.3198390738107264	groups_balanced_nodrop	all_obs0.15	42
42	20	15	1.0	6	0.5767019255596821	0.761666566715438				0.30488036409951746	groups_balanced_nodrop	all_obs0.15	42
42	20	30	0.2	3	1.0	1.0				0.40432678209617734	groups_balanced_nodrop	all_obs0.15	42
42	20	30	0.5	3	1.0	1.0				0.4207548890262842	groups_balanced_nodrop	all_obs0.15	42
42	20	30	1.0	6	0.6024272105478391	0.7688654703424931				0.5403332919813693	groups_balanced_nodrop	all_obs0.15	42
42	50	10	0.2	3	1.0	1.0				0.23448749096132815	groups_balanced_nodrop	all_obs0.15	42
42	50	10	0.5	3	1.0	1.0				0.24700591200962663	groups_balanced_nodrop	all_obs0.15	42
42	50	10	1.0	6	0.5787732350577025	0.762233537973124				0.2428845870308578	groups_balanced_nodrop	all_obs0.15	42
42	50	15	0.2	3	1.0	1.0				0.3529036899562925	groups_balanced_nodrop	all_obs0.15	42
42	50	15	0.5	3	1.0	1.0				0.3559769110288471	groups_balanced_nodrop	all_obs0.15	42
42	50	15	1.0	6	0.5739710353132714	0.7609399134519571				0.34572958503849804	groups_balanced_nodrop	all_obs0.15	42
42	50	30	0.2	3	1.0	1.0				0.4231750159524381	groups_balanced_nodrop	all_obs0.15	42
42	50	30	0.5	3	1.0	1.0				0.45884178997948766	groups_balanced_nodrop	all_obs0.15	42
42	50	30	1.0	5	0.7434281515792261	0.8322965024516465				0.5046502619516104	groups_balanced_nodrop	all_obs0.15	42
42	20	10	0.2	3	1.0	1.0				0.22988014784641564	groups_balanced_nodrop	all_obs0.2	42
42	20	10	0.5	3	1.0	1.0				0.25006657000631094	groups_balanced_nodrop	all_obs0.2	42
42	20	10	1.0	6	0.574988470317026	0.7612101520910338				0.2266689040698111	groups_balanced_nodrop	all_obs0.2	42
42	20	15	0.2	3	1.0	1.0				0.35599918896332383	groups_balanced_nodrop	all_obs0.2	42
42	20	15	0.5	3	1.0	1.0				0.3546917219646275	groups_balanced_nodrop	all_obs0.2	42
42	20	15	1.0	6	0.5814146242787168	0.7629692039194735				0.3255722960457206	groups_balanced_nodrop	all_obs0.2	42
42	20	30	0.2	3	1.0	1.0				0.4148234319873154	groups_balanced_nodrop	all_obs0.2	42
42	20	30	0.5	3	1.0	1.0				0.4454278568737209	groups_balanced_nodrop	all_obs0.2	42
42	20	30	1.0	6	0.5928387311196466	0.7661491917702334				0.5093419977929443	groups_balanced_nodrop	all_obs0.2	42
42	50	10	0.2	3	1.0	1.0				0.24982064520008862	groups_balanced_nodrop	all_obs0.2	42
42	50	10	0.5	3	1.0	1.0				0.2514611699152738	groups_balanced_nodrop	all_obs0.2	42
42	50	10	1.0	6	0.5837614374764583	0.763600556496516				0.25383977498859167	groups_balanced_nodrop	all_obs0.2	42
42	50	15	0.2	3	1.0	1.0				0.3354571920353919	groups_balanced_nodrop	all_obs0.2	42
42	50	15	0.5	3	1.0	1.0				0.3713480590377003	groups_balanced_nodrop	all_obs0.2	42
42	50	15	1.0	6	0.6300700503662005	0.7772640356424605				0.372746713925153	groups_balanced_nodrop	all_obs0.2	42
42	50	30	0.2	3	1.0	1.0				0.3990634488873184	groups_balanced_nodrop	all_obs0.2	42
42	50	30	0.5	3	1.0	1.0				0.4419617219828069	groups_balanced_nodrop	all_obs0.2	42
42	50	30	1.0	5	0.7464852989500865	0.8334088483322912				0.5263421789277345	groups_balanced_nodrop	all_obs0.2	42
42	20	10	0.2	3	1.0	1.0				0.23987042088992894	groups_balanced_nodrop	all_obs0.25	42
42	20	10	0.5	3	1.0	1.0				0.2451058418955654	groups_balanced_nodrop	all_obs0.25	42
42	20	10	1.0	6	0.594704463716761	0.7667204010278447				0.23637640313245356	groups_balanced_nodrop	all_obs0.25	42
42	20	15	0.2	3	1.0	1.0				0.32185635389760137	groups_balanced_nodrop	all_obs0.25	42
42	20	15	0.5	3	1.0	1.0				0.3523282229434699	groups_balanced_nodrop	all_obs0.25	42
42	20	15	1.0	6	0.59078210741959	0.7656392213283905				0.3164167278446257	groups_balanced_nodrop	all_obs0.25	42
42	20	30	0.2	3	1.0	1.0				0.3958613099530339	groups_balanced_nodrop	all_obs0.25	42
42	20	30	0.5	3	1.0	1.0				0.41971862385980785	groups_balanced_nodrop	all_obs0.25	42
42	20	30	1.0	6	0.5959350151591454	0.7670304072538627				0.5041101300157607	groups_balanced_nodrop	all_obs0.25	42
42	50	10	0.2	3	1.0	1.0				0.2723305360414088	groups_balanced_nodrop	all_obs0.25	42
42	50	10	0.5	3	1.0	1.0				0.27065726509317756	groups_balanced_nodrop	all_obs0.25	42
42	50	10	1.0	6	0.5916596374264184	0.7658678685260375				0.2711357600055635	groups_balanced_nodrop	all_obs0.25	42
42	50	15	0.2	3	1.0	1.0				0.31620900705456734	groups_balanced_nodrop	all_obs0.25	42
42	50	15	0.5	3	1.0	1.0				0.33974887686781585	groups_balanced_nodrop	all_obs0.25	42
42	50	15	1.0	4	0.8792996392081612	0.9097655672841101				0.4033363808412105	groups_balanced_nodrop	all_obs0.25	42
42	50	30	0.2	3	1.0	1.0				0.4359481849242002	groups_balanced_nodrop	all_obs0.25	42
42	50	30	0.5	3	1.0	1.0				0.4594611378852278	groups_balanced_nodrop	all_obs0.25	42
42	50	30	1.0	4	0.8689700207067127	0.9049741226113687				0.524485990870744	groups_balanced_nodrop	all_obs0.25	42
42	20	10	0.2	3	1.0	1.0				0.26012371899560094	groups_balanced_nodrop	all_obs1.0	42
42	20	10	0.5	3	1.0	1.0				0.2711121279280633	groups_balanced_nodrop	all_obs1.0	42
42	20	10	1.0	3	1.0	1.0				0.31357839005067945	groups_balanced_nodrop	all_obs1.0	42
42	20	15	0.2	3	1.0	1.0				0.34683531802147627	groups_balanced_nodrop	all_obs1.0	42
42	20	15	0.5	3	1.0	1.0				0.38978179916739464	groups_balanced_nodrop	all_obs1.0	42
42	20	15	1.0	3	1.0	1.0				0.3950653939973563	groups_balanced_nodrop	all_obs1.0	42
42	20	30	0.2	3	1.0	1.0				0.3354118091519922	groups_balanced_nodrop	all_obs1.0	42
42	20	30	0.5	3	1.0	1.0				0.3699833501596004	groups_balanced_nodrop	all_obs1.0	42
42	20	30	1.0	3	1.0	1.0				0.4294828821439296	groups_balanced_nodrop	all_obs1.0	42
42	50	10	0.2	3	1.0	1.0				0.24789107008837163	groups_balanced_nodrop	all_obs1.0	42
42	50	10	0.5	3	1.0	1.0				0.25550099299289286	groups_balanced_nodrop	all_obs1.0	42
42	50	10	1.0	3	1.0	1.0				0.2780734950210899	groups_balanced_nodrop	all_obs1.0	42
42	50	15	0.2	3	1.0	1.0				0.2798707699403167	groups_balanced_nodrop	all_obs1.0	42
42	50	15	0.5	3	1.0	1.0				0.29397808597423136	groups_balanced_nodrop	all_obs1.0	42
42	50	15	1.0	3	1.0	1.0				0.3299911799840629	groups_balanced_nodrop	all_obs1.0	42
42	50	30	0.2	3	1.0	1.0				0.30587681103497744	groups_balanced_nodrop	all_obs1.0	42
42	50	30	0.5	3	1.0	1.0				0.3228112340439111	groups_balanced_nodrop	all_obs1.0	42
42	50	30	1.0	3	1.0	1.0				0.34342332393862307	groups_balanced_nodrop	all_obs1.0	42
42	20	10	0.2	3	0.9866789809310496	0.9632012262153022				0.22982451296411455	groups_imbalanced_moderate_drop	raw	42
42	20	10	0.5	6	0.4312938364784954	0.652873975312766				0.23878076882101595	groups_imbalanced_moderate_drop	raw	42
42	20	10	1.0	11	0.24603798370456467	0.5407375984582082				0.21909724897705019	groups_imbalanced_moderate_drop	raw	42
42	20	15	0.2	3	0.983852256997478	0.9561074927182964				0.3228133278898895	groups_imbalanced_moderate_drop	raw	42
42	20	15	0.5	6	0.3991530486708118	0.6454625199124252				0.30049600289203227	groups_imbalanced_moderate_drop	raw	42
42	20	15	1.0	8	0.30242837207822043	0.5809504723656799				0.2817805199883878	groups_imbalanced_moderate_drop	raw	42
42	20	30	0.2	3	0.983237831627371	0.9543615892877672				0.4273118549026549	groups_imbalanced_moderate_drop	raw	42
42	20	30	0.5	4	0.6092967943889921	0.7699322525385492				0.4989629180636257	groups_imbalanced_moderate_drop	raw	42
42	20	30	1.0	8	0.3029562199721497	0.5781794564196814				0.4880103231407702	groups_imbalanced_moderate_drop	raw	42
42	50	10	0.2	3	0.9899019012148513	0.9702189956051435				0.24294670391827822	groups_imbalanced_moderate_drop	raw	42
42	50	10	0.5	5	0.5309654543537389	0.7084785962039204				0.22488418081775308	groups_imbalanced_moderate_drop	raw	42
42	50	10	1.0	10	0.25543939143000477	0.5435637392073669				0.22104755812324584	groups_imbalanced_moderate_drop	raw	42
42	50	15	0.2	3	0.9842734524477202	0.9565830263879945				0.3219149149954319	groups_imbalanced_moderate_drop	raw	42
42	50	15	0.5	5	0.6127127806800617	0.7698893582352758				0.3087263840716332	groups_imbalanced_moderate_drop	raw	42
42	50	15	1.0	9	0.30914948895691213	0.5805934715601905				0.3003678279928863	groups_imbalanced_moderate_drop	raw	42
42	50	30	0.2	3	0.9811535294677807	0.9504480389600292				0.48100732103921473	groups_imbalanced_moderate_drop	raw	42
42	50	30	0.5	4	0.6157028429611849	0.7686457692093933				0.48917458788491786	groups_imbalanced_moderate_drop	raw	42
42	50	30	1.0	8	0.32202711843950177	0.587419971168172				0.5493812318891287	groups_imbalanced_moderate_drop	raw	42
42	20	10	0.2	3	0.9890351954366114	0.968120979962997				0.22788473102264106	groups_imbalanced_moderate_drop	all_obs0.05	42
42	20	10	0.5	6	0.4619853624054658	0.6643068356098816				0.21663815109059215	groups_imbalanced_moderate_drop	all_obs0.05	42
42	20	10	1.0	9	0.2837742168900829	0.5794683435937809				0.22117477911524475	groups_imbalanced_moderate_drop	all_obs0.05	42
42	20	15	0.2	3	0.9908010543633811	0.9727213699370812				0.313149242894724	groups_imbalanced_moderate_drop	all_obs0.05	42
42	20	15	0.5	5	0.5724949149261096	0.7335994805118321				0.3188093709759414	groups_imbalanced_moderate_drop	all_obs0.05	42
42	20	15	1.0	9	0.27070341960292843	0.5688192869383286				0.3041017020586878	groups_imbalanced_moderate_drop	all_obs0.05	42
42	20	30	0.2	3	0.9845266353091968	0.9567040953801971				0.4694081749767065	groups_imbalanced_moderate_drop	all_obs0.05	42
42	20	30	0.5	4	0.615690589328419	0.7757766383754199				0.4780156898777932	groups_imbalanced_moderate_drop	all_obs0.05	42
42	20	30	1.0	7	0.32774445815133885	0.6032474952504582				0.5542713860049844	groups_imbalanced_moderate_drop	all_obs0.05	42
42	50	10	0.2	3	0.9891158517903986	0.9679065385709115				0.23923546401783824	groups_imbalanced_moderate_drop	all_obs0.05	42
42	50	10	0.5	5	0.5011771778739039	0.7105624640487535				0.234956047963351	groups_imbalanced_moderate_drop	all_obs0.05	42
42	50	10	1.0	8	0.31194078631032673	0.5917072195323028				0.22875066404230893	groups_imbalanced_moderate_drop	all_obs0.05	42
42	50	15	0.2	3	0.9869897112785874	0.9640362719106995				0.3413526730146259	groups_imbalanced_moderate_drop	all_obs0.05	42
42	50	15	0.5	5	0.5776537348346372	0.7328741262193956				0.3549037950579077	groups_imbalanced_moderate_drop	all_obs0.05	42
42	50	15	1.0	7	0.32976873666510154	0.6111365145059967				0.30252404580824077	groups_imbalanced_moderate_drop	all_obs0.05	42
42	50	30	0.2	3	0.9852724376564129	0.9592376451820915				0.45110207912512124	groups_imbalanced_moderate_drop	all_obs0.05	42
42	50	30	0.5	4	0.6172344072141742	0.7744606376587188				0.5019366119522601	groups_imbalanced_moderate_drop	all_obs0.05	42
42	50	30	1.0	8	0.2924513781800267	0.5789307453338819				0.528592251939699	groups_imbalanced_moderate_drop	all_obs0.05	42
42	20	10	0.2	3	0.9906310374011765	0.9721880526890507				0.21883800788782537	groups_imbalanced_moderate_drop	all_obs0.1	42
42	20	10	0.5	5	0.5811785788438713	0.7451614072771033				0.22198200598359108	groups_imbalanced_moderate_drop	all_obs0.1	42
42	20	10	1.0	11	0.24072215737322758	0.5451160399865287				0.2283965558744967	groups_imbalanced_moderate_drop	all_obs0.1	42
42	20	15	0.2	3	0.9900727195230734	0.9710635631333739				0.3199143239762634	groups_imbalanced_moderate_drop	all_obs0.1	42
42	20	15	0.5	5	0.5833108548698633	0.7440146831954763				0.3006379830185324	groups_imbalanced_moderate_drop	all_obs0.1	42
42	20	15	1.0	7	0.32113696129542807	0.6087745381863566				0.2905707198660821	groups_imbalanced_moderate_drop	all_obs0.1	42
42	20	30	0.2	3	0.9855220665855738	0.9593978438727746				0.4267009689938277	groups_imbalanced_moderate_drop	all_obs0.1	42
42	20	30	0.5	4	0.6323915268377325	0.7804436046092431				0.42734428704716265	groups_imbalanced_moderate_drop	all_obs0.1	42
42	20	30	1.0	7	0.3559948754248726	0.6154743868591226				0.4758301191031933	groups_imbalanced_moderate_drop	all_obs0.1	42
42	50	10	0.2	3	0.9881173634838898	0.967895653352561				0.25202944804914296	groups_imbalanced_moderate_drop	all_obs0.1	42
42	50	10	0.5	4	0.612884150647002	0.7851974332175659				0.2530999290756881	groups_imbalanced_moderate_drop	all_obs0.1	42
42	50	10	1.0	7	0.32645222901023685	0.6092211606213801				0.2535406299866736	groups_imbalanced_moderate_drop	all_obs0.1	42
42	50	15	0.2	3	0.9899031793125795	0.9706495358934014				0.3764609741047025	groups_imbalanced_moderate_drop	all_obs0.1	42
42	50	15	0.5	4	0.6347037747012428	0.7759194169317112				0.3594907650258392	groups_imbalanced_moderate_drop	all_obs0.1	42
42	50	15	1.0	7	0.35315556738146703	0.6206936491161443				0.3279748409986496	groups_imbalanced_moderate_drop	all_obs0.1	42
42	50	30	0.2	3	0.9863841782177738	0.9613336595835655				0.4811438168399036	groups_imbalanced_moderate_drop	all_obs0.1	42
42	50	30	0.5	4	0.63509708098241	0.7855221704240789				0.48973690904676914	groups_imbalanced_moderate_drop	all_obs0.1	42
42	50	30	1.0	8	0.30732566598406946	0.586350133162059				0.4949584088753909	groups_imbalanced_moderate_drop	all_obs0.1	42
42	20	10	0.2	3	0.9892655158278143	0.9698810119024586				0.23664472810924053	groups_imbalanced_moderate_drop	all_obs0.15	42
42	20	10	0.5	4	0.6365781959915936	0.7897731179288857				0.23053620592691004	groups_imbalanced_moderate_drop	all_obs0.15	42
42	20	10	1.0	9	0.2659705395131256	0.562279611577444				0.22920074709691107	groups_imbalanced_moderate_drop	all_obs0.15	42
42	20	15	0.2	3	0.9913592395588106	0.9738453652199757				0.3297814279794693	groups_imbalanced_moderate_drop	all_obs0.15	42
42	20	15	0.5	4	0.6538412214566902	0.7960659734840498				0.3174430029466748	groups_imbalanced_moderate_drop	all_obs0.15	42
42	20	15	1.0	7	0.3338386525809208	0.6148089240143649				0.3073243200778961	groups_imbalanced_moderate_drop	all_obs0.15	42
42	20	30	0.2	3	0.9898229898547214	0.9706463801745532				0.48585435887798667	groups_imbalanced_moderate_drop	all_obs0.15	42
42	20	30	0.5	4	0.6164234561865133	0.7836664214511072				0.4758302220143378	groups_imbalanced_moderate_drop	all_obs0.15	42
42	20	30	1.0	7	0.33876553417819566	0.6138472519189393				0.5425374100450426	groups_imbalanced_moderate_drop	all_obs0.15	42
42	50	10	0.2	3	0.9906905063176441	0.9730733494945583				0.25946743600070477	groups_imbalanced_moderate_drop	all_obs0.15	42
42	50	10	0.5	5	0.6301339027313564	0.7840148027651115				0.27877368801273406	groups_imbalanced_moderate_drop	all_obs0.15	42
42	50	10	1.0	8	0.297998991690015	0.5820491915257211				0.2579628238454461	groups_imbalanced_moderate_drop	all_obs0.15	42
42	50	15	0.2	3	0.9890950105198364	0.9694185686401682				0.36930493102408946	groups_imbalanced_moderate_drop	all_obs0.15	42
42	50	15	0.5	4	0.6803630079171284	0.8020928933845728				0.40040230797603726	groups_imbalanced_moderate_drop	all_obs0.15	42
42	50	15	1.0	7	0.3284698106906315	0.6099146935587825				0.3579032449051738	groups_imbalanced_moderate_drop	all_obs0.15	42
42	50	30	0.2	3	0.9889571360113744	0.9688872171275001				0.4330287000630051	groups_imbalanced_moderate_drop	all_obs0.15	42
42	50	30	0.5	4	0.7231216628880354	0.8142766991209439				0.46311922604218125	groups_imbalanced_moderate_drop	all_obs0.15	42
42	50	30	1.0	7	0.365490269279465	0.6239216802397195				0.561208755010739	groups_imbalanced_moderate_drop	all_obs0.15	42
42	20	10	0.2	3	0.9899619557826765	0.9708298314594208				0.24164986703544855	groups_imbalanced_moderate_drop	all_obs0.2	42
42	20	10	0.5	5	0.605683768596925	0.7489648211612241				0.24982988694682717	groups_imbalanced_moderate_drop	all_obs0.2	42
42	20	10	1.0	8	0.2907768560562653	0.5851419918323981				0.23947016010060906	groups_imbalanced_moderate_drop	all_obs0.2	42
42	20	15	0.2	3	0.9906906599618939	0.9723719650856507				0.34183254605159163	groups_imbalanced_moderate_drop	all_obs0.2	42
42	20	15	0.5	4	0.6515954361669408	0.7929571891438096				0.33742707408964634	groups_imbalanced_moderate_drop	all_obs0.2	42
42	20	15	1.0	7	0.3329482227214557	0.6127543542374526				0.311411757953465	groups_imbalanced_moderate_drop	all_obs0.2	42
42	20	30	0.2	3	0.9897452517851575	0.9702966070699297				0.43783877696841955	groups_imbalanced_moderate_drop	all_obs0.2	42
42	20	30	0.5	4	0.6346147164697608	0.7872868995418213				0.42462179297581315	groups_imbalanced_moderate_drop	all_obs0.2	42
42	20	30	1.0	7	0.33391370011492594	0.6115270258238338				0.5000912719406188	groups_imbalanced_moderate_drop	all_obs0.2	42
42	50	10	0.2	3	0.9862166164289918	0.9626549938764832				0.2649383570533246	groups_imbalanced_moderate_drop	all_obs0.2	42
42	50	10	0.5	4	0.76454273716921	0.8293056986986829				0.2863608789630234	groups_imbalanced_moderate_drop	all_obs0.2	42
42	50	10	1.0	7	0.32163739480541914	0.6050196320219008				0.32731267996132374	groups_imbalanced_moderate_drop	all_obs0.2	42
42	50	15	0.2	3	0.988091993392573	0.9668574800454134				0.3859799080528319	groups_imbalanced_moderate_drop	all_obs0.2	42
42	50	15	0.5	4	0.6457946203627796	0.7934684680078093				0.42131871404126287	groups_imbalanced_moderate_drop	all_obs0.2	42
42	50	15	1.0	7	0.33618607615954943	0.6126679823470278				0.370043917093426	groups_imbalanced_moderate_drop	all_obs0.2	42
42	50	30	0.2	3	0.9876714180783823	0.9658604751784408				0.4849887089803815	groups_imbalanced_moderate_drop	all_obs0.2	42
42	50	30	0.5	4	0.8489069387839377	0.8644613361413781				0.4972436099778861	groups_imbalanced_moderate_drop	all_obs0.2	42
42	50	30	1.0	7	0.35895925955507035	0.6221110652755825				0.5647949818521738	groups_imbalanced_moderate_drop	all_obs0.2	42
42	20	10	0.2	3	0.9896531636696253	0.9690880603779843				0.24641114310361445	groups_imbalanced_moderate_drop	all_obs0.25	42
42	20	10	0.5	4	0.6587246381775321	0.7943607584388619				0.2519159149378538	groups_imbalanced_moderate_drop	all_obs0.25	42
42	20	10	1.0	9	0.27531719342021527	0.5692108237742433				0.24542018910869956	groups_imbalanced_moderate_drop	all_obs0.25	42
42	20	15	0.2	3	0.9913101128077482	0.9742284586565596				0.3539123029913753	groups_imbalanced_moderate_drop	all_obs0.25	42
42	20	15	0.5	4	0.6497667366653683	0.7928484313688933				0.38071764702908695	groups_imbalanced_moderate_drop	all_obs0.25	42
42	20	15	1.0	7	0.33369959204002747	0.6146098785520253				0.33091040211729705	groups_imbalanced_moderate_drop	all_obs0.25	42
42	20	30	0.2	3	0.9868322987798525	0.9633988463790927				0.4248175169341266	groups_imbalanced_moderate_drop	all_obs0.25	42
42	20	30	0.5	4	0.6393712190908283	0.7857457967799983				0.4776168579701334	groups_imbalanced_moderate_drop	all_obs0.25	42
42	20	30	1.0	6	0.39689820288577454	0.6475647600931244				0.5824066358618438	groups_imbalanced_moderate_drop	all_obs0.25	42
42	50	10	0.2	3	0.9878087417108269	0.9661494685669013				0.26256900606676936	groups_imbalanced_moderate_drop	all_obs0.25	42
42	50	10	0.5	4	0.7897696340693608	0.840461811973381				0.2827835229691118	groups_imbalanced_moderate_drop	all_obs0.25	42
42	50	10	1.0	8	0.35772943503906	0.6047249905739253				0.29006706294603646	groups_imbalanced_moderate_drop	all_obs0.25	42
42	50	15	0.2	3	0.9882292239505223	0.9666000440592424				0.3531170941423625	groups_imbalanced_moderate_drop	all_obs0.25	42
42	50	15	0.5	4	0.6671110875407225	0.7960206061330009				0.3806259580887854	groups_imbalanced_moderate_drop	all_obs0.25	42
42	50	15	1.0	7	0.3479518032119863	0.6141558261242506				0.4143725801259279	groups_imbalanced_moderate_drop	all_obs0.25	42
42	50	30	0.2	3	0.9873634837088219	0.9637773458602612				0.4346821028739214	groups_imbalanced_moderate_drop	all_obs0.25	42
42	50	30	0.5	4	0.6230828532091397	0.7829627603944059				0.460827728966251	groups_imbalanced_moderate_drop	all_obs0.25	42
42	50	30	1.0	6	0.3868117483599723	0.6429844792680173				0.5870131610427052	groups_imbalanced_moderate_drop	all_obs0.25	42
42	20	10	0.2	2	0.7902721575885069	0.6746163646853257				0.3082639020867646	groups_imbalanced_moderate_drop	all_obs1.0	42
42	20	10	0.5	4	0.5334392522994478	0.6152829834638649				0.3542068360839039	groups_imbalanced_moderate_drop	all_obs1.0	42
42	20	10	1.0	10	0.23754080129712674	0.4218314222040084				0.3404189439024776	groups_imbalanced_moderate_drop	all_obs1.0	42
42	20	15	0.2	2	0.8000603192830446	0.689331817235848				0.39521736302413046	groups_imbalanced_moderate_drop	all_obs1.0	42
42	20	15	0.5	3	0.8879470962540016	0.7885740455480152				0.4659799919463694	groups_imbalanced_moderate_drop	all_obs1.0	42
42	20	15	1.0	8	0.2932590000692897	0.4799999852646134				0.5100798329804093	groups_imbalanced_moderate_drop	all_obs1.0	42
42	20	30	0.2	2	0.8157766921888718	0.711842812518438				0.49398581590503454	groups_imbalanced_moderate_drop	all_obs1.0	42
42	20	30	0.5	3	0.9026777861134637	0.8132231584183885				0.5574679451528937	groups_imbalanced_moderate_drop	all_obs1.0	42
42	20	30	1.0	6	0.377527306572719	0.5457451496887638				0.6843918319791555	groups_imbalanced_moderate_drop	all_obs1.0	42
42	50	10	0.2	1	0.0	0.0				0.2977678799070418	groups_imbalanced_moderate_drop	all_obs1.0	42
42	50	10	0.5	2	0.7388890478010933	0.603432293090815				0.341323055094108	groups_imbalanced_moderate_drop	all_obs1.0	42
42	50	10	1.0	12	0.41197027851823037	0.4803064251844789				0.44659188902005553	groups_imbalanced_moderate_drop	all_obs1.0	42
42	50	15	0.2	1	0.0	0.0				0.341678936034441	groups_imbalanced_moderate_drop	all_obs1.0	42
42	50	15	0.5	2	0.7411373599177458	0.607217165846364				0.3857764699496329	groups_imbalanced_moderate_drop	all_obs1.0	42
42	50	15	1.0	8	0.4128402860839165	0.49383272782807097				0.5679318709298968	groups_imbalanced_moderate_drop	all_obs1.0	42
42	50	30	0.2	1	0.0	0.0				0.4468416329473257	groups_imbalanced_moderate_drop	all_obs1.0	42
42	50	30	0.5	2	0.779792896911835	0.6579401393227715				0.527463654987514	groups_imbalanced_moderate_drop	all_obs1.0	42
42	50	30	1.0	7	0.5050584564272036	0.5696509001451714				0.598001706879586	groups_imbalanced_moderate_drop	all_obs1.0	42
42	20	10	0.2	3	0.9762844410724442	0.9469982931306619				0.2218093981500715	groups_imbalanced_moderate_drop_group	raw	42
42	20	10	0.5	6	0.5126059494257224	0.6887714936604236				0.2117029228247702	groups_imbalanced_moderate_drop_group	raw	42
42	20	10	1.0	13	0.2176025064820602	0.5126572018905897				0.2097600819543004	groups_imbalanced_moderate_drop_group	raw	42
42	20	15	0.2	3	0.9777149033569634	0.9493170753054104				0.30114572402089834	groups_imbalanced_moderate_drop_group	raw	42
42	20	15	0.5	4	0.6042147720389741	0.7681571571667318				0.2842465911526233	groups_imbalanced_moderate_drop_group	raw	42
42	20	15	1.0	10	0.24614119380360824	0.5412484351446525				0.2849327139556408	groups_imbalanced_moderate_drop_group	raw	42
42	20	30	0.2	3	0.9734396591232147	0.94277017260559				0.39749812916852534	groups_imbalanced_moderate_drop_group	raw	42
42	20	30	0.5	5	0.5818155683406788	0.7204074548006841				0.44172812905162573	groups_imbalanced_moderate_drop_group	raw	42
42	20	30	1.0	7	0.37459439188770915	0.6161153103205868				0.4664146169088781	groups_imbalanced_moderate_drop_group	raw	42
42	50	10	0.2	3	0.9733444284073822	0.9433879103359804				0.21873830212280154	groups_imbalanced_moderate_drop_group	raw	42
42	50	10	0.5	6	0.39138672097518495	0.6340093321524027				0.22244598902761936	groups_imbalanced_moderate_drop_group	raw	42
42	50	10	1.0	12	0.23508539155430674	0.5264161915702925				0.21592739620245993	groups_imbalanced_moderate_drop_group	raw	42
42	50	15	0.2	3	0.9755666633361136	0.9457926236139842				0.3387361178174615	groups_imbalanced_moderate_drop_group	raw	42
42	50	15	0.5	5	0.5265697683586683	0.703948700100314				0.3160040071234107	groups_imbalanced_moderate_drop_group	raw	42
42	50	15	1.0	9	0.2964357838456731	0.5653311443016156				0.2912076630163938	groups_imbalanced_moderate_drop_group	raw	42
42	50	30	0.2	3	0.972813224503395	0.9408377179812707				0.420167142059654	groups_imbalanced_moderate_drop_group	raw	42
42	50	30	0.5	5	0.5489790410157057	0.708200939398526				0.4772659819573164	groups_imbalanced_moderate_drop_group	raw	42
42	50	30	1.0	8	0.33697492021361286	0.5844257191951227				0.5379018438979983	groups_imbalanced_moderate_drop_group	raw	42
42	20	10	0.2	3	0.9737499674143105	0.9436740772934971				0.23774175881408155	groups_imbalanced_moderate_drop_group	all_obs0.05	42
42	20	10	0.5	7	0.4837944153312233	0.6676812051913309				0.21915076998993754	groups_imbalanced_moderate_drop_group	all_obs0.05	42
42	20	10	1.0	12	0.22498159551374178	0.5191607721277535				0.21789172594435513	groups_imbalanced_moderate_drop_group	all_obs0.05	42
42	20	15	0.2	3	0.97271699879456	0.941421883075543				0.2913582408800721	groups_imbalanced_moderate_drop_group	all_obs0.05	42
42	20	15	0.5	5	0.5070670640174977	0.6962840282774747				0.2901127990335226	groups_imbalanced_moderate_drop_group	all_obs0.05	42
42	20	15	1.0	10	0.3142643455700344	0.5666774028611432				0.277222097851336	groups_imbalanced_moderate_drop_group	all_obs0.05	42
42	20	30	0.2	3	0.9720069690956359	0.9403822821513501				0.41295529482886195	groups_imbalanced_moderate_drop_group	all_obs0.05	42
42	20	30	0.5	4	0.7387255716257907	0.8054155059733874				0.49262225697748363	groups_imbalanced_moderate_drop_group	all_obs0.05	42
42	20	30	1.0	8	0.3566497671594864	0.5957771400095933				0.5086564281955361	groups_imbalanced_moderate_drop_group	all_obs0.05	42
42	50	10	0.2	3	0.9648061895105668	0.928299994094118				0.23107309080660343	groups_imbalanced_moderate_drop_group	all_obs0.05	42
42	50	10	0.5	6	0.4578844180601823	0.6524431340169364				0.22914387099444866	groups_imbalanced_moderate_drop_group	all_obs0.05	42
42	50	10	1.0	11	0.22870862784525975	0.5156972320698493				0.22141916886903346	groups_imbalanced_moderate_drop_group	all_obs0.05	42
42	50	15	0.2	3	0.9672416823967398	0.9322749582181333				0.3180492299143225	groups_imbalanced_moderate_drop_group	all_obs0.05	42
42	50	15	0.5	5	0.5803858300211939	0.7236254210116219				0.31286752596497536	groups_imbalanced_moderate_drop_group	all_obs0.05	42
42	50	15	1.0	10	0.25911278868905185	0.5361467356182247				0.2951527831610292	groups_imbalanced_moderate_drop_group	all_obs0.05	42
42	50	30	0.2	3	0.9675421142730832	0.9328986159992565				0.4307802969124168	groups_imbalanced_moderate_drop_group	all_obs0.05	42
42	50	30	0.5	4	0.6123851138864388	0.7585565115251488				0.4949969539884478	groups_imbalanced_moderate_drop_group	all_obs0.05	42
42	50	30	1.0	8	0.3537983962386963	0.5912564632323155				0.572332045994699	groups_imbalanced_moderate_drop_group	all_obs0.05	42
42	20	10	0.2	3	0.9695692035548457	0.9364341906041539				0.23538715997710824	groups_imbalanced_moderate_drop_group	all_obs0.1	42
42	20	10	0.5	7	0.5642030212096825	0.7158994141311708				0.23042068700306118	groups_imbalanced_moderate_drop_group	all_obs0.1	42
42	20	10	1.0	12	0.23632376556624024	0.5184993883044385				0.2176288398914039	groups_imbalanced_moderate_drop_group	all_obs0.1	42
42	20	15	0.2	3	0.9678365459144765	0.9333942666349214				0.2928262159693986	groups_imbalanced_moderate_drop_group	all_obs0.1	42
42	20	15	0.5	4	0.6014061039193899	0.755540994581395				0.2958634300157428	groups_imbalanced_moderate_drop_group	all_obs0.1	42
42	20	15	1.0	9	0.30543361235629096	0.5667818136762017				0.28592063300311565	groups_imbalanced_moderate_drop_group	all_obs0.1	42
42	20	30	0.2	3	0.9691766469162435	0.9365154461295575				0.41685983003117144	groups_imbalanced_moderate_drop_group	all_obs0.1	42
42	20	30	0.5	4	0.6178272188336753	0.7641252101158733				0.46158657409250736	groups_imbalanced_moderate_drop_group	all_obs0.1	42
42	20	30	1.0	7	0.3830848197659122	0.6138919309839533				0.5474078280385584	groups_imbalanced_moderate_drop_group	all_obs0.1	42
42	50	10	0.2	3	0.9611958218477921	0.9246772045215771				0.2463356228545308	groups_imbalanced_moderate_drop_group	all_obs0.1	42
42	50	10	0.5	5	0.567807834873678	0.7139431142932459				0.263505098875612	groups_imbalanced_moderate_drop_group	all_obs0.1	42
42	50	10	1.0	10	0.28105611675865716	0.542961234819675				0.24284299602732062	groups_imbalanced_moderate_drop_group	all_obs0.1	42
42	50	15	0.2	3	0.9599640967222348	0.9210323243135314				0.37174081103876233	groups_imbalanced_moderate_drop_group	all_obs0.1	42
42	50	15	0.5	4	0.6185301712935342	0.7548921375100629				0.3347607390023768	groups_imbalanced_moderate_drop_group	all_obs0.1	42
42	50	15	1.0	10	0.25569580510496753	0.5337031176061474				0.3163828810211271	groups_imbalanced_moderate_drop_group	all_obs0.1	42
42	50	30	0.2	3	0.9574481655541903	0.9179520835640721				0.43672263203188777	groups_imbalanced_moderate_drop_group	all_obs0.1	42
42	50	30	0.5	4	0.6138183077337515	0.750097073874987				0.49332035006955266	groups_imbalanced_moderate_drop_group	all_obs0.1	42
42	50	30	1.0	7	0.37450928036765696	0.5839126090865016				0.5255081148352474	groups_imbalanced_moderate_drop_group	all_obs0.1	42
42	20	10	0.2	3	0.9655412019420602	0.9313274999031947				0.2330984880682081	groups_imbalanced_moderate_drop_group	all_obs0.15	42
42	20	10	0.5	4	0.6061369606206901	0.7567744965117578				0.24298723810352385	groups_imbalanced_moderate_drop_group	all_obs0.15	42
42	20	10	1.0	11	0.2421259046457853	0.5247169587336541				0.22876911517232656	groups_imbalanced_moderate_drop_group	all_obs0.15	42
42	20	15	0.2	3	0.9621926286171079	0.9259140711117969				0.3107774800155312	groups_imbalanced_moderate_drop_group	all_obs0.15	42
42	20	15	0.5	4	0.5933725962810906	0.7479863506878772				0.315984217915684	groups_imbalanced_moderate_drop_group	all_obs0.15	42
42	20	15	1.0	9	0.2618164469715002	0.543921763346768				0.3026545220054686	groups_imbalanced_moderate_drop_group	all_obs0.15	42
42	20	30	0.2	3	0.9634194926496992	0.9292810635898102				0.4718605999369174	groups_imbalanced_moderate_drop_group	all_obs0.15	42
42	20	30	0.5	4	0.5968035141244092	0.7551649471850237				0.5157938250340521	groups_imbalanced_moderate_drop_group	all_obs0.15	42
42	20	30	1.0	7	0.3665594013056985	0.5875324815820707				0.561905104899779	groups_imbalanced_moderate_drop_group	all_obs0.15	42
42	50	10	0.2	3	0.9573729327523764	0.9193446805441773				0.2880930909886956	groups_imbalanced_moderate_drop_group	all_obs0.15	42
42	50	10	0.5	5	0.6112977289307719	0.7444309453666248				0.2706811148673296	groups_imbalanced_moderate_drop_group	all_obs0.15	42
42	50	10	1.0	10	0.25933409002443797	0.5334595113346081				0.2560295967850834	groups_imbalanced_moderate_drop_group	all_obs0.15	42
42	50	15	0.2	3	0.9526600057729683	0.912056187077301				0.3755124530289322	groups_imbalanced_moderate_drop_group	all_obs0.15	42
42	50	15	0.5	4	0.6028657618398504	0.741608379164629				0.38101151399314404	groups_imbalanced_moderate_drop_group	all_obs0.15	42
42	50	15	1.0	9	0.2892778602100225	0.5488486324621645				0.3580357199534774	groups_imbalanced_moderate_drop_group	all_obs0.15	42
42	50	30	0.2	3	0.9507441693796492	0.9100641739183386				0.47591699101030827	groups_imbalanced_moderate_drop_group	all_obs0.15	42
42	50	30	0.5	4	0.595805564265178	0.7394843891943234				0.5262818529736251	groups_imbalanced_moderate_drop_group	all_obs0.15	42
42	50	30	1.0	6	0.38432078432924116	0.6128608119258745				0.5759339588694274	groups_imbalanced_moderate_drop_group	all_obs0.15	42
42	20	10	0.2	3	0.9672860552863345	0.935157197189881				0.24084287090227008	groups_imbalanced_moderate_drop_group	all_obs0.2	42
42	20	10	0.5	5	0.6327121957828646	0.7606016358167326				0.23805859498679638	groups_imbalanced_moderate_drop_group	all_obs0.2	42
42	20	10	1.0	11	0.24597513192071022	0.5266888083515651				0.22293543303385377	groups_imbalanced_moderate_drop_group	all_obs0.2	42
42	20	15	0.2	3	0.9635227385417952	0.9280480939919089				0.3236458378378302	groups_imbalanced_moderate_drop_group	all_obs0.2	42
42	20	15	0.5	4	0.6255656045689767	0.761624418436355				0.31392254517413676	groups_imbalanced_moderate_drop_group	all_obs0.2	42
42	20	15	1.0	9	0.2965011011200867	0.5583406295442216				0.30770394508726895	groups_imbalanced_moderate_drop_group	all_obs0.2	42
42	20	30	0.2	3	0.9648490970251652	0.9318952936903449				0.4904725248925388	groups_imbalanced_moderate_drop_group	all_obs0.2	42
42	20	30	0.5	4	0.6059852291383039	0.7561811431953275				0.5526457529049367	groups_imbalanced_moderate_drop_group	all_obs0.2	42
42	20	30	1.0	6	0.3991070102711959	0.6314461478280543				0.6336455207783729	groups_imbalanced_moderate_drop_group	all_obs0.2	42
42	50	10	0.2	3	0.9504673812038698	0.9103174115545928				0.2792729758657515	groups_imbalanced_moderate_drop_group	all_obs0.2	42
42	50	10	0.5	5	0.5961695384766923	0.7322948803114512				0.28798833093605936	groups_imbalanced_moderate_drop_group	all_obs0.2	42
42	50	10	1.0	10	0.28173029757200235	0.5367742849693484				0.27028694190084934	groups_imbalanced_moderate_drop_group	all_obs0.2	42
42	50	15	0.2	3	0.9485006787078601	0.9068132857915956				0.35881045111455023	groups_imbalanced_moderate_drop_group	all_obs0.2	42
42	50	15	0.5	4	0.5853591009142296	0.7346516916500491				0.40283364709466696	groups_imbalanced_moderate_drop_group	all_obs0.2	42
42	50	15	1.0	8	0.33750652546911875	0.5694054319474692				0.36811035010032356	groups_imbalanced_moderate_drop_group	all_obs0.2	42
42	50	30	0.2	3	0.950736637424905	0.9090416881091262				0.4209105330519378	groups_imbalanced_moderate_drop_group	all_obs0.2	42
42	50	30	0.5	4	0.5995390490361069	0.7383901312437954				0.45322793489322066	groups_imbalanced_moderate_drop_group	all_obs0.2	42
42	50	30	1.0	6	0.3979309224603657	0.6175662814271058				0.5332421979401261	groups_imbalanced_moderate_drop_group	all_obs0.2	42
42	20	10	0.2	3	0.9680779094451041	0.9348957864024121				0.25200911005958915	groups_imbalanced_moderate_drop_group	all_obs0.25	42
42	20	10	0.5	5	0.597534919745467	0.752495758221587				0.26109419600106776	groups_imbalanced_moderate_drop_group	all_obs0.25	42
42	20	10	1.0	10	0.2767805922473054	0.5474587720157298				0.2354660250712186	groups_imbalanced_moderate_drop_group	all_obs0.25	42
42	20	15	0.2	3	0.963257480398596	0.9268861085401746				0.3366047858726233	groups_imbalanced_moderate_drop_group	all_obs0.25	42
42	20	15	0.5	4	0.595802425303737	0.7520624431631511				0.33573268190957606	groups_imbalanced_moderate_drop_group	all_obs0.25	42
42	20	15	1.0	8	0.3245653042208938	0.5801710606180233				0.3087969138287008	groups_imbalanced_moderate_drop_group	all_obs0.25	42
42	20	30	0.2	3	0.9652593377326499	0.9325361619222446				0.48506517987698317	groups_imbalanced_moderate_drop_group	all_obs0.25	42
42	20	30	0.5	4	0.5949265530749684	0.7513804158780326				0.5423210689332336	groups_imbalanced_moderate_drop_group	all_obs0.25	42
42	20	30	1.0	6	0.4074318713936734	0.6334935287581073				0.5299342898651958	groups_imbalanced_moderate_drop_group	all_obs0.25	42
42	50	10	0.2	3	0.9496500752566839	0.9067687223496781				0.3006415527779609	groups_imbalanced_moderate_drop_group	all_obs0.25	42
42	50	10	0.5	5	0.5830385599272374	0.727608940027451				0.2909490140154958	groups_imbalanced_moderate_drop_group	all_obs0.25	42
42	50	10	1.0	10	0.30420692622925516	0.5527443449445842				0.2857398041523993	groups_imbalanced_moderate_drop_group	all_obs0.25	42
42	50	15	0.2	3	0.9506023463742863	0.9079709966729053				0.4117271101567894	groups_imbalanced_moderate_drop_group	all_obs0.25	42
42	50	15	0.5	4	0.6147369922450876	0.7391209428335136				0.40252062398940325	groups_imbalanced_moderate_drop_group	all_obs0.25	42
42	50	15	1.0	8	0.3224843742902288	0.5702281084026024				0.3976233289577067	groups_imbalanced_moderate_drop_group	all_obs0.25	42
42	50	30	0.2	3	0.9504553127011408	0.9081647428590319				0.49639750295318663	groups_imbalanced_moderate_drop_group	all_obs0.25	42
42	50	30	0.5	4	0.5874545050951777	0.7303223494335606				0.5814710590057075	groups_imbalanced_moderate_drop_group	all_obs0.25	42
42	50	30	1.0	6	0.39343934799076175	0.612875600823794				0.5670555699616671	groups_imbalanced_moderate_drop_group	all_obs0.25	42
42	20	10	0.2	2	0.84529235898582	0.7853394657263082				0.3004429170396179	groups_imbalanced_moderate_drop_group	all_obs1.0	42
42	20	10	0.5	4	0.5883398342683283	0.7273459152470315				0.2978638729546219	groups_imbalanced_moderate_drop_group	all_obs1.0	42
42	20	10	1.0	6	0.45689273868166624	0.6474272868853281				0.33254264714196324	groups_imbalanced_moderate_drop_group	all_obs1.0	42
42	20	15	0.2	3	0.954292475878928	0.9058177791136601				0.34017987991683185	groups_imbalanced_moderate_drop_group	all_obs1.0	42
42	20	15	0.5	4	0.65108734966205	0.7583681593031516				0.3783136319834739	groups_imbalanced_moderate_drop_group	all_obs1.0	42
42	20	15	1.0	5	0.4985949165434469	0.6788790735054397				0.44187830900773406	groups_imbalanced_moderate_drop_group	all_obs1.0	42
42	20	30	0.2	3	0.9571481956154001	0.9104442785120918				0.41008751397021115	groups_imbalanced_moderate_drop_group	all_obs1.0	42
42	20	30	0.5	4	0.6190901440521617	0.7475098872705248				0.44420558400452137	groups_imbalanced_moderate_drop_group	all_obs1.0	42
42	20	30	1.0	4	0.5920485709467281	0.7386275410833927				0.5642708009108901	groups_imbalanced_moderate_drop_group	all_obs1.0	42
42	50	10	0.2	2	0.7677882055943762	0.6758752439784643				0.2877178490161896	groups_imbalanced_moderate_drop_group	all_obs1.0	42
42	50	10	0.5	2	0.7802505902180443	0.6925404960434223				0.31019633798860013	groups_imbalanced_moderate_drop_group	all_obs1.0	42
42	50	10	1.0	14	0.4847203821110073	0.5727000191586058				0.41817658697254956	groups_imbalanced_moderate_drop_group	all_obs1.0	42
42	50	15	0.2	2	0.7829161677119397	0.6970648475359499				0.3321000391151756	groups_imbalanced_moderate_drop_group	all_obs1.0	42
42	50	15	0.5	2	0.7693341493073517	0.6800495969779705				0.3668379441369325	groups_imbalanced_moderate_drop_group	all_obs1.0	42
42	50	15	1.0	8	0.4996619363738916	0.6124419856730007				0.4981860739644617	groups_imbalanced_moderate_drop_group	all_obs1.0	42
42	50	30	0.2	2	0.7949638254031054	0.7123862360767097				0.40189687395468354	groups_imbalanced_moderate_drop_group	all_obs1.0	42
42	50	30	0.5	2	0.8058566801297511	0.7265061551293251				0.49755436182022095	groups_imbalanced_moderate_drop_group	all_obs1.0	42
42	50	30	1.0	4	0.555704213911464	0.6775960950075978				0.6595411631278694	groups_imbalanced_moderate_drop_group	all_obs1.0	42
42	20	10	0.2	3	0.5364597097524515	0.4415126480715228				0.258030089084059	groups_rare_high_drop	raw	42
42	20	10	0.5	6	0.3957856101808237	0.4188949780988953				0.2512378341052681	groups_rare_high_drop	raw	42
42	20	10	1.0	12	0.19332772799221232	0.3331953777855798				0.22791824210435152	groups_rare_high_drop	raw	42
42	20	15	0.2	3	0.49824466339580237	0.40188487929825134				0.3504380099475384	groups_rare_high_drop	raw	42
42	20	15	0.5	5	0.44087684090950846	0.42701513919542144				0.33186229201965034	groups_rare_high_drop	raw	42
42	20	15	1.0	10	0.23190945382040987	0.3483879952668301				0.31166287511587143	groups_rare_high_drop	raw	42
42	20	30	0.2	2	0.583578444645592	0.4913089246406561				0.45900968299247324	groups_rare_high_drop	raw	42
42	20	30	0.5	6	0.49037637454188937	0.45710578477654645				0.49953953502699733	groups_rare_high_drop	raw	42
42	20	30	1.0	9	0.2856647166904489	0.3813008608397309				0.5437656580470502	groups_rare_high_drop	raw	42
42	50	10	0.2	3	0.5109640461828802	0.4299776800118888				0.24247010913677514	groups_rare_high_drop	raw	42
42	50	10	0.5	6	0.382550992181425	0.4122005319026736				0.24593945499509573	groups_rare_high_drop	raw	42
42	50	10	1.0	13	0.1904086411081157	0.32893455840740526				0.2406546319834888	groups_rare_high_drop	raw	42
42	50	15	0.2	3	0.5102372314557929	0.42473358966021346				0.3793251779861748	groups_rare_high_drop	raw	42
42	50	15	0.5	5	0.4488695247193905	0.4384980289914905				0.3487856178544462	groups_rare_high_drop	raw	42
42	50	15	1.0	10	0.20918029533030044	0.33819754871732594				0.32710534194484353	groups_rare_high_drop	raw	42
42	50	30	0.2	3	0.5385424172941596	0.4497532299503659				0.5148318011779338	groups_rare_high_drop	raw	42
42	50	30	0.5	5	0.4309923116678365	0.45505181874427914				0.5602696710266173	groups_rare_high_drop	raw	42
42	50	30	1.0	8	0.29310610545251775	0.3845553798134221				0.5610581219661981	groups_rare_high_drop	raw	42
42	20	10	0.2	3	0.5232502769108822	0.4226025656305512				0.25205572601407766	groups_rare_high_drop	all_obs0.05	42
42	20	10	0.5	6	0.3945909234896009	0.4155982752949794				0.25464468402788043	groups_rare_high_drop	all_obs0.05	42
42	20	10	1.0	13	0.18586591778735953	0.32042292671614714				0.2342971540056169	groups_rare_high_drop	all_obs0.05	42
42	20	15	0.2	3	0.543958004174479	0.4519038197511236				0.3543883909005672	groups_rare_high_drop	all_obs0.05	42
42	20	15	0.5	6	0.3751405003329496	0.41051900471437924				0.3294283349532634	groups_rare_high_drop	all_obs0.05	42
42	20	15	1.0	12	0.19750502446188337	0.3180169015694487				0.30619928217493	groups_rare_high_drop	all_obs0.05	42
42	20	30	0.2	3	0.5232560292015593	0.43086456818533014				0.5063293480779976	groups_rare_high_drop	all_obs0.05	42
42	20	30	0.5	5	0.40400854102418876	0.44034113242102524				0.5344372089020908	groups_rare_high_drop	all_obs0.05	42
42	20	30	1.0	9	0.2515093038578549	0.3653552827559519				0.5675452710129321	groups_rare_high_drop	all_obs0.05	42
42	50	10	0.2	3	0.5073019165168037	0.42121862734005217				0.26107432693243027	groups_rare_high_drop	all_obs0.05	42
42	50	10	0.5	6	0.4052004542438963	0.4195531561979029				0.2561550810933113	groups_rare_high_drop	all_obs0.05	42
42	50	10	1.0	13	0.1707755934292774	0.3156134177998618				0.24005407094955444	groups_rare_high_drop	all_obs0.05	42
42	50	15	0.2	2	0.5636618599379906	0.46319456424517746				0.3769671730697155	groups_rare_high_drop	all_obs0.05	42
42	50	15	0.5	6	0.44337217010544594	0.431864795005951				0.33947786688804626	groups_rare_high_drop	all_obs0.05	42
42	50	15	1.0	11	0.2415828097078164	0.3509221522574006				0.3250325240660459	groups_rare_high_drop	all_obs0.05	42
42	50	30	0.2	3	0.5416791847792951	0.44665943171266625				0.5003304020501673	groups_rare_high_drop	all_obs0.05	42
42	50	30	0.5	5	0.4046271989151601	0.4451199094330209				0.5218385239131749	groups_rare_high_drop	all_obs0.05	42
42	50	30	1.0	9	0.26512309036850834	0.3827291032070225				0.5675325649790466	groups_rare_high_drop	all_obs0.05	42
42	20	10	0.2	3	0.557214807873299	0.44328739746682927				0.24675397598184645	groups_rare_high_drop	all_obs0.1	42
42	20	10	0.5	6	0.38434960161760695	0.42226935962093753				0.2408604531083256	groups_rare_high_drop	all_obs0.1	42
42	20	10	1.0	12	0.17357225379671995	0.3215268256168751				0.22736335708759725	groups_rare_high_drop	all_obs0.1	42
42	20	15	0.2	3	0.5060792652143049	0.4359229965108989				0.368072320939973	groups_rare_high_drop	all_obs0.1	42
42	20	15	0.5	6	0.45806427434402236	0.4346481856377717				0.352647690102458	groups_rare_high_drop	all_obs0.1	42
42	20	15	1.0	10	0.23766520450878903	0.35589594682766507				0.32046186504885554	groups_rare_high_drop	all_obs0.1	42
42	20	30	0.2	2	0.5726024758501439	0.4738485523267779				0.5623203951399773	groups_rare_high_drop	all_obs0.1	42
42	20	30	0.5	5	0.48582548116044527	0.46458001047591524				0.6156525339465588	groups_rare_high_drop	all_obs0.1	42
42	20	30	1.0	8	0.30116001877923004	0.3873173658002786				0.5513161451090127	groups_rare_high_drop	all_obs0.1	42
42	50	10	0.2	2	0.4369143464807874	0.39847927707448116				0.2481722889933735	groups_rare_high_drop	all_obs0.1	42
42	50	10	0.5	5	0.5340437396734973	0.4651665350648176				0.26103388890624046	groups_rare_high_drop	all_obs0.1	42
42	50	10	1.0	13	0.1740650673473435	0.31760892852648553				0.24712312500923872	groups_rare_high_drop	all_obs0.1	42
42	50	15	0.2	3	0.5402674758140417	0.44389932430204976				0.3812387001235038	groups_rare_high_drop	all_obs0.1	42
42	50	15	0.5	5	0.45839874561285654	0.4430730785256238				0.36879216716624796	groups_rare_high_drop	all_obs0.1	42
42	50	15	1.0	10	0.21107004207825622	0.344460301204855				0.33229590579867363	groups_rare_high_drop	all_obs0.1	42
42	50	30	0.2	2	0.44445109859150256	0.4140990354524917				0.5189232039265335	groups_rare_high_drop	all_obs0.1	42
42	50	30	0.5	4	0.5123482567063471	0.4763462959966471				0.5283831430133432	groups_rare_high_drop	all_obs0.1	42
42	50	30	1.0	8	0.30509132539139155	0.3902074698913805				0.550694613950327	groups_rare_high_drop	all_obs0.1	42
42	20	10	0.2	3	0.5557790655142095	0.4558590802571324				0.2585211950354278	groups_rare_high_drop	all_obs0.15	42
42	20	10	0.5	5	0.390034187252692	0.43059177000436133				0.2321175599936396	groups_rare_high_drop	all_obs0.15	42
42	20	10	1.0	12	0.1949015618954307	0.3380723330345654				0.22980001289397478	groups_rare_high_drop	all_obs0.15	42
42	20	15	0.2	3	0.49976171859263324	0.40965028538087256				0.368802075041458	groups_rare_high_drop	all_obs0.15	42
42	20	15	0.5	4	0.4764241853772554	0.452518886625065				0.3632445060648024	groups_rare_high_drop	all_obs0.15	42
42	20	15	1.0	9	0.23782059135797973	0.35505233622741617				0.3312438460998237	groups_rare_high_drop	all_obs0.15	42
42	20	30	0.2	2	0.45025338350606664	0.4121584376357293				0.4740675699431449	groups_rare_high_drop	all_obs0.15	42
42	20	30	0.5	4	0.598269055758039	0.5078073972286982				0.5088762999512255	groups_rare_high_drop	all_obs0.15	42
42	20	30	1.0	9	0.2600849617046372	0.3769678733529306				0.5621250099502504	groups_rare_high_drop	all_obs0.15	42
42	50	10	0.2	2	0.4817789631837247	0.4291178751658797				0.274165305076167	groups_rare_high_drop	all_obs0.15	42
42	50	10	0.5	5	0.46542951250576137	0.4371699897336169				0.2525161320809275	groups_rare_high_drop	all_obs0.15	42
42	50	10	1.0	11	0.19658464888170624	0.343325744125545				0.25583580415695906	groups_rare_high_drop	all_obs0.15	42
42	50	15	0.2	3	0.5097750945398719	0.41815337695932964				0.41205132799223065	groups_rare_high_drop	all_obs0.15	42
42	50	15	0.5	5	0.4518452605487783	0.451551139820889				0.38745013414882123	groups_rare_high_drop	all_obs0.15	42
42	50	15	1.0	10	0.20212048362469698	0.3447261079469358				0.34155429317615926	groups_rare_high_drop	all_obs0.15	42
42	50	30	0.2	2	0.5594789947110795	0.45919160721783775				0.5225834178272635	groups_rare_high_drop	all_obs0.15	42
42	50	30	0.5	4	0.4885297512787455	0.47864738922636396				0.5708084320649505	groups_rare_high_drop	all_obs0.15	42
42	50	30	1.0	7	0.35683673118656645	0.4233453157001533				0.6551061938516796	groups_rare_high_drop	all_obs0.15	42
42	20	10	0.2	3	0.50499568441061	0.42248832233488215				0.24680478288792074	groups_rare_high_drop	all_obs0.2	42
42	20	10	0.5	5	0.4471824200917486	0.44486497228491423				0.25109969289042056	groups_rare_high_drop	all_obs0.2	42
42	20	10	1.0	14	0.1721530362383677	0.32468807035706415				0.23760201293043792	groups_rare_high_drop	all_obs0.2	42
42	20	15	0.2	3	0.5077072811389622	0.4186820690967186				0.3606927788350731	groups_rare_high_drop	all_obs0.2	42
42	20	15	0.5	4	0.5607945470814799	0.47657895369342296				0.34516026405617595	groups_rare_high_drop	all_obs0.2	42
42	20	15	1.0	9	0.2440773250233088	0.36532237384453214				0.3187179630622268	groups_rare_high_drop	all_obs0.2	42
42	20	30	0.2	2	0.5676388703866709	0.46891985610179726				0.5162834050133824	groups_rare_high_drop	all_obs0.2	42
42	20	30	0.5	4	0.6022715696983414	0.5088407419589278				0.6266923421062529	groups_rare_high_drop	all_obs0.2	42
42	20	30	1.0	7	0.3327373201792235	0.4130698526186463				0.607116725994274	groups_rare_high_drop	all_obs0.2	42
42	50	10	0.2	2	0.5515714841802404	0.4720227282297317				0.293360972777009	groups_rare_high_drop	all_obs0.2	42
42	50	10	0.5	5	0.4542812533764942	0.4382701975762555				0.27815006487071514	groups_rare_high_drop	all_obs0.2	42
42	50	10	1.0	12	0.1967179714570211	0.3321733353978445				0.2581748489756137	groups_rare_high_drop	all_obs0.2	42
42	50	15	0.2	2	0.5604683834197833	0.48863066086516077				0.4284555751364678	groups_rare_high_drop	all_obs0.2	42
42	50	15	0.5	4	0.6057613688461833	0.48871112462487076				0.42536191106773913	groups_rare_high_drop	all_obs0.2	42
42	50	15	1.0	9	0.24356344321767565	0.36352272613354225				0.3671440239995718	groups_rare_high_drop	all_obs0.2	42
42	50	30	0.2	2	0.5621476533630226	0.4622413470651082				0.5630243781488389	groups_rare_high_drop	all_obs0.2	42
42	50	30	0.5	4	0.5881602873163388	0.5026250335730075				0.5998106661718339	groups_rare_high_drop	all_obs0.2	42
42	50	30	1.0	7	0.31198476908023265	0.403420008910219				0.6787493189331144	groups_rare_high_drop	all_obs0.2	42
42	20	10	0.2	2	0.5307250832488466	0.4562999327339043				0.2623862500768155	groups_rare_high_drop	all_obs0.25	42
42	20	10	0.5	5	0.4239054645368725	0.4378102682271476				0.2565573730971664	groups_rare_high_drop	all_obs0.25	42
42	20	10	1.0	12	0.17960783071036857	0.3307066796562234				0.2412101300433278	groups_rare_high_drop	all_obs0.25	42
42	20	15	0.2	2	0.42931596309709785	0.392528869529547				0.3603476320859045	groups_rare_high_drop	all_obs0.25	42
42	20	15	0.5	4	0.467675214973558	0.46602738418011586				0.35490145604126155	groups_rare_high_drop	all_obs0.25	42
42	20	15	1.0	9	0.2506145556670377	0.36123164319958373				0.33960053510963917	groups_rare_high_drop	all_obs0.25	42
42	20	30	0.2	2	0.48912880899587596	0.43791139699804327				0.514670412056148	groups_rare_high_drop	all_obs0.25	42
42	20	30	0.5	5	0.4725149879551916	0.47491654325000654				0.6409762371331453	groups_rare_high_drop	all_obs0.25	42
42	20	30	1.0	8	0.3154863369634862	0.39688972607612144				0.5639619058929384	groups_rare_high_drop	all_obs0.25	42
42	50	10	0.2	2	0.5505620086188778	0.45013200437803924				0.3009807909838855	groups_rare_high_drop	all_obs0.25	42
42	50	10	0.5	5	0.42006081246231786	0.44059807471550205				0.28163390909321606	groups_rare_high_drop	all_obs0.25	42
42	50	10	1.0	10	0.21113934730093525	0.3378562298222191				0.26840732409618795	groups_rare_high_drop	all_obs0.25	42
42	50	15	0.2	2	0.572290710529892	0.49871703399941847				0.39391625905409455	groups_rare_high_drop	all_obs0.25	42
42	50	15	0.5	5	0.48456648055801227	0.4595566621327907				0.44203832698985934	groups_rare_high_drop	all_obs0.25	42
42	50	15	1.0	10	0.24943998786815746	0.3604339374329795				0.37688398407772183	groups_rare_high_drop	all_obs0.25	42
42	50	30	0.2	2	0.5552807155352522	0.45414544470821394				0.4661202570423484	groups_rare_high_drop	all_obs0.25	42
42	50	30	0.5	4	0.5570391170623654	0.48847203750638246				0.5431262569036335	groups_rare_high_drop	all_obs0.25	42
42	50	30	1.0	5	0.40887401800351614	0.44557412184991635				0.6293123159557581	groups_rare_high_drop	all_obs0.25	42
42	20	10	0.2	1	0.0	0.0				0.31343506602570415	groups_rare_high_drop	all_obs1.0	42
42	20	10	0.5	3	0.6191143566426426	0.49241779098675004				0.35245795105583966	groups_rare_high_drop	all_obs1.0	42
42	20	10	1.0	9	0.28778334502765673	0.35093045637268144				0.33716155611909926	groups_rare_high_drop	all_obs1.0	42
42	20	15	0.2	1	0.0	0.0				0.4337477679364383	groups_rare_high_drop	all_obs1.0	42
42	20	15	0.5	3	0.6180551168320625	0.49241847582474396				0.48910210095345974	groups_rare_high_drop	all_obs1.0	42
42	20	15	1.0	7	0.310169321439084	0.3745491719670012				0.5432390931528062	groups_rare_high_drop	all_obs1.0	42
42	20	30	0.2	1	0.0	0.0				0.5061907658819109	groups_rare_high_drop	all_obs1.0	42
42	20	30	0.5	3	0.6347130638497789	0.5135508172056128				0.5462749351281673	groups_rare_high_drop	all_obs1.0	42
42	20	30	1.0	5	0.4157970296694064	0.440695735246824				0.6521761119365692	groups_rare_high_drop	all_obs1.0	42
42	50	10	0.2	1	0.0	0.0				0.30780860502272844	groups_rare_high_drop	all_obs1.0	42
42	50	10	0.5	4	0.3512110144680951	0.2780541739355923				0.35870893904939294	groups_rare_high_drop	all_obs1.0	42
42	50	10	1.0	10	0.24492879530055986	0.2705272754248482				0.5378321439493448	groups_rare_high_drop	all_obs1.0	42
42	50	15	0.2	1	0.0	0.0				0.3816970849875361	groups_rare_high_drop	all_obs1.0	42
42	50	15	0.5	2	0.2224155216789408	0.15067632427467323				0.46125450008548796	groups_rare_high_drop	all_obs1.0	42
42	50	15	1.0	10	0.3032970399591716	0.30911484611267465				0.6697989720851183	groups_rare_high_drop	all_obs1.0	42
42	50	30	0.2	1	0.0	0.0				0.46847535111010075	groups_rare_high_drop	all_obs1.0	42
42	50	30	0.5	2	0.4311173954394735	0.35084180595792613				0.5963387379888445	groups_rare_high_drop	all_obs1.0	42
42	50	30	1.0	7	0.3515675535022207	0.3586834937065374				0.7153879429679364	groups_rare_high_drop	all_obs1.0	42
42	20	10	0.2	3	0.9473051887887278	0.9034277078295421				0.2221543479245156	groups_rare_high_drop_group	raw	42
42	20	10	0.5	6	0.585639675855356	0.7192076771291245				0.2336444950196892	groups_rare_high_drop_group	raw	42
42	20	10	1.0	10	0.3384560623308546	0.5905914489102797				0.21148778195492923	groups_rare_high_drop_group	raw	42
42	20	15	0.2	3	0.9488134643880245	0.9059497799979561				0.3316121310926974	groups_rare_high_drop_group	raw	42
42	20	15	0.5	5	0.6262763988877386	0.755802166670241				0.33849083189852536	groups_rare_high_drop_group	raw	42
42	20	15	1.0	10	0.420765846236361	0.6176919106485417				0.3073701038956642	groups_rare_high_drop_group	raw	42
42	20	30	0.2	3	0.947784230028676	0.9036251783883555				0.4454963200259954	groups_rare_high_drop_group	raw	42
42	20	30	0.5	5	0.6688223081616806	0.7624220861672844				0.47974040103144944	groups_rare_high_drop_group	raw	42
42	20	30	1.0	8	0.4401067330680568	0.6465072301536338				0.5129435879644006	groups_rare_high_drop_group	raw	42
42	50	10	0.2	3	0.9489778304304406	0.906869875362209				0.22594253486022353	groups_rare_high_drop_group	raw	42
42	50	10	0.5	6	0.6175679349366925	0.7306100537892254				0.23669331311248243	groups_rare_high_drop_group	raw	42
42	50	10	1.0	11	0.33736518883555877	0.5867407428841905				0.22422577813267708	groups_rare_high_drop_group	raw	42
42	50	15	0.2	3	0.9498029197473921	0.9071092956472128				0.32990065100602806	groups_rare_high_drop_group	raw	42
42	50	15	0.5	5	0.6273557881527728	0.7565028632083121				0.34959612111561	groups_rare_high_drop_group	raw	42
42	50	15	1.0	10	0.38594097520475257	0.6130331032868628				0.3178347749635577	groups_rare_high_drop_group	raw	42
42	50	30	0.2	3	0.9488485937159213	0.9059227370596034				0.4702987000346184	groups_rare_high_drop_group	raw	42
42	50	30	0.5	5	0.6710592485425995	0.7636102511087975				0.468292387900874	groups_rare_high_drop_group	raw	42
42	50	30	1.0	8	0.4336791873156969	0.6439059559258294				0.552090534940362	groups_rare_high_drop_group	raw	42
42	20	10	0.2	3	0.9466858152412252	0.9028302492876569				0.2302407610695809	groups_rare_high_drop_group	all_obs0.05	42
42	20	10	0.5	6	0.5555610933207271	0.7100975095448392				0.21936300001107156	groups_rare_high_drop_group	all_obs0.05	42
42	20	10	1.0	10	0.3391607613242124	0.5913561622903362				0.21927157300524414	groups_rare_high_drop_group	all_obs0.05	42
42	20	15	0.2	3	0.9464408084988505	0.9013970014534508				0.32987879891879857	groups_rare_high_drop_group	all_obs0.05	42
42	20	15	0.5	6	0.5897837707785878	0.7196090591778668				0.2979250820353627	groups_rare_high_drop_group	all_obs0.05	42
42	20	15	1.0	10	0.39019966118337546	0.6121222715122724				0.29731959803029895	groups_rare_high_drop_group	all_obs0.05	42
42	20	30	0.2	3	0.9466843663243771	0.900885082850418				0.5312283539678901	groups_rare_high_drop_group	all_obs0.05	42
42	20	30	0.5	5	0.684884862303934	0.7698917220058328				0.541892406065017	groups_rare_high_drop_group	all_obs0.05	42
42	20	30	1.0	7	0.4547960612192333	0.6589753073620432				0.5079304608516395	groups_rare_high_drop_group	all_obs0.05	42
42	50	10	0.2	3	0.9447628403843908	0.8971101411658667				0.2286518740002066	groups_rare_high_drop_group	all_obs0.05	42
42	50	10	0.5	5	0.6286816483921601	0.7450295689001172				0.22039722395129502	groups_rare_high_drop_group	all_obs0.05	42
42	50	10	1.0	10	0.31701723328355164	0.5793896062713558				0.22499788692221045	groups_rare_high_drop_group	all_obs0.05	42
42	50	15	0.2	3	0.9464757126571068	0.899708478108031				0.3063936720136553	groups_rare_high_drop_group	all_obs0.05	42
42	50	15	0.5	5	0.6314980229660632	0.7489828136212318				0.3004465871490538	groups_rare_high_drop_group	all_obs0.05	42
42	50	15	1.0	8	0.41278666680004417	0.6273575284702125				0.31075115501880646	groups_rare_high_drop_group	all_obs0.05	42
42	50	30	0.2	3	0.9462509386881643	0.8994887855975743				0.4758531542029232	groups_rare_high_drop_group	all_obs0.05	42
42	50	30	0.5	5	0.7236554292687114	0.7808511110087702				0.5034719898831099	groups_rare_high_drop_group	all_obs0.05	42
42	50	30	1.0	7	0.45918374422982766	0.661851127218076				0.5566777749918401	groups_rare_high_drop_group	all_obs0.05	42
42	20	10	0.2	3	0.943056054102466	0.893301824309886				0.23127616895362735	groups_rare_high_drop_group	all_obs0.1	42
42	20	10	0.5	5	0.6494547672768475	0.7647907329860331				0.21952637494541705	groups_rare_high_drop_group	all_obs0.1	42
42	20	10	1.0	9	0.34246717859362985	0.5947927142536086				0.219839904922992	groups_rare_high_drop_group	all_obs0.1	42
42	20	15	0.2	3	0.9428580935268966	0.8933464547741741				0.34455394209362566	groups_rare_high_drop_group	all_obs0.1	42
42	20	15	0.5	5	0.7158412770737151	0.7790871012513205				0.33192014787346125	groups_rare_high_drop_group	all_obs0.1	42
42	20	15	1.0	8	0.4329231243870141	0.6293910532133716				0.2962219549808651	groups_rare_high_drop_group	all_obs0.1	42
42	20	30	0.2	3	0.9438237581172262	0.8953497792802249				0.4649150378536433	groups_rare_high_drop_group	all_obs0.1	42
42	20	30	0.5	4	0.7863757892138631	0.8121353286537757				0.5158939689863473	groups_rare_high_drop_group	all_obs0.1	42
42	20	30	1.0	7	0.48620174324975235	0.6654957280712586				0.5309473839588463	groups_rare_high_drop_group	all_obs0.1	42
42	50	10	0.2	3	0.9417219415749979	0.8903192286602781				0.247840162133798	groups_rare_high_drop_group	all_obs0.1	42
42	50	10	0.5	6	0.6286352496431753	0.7211246639015753				0.23966529802419245	groups_rare_high_drop_group	all_obs0.1	42
42	50	10	1.0	9	0.3570870475992789	0.594043815364096				0.23017408000305295	groups_rare_high_drop_group	all_obs0.1	42
42	50	15	0.2	3	0.9413072213085654	0.8892722100055822				0.34989471989683807	groups_rare_high_drop_group	all_obs0.1	42
42	50	15	0.5	4	0.6544383941520959	0.7696730016548166				0.34588519809767604	groups_rare_high_drop_group	all_obs0.1	42
42	50	15	1.0	9	0.3388367380364016	0.5866977495038466				0.3031013901345432	groups_rare_high_drop_group	all_obs0.1	42
42	50	30	0.2	3	0.9420744336577487	0.8909690487609735				0.5033397860825062	groups_rare_high_drop_group	all_obs0.1	42
42	50	30	0.5	4	0.7811853106814522	0.8063214326127308				0.49035970703698695	groups_rare_high_drop_group	all_obs0.1	42
42	50	30	1.0	7	0.4952349432099784	0.6644974323269527				0.535380989080295	groups_rare_high_drop_group	all_obs0.1	42
42	20	10	0.2	3	0.938826711994392	0.8838767613758012				0.24258656590245664	groups_rare_high_drop_group	all_obs0.15	42
42	20	10	0.5	5	0.6168106810500423	0.7343653548112626				0.22542778495699167	groups_rare_high_drop_group	all_obs0.15	42
42	20	10	1.0	10	0.3333385824663766	0.5759439455471423				0.22544055618345737	groups_rare_high_drop_group	all_obs0.15	42
42	20	15	0.2	3	0.9404526068058477	0.8889817097314				0.3429199089296162	groups_rare_high_drop_group	all_obs0.15	42
42	20	15	0.5	4	0.6642323109988445	0.7701899822627196				0.3199275580700487	groups_rare_high_drop_group	all_obs0.15	42
42	20	15	1.0	8	0.4337979118632923	0.6328096087590293				0.3050258371513337	groups_rare_high_drop_group	all_obs0.15	42
42	20	30	0.2	3	0.9400500698071578	0.8878202536341022				0.5350584399420768	groups_rare_high_drop_group	all_obs0.15	42
42	20	30	0.5	4	0.6544041136465584	0.7679657013250886				0.5492281650658697	groups_rare_high_drop_group	all_obs0.15	42
42	20	30	1.0	6	0.48424750085990215	0.6711785919023179				0.554844626924023	groups_rare_high_drop_group	all_obs0.15	42
42	50	10	0.2	3	0.9381697817822311	0.8842315777217742				0.2502905819565058	groups_rare_high_drop_group	all_obs0.15	42
42	50	10	0.5	4	0.6501934426908297	0.7600470723411569				0.250520481960848	groups_rare_high_drop_group	all_obs0.15	42
42	50	10	1.0	8	0.3669840332542023	0.6026931355623091				0.24696961208246648	groups_rare_high_drop_group	all_obs0.15	42
42	50	15	0.2	3	0.9344839146169094	0.8775072244189549				0.37293597077950835	groups_rare_high_drop_group	all_obs0.15	42
42	50	15	0.5	4	0.676406466499593	0.7647505086379036				0.39515974605455995	groups_rare_high_drop_group	all_obs0.15	42
42	50	15	1.0	7	0.40905892975956337	0.6278642832501233				0.32393118599429727	groups_rare_high_drop_group	all_obs0.15	42
42	50	30	0.2	3	0.9349289226123335	0.8779225935254897				0.4543092241510749	groups_rare_high_drop_group	all_obs0.15	42
42	50	30	0.5	4	0.7848879276420795	0.7982057918296473				0.4978210339322686	groups_rare_high_drop_group	all_obs0.15	42
42	50	30	1.0	6	0.49465059847785375	0.6694746858110161				0.588948180899024	groups_rare_high_drop_group	all_obs0.15	42
42	20	10	0.2	3	0.9323058354979316	0.8737069168950761				0.23003372410312295	groups_rare_high_drop_group	all_obs0.2	42
42	20	10	0.5	5	0.6234787176394084	0.7328711436969999				0.2240273670759052	groups_rare_high_drop_group	all_obs0.2	42
42	20	10	1.0	10	0.3047716277438701	0.564557851048295				0.22383123193867505	groups_rare_high_drop_group	all_obs0.2	42
42	20	15	0.2	3	0.9350684679496566	0.8792257867297774				0.33009329717606306	groups_rare_high_drop_group	all_obs0.2	42
42	20	15	0.5	4	0.6543375147791389	0.7616130608325633				0.31734333699569106	groups_rare_high_drop_group	all_obs0.2	42
42	20	15	1.0	7	0.43164097635490706	0.6356505382312556				0.30274582584388554	groups_rare_high_drop_group	all_obs0.2	42
42	20	30	0.2	3	0.939585912780845	0.886566446394783				0.4429859579540789	groups_rare_high_drop_group	all_obs0.2	42
42	20	30	0.5	4	0.6908231630001561	0.7750224351108186				0.5129128049593419	groups_rare_high_drop_group	all_obs0.2	42
42	20	30	1.0	6	0.4850573096371084	0.6672326607386877				0.5296401251107454	groups_rare_high_drop_group	all_obs0.2	42
42	50	10	0.2	3	0.9263469492833823	0.8625229872470945				0.2733182110823691	groups_rare_high_drop_group	all_obs0.2	42
42	50	10	0.5	4	0.6418534054769427	0.7423522368356825				0.25749992299824953	groups_rare_high_drop_group	all_obs0.2	42
42	50	10	1.0	7	0.41956853056910787	0.6159701941344181				0.24199729599058628	groups_rare_high_drop_group	all_obs0.2	42
42	50	15	0.2	3	0.9236256439518962	0.8611390579889289				0.38945036893710494	groups_rare_high_drop_group	all_obs0.2	42
42	50	15	0.5	4	0.6845772949807694	0.7561229534104542				0.3533174120821059	groups_rare_high_drop_group	all_obs0.2	42
42	50	15	1.0	7	0.4266591893343029	0.6212040704005976				0.3306428149808198	groups_rare_high_drop_group	all_obs0.2	42
42	50	30	0.2	3	0.9298403287326035	0.8702174673292222				0.5147155541926622	groups_rare_high_drop_group	all_obs0.2	42
42	50	30	0.5	4	0.6491598710172122	0.753454551665067				0.5539845451712608	groups_rare_high_drop_group	all_obs0.2	42
42	50	30	1.0	6	0.47912028923541333	0.6600276098867386				0.5465090600773692	groups_rare_high_drop_group	all_obs0.2	42
42	20	10	0.2	3	0.9286870752758065	0.8683689868120874				0.24812030419707298	groups_rare_high_drop_group	all_obs0.25	42
42	20	10	0.5	5	0.6436572275766227	0.7266330210286961				0.2396002730820328	groups_rare_high_drop_group	all_obs0.25	42
42	20	10	1.0	9	0.34765550253679184	0.5813615306408152				0.2270761481486261	groups_rare_high_drop_group	all_obs0.25	42
42	20	15	0.2	3	0.9304087079687374	0.8711631676963836				0.364580063149333	groups_rare_high_drop_group	all_obs0.25	42
42	20	15	0.5	4	0.6515566402198425	0.7530596321571267				0.34352018497884274	groups_rare_high_drop_group	all_obs0.25	42
42	20	15	1.0	7	0.40969477800800985	0.624269475474397				0.3228673110716045	groups_rare_high_drop_group	all_obs0.25	42
42	20	30	0.2	3	0.9336248753354728	0.8770130893439316				0.5068665069993585	groups_rare_high_drop_group	all_obs0.25	42
42	20	30	0.5	4	0.64727616453101	0.7553078612603941				0.538441794924438	groups_rare_high_drop_group	all_obs0.25	42
42	20	30	1.0	6	0.4978003677534464	0.6642955120177724				0.5301724101882428	groups_rare_high_drop_group	all_obs0.25	42
42	50	10	0.2	3	0.9189507315925853	0.8536074134574815				0.296067554038018	groups_rare_high_drop_group	all_obs0.25	42
42	50	10	0.5	4	0.638494699569967	0.7366161435085825				0.27181184315122664	groups_rare_high_drop_group	all_obs0.25	42
42	50	10	1.0	7	0.4205405991302488	0.6120205584399779				0.25962067884393036	groups_rare_high_drop_group	all_obs0.25	42
42	50	15	0.2	3	0.9218569712214087	0.859593387502831				0.3795297681353986	groups_rare_high_drop_group	all_obs0.25	42
42	50	15	0.5	4	0.6391186434084337	0.7369510683746643				0.39811697183176875	groups_rare_high_drop_group	all_obs0.25	42
42	50	15	1.0	7	0.4130088057487389	0.6138266060642655				0.35183049994520843	groups_rare_high_drop_group	all_obs0.25	42
42	50	30	0.2	3	0.9188447833309812	0.8543222715899184				0.49245524499565363	groups_rare_high_drop_group	all_obs0.25	42
42	50	30	0.5	4	0.7080071958189135	0.7583295456892327				0.5221406258642673	groups_rare_high_drop_group	all_obs0.25	42
42	50	30	1.0	6	0.4964685826979195	0.6490966437425778				0.6010534539818764	groups_rare_high_drop_group	all_obs0.25	42
42	20	10	0.2	3	0.8835653468614569	0.8041524694691109				0.2901888410560787	groups_rare_high_drop_group	all_obs1.0	42
42	20	10	0.5	4	0.6587194849949365	0.7063522405937089				0.3074299960862845	groups_rare_high_drop_group	all_obs1.0	42
42	20	10	1.0	5	0.49919182093379644	0.6373561833194382				0.3323800608050078	groups_rare_high_drop_group	all_obs1.0	42
42	20	15	0.2	3	0.8911494130828463	0.8149159840216736				0.3310567350126803	groups_rare_high_drop_group	all_obs1.0	42
42	20	15	0.5	4	0.8698417568038516	0.795399992056576				0.38962074602022767	groups_rare_high_drop_group	all_obs1.0	42
42	20	15	1.0	6	0.540363681470912	0.6638857538744991				0.4117427149321884	groups_rare_high_drop_group	all_obs1.0	42
42	20	30	0.2	2	0.682909106537241	0.6781465101022325				0.4298405679874122	groups_rare_high_drop_group	all_obs1.0	42
42	20	30	0.5	4	0.618953230644221	0.7132665921060758				0.4925892159808427	groups_rare_high_drop_group	all_obs1.0	42
42	20	30	1.0	4	0.6218964420583072	0.7155317804548686				0.5201449890155345	groups_rare_high_drop_group	all_obs1.0	42
42	50	10	0.2	1	0.0	0.0				0.28901523700915277	groups_rare_high_drop_group	all_obs1.0	42
42	50	10	0.5	3	0.5015871601613242	0.45789306349431685				0.3004583599977195	groups_rare_high_drop_group	all_obs1.0	42
42	50	10	1.0	15	0.4987580702290168	0.495956558469019				0.4315237768460065	groups_rare_high_drop_group	all_obs1.0	42
42	50	15	0.2	1	0.0	0.0				0.35833852202631533	groups_rare_high_drop_group	all_obs1.0	42
42	50	15	0.5	3	0.4045802305580387	0.4403845237539418				0.4018515560310334	groups_rare_high_drop_group	all_obs1.0	42
42	50	15	1.0	10	0.5379025232558563	0.5551208851052489				0.48569253413006663	groups_rare_high_drop_group	all_obs1.0	42
42	50	30	0.2	1	0.0	0.0				0.5326262039598078	groups_rare_high_drop_group	all_obs1.0	42
42	50	30	0.5	3	0.514295155455379	0.4920179879657664				0.4636998081114143	groups_rare_high_drop_group	all_obs1.0	42
42	50	30	1.0	5	0.5757590386863847	0.6090524999757395				0.6804881901480258	groups_rare_high_drop_group	all_obs1.0	42
42	20	10	0.2	3	0.441618649468242	0.5646724739386552				0.2206445881165564	paths_branching_moderate_drop	raw	42
42	20	10	0.5	8	0.41609571988819233	0.5440097998538568				0.21698983502574265	paths_branching_moderate_drop	raw	42
42	20	10	1.0	14	0.2618662518995949	0.461222996497012				0.21318648708984256	paths_branching_moderate_drop	raw	42
42	20	15	0.2	3	0.4805350915142245	0.5815306563302629				0.2997217159718275	paths_branching_moderate_drop	raw	42
42	20	15	0.5	7	0.4506238083009546	0.5559752291611951				0.2859154869802296	paths_branching_moderate_drop	raw	42
42	20	15	1.0	11	0.295310801935073	0.48533397672569				0.28057951387017965	paths_branching_moderate_drop	raw	42
42	20	30	0.2	3	0.4633232565215289	0.5786063522247482				0.48593512712977827	paths_branching_moderate_drop	raw	42
42	20	30	0.5	5	0.4570087151653268	0.5773924870994364				0.49213811312802136	paths_branching_moderate_drop	raw	42
42	20	30	1.0	10	0.3251726444574798	0.5018166436682765				0.5132473849225789	paths_branching_moderate_drop	raw	42
42	50	10	0.2	3	0.41221745645716634	0.547195727957079				0.22109933593310416	paths_branching_moderate_drop	raw	42
42	50	10	0.5	6	0.34207400565486634	0.49492812407958614				0.2102207439020276	paths_branching_moderate_drop	raw	42
42	50	10	1.0	13	0.27323083888288136	0.45318357023931605				0.2116194439586252	paths_branching_moderate_drop	raw	42
42	50	15	0.2	3	0.4689444071206679	0.5873997693456962				0.29958902089856565	paths_branching_moderate_drop	raw	42
42	50	15	0.5	6	0.49082682089372465	0.5694607131240813				0.29414221085608006	paths_branching_moderate_drop	raw	42
42	50	15	1.0	13	0.2542568336782856	0.4610041361169634				0.2857938511297107	paths_branching_moderate_drop	raw	42
42	50	30	0.2	3	0.4451519864335258	0.5734464959949896				0.46981992991641164	paths_branching_moderate_drop	raw	42
42	50	30	0.5	5	0.4397635515633929	0.6065208398690479				0.4798579509370029	paths_branching_moderate_drop	raw	42
42	50	30	1.0	8	0.3577360224483742	0.5235135417417033				0.4873055010102689	paths_branching_moderate_drop	raw	42
42	20	10	0.2	3	0.47749650528557946	0.5786900670823661				0.22770048095844686	paths_branching_moderate_drop	all_obs0.05	42
42	20	10	0.5	7	0.44465203878088244	0.5589257996428079				0.21582847903482616	paths_branching_moderate_drop	all_obs0.05	42
42	20	10	1.0	14	0.2579538803472269	0.4524867713949609				0.2125306581147015	paths_branching_moderate_drop	all_obs0.05	42
42	20	15	0.2	3	0.45144401240233806	0.5678776595121952				0.2855240339413285	paths_branching_moderate_drop	all_obs0.05	42
42	20	15	0.5	7	0.44843715946380247	0.5568900704652184				0.2876691680867225	paths_branching_moderate_drop	all_obs0.05	42
42	20	15	1.0	12	0.2969631256739097	0.47048532215632055				0.28230136004276574	paths_branching_moderate_drop	all_obs0.05	42
42	20	30	0.2	3	0.422774024109393	0.558009452308388				0.4824995768722147	paths_branching_moderate_drop	all_obs0.05	42
42	20	30	0.5	5	0.460966341693118	0.578252740144953				0.4951902518514544	paths_branching_moderate_drop	all_obs0.05	42
42	20	30	1.0	9	0.31548818343233553	0.4837514082387176				0.5366858700290322	paths_branching_moderate_drop	all_obs0.05	42
42	50	10	0.2	3	0.4434171926896342	0.5685692973322269				0.2560868770815432	paths_branching_moderate_drop	all_obs0.05	42
42	50	10	0.5	7	0.3738023878762114	0.5189432021728941				0.2262053769081831	paths_branching_moderate_drop	all_obs0.05	42
42	50	10	1.0	14	0.25896497657913387	0.461531629250724				0.2170951950829476	paths_branching_moderate_drop	all_obs0.05	42
42	50	15	0.2	3	0.44254030285082907	0.5717443457468491				0.34237855579704046	paths_branching_moderate_drop	all_obs0.05	42
42	50	15	0.5	6	0.46976676424867814	0.5599650390367222				0.32375801308080554	paths_branching_moderate_drop	all_obs0.05	42
42	50	15	1.0	11	0.2810651575576502	0.4588426638588466				0.29093628702685237	paths_branching_moderate_drop	all_obs0.05	42
42	50	30	0.2	3	0.4425785911901982	0.5717710497876712				0.459754436975345	paths_branching_moderate_drop	all_obs0.05	42
42	50	30	0.5	5	0.44090450642547874	0.6064963668260447				0.4863870032131672	paths_branching_moderate_drop	all_obs0.05	42
42	50	30	1.0	8	0.35798546022622235	0.500302324245288				0.4802575600333512	paths_branching_moderate_drop	all_obs0.05	42
42	20	10	0.2	3	0.4596514869892203	0.5724641917997342				0.23791339993476868	paths_branching_moderate_drop	all_obs0.1	42
42	20	10	0.5	6	0.43237795752595987	0.5579271175527664				0.21778944600373507	paths_branching_moderate_drop	all_obs0.1	42
42	20	10	1.0	14	0.25247214164461335	0.4605301857521675				0.21346896002069116	paths_branching_moderate_drop	all_obs0.1	42
42	20	15	0.2	3	0.44006324915975314	0.5653307219563787				0.3368896010797471	paths_branching_moderate_drop	all_obs0.1	42
42	20	15	0.5	6	0.4579620696738794	0.58282304631897				0.299482423113659	paths_branching_moderate_drop	all_obs0.1	42
42	20	15	1.0	12	0.29801804336938126	0.46980016205810077				0.28217302495613694	paths_branching_moderate_drop	all_obs0.1	42
42	20	30	0.2	3	0.4640244623323676	0.5789762314180538				0.4661374290008098	paths_branching_moderate_drop	all_obs0.1	42
42	20	30	0.5	5	0.46770495533817197	0.5808346233868559				0.44928363407962024	paths_branching_moderate_drop	all_obs0.1	42
42	20	30	1.0	8	0.3765095754731254	0.5157537182048881				0.4769292769487947	paths_branching_moderate_drop	all_obs0.1	42
42	50	10	0.2	3	0.46114034810339444	0.5382402980606794				0.2367815759498626	paths_branching_moderate_drop	all_obs0.1	42
42	50	10	0.5	8	0.3960611312760192	0.5305873064549				0.23276833002455533	paths_branching_moderate_drop	all_obs0.1	42
42	50	10	1.0	12	0.26427113094807364	0.460657068802978				0.22266953298822045	paths_branching_moderate_drop	all_obs0.1	42
42	50	15	0.2	3	0.45063181724795176	0.5709029141051141				0.3262389590963721	paths_branching_moderate_drop	all_obs0.1	42
42	50	15	0.5	5	0.4899639027162844	0.5825210719461283				0.31499702110886574	paths_branching_moderate_drop	all_obs0.1	42
42	50	15	1.0	10	0.312656369594375	0.48968114138790575				0.3058931741397828	paths_branching_moderate_drop	all_obs0.1	42
42	50	30	0.2	3	0.46367062734756825	0.5792567596848309				0.4333657689858228	paths_branching_moderate_drop	all_obs0.1	42
42	50	30	0.5	6	0.44683618680395976	0.579632330254974				0.45432493183761835	paths_branching_moderate_drop	all_obs0.1	42
42	50	30	1.0	8	0.4120469717616399	0.5355770993442454				0.5025998570490628	paths_branching_moderate_drop	all_obs0.1	42
42	20	10	0.2	3	0.4530171121410642	0.5411607704568998				0.23308644187636673	paths_branching_moderate_drop	all_obs0.15	42
42	20	10	0.5	6	0.4039996969076668	0.5380853788182198				0.22956360992975533	paths_branching_moderate_drop	all_obs0.15	42
42	20	10	1.0	13	0.2709398397118983	0.4787172809991338				0.22206137306056917	paths_branching_moderate_drop	all_obs0.15	42
42	20	15	0.2	3	0.46197033071210747	0.5763121108415808				0.3241389081813395	paths_branching_moderate_drop	all_obs0.15	42
42	20	15	0.5	5	0.4755534927940691	0.5660114300402669				0.30362982698716223	paths_branching_moderate_drop	all_obs0.15	42
42	20	15	1.0	9	0.31625355353409806	0.4898162445328077				0.2978467510547489	paths_branching_moderate_drop	all_obs0.15	42
42	20	30	0.2	2	0.37684785743461463	0.5070811990187387				0.4952206329908222	paths_branching_moderate_drop	all_obs0.15	42
42	20	30	0.5	6	0.4542456463911222	0.5820868804413305				0.5134070289786905	paths_branching_moderate_drop	all_obs0.15	42
42	20	30	1.0	8	0.37912768355697163	0.5165832091600704				0.5090201769489795	paths_branching_moderate_drop	all_obs0.15	42
42	50	10	0.2	3	0.4434159187271825	0.5703783880404723				0.26246381481178105	paths_branching_moderate_drop	all_obs0.15	42
42	50	10	0.5	6	0.4009902553005534	0.5280825158684492				0.23892144998535514	paths_branching_moderate_drop	all_obs0.15	42
42	50	10	1.0	11	0.31159810141409955	0.48423390801614424				0.23298703599721193	paths_branching_moderate_drop	all_obs0.15	42
42	50	15	0.2	3	0.43735668964066005	0.5653811357738467				0.3441193450707942	paths_branching_moderate_drop	all_obs0.15	42
42	50	15	0.5	6	0.44674087081795416	0.5689200583964992				0.3493126528337598	paths_branching_moderate_drop	all_obs0.15	42
42	50	15	1.0	11	0.289293257545065	0.4821446170580044				0.3139085911680013	paths_branching_moderate_drop	all_obs0.15	42
42	50	30	0.2	2	0.3771581735983995	0.5083428810420647				0.4171081129461527	paths_branching_moderate_drop	all_obs0.15	42
42	50	30	0.5	5	0.4716839225030023	0.5872193671810235				0.4433010988868773	paths_branching_moderate_drop	all_obs0.15	42
42	50	30	1.0	7	0.37110426360935994	0.5240970603840364				0.46985498699359596	paths_branching_moderate_drop	all_obs0.15	42
42	20	10	0.2	3	0.4419582150956863	0.538939599078586				0.24521304504014552	paths_branching_moderate_drop	all_obs0.2	42
42	20	10	0.5	6	0.46376735924103585	0.5752003647002814				0.2251079271081835	paths_branching_moderate_drop	all_obs0.2	42
42	20	10	1.0	13	0.27630171993157243	0.4737753582445772				0.21959519805386662	paths_branching_moderate_drop	all_obs0.2	42
42	20	15	0.2	3	0.4373886798759928	0.5651490330529296				0.34662833786569536	paths_branching_moderate_drop	all_obs0.2	42
42	20	15	0.5	7	0.36756498356001926	0.516024519108859				0.30903275217860937	paths_branching_moderate_drop	all_obs0.2	42
42	20	15	1.0	10	0.29736831252412727	0.4760886471242169				0.3004975989460945	paths_branching_moderate_drop	all_obs0.2	42
42	20	30	0.2	3	0.45063218706834723	0.567879488363508				0.45340499095618725	paths_branching_moderate_drop	all_obs0.2	42
42	20	30	0.5	5	0.4639671171945542	0.5767976083846444				0.47142396797426045	paths_branching_moderate_drop	all_obs0.2	42
42	20	30	1.0	7	0.4152058790566048	0.5449529331671273				0.5023012650199234	paths_branching_moderate_drop	all_obs0.2	42
42	50	10	0.2	2	0.37038254666289144	0.5039809659259524				0.2819287998136133	paths_branching_moderate_drop	all_obs0.2	42
42	50	10	0.5	6	0.42631207504917884	0.5578895102052246				0.28399255010299385	paths_branching_moderate_drop	all_obs0.2	42
42	50	10	1.0	9	0.34822760051700374	0.49812341888424855				0.2537340810522437	paths_branching_moderate_drop	all_obs0.2	42
42	50	15	0.2	2	0.3725938438092413	0.5035130205590554				0.37120676692575216	paths_branching_moderate_drop	all_obs0.2	42
42	50	15	0.5	5	0.4601792184918004	0.5695637098233055				0.3632336128503084	paths_branching_moderate_drop	all_obs0.2	42
42	50	15	1.0	10	0.29193623356582504	0.48183500710333294				0.35162138007581234	paths_branching_moderate_drop	all_obs0.2	42
42	50	30	0.2	2	0.3819820703493133	0.5112205447631112				0.4825624758377671	paths_branching_moderate_drop	all_obs0.2	42
42	50	30	0.5	5	0.4623722888713486	0.576872515458854				0.49150679796002805	paths_branching_moderate_drop	all_obs0.2	42
42	50	30	1.0	7	0.34602471015209485	0.5153107212736721				0.4920971791725606	paths_branching_moderate_drop	all_obs0.2	42
42	20	10	0.2	3	0.44152580992239915	0.5644596463553023				0.25511713698506355	paths_branching_moderate_drop	all_obs0.25	42
42	20	10	0.5	7	0.3959143259685623	0.529694573756898				0.23273208807222545	paths_branching_moderate_drop	all_obs0.25	42
42	20	10	1.0	10	0.3263252639596076	0.4751141900773746				0.23136179219000041	paths_branching_moderate_drop	all_obs0.25	42
42	20	15	0.2	3	0.45392459195307966	0.5522837426195629				0.36206266400404274	paths_branching_moderate_drop	all_obs0.25	42
42	20	15	0.5	5	0.48155139109045053	0.5837427767836596				0.30736087006516755	paths_branching_moderate_drop	all_obs0.25	42
42	20	15	1.0	8	0.3529340918913104	0.5187690180040585				0.29364683479070663	paths_branching_moderate_drop	all_obs0.25	42
42	20	30	0.2	2	0.37730499213710095	0.5074693361720444				0.44528636801987886	paths_branching_moderate_drop	all_obs0.25	42
42	20	30	0.5	5	0.44990546886500793	0.6059289758292009				0.48855972988530993	paths_branching_moderate_drop	all_obs0.25	42
42	20	30	1.0	7	0.38958521607598207	0.5329686475879389				0.48904875409789383	paths_branching_moderate_drop	all_obs0.25	42
42	50	10	0.2	2	0.3671251656414421	0.5000625103722628				0.2980130258947611	paths_branching_moderate_drop	all_obs0.25	42
42	50	10	0.5	4	0.4561686781317002	0.5614374001646583				0.2712803608737886	paths_branching_moderate_drop	all_obs0.25	42
42	50	10	1.0	9	0.30443170671476893	0.4794948844324745				0.2593996359501034	paths_branching_moderate_drop	all_obs0.25	42
42	50	15	0.2	3	0.4856835669114872	0.5741220794161077				0.3651816488709301	paths_branching_moderate_drop	all_obs0.25	42
42	50	15	0.5	5	0.45471109456262143	0.5886225716387445				0.36117479600943625	paths_branching_moderate_drop	all_obs0.25	42
42	50	15	1.0	7	0.333582126798463	0.5062005804839386				0.33728936896659434	paths_branching_moderate_drop	all_obs0.25	42
42	50	30	0.2	2	0.3720689024575658	0.5021726829870915				0.46165051800198853	paths_branching_moderate_drop	all_obs0.25	42
42	50	30	0.5	5	0.4681801432574773	0.5769285795785851				0.48108592303469777	paths_branching_moderate_drop	all_obs0.25	42
42	50	30	1.0	7	0.4240032513105427	0.5507600914411269				0.5276299440301955	paths_branching_moderate_drop	all_obs0.25	42
42	20	10	0.2	2	0.3558212023503432	0.47217836184940276				0.31445351988077164	paths_branching_moderate_drop	all_obs1.0	42
42	20	10	0.5	3	0.4625994094104537	0.5313132625543072				0.33727364311926067	paths_branching_moderate_drop	all_obs1.0	42
42	20	10	1.0	8	0.38425483963409846	0.4436267598451614				0.29623036785051227	paths_branching_moderate_drop	all_obs1.0	42
42	20	15	0.2	2	0.3509432080940597	0.46900416754253244				0.3310416419990361	paths_branching_moderate_drop	all_obs1.0	42
42	20	15	0.5	3	0.5061315454382815	0.5428521039754608				0.370357776992023	paths_branching_moderate_drop	all_obs1.0	42
42	20	15	1.0	6	0.45344895184153017	0.4829434896438231				0.4278263580054045	paths_branching_moderate_drop	all_obs1.0	42
42	20	30	0.2	2	0.3599464069306765	0.4761801889058513				0.5972188089508563	paths_branching_moderate_drop	all_obs1.0	42
42	20	30	0.5	3	0.5178586208104613	0.5583420141714275				0.5957358980085701	paths_branching_moderate_drop	all_obs1.0	42
42	20	30	1.0	5	0.5134552561725532	0.5474445407033834				0.6232503808569163	paths_branching_moderate_drop	all_obs1.0	42
42	50	10	0.2	1	0.0	0.0				0.2733066969085485	paths_branching_moderate_drop	all_obs1.0	42
42	50	10	0.5	4	0.4293763316649717	0.5061230552223892				0.3187512890435755	paths_branching_moderate_drop	all_obs1.0	42
42	50	10	1.0	9	0.4738035884669713	0.46192154201267194				0.386780773056671	paths_branching_moderate_drop	all_obs1.0	42
42	50	15	0.2	2	0.33967324374154906	0.4565747360295838				0.30330403009429574	paths_branching_moderate_drop	all_obs1.0	42
42	50	15	0.5	3	0.4255992001429536	0.5162402257675797				0.35864053713157773	paths_branching_moderate_drop	all_obs1.0	42
42	50	15	1.0	6	0.47852992942028527	0.48781444096566956				0.4770280320663005	paths_branching_moderate_drop	all_obs1.0	42
42	50	30	0.2	2	0.34002545927640543	0.4633574042893347				0.4337693150155246	paths_branching_moderate_drop	all_obs1.0	42
42	50	30	0.5	2	0.35166139286959025	0.4678759665921909				0.5494232729543	paths_branching_moderate_drop	all_obs1.0	42
42	50	30	1.0	5	0.560075226267569	0.5376350097022181				0.6377676820848137	paths_branching_moderate_drop	all_obs1.0	42
42	20	10	0.2	3	0.49415347929290443	0.5712155730918871				0.2267237331252545	paths_branching_moderate_drop_group	raw	42
42	20	10	0.5	7	0.47566997320722365	0.5609027467861042				0.21689953212626278	paths_branching_moderate_drop_group	raw	42
42	20	10	1.0	14	0.28177888430245307	0.48074760240736947				0.2133796049747616	paths_branching_moderate_drop_group	raw	42
42	20	15	0.2	3	0.47926326773464717	0.5729280805967838				0.29566504596732557	paths_branching_moderate_drop_group	raw	42
42	20	15	0.5	5	0.5215755386199498	0.617673434144478				0.29673813190311193	paths_branching_moderate_drop_group	raw	42
42	20	15	1.0	10	0.33666188319362994	0.5114722146788572				0.28195383097045124	paths_branching_moderate_drop_group	raw	42
42	20	30	0.2	2	0.3975617039828202	0.508480499759558				0.4455849251244217	paths_branching_moderate_drop_group	raw	42
42	20	30	0.5	5	0.5405446814152771	0.6197223138947483				0.4435920659452677	paths_branching_moderate_drop_group	raw	42
42	20	30	1.0	9	0.38122013081718087	0.5377111682683836				0.44996280991472304	paths_branching_moderate_drop_group	raw	42
42	50	10	0.2	3	0.4712756974110852	0.5714669915569403				0.24573882902041078	paths_branching_moderate_drop_group	raw	42
42	50	10	0.5	6	0.5104037611390742	0.5780303979495682				0.2262540408410132	paths_branching_moderate_drop_group	raw	42
42	50	10	1.0	12	0.30796117280693663	0.5000011856777565				0.2177328320685774	paths_branching_moderate_drop_group	raw	42
42	50	15	0.2	2	0.40380238624871356	0.5105016446687555				0.31031688395887613	paths_branching_moderate_drop_group	raw	42
42	50	15	0.5	4	0.617857092599775	0.6359900613350996				0.3008309949655086	paths_branching_moderate_drop_group	raw	42
42	50	15	1.0	11	0.30290664589832145	0.4921624210594887				0.28737358190119267	paths_branching_moderate_drop_group	raw	42
42	50	30	0.2	2	0.40494993055641354	0.5144388348158172				0.4782296090852469	paths_branching_moderate_drop_group	raw	42
42	50	30	0.5	5	0.6148833491875322	0.6106130416621749				0.47868433385156095	paths_branching_moderate_drop_group	raw	42
42	50	30	1.0	9	0.3750690083120294	0.5363074966109463				0.4690947160124779	paths_branching_moderate_drop_group	raw	42
42	20	10	0.2	4	0.4864061454280403	0.5537932510032962				0.22173300106078386	paths_branching_moderate_drop_group	all_obs0.05	42
42	20	10	0.5	6	0.4781614197462729	0.577896704348718				0.22901993012055755	paths_branching_moderate_drop_group	all_obs0.05	42
42	20	10	1.0	13	0.26367453539005864	0.46418831981152536				0.215311863925308	paths_branching_moderate_drop_group	all_obs0.05	42
42	20	15	0.2	2	0.39232842916873184	0.502136824740097				0.350556000135839	paths_branching_moderate_drop_group	all_obs0.05	42
42	20	15	0.5	6	0.5418536476254171	0.5821689059771812				0.30086926999501884	paths_branching_moderate_drop_group	all_obs0.05	42
42	20	15	1.0	12	0.3018847690178646	0.5013663225600162				0.28906868398189545	paths_branching_moderate_drop_group	all_obs0.05	42
42	20	30	0.2	2	0.4030487934241237	0.5131759700376839				0.45088154915720224	paths_branching_moderate_drop_group	all_obs0.05	42
42	20	30	0.5	4	0.583161232774345	0.6338068372429463				0.4963551720138639	paths_branching_moderate_drop_group	all_obs0.05	42
42	20	30	1.0	10	0.3402970614048316	0.5034736693439518				0.4828831870108843	paths_branching_moderate_drop_group	all_obs0.05	42
42	50	10	0.2	3	0.45660046596980497	0.5516374514697051				0.2350339749827981	paths_branching_moderate_drop_group	all_obs0.05	42
42	50	10	0.5	6	0.4747766877477589	0.5783254800894861				0.23911207215860486	paths_branching_moderate_drop_group	all_obs0.05	42
42	50	10	1.0	13	0.2945213549227794	0.484045431734157				0.22345869801938534	paths_branching_moderate_drop_group	all_obs0.05	42
42	50	15	0.2	2	0.37538131588020723	0.5032672459980466				0.3594389487989247	paths_branching_moderate_drop_group	all_obs0.05	42
42	50	15	0.5	5	0.5627379982737989	0.6175428666068363				0.3252283821348101	paths_branching_moderate_drop_group	all_obs0.05	42
42	50	15	1.0	11	0.3094316564777821	0.5062814123454455				0.31648314488120377	paths_branching_moderate_drop_group	all_obs0.05	42
42	50	30	0.2	2	0.4029466238624439	0.5145487269460588				0.456528645940125	paths_branching_moderate_drop_group	all_obs0.05	42
42	50	30	0.5	4	0.6471060438618255	0.6585074296168818				0.4487043840344995	paths_branching_moderate_drop_group	all_obs0.05	42
42	50	30	1.0	9	0.3530904465755598	0.5208345975769333				0.4615637129172683	paths_branching_moderate_drop_group	all_obs0.05	42
42	20	10	0.2	3	0.4573382683054355	0.5451140387806777				0.22893545706756413	paths_branching_moderate_drop_group	all_obs0.1	42
42	20	10	0.5	5	0.5652236408851984	0.6111140539581403				0.22263484285213053	paths_branching_moderate_drop_group	all_obs0.1	42
42	20	10	1.0	12	0.2929215831897776	0.48166084883529864				0.22264181706123054	paths_branching_moderate_drop_group	all_obs0.1	42
42	20	15	0.2	3	0.4604088818600636	0.5539285276819749				0.31491363584063947	paths_branching_moderate_drop_group	all_obs0.1	42
42	20	15	0.5	5	0.5292345328553985	0.6200907120850435				0.3072432840708643	paths_branching_moderate_drop_group	all_obs0.1	42
42	20	15	1.0	11	0.3094008868501838	0.4903366142084752				0.291539722122252	paths_branching_moderate_drop_group	all_obs0.1	42
42	20	30	0.2	2	0.40299247988142944	0.5149834471270479				0.4870107651222497	paths_branching_moderate_drop_group	all_obs0.1	42
42	20	30	0.5	5	0.5293787206031826	0.6269050115297297				0.4828050232026726	paths_branching_moderate_drop_group	all_obs0.1	42
42	20	30	1.0	10	0.34929590400736	0.521116634520649				0.47714132186956704	paths_branching_moderate_drop_group	all_obs0.1	42
42	50	10	0.2	2	0.38658797642701564	0.5090349686109326				0.24912268319167197	paths_branching_moderate_drop_group	all_obs0.1	42
42	50	10	0.5	6	0.5165564889573369	0.5765215936759116				0.24693430517800152	paths_branching_moderate_drop_group	all_obs0.1	42
42	50	10	1.0	11	0.29457231305218573	0.48751486576177283				0.23508903291076422	paths_branching_moderate_drop_group	all_obs0.1	42
42	50	15	0.2	3	0.47828587120394833	0.5709338650550521				0.39635571907274425	paths_branching_moderate_drop_group	all_obs0.1	42
42	50	15	0.5	4	0.6086824263111642	0.6348694343421506				0.35091700311750174	paths_branching_moderate_drop_group	all_obs0.1	42
42	50	15	1.0	10	0.33595451088525774	0.5013378801440973				0.3126706660259515	paths_branching_moderate_drop_group	all_obs0.1	42
42	50	30	0.2	2	0.39697653631950225	0.5093998324193851				0.43774618208408356	paths_branching_moderate_drop_group	all_obs0.1	42
42	50	30	0.5	5	0.5376337534253052	0.6291903610425099				0.5268414358142763	paths_branching_moderate_drop_group	all_obs0.1	42
42	50	30	1.0	9	0.36702874210443953	0.5120441469445449				0.49014690704643726	paths_branching_moderate_drop_group	all_obs0.1	42
42	20	10	0.2	3	0.47200559071190906	0.5663692426749988				0.23237263807095587	paths_branching_moderate_drop_group	all_obs0.15	42
42	20	10	0.5	6	0.5027468775902149	0.591689835265008				0.228604274103418	paths_branching_moderate_drop_group	all_obs0.15	42
42	20	10	1.0	11	0.3173475526488419	0.506813783377835				0.2208394801709801	paths_branching_moderate_drop_group	all_obs0.15	42
42	20	15	0.2	3	0.4839766774597774	0.5725540889960203				0.3521102820523083	paths_branching_moderate_drop_group	all_obs0.15	42
42	20	15	0.5	5	0.5171125587808655	0.5791955212520551				0.3321101670153439	paths_branching_moderate_drop_group	all_obs0.15	42
42	20	15	1.0	10	0.33762133612527034	0.5193402239830528				0.3037994110491127	paths_branching_moderate_drop_group	all_obs0.15	42
42	20	30	0.2	2	0.3866793834177574	0.5130919094214725				0.4452369539067149	paths_branching_moderate_drop_group	all_obs0.15	42
42	20	30	0.5	4	0.5659693372863569	0.5875907564198447				0.5063104529399425	paths_branching_moderate_drop_group	all_obs0.15	42
42	20	30	1.0	9	0.3604244878644695	0.5261348212298834				0.5274811980780214	paths_branching_moderate_drop_group	all_obs0.15	42
42	50	10	0.2	2	0.4001582969269482	0.5095377222660623				0.25612344592809677	paths_branching_moderate_drop_group	all_obs0.15	42
42	50	10	0.5	5	0.5611092233801446	0.6012650368439785				0.2522205619607121	paths_branching_moderate_drop_group	all_obs0.15	42
42	50	10	1.0	11	0.3383558989830031	0.5107509504755072				0.2501975651830435	paths_branching_moderate_drop_group	all_obs0.15	42
42	50	15	0.2	3	0.48814016136735416	0.574545792961099				0.36726355901919305	paths_branching_moderate_drop_group	all_obs0.15	42
42	50	15	0.5	5	0.5033056626822189	0.5730699269067753				0.37281619501300156	paths_branching_moderate_drop_group	all_obs0.15	42
42	50	15	1.0	10	0.3284830139482528	0.5014076886447019				0.3492642818018794	paths_branching_moderate_drop_group	all_obs0.15	42
42	50	30	0.2	2	0.3820135635629189	0.5082321040613494				0.48768668016418815	paths_branching_moderate_drop_group	all_obs0.15	42
42	50	30	0.5	4	0.564884087612817	0.6334501419961347				0.5193515929859132	paths_branching_moderate_drop_group	all_obs0.15	42
42	50	30	1.0	7	0.4746415398794781	0.5678297911621508				0.5525897229090333	paths_branching_moderate_drop_group	all_obs0.15	42
42	20	10	0.2	2	0.40739857854215317	0.5155972444682526				0.2484593139961362	paths_branching_moderate_drop_group	all_obs0.2	42
42	20	10	0.5	6	0.5076841081269384	0.563849802578226				0.23441143590025604	paths_branching_moderate_drop_group	all_obs0.2	42
42	20	10	1.0	11	0.32598791060717125	0.507523577167448				0.2304118969477713	paths_branching_moderate_drop_group	all_obs0.2	42
42	20	15	0.2	3	0.5370309901029828	0.5920220233887556				0.3590997150167823	paths_branching_moderate_drop_group	all_obs0.2	42
42	20	15	0.5	5	0.5535075620510259	0.5859195597793972				0.3346602488309145	paths_branching_moderate_drop_group	all_obs0.2	42
42	20	15	1.0	11	0.3260926770888655	0.5083964070596868				0.32126793800853193	paths_branching_moderate_drop_group	all_obs0.2	42
42	20	30	0.2	2	0.3865456720264171	0.511549920516156				0.4667144468985498	paths_branching_moderate_drop_group	all_obs0.2	42
42	20	30	0.5	4	0.6516871734507304	0.6619263308800967				0.5384951839223504	paths_branching_moderate_drop_group	all_obs0.2	42
42	20	30	1.0	8	0.41190448708051725	0.5540935326969292				0.5532284560613334	paths_branching_moderate_drop_group	all_obs0.2	42
42	50	10	0.2	2	0.3988251337736564	0.5216644468601493				0.29229123890399933	paths_branching_moderate_drop_group	all_obs0.2	42
42	50	10	0.5	5	0.4939164680617586	0.5740354555239453				0.271096016978845	paths_branching_moderate_drop_group	all_obs0.2	42
42	50	10	1.0	10	0.3346137894662924	0.5053622620116367				0.2557353749871254	paths_branching_moderate_drop_group	all_obs0.2	42
42	50	15	0.2	2	0.39917194851534954	0.5119927777170532				0.37849971698597074	paths_branching_moderate_drop_group	all_obs0.2	42
42	50	15	0.5	5	0.5025072281069173	0.5762710235895231				0.38429053011350334	paths_branching_moderate_drop_group	all_obs0.2	42
42	50	15	1.0	10	0.35256972279425003	0.5093071363971701				0.38966879015788436	paths_branching_moderate_drop_group	all_obs0.2	42
42	50	30	0.2	2	0.3894031114936362	0.5098081133661599				0.43977086897939444	paths_branching_moderate_drop_group	all_obs0.2	42
42	50	30	0.5	5	0.5510674061545555	0.6125780416503419				0.4728816219139844	paths_branching_moderate_drop_group	all_obs0.2	42
42	50	30	1.0	7	0.4712407767970188	0.5662108886832506				0.5036228080280125	paths_branching_moderate_drop_group	all_obs0.2	42
42	20	10	0.2	2	0.3973147688436157	0.5132396573657318				0.24767868011258543	paths_branching_moderate_drop_group	all_obs0.25	42
42	20	10	0.5	4	0.6322123839541894	0.6497222700433607				0.24596667010337114	paths_branching_moderate_drop_group	all_obs0.25	42
42	20	10	1.0	11	0.31667001184485694	0.509693110145244				0.2379700061865151	paths_branching_moderate_drop_group	all_obs0.25	42
42	20	15	0.2	3	0.5619069369535422	0.6147181131537554				0.3773156479001045	paths_branching_moderate_drop_group	all_obs0.25	42
42	20	15	0.5	5	0.5381347076129114	0.6148831396250662				0.3597146209795028	paths_branching_moderate_drop_group	all_obs0.25	42
42	20	15	1.0	10	0.33212298928395184	0.5115678214482348				0.3253961990121752	paths_branching_moderate_drop_group	all_obs0.25	42
42	20	30	0.2	2	0.41226425714741977	0.5220675277874194				0.5365266450680792	paths_branching_moderate_drop_group	all_obs0.25	42
42	20	30	0.5	4	0.6335992379618937	0.6385042441871795				0.49494315194897354	paths_branching_moderate_drop_group	all_obs0.25	42
42	20	30	1.0	8	0.42366945581307863	0.5572286021684997				0.560692312894389	paths_branching_moderate_drop_group	all_obs0.25	42
42	50	10	0.2	2	0.39855636636852315	0.5078957165250644				0.3035333249717951	paths_branching_moderate_drop_group	all_obs0.25	42
42	50	10	0.5	5	0.47381522129687803	0.5626187407296129				0.30748908198438585	paths_branching_moderate_drop_group	all_obs0.25	42
42	50	10	1.0	10	0.34750009974307045	0.5069223443796662				0.27827656199224293	paths_branching_moderate_drop_group	all_obs0.25	42
42	50	15	0.2	2	0.40871766715928476	0.5241148733927347				0.36345503316260874	paths_branching_moderate_drop_group	all_obs0.25	42
42	50	15	0.5	4	0.6239840647841719	0.6324777027938151				0.3752614299301058	paths_branching_moderate_drop_group	all_obs0.25	42
42	50	15	1.0	10	0.3343849305715924	0.5090947622159847				0.3786582238972187	paths_branching_moderate_drop_group	all_obs0.25	42
42	50	30	0.2	2	0.395823890772882	0.5152564125964945				0.47080092690885067	paths_branching_moderate_drop_group	all_obs0.25	42
42	50	30	0.5	4	0.5816000396225857	0.6232853851733733				0.5057403689716011	paths_branching_moderate_drop_group	all_obs0.25	42
42	50	30	1.0	7	0.46365705220032905	0.5657301837558372				0.49907620484009385	paths_branching_moderate_drop_group	all_obs0.25	42
42	20	10	0.2	2	0.42822687005188304	0.5400809631408618				0.3110477360896766	paths_branching_moderate_drop_group	all_obs1.0	42
42	20	10	0.5	3	0.5638433232934874	0.6291713274063784				0.3140234421007335	paths_branching_moderate_drop_group	all_obs1.0	42
42	20	10	1.0	8	0.5573828034343631	0.6050568997514377				0.31439846684224904	paths_branching_moderate_drop_group	all_obs1.0	42
42	20	15	0.2	2	0.4311450129683308	0.5403226089473021				0.3663640080485493	paths_branching_moderate_drop_group	all_obs1.0	42
42	20	15	0.5	3	0.5775937747274502	0.6442777245094302				0.3818792379461229	paths_branching_moderate_drop_group	all_obs1.0	42
42	20	15	1.0	6	0.5824362170410889	0.6271062815398554				0.4312970880419016	paths_branching_moderate_drop_group	all_obs1.0	42
42	20	30	0.2	2	0.42893711516660743	0.5472724020874821				0.5066764040384442	paths_branching_moderate_drop_group	all_obs1.0	42
42	20	30	0.5	3	0.575905909134534	0.638979000212817				0.5491009270772338	paths_branching_moderate_drop_group	all_obs1.0	42
42	20	30	1.0	5	0.6437371643920391	0.6638168898268662				0.5979283528868109	paths_branching_moderate_drop_group	all_obs1.0	42
42	50	10	0.2	2	0.41643734935011956	0.5249598882605288				0.25925462692976	paths_branching_moderate_drop_group	all_obs1.0	42
42	50	10	0.5	5	0.5480010584778394	0.6019569706010317				0.28932113316841424	paths_branching_moderate_drop_group	all_obs1.0	42
42	50	10	1.0	6	0.5992359052599288	0.6028893611537997				0.3505521940533072	paths_branching_moderate_drop_group	all_obs1.0	42
42	50	15	0.2	2	0.41796314584908484	0.5295705371407133				0.31864191498607397	paths_branching_moderate_drop_group	all_obs1.0	42
42	50	15	0.5	3	0.5612291547447391	0.6154026150471238				0.3573771349620074	paths_branching_moderate_drop_group	all_obs1.0	42
42	50	15	1.0	6	0.5648709180732535	0.6126295653988205				0.4134250769857317	paths_branching_moderate_drop_group	all_obs1.0	42
42	50	30	0.2	2	0.42135736821065284	0.5332269065476106				0.4437985010445118	paths_branching_moderate_drop_group	all_obs1.0	42
42	50	30	0.5	3	0.5644811171229988	0.6268952673078125				0.4866515868343413	paths_branching_moderate_drop_group	all_obs1.0	42
42	50	30	1.0	4	0.5082712272253137	0.5807187604970123				0.5491675769444555	paths_branching_moderate_drop_group	all_obs1.0	42
42	20	10	0.2	3	0.47444485590529206	0.5859024487085326				0.23156209290027618	paths_linear_moderate_drop	raw	42
42	20	10	0.5	6	0.47232070478832316	0.5594061080140778				0.22820125985890627	paths_linear_moderate_drop	raw	42
42	20	10	1.0	13	0.2744642738898124	0.46429894350453776				0.2108689600136131	paths_linear_moderate_drop	raw	42
42	20	15	0.2	2	0.38349203244798374	0.5110354148600511				0.2931560210417956	paths_linear_moderate_drop	raw	42
42	20	15	0.5	5	0.5355061869743899	0.5904746631762605				0.2853992339223623	paths_linear_moderate_drop	raw	42
42	20	15	1.0	9	0.34221168627930676	0.4899184342067305				0.2706059629563242	paths_linear_moderate_drop	raw	42
42	20	30	0.2	3	0.5263713218657411	0.6147732235686081				0.5000338291283697	paths_linear_moderate_drop	raw	42
42	20	30	0.5	4	0.580433914952046	0.6499926854643846				0.5035756318829954	paths_linear_moderate_drop	raw	42
42	20	30	1.0	10	0.3274537488726813	0.4970888684016646				0.5089079542085528	paths_linear_moderate_drop	raw	42
42	50	10	0.2	3	0.5202246565644183	0.5973472644499167				0.23502514301799238	paths_linear_moderate_drop	raw	42
42	50	10	0.5	6	0.5206102699265764	0.5694786597731367				0.22697237390093505	paths_linear_moderate_drop	raw	42
42	50	10	1.0	12	0.2951000232729086	0.468660958652034				0.22318981494754553	paths_linear_moderate_drop	raw	42
42	50	15	0.2	3	0.4572821698938497	0.5808107461585426				0.3474660259671509	paths_linear_moderate_drop	raw	42
42	50	15	0.5	4	0.6072871775603231	0.645323105560123				0.30491653992794454	paths_linear_moderate_drop	raw	42
42	50	15	1.0	10	0.34482411351380654	0.49887419789897874				0.2899568718858063	paths_linear_moderate_drop	raw	42
42	50	30	0.2	3	0.5244795819681153	0.6108461607783977				0.4246000098064542	paths_linear_moderate_drop	raw	42
42	50	30	0.5	4	0.5896548620822413	0.6450335814493154				0.44178510503843427	paths_linear_moderate_drop	raw	42
42	50	30	1.0	8	0.3832334175223181	0.5172052777183157				0.5128772431053221	paths_linear_moderate_drop	raw	42
42	20	10	0.2	2	0.38567247326652326	0.5084499749222079				0.23383664595894516	paths_linear_moderate_drop	all_obs0.05	42
42	20	10	0.5	5	0.5520222590529167	0.5963377298124982				0.21377649204805493	paths_linear_moderate_drop	all_obs0.05	42
42	20	10	1.0	11	0.3283895755861813	0.48903761216514247				0.2162032420746982	paths_linear_moderate_drop	all_obs0.05	42
42	20	15	0.2	3	0.5158559428540882	0.6079257294816932				0.3228919100947678	paths_linear_moderate_drop	all_obs0.05	42
42	20	15	0.5	4	0.5960160839469564	0.6359380932285396				0.30089397286064923	paths_linear_moderate_drop	all_obs0.05	42
42	20	15	1.0	10	0.3399066588640421	0.4977189998129165				0.28182026697322726	paths_linear_moderate_drop	all_obs0.05	42
42	20	30	0.2	3	0.4850170241059426	0.5953442811368215				0.4332889278884977	paths_linear_moderate_drop	all_obs0.05	42
42	20	30	0.5	4	0.5716595558039779	0.6337202732260475				0.46271540597081184	paths_linear_moderate_drop	all_obs0.05	42
42	20	30	1.0	8	0.35840745350652725	0.5237292164878369				0.5121682609897107	paths_linear_moderate_drop	all_obs0.05	42
42	50	10	0.2	2	0.3756286563216885	0.5041760695708881				0.2352920698467642	paths_linear_moderate_drop	all_obs0.05	42
42	50	10	0.5	4	0.5576747897855071	0.6166566811202916				0.23736711591482162	paths_linear_moderate_drop	all_obs0.05	42
42	50	10	1.0	11	0.2978124620151266	0.4767314200573467				0.22576826810836792	paths_linear_moderate_drop	all_obs0.05	42
42	50	15	0.2	2	0.3866122172805861	0.5145888446823379				0.3437078108545393	paths_linear_moderate_drop	all_obs0.05	42
42	50	15	0.5	4	0.5897085203769465	0.6454582129216839				0.30330547713674605	paths_linear_moderate_drop	all_obs0.05	42
42	50	15	1.0	11	0.3286036606352094	0.481802514860385				0.28634220198728144	paths_linear_moderate_drop	all_obs0.05	42
42	50	30	0.2	2	0.3836630404042657	0.5136608220981491				0.4518567027989775	paths_linear_moderate_drop	all_obs0.05	42
42	50	30	0.5	4	0.5552385467106993	0.6439733428940799				0.4552695930469781	paths_linear_moderate_drop	all_obs0.05	42
42	50	30	1.0	9	0.3566435830830446	0.5070063968006748				0.5016161550302058	paths_linear_moderate_drop	all_obs0.05	42
42	20	10	0.2	3	0.47988143341058237	0.5889058063952892				0.22451672819443047	paths_linear_moderate_drop	all_obs0.1	42
42	20	10	0.5	6	0.4654309631047663	0.5523859310100033				0.21981990803033113	paths_linear_moderate_drop	all_obs0.1	42
42	20	10	1.0	11	0.30205026507382643	0.48557761898727264				0.2130344370380044	paths_linear_moderate_drop	all_obs0.1	42
42	20	15	0.2	2	0.37131213120207096	0.5021418215143711				0.34881208604201674	paths_linear_moderate_drop	all_obs0.1	42
42	20	15	0.5	5	0.5648122211628831	0.598887139411249				0.3148090729955584	paths_linear_moderate_drop	all_obs0.1	42
42	20	15	1.0	10	0.3387586993918924	0.4929250510177428				0.29031261010095477	paths_linear_moderate_drop	all_obs0.1	42
42	20	30	0.2	2	0.3832394033695505	0.5108112957585542				0.4762547977734357	paths_linear_moderate_drop	all_obs0.1	42
42	20	30	0.5	4	0.5539392691334885	0.6272148881180695				0.5095740030519664	paths_linear_moderate_drop	all_obs0.1	42
42	20	30	1.0	8	0.3670663246944272	0.53214857762803				0.523963209008798	paths_linear_moderate_drop	all_obs0.1	42
42	50	10	0.2	2	0.38450699517966286	0.5119383458651341				0.24244480091147125	paths_linear_moderate_drop	all_obs0.1	42
42	50	10	0.5	6	0.43700658752377597	0.5328531799151676				0.2304220269434154	paths_linear_moderate_drop	all_obs0.1	42
42	50	10	1.0	9	0.3295416151021246	0.49729912022224315				0.22601658711209893	paths_linear_moderate_drop	all_obs0.1	42
42	50	15	0.2	2	0.3867632968651081	0.5132347992673801				0.3628913208376616	paths_linear_moderate_drop	all_obs0.1	42
42	50	15	0.5	4	0.5223694590040872	0.6190822775800224				0.3493973358999938	paths_linear_moderate_drop	all_obs0.1	42
42	50	15	1.0	10	0.3384646795259663	0.49416507397246523				0.31268394086509943	paths_linear_moderate_drop	all_obs0.1	42
42	50	30	0.2	3	0.5150801013659597	0.6134526137566227				0.5136174850631505	paths_linear_moderate_drop	all_obs0.1	42
42	50	30	0.5	4	0.6167477015829073	0.6631804318314051				0.5024906860198826	paths_linear_moderate_drop	all_obs0.1	42
42	50	30	1.0	8	0.41801302623273273	0.5307099359757512				0.554364469833672	paths_linear_moderate_drop	all_obs0.1	42
42	20	10	0.2	3	0.46126742468715903	0.5792477918375256				0.2405270878225565	paths_linear_moderate_drop	all_obs0.15	42
42	20	10	0.5	5	0.5648585704156696	0.5917908866670564				0.2266542639117688	paths_linear_moderate_drop	all_obs0.15	42
42	20	10	1.0	10	0.3330415558019023	0.5054131314938066				0.2301824949681759	paths_linear_moderate_drop	all_obs0.15	42
42	20	15	0.2	3	0.49781589203195237	0.5970336662284119				0.33647952787578106	paths_linear_moderate_drop	all_obs0.15	42
42	20	15	0.5	4	0.531063194368981	0.6167235260610232				0.30719874193891883	paths_linear_moderate_drop	all_obs0.15	42
42	20	15	1.0	8	0.3349693173529184	0.5092724324563198				0.28372616693377495	paths_linear_moderate_drop	all_obs0.15	42
42	20	30	0.2	2	0.3830442906553285	0.5114089797044103				0.5055406868923455	paths_linear_moderate_drop	all_obs0.15	42
42	20	30	0.5	4	0.5755928424574537	0.6519810857969506				0.5020389501005411	paths_linear_moderate_drop	all_obs0.15	42
42	20	30	1.0	8	0.36237009078387267	0.5328727847391183				0.5359265829902142	paths_linear_moderate_drop	all_obs0.15	42
42	50	10	0.2	2	0.3814254223774661	0.5084754758088734				0.2503513239789754	paths_linear_moderate_drop	all_obs0.15	42
42	50	10	0.5	4	0.6000113997472737	0.6440670400159998				0.24844159209169447	paths_linear_moderate_drop	all_obs0.15	42
42	50	10	1.0	9	0.3263586110693897	0.5074974498132852				0.23611958208493888	paths_linear_moderate_drop	all_obs0.15	42
42	50	15	0.2	2	0.37526340341770426	0.502408767210625				0.3748457261826843	paths_linear_moderate_drop	all_obs0.15	42
42	50	15	0.5	4	0.5166557084312131	0.6090134624569356				0.3453216799534857	paths_linear_moderate_drop	all_obs0.15	42
42	50	15	1.0	9	0.3504145985931501	0.5264003975796903				0.3367868980858475	paths_linear_moderate_drop	all_obs0.15	42
42	50	30	0.2	2	0.38290849084176787	0.5129953301979323				0.47806481202133	paths_linear_moderate_drop	all_obs0.15	42
42	50	30	0.5	4	0.5021870436002839	0.6154981530393598				0.4700053110718727	paths_linear_moderate_drop	all_obs0.15	42
42	50	30	1.0	8	0.3554686357357856	0.5289173296651357				0.4973780100699514	paths_linear_moderate_drop	all_obs0.15	42
42	20	10	0.2	3	0.48527250805228517	0.5896817217079448				0.24804391292855144	paths_linear_moderate_drop	all_obs0.2	42
42	20	10	0.5	6	0.4586123722558381	0.5458466255003542				0.23502692091278732	paths_linear_moderate_drop	all_obs0.2	42
42	20	10	1.0	9	0.3391377393077655	0.5088616569505472				0.22521177493035793	paths_linear_moderate_drop	all_obs0.2	42
42	20	15	0.2	2	0.38030207737790495	0.5089987296961297				0.3728571448009461	paths_linear_moderate_drop	all_obs0.2	42
42	20	15	0.5	5	0.4703365381314516	0.5635106992605214				0.33415999193675816	paths_linear_moderate_drop	all_obs0.2	42
42	20	15	1.0	9	0.35912400721002646	0.5124683030699733				0.3088539221789688	paths_linear_moderate_drop	all_obs0.2	42
42	20	30	0.2	2	0.3733973303584569	0.5038951362728612				0.4500866939779371	paths_linear_moderate_drop	all_obs0.2	42
42	20	30	0.5	4	0.48485288590344344	0.6049277468460555				0.4828462249133736	paths_linear_moderate_drop	all_obs0.2	42
42	20	30	1.0	7	0.37535523592564934	0.5289246411632625				0.509777408093214	paths_linear_moderate_drop	all_obs0.2	42
42	50	10	0.2	3	0.48149897673233816	0.587319263581157				0.2738607809878886	paths_linear_moderate_drop	all_obs0.2	42
42	50	10	0.5	4	0.5076729086731241	0.6026127225083828				0.2602089869324118	paths_linear_moderate_drop	all_obs0.2	42
42	50	10	1.0	10	0.32720733596646073	0.49041837995467413				0.24414860713295639	paths_linear_moderate_drop	all_obs0.2	42
42	50	15	0.2	2	0.37694457047686597	0.5038579351426679				0.38587065413594246	paths_linear_moderate_drop	all_obs0.2	42
42	50	15	0.5	4	0.5998788919065778	0.6378581968530289				0.38730149809271097	paths_linear_moderate_drop	all_obs0.2	42
42	50	15	1.0	9	0.3337495062772597	0.5077257579454981				0.34807025687769055	paths_linear_moderate_drop	all_obs0.2	42
42	50	30	0.2	2	0.38430854713508505	0.512530048605769				0.5023834770545363	paths_linear_moderate_drop	all_obs0.2	42
42	50	30	0.5	4	0.48595836943233267	0.606196479530679				0.4772364890668541	paths_linear_moderate_drop	all_obs0.2	42
42	50	30	1.0	8	0.3315809411717659	0.5170007546109018				0.4803494121879339	paths_linear_moderate_drop	all_obs0.2	42
42	20	10	0.2	2	0.386451458170394	0.5122607310333687				0.24775191606022418	paths_linear_moderate_drop	all_obs0.25	42
42	20	10	0.5	6	0.560697598387738	0.604010098051674				0.23446047795005143	paths_linear_moderate_drop	all_obs0.25	42
42	20	10	1.0	9	0.3262057195179655	0.5105284704740055				0.22539505502209067	paths_linear_moderate_drop	all_obs0.25	42
42	20	15	0.2	2	0.37743459739963436	0.5073386120809773				0.3879252029582858	paths_linear_moderate_drop	all_obs0.25	42
42	20	15	0.5	4	0.5653295572142237	0.6462570156562493				0.3486815069336444	paths_linear_moderate_drop	all_obs0.25	42
42	20	15	1.0	9	0.34390501481412733	0.5142931973265483				0.32750476500950754	paths_linear_moderate_drop	all_obs0.25	42
42	20	30	0.2	2	0.37528117046322046	0.5054939410257995				0.49639756395481527	paths_linear_moderate_drop	all_obs0.25	42
42	20	30	0.5	4	0.599569358951205	0.6430270495724084				0.4967390289530158	paths_linear_moderate_drop	all_obs0.25	42
42	20	30	1.0	8	0.3504429211935455	0.5156588706196302				0.49495504098013043	paths_linear_moderate_drop	all_obs0.25	42
42	50	10	0.2	2	0.38195029016453536	0.5062930955788066				0.2889865639153868	paths_linear_moderate_drop	all_obs0.25	42
42	50	10	0.5	4	0.5157882201701699	0.6144615304854565				0.2724649391602725	paths_linear_moderate_drop	all_obs0.25	42
42	50	10	1.0	9	0.3685973959729888	0.5166986400790236				0.2568281558342278	paths_linear_moderate_drop	all_obs0.25	42
42	50	15	0.2	2	0.37761373407838195	0.5066642421989962				0.4060399520676583	paths_linear_moderate_drop	all_obs0.25	42
42	50	15	0.5	4	0.471333669285187	0.5916097173996825				0.41262455005198717	paths_linear_moderate_drop	all_obs0.25	42
42	50	15	1.0	9	0.3430364928002054	0.5199435735045871				0.36961720301769674	paths_linear_moderate_drop	all_obs0.25	42
42	50	30	0.2	2	0.377980553536161	0.5087034243076111				0.5162991480901837	paths_linear_moderate_drop	all_obs0.25	42
42	50	30	0.5	4	0.5333867287249985	0.6268488596196651				0.5019587588030845	paths_linear_moderate_drop	all_obs0.25	42
42	50	30	1.0	8	0.34251445189759244	0.5244656988025023				0.5174980519805104	paths_linear_moderate_drop	all_obs0.25	42
42	20	10	0.2	2	0.35943988372172037	0.47467302150653556				0.3107061400078237	paths_linear_moderate_drop	all_obs1.0	42
42	20	10	0.5	3	0.5029255679038497	0.5743709676380677				0.3304716900456697	paths_linear_moderate_drop	all_obs1.0	42
42	20	10	1.0	8	0.37938842484530033	0.49093253492595756				0.32169861998409033	paths_linear_moderate_drop	all_obs1.0	42
42	20	15	0.2	2	0.38438653600833195	0.4802403963231344				0.38014993886463344	paths_linear_moderate_drop	all_obs1.0	42
42	20	15	0.5	3	0.5059432336185862	0.5793130869014542				0.3994752988219261	paths_linear_moderate_drop	all_obs1.0	42
42	20	15	1.0	8	0.3976146033859678	0.5002015656808477				0.44328346103429794	paths_linear_moderate_drop	all_obs1.0	42
42	20	30	0.2	2	0.31903105138547655	0.456018967125183				0.4930252230260521	paths_linear_moderate_drop	all_obs1.0	42
42	20	30	0.5	3	0.5201494529121367	0.5920513333015279				0.5223147729411721	paths_linear_moderate_drop	all_obs1.0	42
42	20	30	1.0	7	0.42630100261775244	0.5299642687394349				0.5334842188749462	paths_linear_moderate_drop	all_obs1.0	42
42	50	10	0.2	2	0.27254277772239877	0.4082944577911793				0.24522197688929737	paths_linear_moderate_drop	all_obs1.0	42
42	50	10	0.5	4	0.3744359926144664	0.46241000156048523				0.27127416688017547	paths_linear_moderate_drop	all_obs1.0	42
42	50	10	1.0	13	0.5029539052526468	0.5310113997888417				0.36914890888147056	paths_linear_moderate_drop	all_obs1.0	42
42	50	15	0.2	2	0.3587841123261957	0.4647410362949204				0.32318018400110304	paths_linear_moderate_drop	all_obs1.0	42
42	50	15	0.5	3	0.47322208026391394	0.547553547392143				0.3331662251148373	paths_linear_moderate_drop	all_obs1.0	42
42	50	15	1.0	8	0.4481989197294312	0.49986891624366575				0.42744702915661037	paths_linear_moderate_drop	all_obs1.0	42
42	50	30	0.2	2	0.37743721943644654	0.4752924683316483				0.4477420528419316	paths_linear_moderate_drop	all_obs1.0	42
42	50	30	0.5	2	0.38750734507854534	0.47978514440501185				0.48343909392133355	paths_linear_moderate_drop	all_obs1.0	42
42	50	30	1.0	5	0.49206952112156155	0.5571924639650295				0.6192757009994239	paths_linear_moderate_drop	all_obs1.0	42
42	20	10	0.2	3	0.4942542164012394	0.5920908443256819				0.23104204493574798	paths_linear_moderate_drop_group	raw	42
42	20	10	0.5	6	0.5275459579083821	0.5998952180081462				0.2205578030552715	paths_linear_moderate_drop_group	raw	42
42	20	10	1.0	11	0.30103785614677947	0.49333223488329103				0.21103487792424858	paths_linear_moderate_drop_group	raw	42
42	20	15	0.2	3	0.5388620730402143	0.6179698938997992				0.2987899708095938	paths_linear_moderate_drop_group	raw	42
42	20	15	0.5	6	0.5330640122831504	0.5982038166711476				0.2899682989809662	paths_linear_moderate_drop_group	raw	42
42	20	15	1.0	10	0.38191452746668575	0.5190980518188445				0.28154656011611223	paths_linear_moderate_drop_group	raw	42
42	20	30	0.2	2	0.34969068058563996	0.48268290366973443				0.49639759701676667	paths_linear_moderate_drop_group	raw	42
42	20	30	0.5	5	0.5955402419840451	0.6407000754270387				0.4549934729002416	paths_linear_moderate_drop_group	raw	42
42	20	30	1.0	7	0.48939664357981394	0.5815048461370078				0.5024661009665579	paths_linear_moderate_drop_group	raw	42
42	50	10	0.2	3	0.5166473223591195	0.6054977846845672				0.22928729513660073	paths_linear_moderate_drop_group	raw	42
42	50	10	0.5	5	0.5787960107218312	0.6284058016254491				0.22447779006324708	paths_linear_moderate_drop_group	raw	42
42	50	10	1.0	11	0.3102783696685305	0.5073900455296938				0.2168683558702469	paths_linear_moderate_drop_group	raw	42
42	50	15	0.2	2	0.4136200902584287	0.5190012555093819				0.30798243288882077	paths_linear_moderate_drop_group	raw	42
42	50	15	0.5	5	0.5545210153598702	0.6344945138880281				0.2969379590358585	paths_linear_moderate_drop_group	raw	42
42	50	15	1.0	9	0.40253499206737764	0.5388590987870184				0.28831671201623976	paths_linear_moderate_drop_group	raw	42
42	50	30	0.2	3	0.543810810816299	0.6228641098953391				0.47517997794784606	paths_linear_moderate_drop_group	raw	42
42	50	30	0.5	5	0.6001370657394776	0.647051495428028				0.5011547191534191	paths_linear_moderate_drop_group	raw	42
42	50	30	1.0	7	0.5211651007311039	0.5952937567809631				0.48827152396552265	paths_linear_moderate_drop_group	raw	42
42	20	10	0.2	3	0.5407766416566021	0.6186823054392544				0.22194106504321098	paths_linear_moderate_drop_group	all_obs0.05	42
42	20	10	0.5	6	0.5135351831302516	0.6005987100200664				0.2231013490818441	paths_linear_moderate_drop_group	all_obs0.05	42
42	20	10	1.0	11	0.3758040919924052	0.5161187940323724				0.22270687599666417	paths_linear_moderate_drop_group	all_obs0.05	42
42	20	15	0.2	3	0.5338938669684101	0.6154672010957808				0.31236289511434734	paths_linear_moderate_drop_group	all_obs0.05	42
42	20	15	0.5	4	0.6647729827506434	0.6645057657724944				0.2886846100445837	paths_linear_moderate_drop_group	all_obs0.05	42
42	20	15	1.0	9	0.41419669824684313	0.537548131797183				0.29326047911308706	paths_linear_moderate_drop_group	all_obs0.05	42
42	20	30	0.2	3	0.5465704638882197	0.6216375619866913				0.5105529190041125	paths_linear_moderate_drop_group	all_obs0.05	42
42	20	30	0.5	5	0.6070793023252266	0.6496463291427045				0.5476264420431107	paths_linear_moderate_drop_group	all_obs0.05	42
42	20	30	1.0	7	0.4959815608079386	0.5805482336042787				0.5358024600427598	paths_linear_moderate_drop_group	all_obs0.05	42
42	50	10	0.2	3	0.5085662762601331	0.5711665189904591				0.23728219512850046	paths_linear_moderate_drop_group	all_obs0.05	42
42	50	10	0.5	6	0.5289303488074456	0.598228988315259				0.22788489004597068	paths_linear_moderate_drop_group	all_obs0.05	42
42	50	10	1.0	9	0.4082970385599571	0.5375237212691366				0.22479249886237085	paths_linear_moderate_drop_group	all_obs0.05	42
42	50	15	0.2	2	0.4075137329358553	0.5254388337745344				0.3478370769880712	paths_linear_moderate_drop_group	all_obs0.05	42
42	50	15	0.5	5	0.5820712696069396	0.6312322799088657				0.3313632698263973	paths_linear_moderate_drop_group	all_obs0.05	42
42	50	15	1.0	10	0.39950756970629003	0.532632862846746				0.2987798771355301	paths_linear_moderate_drop_group	all_obs0.05	42
42	50	30	0.2	3	0.5526148699646024	0.6357126559204965				0.5258534490130842	paths_linear_moderate_drop_group	all_obs0.05	42
42	50	30	0.5	5	0.6095896649487248	0.6532776062373435				0.49878027895465493	paths_linear_moderate_drop_group	all_obs0.05	42
42	50	30	1.0	7	0.5263709214596338	0.5975109208273717				0.5418532609473914	paths_linear_moderate_drop_group	all_obs0.05	42
42	20	10	0.2	3	0.5366305357517065	0.6147780851876757				0.2271429740358144	paths_linear_moderate_drop_group	all_obs0.1	42
42	20	10	0.5	5	0.5694093297139179	0.6253131344598948				0.2260471759364009	paths_linear_moderate_drop_group	all_obs0.1	42
42	20	10	1.0	12	0.3381031526319936	0.5003369220516194				0.22582300519570708	paths_linear_moderate_drop_group	all_obs0.1	42
42	20	15	0.2	3	0.5245345916356056	0.613881341215287				0.3175453469157219	paths_linear_moderate_drop_group	all_obs0.1	42
42	20	15	0.5	5	0.5978564388419728	0.654206583102638				0.3080295359250158	paths_linear_moderate_drop_group	all_obs0.1	42
42	20	15	1.0	9	0.39364501272839086	0.5421271843888033				0.29023485095240176	paths_linear_moderate_drop_group	all_obs0.1	42
42	20	30	0.2	3	0.5663883110648912	0.6428510006911224				0.5250493010971695	paths_linear_moderate_drop_group	all_obs0.1	42
42	20	30	0.5	4	0.6891358292921278	0.6855891654901739				0.5189905532170087	paths_linear_moderate_drop_group	all_obs0.1	42
42	20	30	1.0	7	0.4955867233778528	0.5831867650843311				0.532520811073482	paths_linear_moderate_drop_group	all_obs0.1	42
42	50	10	0.2	2	0.3575243575135933	0.48126672109363594				0.23748718085698783	paths_linear_moderate_drop_group	all_obs0.1	42
42	50	10	0.5	6	0.5284688920413073	0.6016566161078792				0.23519663116894662	paths_linear_moderate_drop_group	all_obs0.1	42
42	50	10	1.0	11	0.3941700782054176	0.5254106403531223				0.23267777194269001	paths_linear_moderate_drop_group	all_obs0.1	42
42	50	15	0.2	2	0.4183714277738464	0.5288218955648034				0.3532500278670341	paths_linear_moderate_drop_group	all_obs0.1	42
42	50	15	0.5	4	0.6510201923168515	0.6621393134412843				0.3154364009387791	paths_linear_moderate_drop_group	all_obs0.1	42
42	50	15	1.0	8	0.43908751012560626	0.547296970807615				0.3061835910193622	paths_linear_moderate_drop_group	all_obs0.1	42
42	50	30	0.2	3	0.5075140827330973	0.593577149022542				0.5234157908707857	paths_linear_moderate_drop_group	all_obs0.1	42
42	50	30	0.5	5	0.6001774362078355	0.647795788934525				0.5432662952225655	paths_linear_moderate_drop_group	all_obs0.1	42
42	50	30	1.0	7	0.5394466296157494	0.6054254946858193				0.518063992029056	paths_linear_moderate_drop_group	all_obs0.1	42
42	20	10	0.2	2	0.3476048771528876	0.4820104578310807				0.2354263667948544	paths_linear_moderate_drop_group	all_obs0.15	42
42	20	10	0.5	5	0.5642873849966704	0.6106095430308318				0.2257414369378239	paths_linear_moderate_drop_group	all_obs0.15	42
42	20	10	1.0	11	0.34583852497215906	0.5189872635167944				0.22195945284329355	paths_linear_moderate_drop_group	all_obs0.15	42
42	20	15	0.2	3	0.5510712742143241	0.6156139025810489				0.3581609670072794	paths_linear_moderate_drop_group	all_obs0.15	42
42	20	15	0.5	4	0.660055735678048	0.669797939551304				0.31432517687790096	paths_linear_moderate_drop_group	all_obs0.15	42
42	20	15	1.0	11	0.3696684719894579	0.5225216365443743				0.30392055306583643	paths_linear_moderate_drop_group	all_obs0.15	42
42	20	30	0.2	3	0.5282009364784654	0.6154740296612372				0.47925685392692685	paths_linear_moderate_drop_group	all_obs0.15	42
42	20	30	0.5	4	0.6847685654068615	0.6880253879610256				0.5015042209997773	paths_linear_moderate_drop_group	all_obs0.15	42
42	20	30	1.0	7	0.5044693662311277	0.5922745352961467				0.5796644159127027	paths_linear_moderate_drop_group	all_obs0.15	42
42	50	10	0.2	3	0.5460247734125627	0.6249205205917248				0.2663638179656118	paths_linear_moderate_drop_group	all_obs0.15	42
42	50	10	0.5	5	0.5028278392949205	0.5972609621715033				0.2560145000461489	paths_linear_moderate_drop_group	all_obs0.15	42
42	50	10	1.0	10	0.40420200635118203	0.5336919586523258				0.23614089912734926	paths_linear_moderate_drop_group	all_obs0.15	42
42	50	15	0.2	2	0.4260966639652619	0.5318838595581568				0.3474242431111634	paths_linear_moderate_drop_group	all_obs0.15	42
42	50	15	0.5	4	0.6773177157390847	0.6755691074389443				0.3520258590579033	paths_linear_moderate_drop_group	all_obs0.15	42
42	50	15	1.0	9	0.44222542509541735	0.5540580152072709				0.33067286293953657	paths_linear_moderate_drop_group	all_obs0.15	42
42	50	30	0.2	2	0.4255242841249671	0.540258379162812				0.4589780690148473	paths_linear_moderate_drop_group	all_obs0.15	42
42	50	30	0.5	4	0.6707605909480259	0.6797760502945807				0.5004303939640522	paths_linear_moderate_drop_group	all_obs0.15	42
42	50	30	1.0	7	0.48955712447037475	0.5857009382169183				0.5736742860171944	paths_linear_moderate_drop_group	all_obs0.15	42
42	20	10	0.2	3	0.5392588581022423	0.6201916420468506				0.2363026610109955	paths_linear_moderate_drop_group	all_obs0.2	42
42	20	10	0.5	4	0.6697797284714665	0.6758256534991791				0.24078559083864093	paths_linear_moderate_drop_group	all_obs0.2	42
42	20	10	1.0	10	0.38908400674782906	0.5303958094874763				0.2300740669015795	paths_linear_moderate_drop_group	all_obs0.2	42
42	20	15	0.2	2	0.40608958194068884	0.5210571974135597				0.3227166850119829	paths_linear_moderate_drop_group	all_obs0.2	42
42	20	15	0.5	4	0.6853134422416504	0.6804740148555993				0.32779890508390963	paths_linear_moderate_drop_group	all_obs0.2	42
42	20	15	1.0	9	0.4143152809729594	0.5397200742757592				0.3005415191873908	paths_linear_moderate_drop_group	all_obs0.2	42
42	20	30	0.2	2	0.4317011226300647	0.5442379304582637				0.5326847229152918	paths_linear_moderate_drop_group	all_obs0.2	42
42	20	30	0.5	4	0.6908891920396426	0.6899793604841333				0.501806584186852	paths_linear_moderate_drop_group	all_obs0.2	42
42	20	30	1.0	7	0.5005432076474265	0.5893025754053756				0.55358073906973	paths_linear_moderate_drop_group	all_obs0.2	42
42	50	10	0.2	2	0.312541784838024	0.4671464026182106				0.27805748488754034	paths_linear_moderate_drop_group	all_obs0.2	42
42	50	10	0.5	5	0.5732481159399213	0.6344043076003504				0.2659858351107687	paths_linear_moderate_drop_group	all_obs0.2	42
42	50	10	1.0	7	0.5071139856860372	0.5884313942658317				0.25079864100553095	paths_linear_moderate_drop_group	all_obs0.2	42
42	50	15	0.2	3	0.536828567212553	0.61933135013465				0.38329131598584354	paths_linear_moderate_drop_group	all_obs0.2	42
42	50	15	0.5	5	0.5898139641363594	0.6556301811026999				0.3389520461205393	paths_linear_moderate_drop_group	all_obs0.2	42
42	50	15	1.0	8	0.46212016698897995	0.567282355665324				0.33045041002333164	paths_linear_moderate_drop_group	all_obs0.2	42
42	50	30	0.2	2	0.42597480709000857	0.534504355790756				0.43293633311986923	paths_linear_moderate_drop_group	all_obs0.2	42
42	50	30	0.5	4	0.68716069980572	0.6877998118313835				0.4686343970242888	paths_linear_moderate_drop_group	all_obs0.2	42
42	50	30	1.0	7	0.48752916527921375	0.5829094223918954				0.521124019054696	paths_linear_moderate_drop_group	all_obs0.2	42
42	20	10	0.2	3	0.5226998224040847	0.5916534040883562				0.253284078091383	paths_linear_moderate_drop_group	all_obs0.25	42
42	20	10	0.5	4	0.6580103352801782	0.6745090450921947				0.23988088103942573	paths_linear_moderate_drop_group	all_obs0.25	42
42	20	10	1.0	9	0.4028917066292639	0.5369249865269182				0.22582314093597233	paths_linear_moderate_drop_group	all_obs0.25	42
42	20	15	0.2	3	0.5598900805010266	0.6305908247646242				0.3851095880381763	paths_linear_moderate_drop_group	all_obs0.25	42
42	20	15	0.5	4	0.5444217639995518	0.5845944847158828				0.31814145389944315	paths_linear_moderate_drop_group	all_obs0.25	42
42	20	15	1.0	9	0.43812170214585067	0.5625961260446646				0.31316961301490664	paths_linear_moderate_drop_group	all_obs0.25	42
42	20	30	0.2	2	0.43736704313132707	0.5521126055260206				0.48130099498666823	paths_linear_moderate_drop_group	all_obs0.25	42
42	20	30	0.5	4	0.6890700612078032	0.6902488549222273				0.5319853229448199	paths_linear_moderate_drop_group	all_obs0.25	42
42	20	30	1.0	7	0.5044274824890627	0.5923852051739781				0.5673313508741558	paths_linear_moderate_drop_group	all_obs0.25	42
42	50	10	0.2	2	0.4085804242731021	0.5224966017163755				0.29434190317988396	paths_linear_moderate_drop_group	all_obs0.25	42
42	50	10	0.5	4	0.6436425318852446	0.6676626979054348				0.27148203691467643	paths_linear_moderate_drop_group	all_obs0.25	42
42	50	10	1.0	8	0.4724736626628514	0.567117657544096				0.2814977499656379	paths_linear_moderate_drop_group	all_obs0.25	42
42	50	15	0.2	2	0.3137400678903086	0.4689336425456167				0.3655290298629552	paths_linear_moderate_drop_group	all_obs0.25	42
42	50	15	0.5	5	0.5849703989445361	0.6520545618450709				0.36986262002028525	paths_linear_moderate_drop_group	all_obs0.25	42
42	50	15	1.0	7	0.4955796884284387	0.5761283769591365				0.35068522207438946	paths_linear_moderate_drop_group	all_obs0.25	42
42	50	30	0.2	2	0.4294402344367787	0.5417066364648188				0.5076533700339496	paths_linear_moderate_drop_group	all_obs0.25	42
42	50	30	0.5	4	0.7063012635055855	0.7006997930832886				0.5505716861225665	paths_linear_moderate_drop_group	all_obs0.25	42
42	50	30	1.0	7	0.5090979551357914	0.5978215919153799				0.5582892259117216	paths_linear_moderate_drop_group	all_obs0.25	42
42	20	10	0.2	2	0.3649631104797964	0.48971596034254267				0.30059578199870884	paths_linear_moderate_drop_group	all_obs1.0	42
42	20	10	0.5	3	0.5529856007444641	0.6250751001272212				0.3233974219765514	paths_linear_moderate_drop_group	all_obs1.0	42
42	20	10	1.0	7	0.5664387730752998	0.617351660578584				0.29513338999822736	paths_linear_moderate_drop_group	all_obs1.0	42
42	20	15	0.2	3	0.5681252231015648	0.6388635899872409				0.35724563291296363	paths_linear_moderate_drop_group	all_obs1.0	42
42	20	15	0.5	4	0.72100178541727	0.7095644657068173				0.41977561893872917	paths_linear_moderate_drop_group	all_obs1.0	42
42	20	15	1.0	6	0.5746046613726319	0.617087845432015				0.4519283468835056	paths_linear_moderate_drop_group	all_obs1.0	42
42	20	30	0.2	2	0.3025082837431678	0.47528562149360754				0.4298746900167316	paths_linear_moderate_drop_group	all_obs1.0	42
42	20	30	0.5	3	0.5756162127187232	0.6475067169893615				0.4345623841509223	paths_linear_moderate_drop_group	all_obs1.0	42
42	20	30	1.0	5	0.6232081503011977	0.6652956281952964				0.4886083910241723	paths_linear_moderate_drop_group	all_obs1.0	42
42	50	10	0.2	2	0.28441739730256405	0.45590115867957653				0.2629286199808121	paths_linear_moderate_drop_group	all_obs1.0	42
42	50	10	0.5	3	0.5487391337042894	0.6217399006283165				0.2736861640587449	paths_linear_moderate_drop_group	all_obs1.0	42
42	50	10	1.0	5	0.4761791214678388	0.5665604377889987				0.34572555194608867	paths_linear_moderate_drop_group	all_obs1.0	42
42	50	15	0.2	2	0.2905757757406353	0.4648282440567069				0.3246328770183027	paths_linear_moderate_drop_group	all_obs1.0	42
42	50	15	0.5	3	0.5398675039194413	0.6162889582871617				0.36685930215753615	paths_linear_moderate_drop_group	all_obs1.0	42
42	50	15	1.0	5	0.553167696933294	0.6129596262482391				0.41475876700133085	paths_linear_moderate_drop_group	all_obs1.0	42
42	50	30	0.2	2	0.29177681118860205	0.4684782655176657				0.47469331114552915	paths_linear_moderate_drop_group	all_obs1.0	42
42	50	30	0.5	3	0.5631717945405086	0.6338656622648711				0.41564026195555925	paths_linear_moderate_drop_group	all_obs1.0	42
42	50	30	1.0	4	0.6929464289368558	0.6859299083105938				0.5318386799190193	paths_linear_moderate_drop_group	all_obs1.0	42
