dataset	mse	mse_std	mse_dropout	mse_dropout_std	mse_biozero	mse_biozero_std	mse_non_zero	mse_non_zero_std	runtime_sec	runtime_sec_std	n_repeats	n_total	n_dropout	n_biozero	n_non_zero	error
dataset_2_types_equal	1.6617117881774903	0.01650853516535514	2.547614026069641	0.027398433515382094	0.16064006984233856	0.0072321195572890955	1.0476587772369386	0.010794611508277721	386.47776964220685	42.89005480803359	10	27425000	13486654	3820636	10117710	
dataset_3_types_unequal	1.3517893314361573	0.03349142095864178	1.9693087339401245	0.05155317693144415	0.18541901111602782	0.014827737359653356	1.016308879852295	0.029009320349444912	360.86579555579226	81.20479133718712	10	27450000	13013543	3842821	10593636	
dataset_4_types_rare	1.5998114228248597	0.012501615444887959	2.411039042472839	0.02112611140947355	0.1973859816789627	0.0033617108037404435	1.0514065384864808	0.006257774243244607	414.1054739526997	34.62174121618051	10	27475000	13522375	3885221	10067404	
dataset_multibatch_dropout	1.2812991499900819	0.016247190515599728	1.8429616808891296	0.02410192127082421	0.17659458070993422	0.003624051883045945	0.9977284789085388	0.013936183892152329	427.7907322329993	102.00575640626285	10	27450000	12939065	3839220	10671715	
