seed	n_pcs	n_neighbors	resolution	n_clusters	ari	nmi	batch_ari	batch_nmi	batch_silhouette	cluster_runtime_sec	dataset	path	method	display_method	impute_seed	cluster_seed	label_column	batch_column	n_cells	n_genes	n_labels	n_batches	feature_mode
42	20	10	0.2	15	0.6671989990864938	0.8332243883179957	0.15294531091094826	0.22124899900339548	0.02612690068781376	0.315934362122789	Baron	datasets_original/baron-human.rds	baseline	Observed	42	42	cell_type1	human	8569	1000	14	4	label_free_hvg
42	20	10	0.5	21	0.570504340362542	0.8030072602598427	0.16201560505264412	0.25294643904181546	0.02612690068781376	0.3031744658946991	Baron	datasets_original/baron-human.rds	baseline	Observed	42	42	cell_type1	human	8569	1000	14	4	label_free_hvg
42	20	10	1.0	32	0.320122365077997	0.7011503100749372	0.10689250892059003	0.27166458774371693	0.02612690068781376	0.2993297160137445	Baron	datasets_original/baron-human.rds	baseline	Observed	42	42	cell_type1	human	8569	1000	14	4	label_free_hvg
42	20	10	1.5	34	0.30385193840470276	0.695335211954325	0.09837816654445415	0.26941102740139417	0.02612690068781376	0.29713458800688386	Baron	datasets_original/baron-human.rds	baseline	Observed	42	42	cell_type1	human	8569	1000	14	4	label_free_hvg
42	20	10	2.0	41	0.25617881618540267	0.6681869509122103	0.08004841963489533	0.26707943279564844	0.02612690068781376	0.2987967999652028	Baron	datasets_original/baron-human.rds	baseline	Observed	42	42	cell_type1	human	8569	1000	14	4	label_free_hvg
42	20	15	0.2	12	0.6473025275448762	0.8124048044072226	0.14565741314563196	0.20252913837677242	0.02612690068781376	0.37256403896026313	Baron	datasets_original/baron-human.rds	baseline	Observed	42	42	cell_type1	human	8569	1000	14	4	label_free_hvg
42	20	15	0.5	19	0.6422874317009759	0.8246552947048414	0.15720295144120713	0.2390808065493632	0.02612690068781376	0.3795064720325172	Baron	datasets_original/baron-human.rds	baseline	Observed	42	42	cell_type1	human	8569	1000	14	4	label_free_hvg
42	20	15	1.0	29	0.3931064472408117	0.7323419718219437	0.11146962261228972	0.2656706195020485	0.02612690068781376	0.37128655705600977	Baron	datasets_original/baron-human.rds	baseline	Observed	42	42	cell_type1	human	8569	1000	14	4	label_free_hvg
42	20	15	1.5	34	0.30638965112006705	0.6969289160075893	0.10097462443210144	0.271605403462346	0.02612690068781376	0.37521190010011196	Baron	datasets_original/baron-human.rds	baseline	Observed	42	42	cell_type1	human	8569	1000	14	4	label_free_hvg
42	20	15	2.0	36	0.2891731175256765	0.6885221252614149	0.09485059664391694	0.2709100073467328	0.02612690068781376	0.3827563738450408	Baron	datasets_original/baron-human.rds	baseline	Observed	42	42	cell_type1	human	8569	1000	14	4	label_free_hvg
42	20	30	0.2	10	0.7962476773227134	0.844631812400187	0.09185472390677582	0.13941662703608168	0.02612690068781376	0.6375724899116904	Baron	datasets_original/baron-human.rds	baseline	Observed	42	42	cell_type1	human	8569	1000	14	4	label_free_hvg
42	20	30	0.5	16	0.6452727463700213	0.8189608226688686	0.16360958513951862	0.24641761415085392	0.02612690068781376	0.6254006901290268	Baron	datasets_original/baron-human.rds	baseline	Observed	42	42	cell_type1	human	8569	1000	14	4	label_free_hvg
42	20	30	1.0	22	0.4681769689349636	0.7604468781778801	0.1323610452390086	0.2585221105741031	0.02612690068781376	0.6019189730286598	Baron	datasets_original/baron-human.rds	baseline	Observed	42	42	cell_type1	human	8569	1000	14	4	label_free_hvg
42	20	30	1.5	26	0.35850813957811284	0.7157666609685438	0.11047819733918345	0.27077093137085895	0.02612690068781376	0.5915069370530546	Baron	datasets_original/baron-human.rds	baseline	Observed	42	42	cell_type1	human	8569	1000	14	4	label_free_hvg
42	20	30	2.0	30	0.31207975743606214	0.694070786278907	0.09748200388073536	0.26838787388857926	0.02612690068781376	0.591222973074764	Baron	datasets_original/baron-human.rds	baseline	Observed	42	42	cell_type1	human	8569	1000	14	4	label_free_hvg
42	50	10	0.2	15	0.6821824851615363	0.8437771402803294	0.1559620948748894	0.22651178273915368	0.02983015775680542	0.3287704479880631	Baron	datasets_original/baron-human.rds	baseline	Observed	42	42	cell_type1	human	8569	1000	14	4	label_free_hvg
42	50	10	0.5	21	0.5658023427729783	0.8007885749582608	0.18171644916351867	0.2828899457033795	0.02983015775680542	0.32665626984089613	Baron	datasets_original/baron-human.rds	baseline	Observed	42	42	cell_type1	human	8569	1000	14	4	label_free_hvg
42	50	10	1.0	29	0.42300280807154356	0.7483953984101188	0.1688154916810591	0.31626430868977734	0.02983015775680542	0.3221963890828192	Baron	datasets_original/baron-human.rds	baseline	Observed	42	42	cell_type1	human	8569	1000	14	4	label_free_hvg
42	50	10	1.5	35	0.3629302220592092	0.7237895842025306	0.1480671784909678	0.32699182131366183	0.02983015775680542	0.3215789480600506	Baron	datasets_original/baron-human.rds	baseline	Observed	42	42	cell_type1	human	8569	1000	14	4	label_free_hvg
42	50	10	2.0	39	0.3162158753198075	0.7019859595886164	0.13436033386731613	0.3267399993298149	0.02983015775680542	0.3256397061049938	Baron	datasets_original/baron-human.rds	baseline	Observed	42	42	cell_type1	human	8569	1000	14	4	label_free_hvg
42	50	15	0.2	12	0.822987552875377	0.8741243694642461	0.1014264536251791	0.16801684554664667	0.02983015775680542	0.40061018895357847	Baron	datasets_original/baron-human.rds	baseline	Observed	42	42	cell_type1	human	8569	1000	14	4	label_free_hvg
42	50	15	0.5	20	0.5650888366095437	0.8019113800453957	0.18460481420544844	0.2826674263066014	0.02983015775680542	0.3948232571128756	Baron	datasets_original/baron-human.rds	baseline	Observed	42	42	cell_type1	human	8569	1000	14	4	label_free_hvg
42	50	15	1.0	28	0.4530704326480342	0.7567556445064657	0.1834664393979848	0.3201404549122022	0.02983015775680542	0.3907075959723443	Baron	datasets_original/baron-human.rds	baseline	Observed	42	42	cell_type1	human	8569	1000	14	4	label_free_hvg
42	50	15	1.5	32	0.375014263828453	0.7295788871032783	0.15192368831429592	0.3257808946162299	0.02983015775680542	0.3990377851296216	Baron	datasets_original/baron-human.rds	baseline	Observed	42	42	cell_type1	human	8569	1000	14	4	label_free_hvg
42	50	15	2.0	34	0.34361835909366	0.716089900797726	0.14350022508104174	0.32397532302757576	0.02983015775680542	0.39351476612500846	Baron	datasets_original/baron-human.rds	baseline	Observed	42	42	cell_type1	human	8569	1000	14	4	label_free_hvg
42	50	30	0.2	11	0.8120399903528871	0.8659770032371211	0.09574583466266652	0.14291263934884943	0.02983015775680542	0.6460215030238032	Baron	datasets_original/baron-human.rds	baseline	Observed	42	42	cell_type1	human	8569	1000	14	4	label_free_hvg
42	50	30	0.5	15	0.6056435954942074	0.8218043532026315	0.17410889077280384	0.2611624979099515	0.02983015775680542	0.6297503150999546	Baron	datasets_original/baron-human.rds	baseline	Observed	42	42	cell_type1	human	8569	1000	14	4	label_free_hvg
42	50	30	1.0	20	0.5445399374872989	0.788334592592902	0.19075955526493682	0.2963493861667988	0.02983015775680542	0.6276059679221362	Baron	datasets_original/baron-human.rds	baseline	Observed	42	42	cell_type1	human	8569	1000	14	4	label_free_hvg
42	50	30	1.5	27	0.4204726337582248	0.7394365491201371	0.18400338780227846	0.3332878989396881	0.02983015775680542	0.6282103110570461	Baron	datasets_original/baron-human.rds	baseline	Observed	42	42	cell_type1	human	8569	1000	14	4	label_free_hvg
42	50	30	2.0	29	0.3797829957403168	0.7279875902755772	0.16160427544654643	0.3281471757004071	0.02983015775680542	0.6513433558866382	Baron	datasets_original/baron-human.rds	baseline	Observed	42	42	cell_type1	human	8569	1000	14	4	label_free_hvg
42	100	10	0.2	16	0.7266597663216419	0.8531171021414832	0.14127452871127133	0.2165918770500411	0.024363024160265923	0.35075275506824255	Baron	datasets_original/baron-human.rds	baseline	Observed	42	42	cell_type1	human	8569	1000	14	4	label_free_hvg
42	100	10	0.5	20	0.5556416757580969	0.8008934718764817	0.18708296133259636	0.2900375973268356	0.024363024160265923	0.3518079789355397	Baron	datasets_original/baron-human.rds	baseline	Observed	42	42	cell_type1	human	8569	1000	14	4	label_free_hvg
42	100	10	1.0	26	0.4734093224719324	0.7645781660472214	0.1969594913513299	0.3287074814466395	0.024363024160265923	0.3438315149396658	Baron	datasets_original/baron-human.rds	baseline	Observed	42	42	cell_type1	human	8569	1000	14	4	label_free_hvg
42	100	10	1.5	31	0.41370057304337804	0.7385796477892761	0.18351218296875368	0.3375029539532545	0.024363024160265923	0.34727887413464487	Baron	datasets_original/baron-human.rds	baseline	Observed	42	42	cell_type1	human	8569	1000	14	4	label_free_hvg
42	100	10	2.0	34	0.3360549716105437	0.7126043062612111	0.13648079498860388	0.31502995142239465	0.024363024160265923	0.34806728013791144	Baron	datasets_original/baron-human.rds	baseline	Observed	42	42	cell_type1	human	8569	1000	14	4	label_free_hvg
42	100	15	0.2	15	0.7253069238153516	0.8462397775728485	0.14158561517777876	0.2199474377514946	0.024363024160265923	0.44602723396383226	Baron	datasets_original/baron-human.rds	baseline	Observed	42	42	cell_type1	human	8569	1000	14	4	label_free_hvg
42	100	15	0.5	19	0.5744092884917102	0.7988515631831234	0.18255174968344307	0.28284089908515325	0.024363024160265923	0.43026393302716315	Baron	datasets_original/baron-human.rds	baseline	Observed	42	42	cell_type1	human	8569	1000	14	4	label_free_hvg
42	100	15	1.0	25	0.4877634653761091	0.7702674164620379	0.20522022000773432	0.3297018628801145	0.024363024160265923	0.429308395832777	Baron	datasets_original/baron-human.rds	baseline	Observed	42	42	cell_type1	human	8569	1000	14	4	label_free_hvg
42	100	15	1.5	28	0.4074082895214325	0.7382017910711013	0.1800595086138697	0.3372463497717128	0.024363024160265923	0.4227421151008457	Baron	datasets_original/baron-human.rds	baseline	Observed	42	42	cell_type1	human	8569	1000	14	4	label_free_hvg
42	100	15	2.0	32	0.33541883401085404	0.7090761279910273	0.14517973828228883	0.32997969455018505	0.024363024160265923	0.41809224407188594	Baron	datasets_original/baron-human.rds	baseline	Observed	42	42	cell_type1	human	8569	1000	14	4	label_free_hvg
42	100	30	0.2	10	0.9307569441754823	0.9026864933116614	0.041389463713058225	0.05772853506678167	0.024363024160265923	0.6544620110653341	Baron	datasets_original/baron-human.rds	baseline	Observed	42	42	cell_type1	human	8569	1000	14	4	label_free_hvg
42	100	30	0.5	15	0.5988264242402632	0.8096959419067177	0.17217611473824798	0.25916712421433363	0.024363024160265923	0.6467173490673304	Baron	datasets_original/baron-human.rds	baseline	Observed	42	42	cell_type1	human	8569	1000	14	4	label_free_hvg
42	100	30	1.0	20	0.5517737694807595	0.7943691838648146	0.18816221818113177	0.29160185506390807	0.024363024160265923	0.6737934739794582	Baron	datasets_original/baron-human.rds	baseline	Observed	42	42	cell_type1	human	8569	1000	14	4	label_free_hvg
42	100	30	1.5	25	0.4462078187773703	0.7481492072357182	0.19453359442046794	0.33754703301955585	0.024363024160265923	0.6402765791863203	Baron	datasets_original/baron-human.rds	baseline	Observed	42	42	cell_type1	human	8569	1000	14	4	label_free_hvg
42	100	30	2.0	28	0.40445612123527136	0.7350811646103369	0.17856579904620884	0.3369716087661193	0.024363024160265923	0.6483889389783144	Baron	datasets_original/baron-human.rds	baseline	Observed	42	42	cell_type1	human	8569	1000	14	4	label_free_hvg
43	20	10	0.2	14	0.6992361710139176	0.826610171748632	0.13345374267647556	0.19111473843496363	0.028109222650527954	0.3065830080304295	Baron	datasets_original/baron-human.rds	baseline	Observed	42	43	cell_type1	human	8569	1000	14	4	label_free_hvg
43	20	10	0.5	20	0.6366427792399033	0.8214322419523804	0.1544672764413685	0.23521868267770593	0.028109222650527954	0.3025451221037656	Baron	datasets_original/baron-human.rds	baseline	Observed	42	43	cell_type1	human	8569	1000	14	4	label_free_hvg
43	20	10	1.0	32	0.3256239835305332	0.7070079914976564	0.1061788048830286	0.26852251802672955	0.028109222650527954	0.29582817293703556	Baron	datasets_original/baron-human.rds	baseline	Observed	42	43	cell_type1	human	8569	1000	14	4	label_free_hvg
43	20	10	1.5	34	0.30279467631121326	0.6968923384133104	0.0934831217632118	0.26733736165264704	0.028109222650527954	0.29795002308674157	Baron	datasets_original/baron-human.rds	baseline	Observed	42	43	cell_type1	human	8569	1000	14	4	label_free_hvg
43	20	10	2.0	41	0.2715753151605737	0.6766114364553935	0.0884887228696277	0.27158488952299303	0.028109222650527954	0.2945142600219697	Baron	datasets_original/baron-human.rds	baseline	Observed	42	43	cell_type1	human	8569	1000	14	4	label_free_hvg
43	20	15	0.2	11	0.7959052626411293	0.8491350499871477	0.09227905134588953	0.14068153740802947	0.028109222650527954	0.3833418171852827	Baron	datasets_original/baron-human.rds	baseline	Observed	42	43	cell_type1	human	8569	1000	14	4	label_free_hvg
43	20	15	0.5	19	0.6493185491203533	0.8278394181784374	0.16027835841715743	0.23950565613808625	0.028109222650527954	0.38071318599395454	Baron	datasets_original/baron-human.rds	baseline	Observed	42	43	cell_type1	human	8569	1000	14	4	label_free_hvg
43	20	15	1.0	27	0.4118664022673101	0.7417851084841374	0.11995222840396824	0.2669371757510748	0.028109222650527954	0.3776599830016494	Baron	datasets_original/baron-human.rds	baseline	Observed	42	43	cell_type1	human	8569	1000	14	4	label_free_hvg
43	20	15	1.5	34	0.3045851790978955	0.6968347474096386	0.09924250131698323	0.2729932340532336	0.028109222650527954	0.37928785709664226	Baron	datasets_original/baron-human.rds	baseline	Observed	42	43	cell_type1	human	8569	1000	14	4	label_free_hvg
43	20	15	2.0	38	0.27219544553653363	0.6814675520276008	0.08692661897513422	0.270188009949737	0.028109222650527954	0.3787901869509369	Baron	datasets_original/baron-human.rds	baseline	Observed	42	43	cell_type1	human	8569	1000	14	4	label_free_hvg
43	20	30	0.2	10	0.7951950789852674	0.844074276257031	0.09245954054813434	0.1396779414531277	0.028109222650527954	0.6188057099934667	Baron	datasets_original/baron-human.rds	baseline	Observed	42	43	cell_type1	human	8569	1000	14	4	label_free_hvg
43	20	30	0.5	16	0.6462361968388873	0.8198280696054376	0.16382422365452132	0.24655147039459854	0.028109222650527954	0.6129473019391298	Baron	datasets_original/baron-human.rds	baseline	Observed	42	43	cell_type1	human	8569	1000	14	4	label_free_hvg
43	20	30	1.0	21	0.46624863936092564	0.7581200888448111	0.13443864778149042	0.2593659876519999	0.028109222650527954	0.6109063699841499	Baron	datasets_original/baron-human.rds	baseline	Observed	42	43	cell_type1	human	8569	1000	14	4	label_free_hvg
43	20	30	1.5	26	0.3577347519349064	0.7156949009865465	0.10974828766079602	0.2712738216603403	0.028109222650527954	0.6329196998849511	Baron	datasets_original/baron-human.rds	baseline	Observed	42	43	cell_type1	human	8569	1000	14	4	label_free_hvg
43	20	30	2.0	30	0.30785467382038717	0.6923341121703074	0.09113108306968538	0.26366515983040334	0.028109222650527954	0.6327240960672498	Baron	datasets_original/baron-human.rds	baseline	Observed	42	43	cell_type1	human	8569	1000	14	4	label_free_hvg
43	50	10	0.2	15	0.7184362407787427	0.8506672719700002	0.14211892659059	0.21646939284046346	0.02905643917620182	0.3385569129604846	Baron	datasets_original/baron-human.rds	baseline	Observed	42	43	cell_type1	human	8569	1000	14	4	label_free_hvg
43	50	10	0.5	21	0.5564070105851328	0.7977516537549114	0.18147748966315916	0.2818347137058471	0.02905643917620182	0.33181011280976236	Baron	datasets_original/baron-human.rds	baseline	Observed	42	43	cell_type1	human	8569	1000	14	4	label_free_hvg
43	50	10	1.0	30	0.43649104530515	0.7491735869771927	0.19383701354251862	0.33776583843731334	0.02905643917620182	0.3324066561181098	Baron	datasets_original/baron-human.rds	baseline	Observed	42	43	cell_type1	human	8569	1000	14	4	label_free_hvg
43	50	10	1.5	34	0.371044338137716	0.7237429583335172	0.1538307418608291	0.3259137155549279	0.02905643917620182	0.32738375500775874	Baron	datasets_original/baron-human.rds	baseline	Observed	42	43	cell_type1	human	8569	1000	14	4	label_free_hvg
43	50	10	2.0	41	0.28296595905272875	0.6846952277689505	0.11862275201233242	0.32451418237408497	0.02905643917620182	0.32944817701354623	Baron	datasets_original/baron-human.rds	baseline	Observed	42	43	cell_type1	human	8569	1000	14	4	label_free_hvg
43	50	15	0.2	14	0.6795456289856658	0.8421498879631818	0.16010045627050828	0.23424469033211798	0.02905643917620182	0.4027352458797395	Baron	datasets_original/baron-human.rds	baseline	Observed	42	43	cell_type1	human	8569	1000	14	4	label_free_hvg
43	50	15	0.5	19	0.5762283116287075	0.8112455939527317	0.17953403720171512	0.2723339555584859	0.02905643917620182	0.4012459861114621	Baron	datasets_original/baron-human.rds	baseline	Observed	42	43	cell_type1	human	8569	1000	14	4	label_free_hvg
43	50	15	1.0	28	0.44015658732981167	0.7539894460328164	0.18720404428715015	0.3319751170495622	0.02905643917620182	0.40034396620467305	Baron	datasets_original/baron-human.rds	baseline	Observed	42	43	cell_type1	human	8569	1000	14	4	label_free_hvg
43	50	15	1.5	32	0.379657192166065	0.7326954660713781	0.15146109984013373	0.32347788630800245	0.02905643917620182	0.40113776503130794	Baron	datasets_original/baron-human.rds	baseline	Observed	42	43	cell_type1	human	8569	1000	14	4	label_free_hvg
43	50	15	2.0	34	0.3413641572393648	0.7137821098185472	0.14127730144283124	0.31937519979743156	0.02905643917620182	0.39824523287825286	Baron	datasets_original/baron-human.rds	baseline	Observed	42	43	cell_type1	human	8569	1000	14	4	label_free_hvg
43	50	30	0.2	11	0.8115380711356719	0.8651809381822427	0.09568696426305011	0.14277111381168692	0.02905643917620182	0.6752822340931743	Baron	datasets_original/baron-human.rds	baseline	Observed	42	43	cell_type1	human	8569	1000	14	4	label_free_hvg
43	50	30	0.5	15	0.6045320637272596	0.8211457752177596	0.17353527012375267	0.2606665225534524	0.02905643917620182	0.6731496350839734	Baron	datasets_original/baron-human.rds	baseline	Observed	42	43	cell_type1	human	8569	1000	14	4	label_free_hvg
43	50	30	1.0	22	0.4902744886431272	0.7726330211638892	0.2055685621088687	0.32137699196990555	0.02905643917620182	0.6734991029370576	Baron	datasets_original/baron-human.rds	baseline	Observed	42	43	cell_type1	human	8569	1000	14	4	label_free_hvg
43	50	30	1.5	26	0.4409020445969382	0.7505046708550366	0.1850886789843213	0.33070419659154826	0.02905643917620182	0.657354653114453	Baron	datasets_original/baron-human.rds	baseline	Observed	42	43	cell_type1	human	8569	1000	14	4	label_free_hvg
43	50	30	2.0	29	0.38543809571979837	0.7329981829853971	0.16774811106856566	0.33698367833359716	0.02905643917620182	0.6610562610439956	Baron	datasets_original/baron-human.rds	baseline	Observed	42	43	cell_type1	human	8569	1000	14	4	label_free_hvg
43	100	10	0.2	15	0.8272232803135755	0.8818165620122506	0.10224124657857322	0.16977255147567336	0.02058611810207367	0.35813780687749386	Baron	datasets_original/baron-human.rds	baseline	Observed	42	43	cell_type1	human	8569	1000	14	4	label_free_hvg
43	100	10	0.5	19	0.5757548436060588	0.8022083112193088	0.18146674411823466	0.27978194655078825	0.02058611810207367	0.3513507980387658	Baron	datasets_original/baron-human.rds	baseline	Observed	42	43	cell_type1	human	8569	1000	14	4	label_free_hvg
43	100	10	1.0	26	0.4582509681843815	0.7541689322270344	0.19306017371545664	0.32931099244649126	0.02058611810207367	0.3464727981481701	Baron	datasets_original/baron-human.rds	baseline	Observed	42	43	cell_type1	human	8569	1000	14	4	label_free_hvg
43	100	10	1.5	30	0.40139119056937717	0.7338383230880867	0.1743875212407696	0.3270549296498036	0.02058611810207367	0.3516209360677749	Baron	datasets_original/baron-human.rds	baseline	Observed	42	43	cell_type1	human	8569	1000	14	4	label_free_hvg
43	100	10	2.0	36	0.3547331788807042	0.7145236108193106	0.15371519220465812	0.3256725612186137	0.02058611810207367	0.3519538650289178	Baron	datasets_original/baron-human.rds	baseline	Observed	42	43	cell_type1	human	8569	1000	14	4	label_free_hvg
43	100	15	0.2	14	0.7094833950593805	0.834003623676958	0.13436293870349678	0.19518067348219137	0.02058611810207367	0.4337689729873091	Baron	datasets_original/baron-human.rds	baseline	Observed	42	43	cell_type1	human	8569	1000	14	4	label_free_hvg
43	100	15	0.5	19	0.5775933930475827	0.8037979461562746	0.18279744864648448	0.2831199619097199	0.02058611810207367	0.42790868203155696	Baron	datasets_original/baron-human.rds	baseline	Observed	42	43	cell_type1	human	8569	1000	14	4	label_free_hvg
43	100	15	1.0	26	0.48523417657486734	0.7605799930859589	0.19955049945901537	0.3276919319693901	0.02058611810207367	0.42922917986288667	Baron	datasets_original/baron-human.rds	baseline	Observed	42	43	cell_type1	human	8569	1000	14	4	label_free_hvg
43	100	15	1.5	28	0.41152510047161683	0.7355959016799795	0.18615814584789478	0.3390105048410474	0.02058611810207367	0.429616398178041	Baron	datasets_original/baron-human.rds	baseline	Observed	42	43	cell_type1	human	8569	1000	14	4	label_free_hvg
43	100	15	2.0	29	0.3930827808960873	0.7269465671276535	0.17785879332141757	0.3312580989502563	0.02058611810207367	0.4254137051757425	Baron	datasets_original/baron-human.rds	baseline	Observed	42	43	cell_type1	human	8569	1000	14	4	label_free_hvg
43	100	30	0.2	10	0.9262812779340726	0.8975334151437692	0.04126215831351287	0.05775324701347347	0.02058611810207367	0.6569663442205638	Baron	datasets_original/baron-human.rds	baseline	Observed	42	43	cell_type1	human	8569	1000	14	4	label_free_hvg
43	100	30	0.5	15	0.5973159680233698	0.8084813677063728	0.17220361509021473	0.26018851949825705	0.02058611810207367	0.643064830917865	Baron	datasets_original/baron-human.rds	baseline	Observed	42	43	cell_type1	human	8569	1000	14	4	label_free_hvg
43	100	30	1.0	21	0.5192961481602264	0.7831993925640492	0.1958904663242794	0.30839660795314694	0.02058611810207367	0.6566698250826448	Baron	datasets_original/baron-human.rds	baseline	Observed	42	43	cell_type1	human	8569	1000	14	4	label_free_hvg
43	100	30	1.5	27	0.45273393399869594	0.7519993659713872	0.21114377114130053	0.34997252652844474	0.02058611810207367	0.6445846320129931	Baron	datasets_original/baron-human.rds	baseline	Observed	42	43	cell_type1	human	8569	1000	14	4	label_free_hvg
43	100	30	2.0	28	0.40912280294504155	0.7344596501830494	0.18562171548407563	0.341472947291158	0.02058611810207367	0.6548009749967605	Baron	datasets_original/baron-human.rds	baseline	Observed	42	43	cell_type1	human	8569	1000	14	4	label_free_hvg
44	20	10	0.2	14	0.6501593292333745	0.8178862899203665	0.15112882570130598	0.22147119951429503	0.024557577446103096	0.30434309295378625	Baron	datasets_original/baron-human.rds	baseline	Observed	42	44	cell_type1	human	8569	1000	14	4	label_free_hvg
44	20	10	0.5	19	0.629049813758488	0.8141359754734407	0.15594921947411455	0.2354593704431827	0.024557577446103096	0.3010533759370446	Baron	datasets_original/baron-human.rds	baseline	Observed	42	44	cell_type1	human	8569	1000	14	4	label_free_hvg
44	20	10	1.0	32	0.32443021133559674	0.7042971566279528	0.09551442937907435	0.26601411002788833	0.024557577446103096	0.2975002131424844	Baron	datasets_original/baron-human.rds	baseline	Observed	42	44	cell_type1	human	8569	1000	14	4	label_free_hvg
44	20	10	1.5	35	0.30943489806044033	0.695550376008115	0.09920643310441948	0.2691025214860329	0.024557577446103096	0.29524985887110233	Baron	datasets_original/baron-human.rds	baseline	Observed	42	44	cell_type1	human	8569	1000	14	4	label_free_hvg
44	20	10	2.0	43	0.2516900736043834	0.6651433932376213	0.0844448811549005	0.26547717627221884	0.024557577446103096	0.2943943159189075	Baron	datasets_original/baron-human.rds	baseline	Observed	42	44	cell_type1	human	8569	1000	14	4	label_free_hvg
44	20	15	0.2	11	0.6442833506824147	0.8109295463029582	0.14532659055499078	0.20019515491240347	0.024557577446103096	0.3834832920692861	Baron	datasets_original/baron-human.rds	baseline	Observed	42	44	cell_type1	human	8569	1000	14	4	label_free_hvg
44	20	15	0.5	19	0.6417309032335246	0.8241231220744313	0.15683985924589341	0.24057482806572247	0.024557577446103096	0.38658828497864306	Baron	datasets_original/baron-human.rds	baseline	Observed	42	44	cell_type1	human	8569	1000	14	4	label_free_hvg
44	20	15	1.0	29	0.39648951861075166	0.7335896623685444	0.12051392487568005	0.2733926795228133	0.024557577446103096	0.3767150491476059	Baron	datasets_original/baron-human.rds	baseline	Observed	42	44	cell_type1	human	8569	1000	14	4	label_free_hvg
44	20	15	1.5	34	0.31154784737669633	0.6970049390362301	0.10156465883680846	0.27556902243394077	0.024557577446103096	0.37453948403708637	Baron	datasets_original/baron-human.rds	baseline	Observed	42	44	cell_type1	human	8569	1000	14	4	label_free_hvg
44	20	15	2.0	36	0.2966967215792492	0.6919382267673361	0.09274040159924013	0.26826041114638466	0.024557577446103096	0.37477028695866466	Baron	datasets_original/baron-human.rds	baseline	Observed	42	44	cell_type1	human	8569	1000	14	4	label_free_hvg
44	20	30	0.2	10	0.7974674323579065	0.8456664627142079	0.0921363001334514	0.13931760848150915	0.024557577446103096	0.6087502529844642	Baron	datasets_original/baron-human.rds	baseline	Observed	42	44	cell_type1	human	8569	1000	14	4	label_free_hvg
44	20	30	0.5	16	0.6462087932163194	0.819476239329917	0.1640637560882469	0.24632015657150794	0.024557577446103096	0.6030557339545339	Baron	datasets_original/baron-human.rds	baseline	Observed	42	44	cell_type1	human	8569	1000	14	4	label_free_hvg
44	20	30	1.0	21	0.5258529935332978	0.7715891311593407	0.16077973460647874	0.2677867142929597	0.024557577446103096	0.6078408898320049	Baron	datasets_original/baron-human.rds	baseline	Observed	42	44	cell_type1	human	8569	1000	14	4	label_free_hvg
44	20	30	1.5	26	0.35889034209312326	0.7153953458866863	0.10220945632133319	0.2671489868848495	0.024557577446103096	0.5903293881565332	Baron	datasets_original/baron-human.rds	baseline	Observed	42	44	cell_type1	human	8569	1000	14	4	label_free_hvg
44	20	30	2.0	30	0.3070227482091913	0.6924809822659144	0.09836534736291813	0.27385697964355316	0.024557577446103096	0.5921738930046558	Baron	datasets_original/baron-human.rds	baseline	Observed	42	44	cell_type1	human	8569	1000	14	4	label_free_hvg
44	50	10	0.2	15	0.7240535807634937	0.8516824134628908	0.14202490354608327	0.2185008263456962	0.02548915334045887	0.32014166098088026	Baron	datasets_original/baron-human.rds	baseline	Observed	42	44	cell_type1	human	8569	1000	14	4	label_free_hvg
44	50	10	0.5	21	0.5630532870358331	0.8002467639233274	0.1838833007711656	0.28283241995150543	0.02548915334045887	0.3172825649380684	Baron	datasets_original/baron-human.rds	baseline	Observed	42	44	cell_type1	human	8569	1000	14	4	label_free_hvg
44	50	10	1.0	30	0.43003976634573404	0.7489044713710331	0.1774888490008254	0.3246746958379921	0.02548915334045887	0.3179768770933151	Baron	datasets_original/baron-human.rds	baseline	Observed	42	44	cell_type1	human	8569	1000	14	4	label_free_hvg
44	50	10	1.5	36	0.3547566141745086	0.7185720817490335	0.14851592791606977	0.3287525723451012	0.02548915334045887	0.31596083007752895	Baron	datasets_original/baron-human.rds	baseline	Observed	42	44	cell_type1	human	8569	1000	14	4	label_free_hvg
44	50	10	2.0	40	0.27950274439531003	0.6851952894695715	0.11438478150284286	0.31862773328313965	0.02548915334045887	0.31338661117479205	Baron	datasets_original/baron-human.rds	baseline	Observed	42	44	cell_type1	human	8569	1000	14	4	label_free_hvg
44	50	15	0.2	13	0.8219632593399292	0.877475308528417	0.1010948874482906	0.1639644922474807	0.02548915334045887	0.4169286689721048	Baron	datasets_original/baron-human.rds	baseline	Observed	42	44	cell_type1	human	8569	1000	14	4	label_free_hvg
44	50	15	0.5	20	0.5698467798074563	0.8078484350525583	0.18403710347695024	0.2814543155791852	0.02548915334045887	0.41396318818442523	Baron	datasets_original/baron-human.rds	baseline	Observed	42	44	cell_type1	human	8569	1000	14	4	label_free_hvg
44	50	15	1.0	28	0.45432043974022157	0.7587581261860403	0.18494931512290697	0.32168341922253085	0.02548915334045887	0.417650073999539	Baron	datasets_original/baron-human.rds	baseline	Observed	42	44	cell_type1	human	8569	1000	14	4	label_free_hvg
44	50	15	1.5	32	0.37860164859609674	0.7294617830635293	0.1603213598538767	0.3298346299574689	0.02548915334045887	0.41162666282616556	Baron	datasets_original/baron-human.rds	baseline	Observed	42	44	cell_type1	human	8569	1000	14	4	label_free_hvg
44	50	15	2.0	36	0.32828430358268534	0.7091868468192543	0.13346238630219062	0.320262651550352	0.02548915334045887	0.4126641349866986	Baron	datasets_original/baron-human.rds	baseline	Observed	42	44	cell_type1	human	8569	1000	14	4	label_free_hvg
44	50	30	0.2	11	0.8114915823094885	0.8651757296199858	0.09562798760256552	0.1426763543949599	0.02548915334045887	0.6795950089581311	Baron	datasets_original/baron-human.rds	baseline	Observed	42	44	cell_type1	human	8569	1000	14	4	label_free_hvg
44	50	30	0.5	15	0.606075188599969	0.8205134522522464	0.1728873832540862	0.25793267742643733	0.02548915334045887	0.6546860148664564	Baron	datasets_original/baron-human.rds	baseline	Observed	42	44	cell_type1	human	8569	1000	14	4	label_free_hvg
44	50	30	1.0	21	0.4976113298257192	0.7723336592392872	0.2011490284236539	0.3192049654073204	0.02548915334045887	0.6610760730691254	Baron	datasets_original/baron-human.rds	baseline	Observed	42	44	cell_type1	human	8569	1000	14	4	label_free_hvg
44	50	30	1.5	26	0.4388100325428814	0.7484114787635031	0.1854352879928451	0.3285461671891894	0.02548915334045887	0.6613348908722401	Baron	datasets_original/baron-human.rds	baseline	Observed	42	44	cell_type1	human	8569	1000	14	4	label_free_hvg
44	50	30	2.0	30	0.36579604749128275	0.7243452828234165	0.15348809855568837	0.3274772384801109	0.02548915334045887	0.6611037929542363	Baron	datasets_original/baron-human.rds	baseline	Observed	42	44	cell_type1	human	8569	1000	14	4	label_free_hvg
44	100	10	0.2	15	0.8277742314954474	0.8822198013355124	0.10112840990617247	0.16757963316810692	0.01683473214507103	0.35603419318795204	Baron	datasets_original/baron-human.rds	baseline	Observed	42	44	cell_type1	human	8569	1000	14	4	label_free_hvg
44	100	10	0.5	19	0.5787883182764358	0.8045835969101007	0.17839119383086569	0.2765997167351851	0.01683473214507103	0.34827985893934965	Baron	datasets_original/baron-human.rds	baseline	Observed	42	44	cell_type1	human	8569	1000	14	4	label_free_hvg
44	100	10	1.0	26	0.4656725404205038	0.75930615678479	0.19927096073495745	0.32661441531052143	0.01683473214507103	0.34527579392306507	Baron	datasets_original/baron-human.rds	baseline	Observed	42	44	cell_type1	human	8569	1000	14	4	label_free_hvg
44	100	10	1.5	30	0.43142562443078986	0.7446465125851496	0.18529539745087503	0.330348129438283	0.01683473214507103	0.34748640609905124	Baron	datasets_original/baron-human.rds	baseline	Observed	42	44	cell_type1	human	8569	1000	14	4	label_free_hvg
44	100	10	2.0	37	0.31909434099208234	0.704523730132476	0.1310852457954677	0.3178450241612618	0.01683473214507103	0.34733129595406353	Baron	datasets_original/baron-human.rds	baseline	Observed	42	44	cell_type1	human	8569	1000	14	4	label_free_hvg
44	100	15	0.2	13	0.7095735767206337	0.8351257926932166	0.13352520696921347	0.19333878841737534	0.01683473214507103	0.4316678890027106	Baron	datasets_original/baron-human.rds	baseline	Observed	42	44	cell_type1	human	8569	1000	14	4	label_free_hvg
44	100	15	0.5	18	0.5824026246573972	0.8118208724305004	0.17960423887567328	0.27342228147077785	0.01683473214507103	0.4354837310966104	Baron	datasets_original/baron-human.rds	baseline	Observed	42	44	cell_type1	human	8569	1000	14	4	label_free_hvg
44	100	15	1.0	26	0.4848043794967007	0.7617267977646868	0.1974236155939824	0.32455124973807115	0.01683473214507103	0.4278101520612836	Baron	datasets_original/baron-human.rds	baseline	Observed	42	44	cell_type1	human	8569	1000	14	4	label_free_hvg
44	100	15	1.5	27	0.4413686295897856	0.7457598028700297	0.18081669487759539	0.32449564081363913	0.01683473214507103	0.4334068929310888	Baron	datasets_original/baron-human.rds	baseline	Observed	42	44	cell_type1	human	8569	1000	14	4	label_free_hvg
44	100	15	2.0	30	0.40001821693212725	0.7298118556890723	0.18441152832527707	0.3356388446015816	0.01683473214507103	0.4350264498498291	Baron	datasets_original/baron-human.rds	baseline	Observed	42	44	cell_type1	human	8569	1000	14	4	label_free_hvg
44	100	30	0.2	10	0.9269629679860625	0.8978880473151174	0.04148251865062156	0.0578126203771276	0.01683473214507103	0.6410793850664049	Baron	datasets_original/baron-human.rds	baseline	Observed	42	44	cell_type1	human	8569	1000	14	4	label_free_hvg
44	100	30	0.5	14	0.600516624140966	0.8116306467072992	0.1717491354085723	0.2593738638887638	0.01683473214507103	0.6233770600520074	Baron	datasets_original/baron-human.rds	baseline	Observed	42	44	cell_type1	human	8569	1000	14	4	label_free_hvg
44	100	30	1.0	21	0.5123269730288241	0.7793102603085971	0.19823793527432118	0.3119893054421563	0.01683473214507103	0.6424804350826889	Baron	datasets_original/baron-human.rds	baseline	Observed	42	44	cell_type1	human	8569	1000	14	4	label_free_hvg
44	100	30	1.5	24	0.48950175887229463	0.7665819677045251	0.19827388593811993	0.32323578938289305	0.01683473214507103	0.6642799340188503	Baron	datasets_original/baron-human.rds	baseline	Observed	42	44	cell_type1	human	8569	1000	14	4	label_free_hvg
44	100	30	2.0	28	0.42028477014902554	0.7406939014143546	0.19007418642160276	0.3431998030592941	0.01683473214507103	0.6814297039527446	Baron	datasets_original/baron-human.rds	baseline	Observed	42	44	cell_type1	human	8569	1000	14	4	label_free_hvg
45	20	10	0.2	16	0.66206355485052	0.8310741536114261	0.15354141113354366	0.22148214954008916	0.035541120916604996	0.30575803900137544	Baron	datasets_original/baron-human.rds	baseline	Observed	42	45	cell_type1	human	8569	1000	14	4	label_free_hvg
45	20	10	0.5	20	0.6373191255367799	0.8215700585158451	0.15537060193102145	0.23702765090172687	0.035541120916604996	0.2992672191467136	Baron	datasets_original/baron-human.rds	baseline	Observed	42	45	cell_type1	human	8569	1000	14	4	label_free_hvg
45	20	10	1.0	30	0.35600203718099765	0.7158304960927577	0.11067512685604233	0.26572315147584946	0.035541120916604996	0.29684453015215695	Baron	datasets_original/baron-human.rds	baseline	Observed	42	45	cell_type1	human	8569	1000	14	4	label_free_hvg
45	20	10	1.5	36	0.30021009423981637	0.6921749556196009	0.09557834758981874	0.27196363570269627	0.035541120916604996	0.2950999119784683	Baron	datasets_original/baron-human.rds	baseline	Observed	42	45	cell_type1	human	8569	1000	14	4	label_free_hvg
45	20	10	2.0	45	0.24051409854039676	0.659388857445231	0.07722232248915906	0.2648369947959128	0.035541120916604996	0.30000535515137017	Baron	datasets_original/baron-human.rds	baseline	Observed	42	45	cell_type1	human	8569	1000	14	4	label_free_hvg
45	20	15	0.2	12	0.6945805482677502	0.8213604810656281	0.13095619851111104	0.19116142178880685	0.035541120916604996	0.3760271689388901	Baron	datasets_original/baron-human.rds	baseline	Observed	42	45	cell_type1	human	8569	1000	14	4	label_free_hvg
45	20	15	0.5	19	0.641009386066314	0.8221631625542065	0.157349010465644	0.24112906626748332	0.035541120916604996	0.3669309359975159	Baron	datasets_original/baron-human.rds	baseline	Observed	42	45	cell_type1	human	8569	1000	14	4	label_free_hvg
45	20	15	1.0	29	0.4203827057183869	0.7373192826589866	0.12697139103477081	0.2700717440935603	0.035541120916604996	0.36873528896830976	Baron	datasets_original/baron-human.rds	baseline	Observed	42	45	cell_type1	human	8569	1000	14	4	label_free_hvg
45	20	15	1.5	33	0.31872242742062584	0.7016200556147997	0.1027246031410797	0.2701104024323403	0.035541120916604996	0.3694574940018356	Baron	datasets_original/baron-human.rds	baseline	Observed	42	45	cell_type1	human	8569	1000	14	4	label_free_hvg
45	20	15	2.0	35	0.2993586618864263	0.6925430796053613	0.09085112322789289	0.26882491425808147	0.035541120916604996	0.37701304885558784	Baron	datasets_original/baron-human.rds	baseline	Observed	42	45	cell_type1	human	8569	1000	14	4	label_free_hvg
45	20	30	0.2	10	0.7962182848555925	0.8446701835808234	0.09180022932717823	0.1392044629700648	0.035541120916604996	0.6528384550474584	Baron	datasets_original/baron-human.rds	baseline	Observed	42	45	cell_type1	human	8569	1000	14	4	label_free_hvg
45	20	30	0.5	16	0.6457282362580592	0.8191799064288158	0.16361621838256196	0.24590954494156642	0.035541120916604996	0.6392592689953744	Baron	datasets_original/baron-human.rds	baseline	Observed	42	45	cell_type1	human	8569	1000	14	4	label_free_hvg
45	20	30	1.0	21	0.47565488427647273	0.7577737816988271	0.1390510450630453	0.26164575515819477	0.035541120916604996	0.6425185659900308	Baron	datasets_original/baron-human.rds	baseline	Observed	42	45	cell_type1	human	8569	1000	14	4	label_free_hvg
45	20	30	1.5	26	0.38176824365900053	0.7222875157679961	0.11356464419558915	0.26536051985810194	0.035541120916604996	0.6451533949002624	Baron	datasets_original/baron-human.rds	baseline	Observed	42	45	cell_type1	human	8569	1000	14	4	label_free_hvg
45	20	30	2.0	30	0.305506238129232	0.6926378388864514	0.09848691197342904	0.27132075337086736	0.035541120916604996	0.6184516709763557	Baron	datasets_original/baron-human.rds	baseline	Observed	42	45	cell_type1	human	8569	1000	14	4	label_free_hvg
45	50	10	0.2	14	0.8255711012534669	0.8810660942067972	0.10131972254657803	0.1685016367335828	0.03681424260139465	0.33563058101572096	Baron	datasets_original/baron-human.rds	baseline	Observed	42	45	cell_type1	human	8569	1000	14	4	label_free_hvg
45	50	10	0.5	23	0.5592380035065824	0.8004066741746219	0.17765252734230702	0.27920140826009543	0.03681424260139465	0.33048852696083486	Baron	datasets_original/baron-human.rds	baseline	Observed	42	45	cell_type1	human	8569	1000	14	4	label_free_hvg
45	50	10	1.0	31	0.4187965966822512	0.743016916563774	0.18311455244856187	0.3370082305970377	0.03681424260139465	0.32631125999614596	Baron	datasets_original/baron-human.rds	baseline	Observed	42	45	cell_type1	human	8569	1000	14	4	label_free_hvg
45	50	10	1.5	35	0.36176702406267314	0.7211407723615925	0.15090076491820784	0.33087686366766733	0.03681424260139465	0.32632695510983467	Baron	datasets_original/baron-human.rds	baseline	Observed	42	45	cell_type1	human	8569	1000	14	4	label_free_hvg
45	50	10	2.0	39	0.2934588231539918	0.6905421319107463	0.11786455629355842	0.31620145816974055	0.03681424260139465	0.3243925969582051	Baron	datasets_original/baron-human.rds	baseline	Observed	42	45	cell_type1	human	8569	1000	14	4	label_free_hvg
45	50	15	0.2	12	0.8241611409692298	0.8752759821426196	0.10144041045185516	0.16767062384365836	0.03681424260139465	0.4207513080909848	Baron	datasets_original/baron-human.rds	baseline	Observed	42	45	cell_type1	human	8569	1000	14	4	label_free_hvg
45	50	15	0.5	19	0.5749955990619557	0.8109917337857658	0.18053618256335804	0.27383477680683455	0.03681424260139465	0.41431751288473606	Baron	datasets_original/baron-human.rds	baseline	Observed	42	45	cell_type1	human	8569	1000	14	4	label_free_hvg
45	50	15	1.0	27	0.4522158983004875	0.7572660005696488	0.18424030153295384	0.3196617873026378	0.03681424260139465	0.41237975703552365	Baron	datasets_original/baron-human.rds	baseline	Observed	42	45	cell_type1	human	8569	1000	14	4	label_free_hvg
45	50	15	1.5	32	0.38213789986432334	0.7299687077734273	0.16172094931273573	0.32728573082190265	0.03681424260139465	0.41587004205211997	Baron	datasets_original/baron-human.rds	baseline	Observed	42	45	cell_type1	human	8569	1000	14	4	label_free_hvg
45	50	15	2.0	34	0.3466535531255761	0.719294112982147	0.14498697628784293	0.3257150615732722	0.03681424260139465	0.41771762212738395	Baron	datasets_original/baron-human.rds	baseline	Observed	42	45	cell_type1	human	8569	1000	14	4	label_free_hvg
45	50	30	0.2	11	0.8122799668525836	0.8658281416831054	0.09558509523875743	0.14207244996144816	0.03681424260139465	0.6342129409313202	Baron	datasets_original/baron-human.rds	baseline	Observed	42	45	cell_type1	human	8569	1000	14	4	label_free_hvg
45	50	30	0.5	16	0.5774241854507	0.8069376144504848	0.1787238740677506	0.27123759243107143	0.03681424260139465	0.6477520081680268	Baron	datasets_original/baron-human.rds	baseline	Observed	42	45	cell_type1	human	8569	1000	14	4	label_free_hvg
45	50	30	1.0	21	0.4878885677690604	0.7696605305997175	0.20528554452251319	0.32330934501345454	0.03681424260139465	0.6545488510746509	Baron	datasets_original/baron-human.rds	baseline	Observed	42	45	cell_type1	human	8569	1000	14	4	label_free_hvg
45	50	30	1.5	26	0.43455680546553654	0.7478093895212751	0.18903197942431002	0.33565209330172463	0.03681424260139465	0.6628062478266656	Baron	datasets_original/baron-human.rds	baseline	Observed	42	45	cell_type1	human	8569	1000	14	4	label_free_hvg
45	50	30	2.0	30	0.36005016531602013	0.7227484736937305	0.1529137693369122	0.329580439944318	0.03681424260139465	0.6490767940413207	Baron	datasets_original/baron-human.rds	baseline	Observed	42	45	cell_type1	human	8569	1000	14	4	label_free_hvg
45	100	10	0.2	15	0.7279905282523595	0.8522698713617751	0.14040369376142411	0.21742026989213176	0.02967178262770176	0.3726037528831512	Baron	datasets_original/baron-human.rds	baseline	Observed	42	45	cell_type1	human	8569	1000	14	4	label_free_hvg
45	100	10	0.5	19	0.565283039128639	0.8023698580804426	0.18630051594516056	0.2850110992761093	0.02967178262770176	0.3666222831234336	Baron	datasets_original/baron-human.rds	baseline	Observed	42	45	cell_type1	human	8569	1000	14	4	label_free_hvg
45	100	10	1.0	26	0.4753817288720086	0.7639462253609918	0.2007215278052363	0.33214340765443073	0.02967178262770176	0.3608910220209509	Baron	datasets_original/baron-human.rds	baseline	Observed	42	45	cell_type1	human	8569	1000	14	4	label_free_hvg
45	100	10	1.5	31	0.40817256275254166	0.7334691741119239	0.18781363203863144	0.3380650607127073	0.02967178262770176	0.3643335150554776	Baron	datasets_original/baron-human.rds	baseline	Observed	42	45	cell_type1	human	8569	1000	14	4	label_free_hvg
45	100	10	2.0	35	0.37342600499381945	0.7191871944599054	0.16533894177712719	0.3264532422194642	0.02967178262770176	0.3630034609232098	Baron	datasets_original/baron-human.rds	baseline	Observed	42	45	cell_type1	human	8569	1000	14	4	label_free_hvg
45	100	15	0.2	13	0.8234786587980599	0.8749623230169568	0.10117135970199413	0.1675376882675233	0.02967178262770176	0.42634064913727343	Baron	datasets_original/baron-human.rds	baseline	Observed	42	45	cell_type1	human	8569	1000	14	4	label_free_hvg
45	100	15	0.5	19	0.574526700130784	0.8002285397674994	0.18154512383817792	0.2796279699002016	0.02967178262770176	0.417700920952484	Baron	datasets_original/baron-human.rds	baseline	Observed	42	45	cell_type1	human	8569	1000	14	4	label_free_hvg
45	100	15	1.0	26	0.4885067174059058	0.7646610538479036	0.19825212712098378	0.3270337862447824	0.02967178262770176	0.42215364682488143	Baron	datasets_original/baron-human.rds	baseline	Observed	42	45	cell_type1	human	8569	1000	14	4	label_free_hvg
45	100	15	1.5	27	0.4363825235551227	0.7425356515793153	0.18117559442247602	0.32790764223713126	0.02967178262770176	0.42172966594807804	Baron	datasets_original/baron-human.rds	baseline	Observed	42	45	cell_type1	human	8569	1000	14	4	label_free_hvg
45	100	15	2.0	30	0.3990957401646074	0.7299831187708724	0.18623963983737216	0.33917675583910883	0.02967178262770176	0.4232609469909221	Baron	datasets_original/baron-human.rds	baseline	Observed	42	45	cell_type1	human	8569	1000	14	4	label_free_hvg
45	100	30	0.2	10	0.930440546444905	0.9018365946993717	0.04104200775879771	0.05771818200483033	0.02967178262770176	0.6558591378852725	Baron	datasets_original/baron-human.rds	baseline	Observed	42	45	cell_type1	human	8569	1000	14	4	label_free_hvg
45	100	30	0.5	15	0.6014058786749229	0.8126773154001484	0.17303637611363662	0.2590777266804011	0.02967178262770176	0.6865080129355192	Baron	datasets_original/baron-human.rds	baseline	Observed	42	45	cell_type1	human	8569	1000	14	4	label_free_hvg
45	100	30	1.0	20	0.5328612759986703	0.7867590418253919	0.19239698440865605	0.29550344292343855	0.02967178262770176	0.6728248361032456	Baron	datasets_original/baron-human.rds	baseline	Observed	42	45	cell_type1	human	8569	1000	14	4	label_free_hvg
45	100	30	1.5	24	0.47459572183987075	0.7579426881916195	0.2079428100049921	0.341328830124703	0.02967178262770176	0.69585688598454	Baron	datasets_original/baron-human.rds	baseline	Observed	42	45	cell_type1	human	8569	1000	14	4	label_free_hvg
45	100	30	2.0	27	0.42828446929364733	0.7437455673553395	0.1684229647797075	0.3210896807383962	0.02967178262770176	0.6986431700643152	Baron	datasets_original/baron-human.rds	baseline	Observed	42	45	cell_type1	human	8569	1000	14	4	label_free_hvg
46	20	10	0.2	14	0.666035558285203	0.8151929505621406	0.13793586087138568	0.1943222329347181	0.01415206491947174	0.3045422579161823	Baron	datasets_original/baron-human.rds	baseline	Observed	42	46	cell_type1	human	8569	1000	14	4	label_free_hvg
46	20	10	0.5	20	0.6382033106900218	0.8226691945504732	0.15483345066120938	0.23344532802379678	0.01415206491947174	0.3001228650100529	Baron	datasets_original/baron-human.rds	baseline	Observed	42	46	cell_type1	human	8569	1000	14	4	label_free_hvg
46	20	10	1.0	31	0.3363431756128639	0.7120345923480267	0.1049995949968652	0.26322385277403926	0.01415206491947174	0.30083168810233474	Baron	datasets_original/baron-human.rds	baseline	Observed	42	46	cell_type1	human	8569	1000	14	4	label_free_hvg
46	20	10	1.5	34	0.3079253036712013	0.693512176337201	0.10117624732886428	0.2696391259330611	0.01415206491947174	0.29683277616277337	Baron	datasets_original/baron-human.rds	baseline	Observed	42	46	cell_type1	human	8569	1000	14	4	label_free_hvg
46	20	10	2.0	45	0.253580588420585	0.6666497372768362	0.08594937743836036	0.26815421404746387	0.01415206491947174	0.300499013857916	Baron	datasets_original/baron-human.rds	baseline	Observed	42	46	cell_type1	human	8569	1000	14	4	label_free_hvg
46	20	15	0.2	11	0.6475860924421529	0.8121462356184274	0.1472780647908069	0.2034831617609327	0.01415206491947174	0.3856739131733775	Baron	datasets_original/baron-human.rds	baseline	Observed	42	46	cell_type1	human	8569	1000	14	4	label_free_hvg
46	20	15	0.5	19	0.64080110112386	0.8218294943566778	0.1567679099793863	0.23988507381772184	0.01415206491947174	0.38763315114192665	Baron	datasets_original/baron-human.rds	baseline	Observed	42	46	cell_type1	human	8569	1000	14	4	label_free_hvg
46	20	15	1.0	27	0.44127163341532694	0.7512904876762249	0.14368188988519615	0.27471582376169884	0.01415206491947174	0.39796598395332694	Baron	datasets_original/baron-human.rds	baseline	Observed	42	46	cell_type1	human	8569	1000	14	4	label_free_hvg
46	20	15	1.5	35	0.3048300273100979	0.6965980954394375	0.09136536062018842	0.2699368392598073	0.01415206491947174	0.37829075497575104	Baron	datasets_original/baron-human.rds	baseline	Observed	42	46	cell_type1	human	8569	1000	14	4	label_free_hvg
46	20	15	2.0	36	0.2925682667139088	0.6899534330204133	0.09338501024574729	0.2694951909021229	0.01415206491947174	0.38001694111153483	Baron	datasets_original/baron-human.rds	baseline	Observed	42	46	cell_type1	human	8569	1000	14	4	label_free_hvg
46	20	30	0.2	10	0.7958945735296101	0.8442250128381997	0.0924863168306684	0.13943965160889069	0.01415206491947174	0.6268605929799378	Baron	datasets_original/baron-human.rds	baseline	Observed	42	46	cell_type1	human	8569	1000	14	4	label_free_hvg
46	20	30	0.5	16	0.6463115421891376	0.8194536044903212	0.1636438128011392	0.2457386946486033	0.01415206491947174	0.6161746811121702	Baron	datasets_original/baron-human.rds	baseline	Observed	42	46	cell_type1	human	8569	1000	14	4	label_free_hvg
46	20	30	1.0	21	0.5030982959353499	0.7681922237790102	0.16239389794687142	0.2716488817700969	0.01415206491947174	0.6405666980426759	Baron	datasets_original/baron-human.rds	baseline	Observed	42	46	cell_type1	human	8569	1000	14	4	label_free_hvg
46	20	30	1.5	26	0.36208308756230256	0.7172225727727728	0.11207392951053663	0.2706197522613085	0.01415206491947174	0.6242256578989327	Baron	datasets_original/baron-human.rds	baseline	Observed	42	46	cell_type1	human	8569	1000	14	4	label_free_hvg
46	20	30	2.0	30	0.3058073092296098	0.6926324858492674	0.10263922835701161	0.275477257929736	0.01415206491947174	0.6138488431461155	Baron	datasets_original/baron-human.rds	baseline	Observed	42	46	cell_type1	human	8569	1000	14	4	label_free_hvg
46	50	10	0.2	15	0.7206113345724474	0.8503597395450125	0.14400064023792108	0.2225968613543341	0.01700514741241932	0.32743550185114145	Baron	datasets_original/baron-human.rds	baseline	Observed	42	46	cell_type1	human	8569	1000	14	4	label_free_hvg
46	50	10	0.5	22	0.5644983968692504	0.8035133642758274	0.182169594231701	0.2826064707153584	0.01700514741241932	0.32422113115899265	Baron	datasets_original/baron-human.rds	baseline	Observed	42	46	cell_type1	human	8569	1000	14	4	label_free_hvg
46	50	10	1.0	32	0.4350204178656141	0.7476107365327567	0.18609737833814569	0.33440394589415756	0.01700514741241932	0.3192120320163667	Baron	datasets_original/baron-human.rds	baseline	Observed	42	46	cell_type1	human	8569	1000	14	4	label_free_hvg
46	50	10	1.5	34	0.363629661081582	0.7218148086098534	0.15237806030733372	0.3264205982436808	0.01700514741241932	0.3181327481288463	Baron	datasets_original/baron-human.rds	baseline	Observed	42	46	cell_type1	human	8569	1000	14	4	label_free_hvg
46	50	10	2.0	41	0.2769452007715443	0.6858357104265915	0.10912707761187217	0.31597809479210087	0.01700514741241932	0.32140036788769066	Baron	datasets_original/baron-human.rds	baseline	Observed	42	46	cell_type1	human	8569	1000	14	4	label_free_hvg
46	50	15	0.2	14	0.7173031975466634	0.8447073334508505	0.14272675754129657	0.21668205224454226	0.01700514741241932	0.4104766978416592	Baron	datasets_original/baron-human.rds	baseline	Observed	42	46	cell_type1	human	8569	1000	14	4	label_free_hvg
46	50	15	0.5	20	0.571012877263627	0.806015770623055	0.18492344722186635	0.28475234345187345	0.01700514741241932	0.4067001829389483	Baron	datasets_original/baron-human.rds	baseline	Observed	42	46	cell_type1	human	8569	1000	14	4	label_free_hvg
46	50	15	1.0	28	0.4443312024816029	0.755479287505901	0.17852370058225295	0.31769959976451856	0.01700514741241932	0.40804373496212065	Baron	datasets_original/baron-human.rds	baseline	Observed	42	46	cell_type1	human	8569	1000	14	4	label_free_hvg
46	50	15	1.5	32	0.3757555545028372	0.7263927894984592	0.16060311655318213	0.33030639575325305	0.01700514741241932	0.41353773488663137	Baron	datasets_original/baron-human.rds	baseline	Observed	42	46	cell_type1	human	8569	1000	14	4	label_free_hvg
46	50	15	2.0	34	0.33731738597051486	0.7122610329548711	0.13853424879856321	0.31937406637420446	0.01700514741241932	0.41543365898542106	Baron	datasets_original/baron-human.rds	baseline	Observed	42	46	cell_type1	human	8569	1000	14	4	label_free_hvg
46	50	30	0.2	10	0.9338171074524098	0.9065435910954309	0.04060378464917357	0.05690759741840847	0.01700514741241932	0.6682534888386726	Baron	datasets_original/baron-human.rds	baseline	Observed	42	46	cell_type1	human	8569	1000	14	4	label_free_hvg
46	50	30	0.5	16	0.5741823105179379	0.8047923119083817	0.18137348523419497	0.27304084592132866	0.01700514741241932	0.6740958502050489	Baron	datasets_original/baron-human.rds	baseline	Observed	42	46	cell_type1	human	8569	1000	14	4	label_free_hvg
46	50	30	1.0	21	0.4884042155628574	0.7702471273844814	0.20026288066823564	0.3130335063108364	0.01700514741241932	0.6567066467832774	Baron	datasets_original/baron-human.rds	baseline	Observed	42	46	cell_type1	human	8569	1000	14	4	label_free_hvg
46	50	30	1.5	26	0.44344547687158686	0.7517000420859002	0.18605116521935955	0.3291459356881441	0.01700514741241932	0.6604170659556985	Baron	datasets_original/baron-human.rds	baseline	Observed	42	46	cell_type1	human	8569	1000	14	4	label_free_hvg
46	50	30	2.0	29	0.3654754527073246	0.7257454339722393	0.15073244442191905	0.3248403196106451	0.01700514741241932	0.6537455960642546	Baron	datasets_original/baron-human.rds	baseline	Observed	42	46	cell_type1	human	8569	1000	14	4	label_free_hvg
46	100	10	0.2	14	0.8307279965349378	0.8826418214681416	0.10002951083244307	0.1673803719730975	0.009766512550413609	0.35364823415875435	Baron	datasets_original/baron-human.rds	baseline	Observed	42	46	cell_type1	human	8569	1000	14	4	label_free_hvg
46	100	10	0.5	20	0.5606846774737934	0.7960570860785057	0.18432116919549338	0.28668699549466364	0.009766512550413609	0.344686133088544	Baron	datasets_original/baron-human.rds	baseline	Observed	42	46	cell_type1	human	8569	1000	14	4	label_free_hvg
46	100	10	1.0	26	0.46237887318694676	0.7581623976387425	0.19283039816981398	0.32901072923307806	0.009766512550413609	0.3477675530593842	Baron	datasets_original/baron-human.rds	baseline	Observed	42	46	cell_type1	human	8569	1000	14	4	label_free_hvg
46	100	10	1.5	32	0.39937720503139	0.7343038792807612	0.17590932329052802	0.3279159239485149	0.009766512550413609	0.3523351380135864	Baron	datasets_original/baron-human.rds	baseline	Observed	42	46	cell_type1	human	8569	1000	14	4	label_free_hvg
46	100	10	2.0	36	0.3362851267818579	0.7075049591342959	0.1406678292600264	0.3119777925668499	0.009766512550413609	0.34644332295283675	Baron	datasets_original/baron-human.rds	baseline	Observed	42	46	cell_type1	human	8569	1000	14	4	label_free_hvg
46	100	15	0.2	13	0.7126684861081507	0.8343283386443452	0.1317727944675196	0.1907954273587017	0.009766512550413609	0.42915330501273274	Baron	datasets_original/baron-human.rds	baseline	Observed	42	46	cell_type1	human	8569	1000	14	4	label_free_hvg
46	100	15	0.5	18	0.5773639549232134	0.8019122933507886	0.1795291562002709	0.2769303487578151	0.009766512550413609	0.4258246039971709	Baron	datasets_original/baron-human.rds	baseline	Observed	42	46	cell_type1	human	8569	1000	14	4	label_free_hvg
46	100	15	1.0	26	0.47570360946136064	0.7599750282420324	0.1963556365748488	0.3281692923257327	0.009766512550413609	0.4246716641355306	Baron	datasets_original/baron-human.rds	baseline	Observed	42	46	cell_type1	human	8569	1000	14	4	label_free_hvg
46	100	15	1.5	28	0.41979141708305484	0.7382551488107172	0.18458919644947178	0.3357848486834448	0.009766512550413609	0.42560175992548466	Baron	datasets_original/baron-human.rds	baseline	Observed	42	46	cell_type1	human	8569	1000	14	4	label_free_hvg
46	100	15	2.0	33	0.3276743524870539	0.7062114977960918	0.13466382993306575	0.3218378261414955	0.009766512550413609	0.4270210221875459	Baron	datasets_original/baron-human.rds	baseline	Observed	42	46	cell_type1	human	8569	1000	14	4	label_free_hvg
46	100	30	0.2	10	0.9318009256901079	0.903172689907164	0.04071988651750199	0.0572745623740369	0.009766512550413609	0.6589958230033517	Baron	datasets_original/baron-human.rds	baseline	Observed	42	46	cell_type1	human	8569	1000	14	4	label_free_hvg
46	100	30	0.5	14	0.601763332788778	0.8110449645005725	0.17162731772851877	0.25847686437258066	0.009766512550413609	0.6602660699281842	Baron	datasets_original/baron-human.rds	baseline	Observed	42	46	cell_type1	human	8569	1000	14	4	label_free_hvg
46	100	30	1.0	19	0.5523980152996167	0.7955110533548396	0.18562569029764422	0.2881704522107805	0.009766512550413609	0.6696047440636903	Baron	datasets_original/baron-human.rds	baseline	Observed	42	46	cell_type1	human	8569	1000	14	4	label_free_hvg
46	100	30	1.5	25	0.4509593247945134	0.75186199093747	0.21326115365545853	0.35221897417114134	0.009766512550413609	0.6736721659544855	Baron	datasets_original/baron-human.rds	baseline	Observed	42	46	cell_type1	human	8569	1000	14	4	label_free_hvg
46	100	30	2.0	28	0.4241913381931546	0.7422631161372945	0.19207155274095167	0.343744129592434	0.009766512550413609	0.6829146719537675	Baron	datasets_original/baron-human.rds	baseline	Observed	42	46	cell_type1	human	8569	1000	14	4	label_free_hvg
42	20	10	0.2	17	0.5835475326751699	0.8013121707831126	0.17530513742567042	0.2664264363554117	0.03987469524145126	0.2668005882296711	Baron	datasets_original/baron-human.rds	dca	DCA	42	42	cell_type1	human	8569	1000	14	4	label_free_hvg
42	20	10	0.5	25	0.47788811148749577	0.7591965728062935	0.19664442288922188	0.332169249400036	0.03987469524145126	0.26574953412637115	Baron	datasets_original/baron-human.rds	dca	DCA	42	42	cell_type1	human	8569	1000	14	4	label_free_hvg
42	20	10	1.0	35	0.3274245390208488	0.706604620912357	0.14231103069225404	0.32947825540809955	0.03987469524145126	0.2647335510700941	Baron	datasets_original/baron-human.rds	dca	DCA	42	42	cell_type1	human	8569	1000	14	4	label_free_hvg
42	20	10	1.5	46	0.25029242471908714	0.664954402808325	0.11252621120276496	0.3298909691789949	0.03987469524145126	0.2659236341714859	Baron	datasets_original/baron-human.rds	dca	DCA	42	42	cell_type1	human	8569	1000	14	4	label_free_hvg
42	20	10	2.0	55	0.20086131260030832	0.639992427753716	0.08723358112873623	0.32190918948753827	0.03987469524145126	0.26109993807040155	Baron	datasets_original/baron-human.rds	dca	DCA	42	42	cell_type1	human	8569	1000	14	4	label_free_hvg
42	20	15	0.2	14	0.5927298150619449	0.816545590056847	0.17786339725417552	0.2671889208706303	0.03987469524145126	0.3347285180352628	Baron	datasets_original/baron-human.rds	dca	DCA	42	42	cell_type1	human	8569	1000	14	4	label_free_hvg
42	20	15	0.5	23	0.4985701288058063	0.7717818280030404	0.19988702605369607	0.34034784501573195	0.03987469524145126	0.32767024589702487	Baron	datasets_original/baron-human.rds	dca	DCA	42	42	cell_type1	human	8569	1000	14	4	label_free_hvg
42	20	15	1.0	30	0.39281801804388733	0.7304964893756501	0.17921770364905454	0.34080965620231	0.03987469524145126	0.32975129084661603	Baron	datasets_original/baron-human.rds	dca	DCA	42	42	cell_type1	human	8569	1000	14	4	label_free_hvg
42	20	15	1.5	36	0.27329943105312443	0.6845396257100589	0.11303690051949535	0.3238932272452102	0.03987469524145126	0.32935200701467693	Baron	datasets_original/baron-human.rds	dca	DCA	42	42	cell_type1	human	8569	1000	14	4	label_free_hvg
42	20	15	2.0	46	0.23553705859437246	0.6583203380254894	0.10364209890178908	0.322019412633881	0.03987469524145126	0.32915206998586655	Baron	datasets_original/baron-human.rds	dca	DCA	42	42	cell_type1	human	8569	1000	14	4	label_free_hvg
42	20	30	0.2	11	0.8072746379004122	0.8745294549315052	0.08539324035713987	0.12246179247922691	0.03987469524145126	0.5558830441441387	Baron	datasets_original/baron-human.rds	dca	DCA	42	42	cell_type1	human	8569	1000	14	4	label_free_hvg
42	20	30	0.5	18	0.539522425804148	0.7981915742730763	0.19308899352135542	0.2984087498811857	0.03987469524145126	0.5427725189365447	Baron	datasets_original/baron-human.rds	dca	DCA	42	42	cell_type1	human	8569	1000	14	4	label_free_hvg
42	20	30	1.0	24	0.4423794141780495	0.7548710763955466	0.1821261955283206	0.33045008476783655	0.03987469524145126	0.551101405872032	Baron	datasets_original/baron-human.rds	dca	DCA	42	42	cell_type1	human	8569	1000	14	4	label_free_hvg
42	20	30	1.5	30	0.32396429829361095	0.7070743877115222	0.13751316091757795	0.3203672708364422	0.03987469524145126	0.5366838190238923	Baron	datasets_original/baron-human.rds	dca	DCA	42	42	cell_type1	human	8569	1000	14	4	label_free_hvg
42	20	30	2.0	33	0.2826650917538291	0.687688461772277	0.1134819054595256	0.31318706575943417	0.03987469524145126	0.5473323569167405	Baron	datasets_original/baron-human.rds	dca	DCA	42	42	cell_type1	human	8569	1000	14	4	label_free_hvg
42	50	10	0.2	17	0.6620293934577214	0.8304788173627916	0.16944535321367504	0.26372619216841203	0.03787187859416008	0.2893602359108627	Baron	datasets_original/baron-human.rds	dca	DCA	42	42	cell_type1	human	8569	1000	14	4	label_free_hvg
42	50	10	0.5	24	0.49940530497737345	0.7729968097168447	0.2042958261260815	0.3383706943739235	0.03787187859416008	0.2837679120711982	Baron	datasets_original/baron-human.rds	dca	DCA	42	42	cell_type1	human	8569	1000	14	4	label_free_hvg
42	50	10	1.0	37	0.35014975813049837	0.7072767843231283	0.16784569415048756	0.3596826265655028	0.03787187859416008	0.279522123048082	Baron	datasets_original/baron-human.rds	dca	DCA	42	42	cell_type1	human	8569	1000	14	4	label_free_hvg
42	50	10	1.5	42	0.28539936119929915	0.6800938561149571	0.1317157662010265	0.3516721545479842	0.03787187859416008	0.28102779295295477	Baron	datasets_original/baron-human.rds	dca	DCA	42	42	cell_type1	human	8569	1000	14	4	label_free_hvg
42	50	10	2.0	49	0.24744985273339423	0.6607444119993312	0.11997144423772768	0.3494089241484223	0.03787187859416008	0.2795882089994848	Baron	datasets_original/baron-human.rds	dca	DCA	42	42	cell_type1	human	8569	1000	14	4	label_free_hvg
42	50	15	0.2	14	0.6632444287566319	0.827163869970425	0.1676318212016141	0.25209227613831797	0.03787187859416008	0.36730992095544934	Baron	datasets_original/baron-human.rds	dca	DCA	42	42	cell_type1	human	8569	1000	14	4	label_free_hvg
42	50	15	0.5	22	0.5060033324046448	0.7706453450434492	0.2130681238775213	0.3547402080581481	0.03787187859416008	0.3638303119223565	Baron	datasets_original/baron-human.rds	dca	DCA	42	42	cell_type1	human	8569	1000	14	4	label_free_hvg
42	50	15	1.0	30	0.398543637612341	0.7290176280317365	0.1980111964208563	0.36197309328255206	0.03787187859416008	0.3610482669901103	Baron	datasets_original/baron-human.rds	dca	DCA	42	42	cell_type1	human	8569	1000	14	4	label_free_hvg
42	50	15	1.5	36	0.3557355102010831	0.7107457962497737	0.17081075438517748	0.3624251605367427	0.03787187859416008	0.3610182791016996	Baron	datasets_original/baron-human.rds	dca	DCA	42	42	cell_type1	human	8569	1000	14	4	label_free_hvg
42	50	15	2.0	42	0.28768746488311014	0.6834289673335836	0.13313933439016537	0.3538064866941293	0.03787187859416008	0.36402380210347474	Baron	datasets_original/baron-human.rds	dca	DCA	42	42	cell_type1	human	8569	1000	14	4	label_free_hvg
42	50	30	0.2	11	0.8116966221956816	0.8753707229112808	0.09686484840173978	0.14018219458667674	0.03787187859416008	0.6314403859432787	Baron	datasets_original/baron-human.rds	dca	DCA	42	42	cell_type1	human	8569	1000	14	4	label_free_hvg
42	50	30	0.5	19	0.5222728919670862	0.7871639375739199	0.20239427380148226	0.32971314344905167	0.03787187859416008	0.6206897399388254	Baron	datasets_original/baron-human.rds	dca	DCA	42	42	cell_type1	human	8569	1000	14	4	label_free_hvg
42	50	30	1.0	22	0.4841974095246336	0.7687815555487432	0.21415819988114343	0.35826246547727136	0.03787187859416008	0.6182384290732443	Baron	datasets_original/baron-human.rds	dca	DCA	42	42	cell_type1	human	8569	1000	14	4	label_free_hvg
42	50	30	1.5	26	0.39557536601075716	0.7317035464089378	0.17592465617101688	0.3487869169757214	0.03787187859416008	0.6125919211190194	Baron	datasets_original/baron-human.rds	dca	DCA	42	42	cell_type1	human	8569	1000	14	4	label_free_hvg
42	50	30	2.0	33	0.2967681219981828	0.6937987390566653	0.1377782619035545	0.3506367714625783	0.03787187859416008	0.5973280719481409	Baron	datasets_original/baron-human.rds	dca	DCA	42	42	cell_type1	human	8569	1000	14	4	label_free_hvg
42	100	10	0.2	16	0.6547850861839393	0.8278085216095737	0.15657045559816837	0.2383376655245237	0.035558927804231644	0.2979683680459857	Baron	datasets_original/baron-human.rds	dca	DCA	42	42	cell_type1	human	8569	1000	14	4	label_free_hvg
42	100	10	0.5	22	0.5121955511529552	0.7794918644199968	0.1996245681149712	0.32545821942906433	0.035558927804231644	0.2945705361198634	Baron	datasets_original/baron-human.rds	dca	DCA	42	42	cell_type1	human	8569	1000	14	4	label_free_hvg
42	100	10	1.0	33	0.4208237277545802	0.735336268706637	0.18305669034070252	0.3561967111041663	0.035558927804231644	0.2934217150323093	Baron	datasets_original/baron-human.rds	dca	DCA	42	42	cell_type1	human	8569	1000	14	4	label_free_hvg
42	100	10	1.5	39	0.3029337612789891	0.6926324604372313	0.142983472757874	0.3549760905823923	0.035558927804231644	0.29238053411245346	Baron	datasets_original/baron-human.rds	dca	DCA	42	42	cell_type1	human	8569	1000	14	4	label_free_hvg
42	100	10	2.0	49	0.2667094101083354	0.6704909886272554	0.1287388803856832	0.3583613016411938	0.035558927804231644	0.29056660388596356	Baron	datasets_original/baron-human.rds	dca	DCA	42	42	cell_type1	human	8569	1000	14	4	label_free_hvg
42	100	15	0.2	14	0.6588565027480524	0.8303993091008689	0.15670029851646852	0.23569015135462817	0.035558927804231644	0.37945871497504413	Baron	datasets_original/baron-human.rds	dca	DCA	42	42	cell_type1	human	8569	1000	14	4	label_free_hvg
42	100	15	0.5	22	0.5008576393875837	0.7714714338690132	0.2054923654060615	0.35009399024535026	0.035558927804231644	0.3727905750274658	Baron	datasets_original/baron-human.rds	dca	DCA	42	42	cell_type1	human	8569	1000	14	4	label_free_hvg
42	100	15	1.0	28	0.4529553555736286	0.7479670746155674	0.2062182716219407	0.36128949778890596	0.035558927804231644	0.37474462087266147	Baron	datasets_original/baron-human.rds	dca	DCA	42	42	cell_type1	human	8569	1000	14	4	label_free_hvg
42	100	15	1.5	35	0.3374925888373351	0.7060840524095492	0.1615224908177499	0.35426990347347787	0.035558927804231644	0.37376893195323646	Baron	datasets_original/baron-human.rds	dca	DCA	42	42	cell_type1	human	8569	1000	14	4	label_free_hvg
42	100	15	2.0	41	0.2918813221297765	0.687776013875243	0.13521799426426762	0.35466404002953617	0.035558927804231644	0.37052681017667055	Baron	datasets_original/baron-human.rds	dca	DCA	42	42	cell_type1	human	8569	1000	14	4	label_free_hvg
42	100	30	0.2	11	0.8125021263990936	0.8758209465359866	0.09743169571235204	0.14112080572327645	0.035558927804231644	0.6136263799853623	Baron	datasets_original/baron-human.rds	dca	DCA	42	42	cell_type1	human	8569	1000	14	4	label_free_hvg
42	100	30	0.5	19	0.526909620868739	0.79173468858085	0.20395555872716017	0.33280813772631057	0.035558927804231644	0.6170132260303944	Baron	datasets_original/baron-human.rds	dca	DCA	42	42	cell_type1	human	8569	1000	14	4	label_free_hvg
42	100	30	1.0	23	0.47707143644167654	0.7651049291743853	0.20922597129879975	0.3569472539667741	0.035558927804231644	0.6134229078888893	Baron	datasets_original/baron-human.rds	dca	DCA	42	42	cell_type1	human	8569	1000	14	4	label_free_hvg
42	100	30	1.5	26	0.3935866786677709	0.7342928754349707	0.18622720557051167	0.35736538011010116	0.035558927804231644	0.6122132730670273	Baron	datasets_original/baron-human.rds	dca	DCA	42	42	cell_type1	human	8569	1000	14	4	label_free_hvg
42	100	30	2.0	30	0.3538974981791779	0.7125887713956327	0.16882072034150505	0.3548849723978452	0.035558927804231644	0.6184162059798837	Baron	datasets_original/baron-human.rds	dca	DCA	42	42	cell_type1	human	8569	1000	14	4	label_free_hvg
43	20	10	0.2	17	0.5833750380125591	0.8019784492496608	0.17356982217837225	0.2653089623143225	0.04130849614739418	0.26386284711770713	Baron	datasets_original/baron-human.rds	dca	DCA	42	43	cell_type1	human	8569	1000	14	4	label_free_hvg
43	20	10	0.5	25	0.4507714268166916	0.7465009755102099	0.18164062600098727	0.3365646915359844	0.04130849614739418	0.26378017594106495	Baron	datasets_original/baron-human.rds	dca	DCA	42	43	cell_type1	human	8569	1000	14	4	label_free_hvg
43	20	10	1.0	35	0.32998210108260967	0.7034074329796031	0.14429952318838607	0.32404547599022576	0.04130849614739418	0.2626561098732054	Baron	datasets_original/baron-human.rds	dca	DCA	42	43	cell_type1	human	8569	1000	14	4	label_free_hvg
43	20	10	1.5	48	0.2289066365917843	0.6561933372538312	0.09787580951084386	0.3212540578105015	0.04130849614739418	0.2597465580329299	Baron	datasets_original/baron-human.rds	dca	DCA	42	43	cell_type1	human	8569	1000	14	4	label_free_hvg
43	20	10	2.0	56	0.19220188750816458	0.6368824134787231	0.08430052834172715	0.3114419254237378	0.04130849614739418	0.26145258895121515	Baron	datasets_original/baron-human.rds	dca	DCA	42	43	cell_type1	human	8569	1000	14	4	label_free_hvg
43	20	15	0.2	13	0.580083630122126	0.8063082141828909	0.1680229885426963	0.23838479710136184	0.04130849614739418	0.33114491193555295	Baron	datasets_original/baron-human.rds	dca	DCA	42	43	cell_type1	human	8569	1000	14	4	label_free_hvg
43	20	15	0.5	23	0.49923972128239186	0.7720202846742279	0.19939721987427697	0.3391191158117928	0.04130849614739418	0.32508928212337196	Baron	datasets_original/baron-human.rds	dca	DCA	42	43	cell_type1	human	8569	1000	14	4	label_free_hvg
43	20	15	1.0	31	0.38684885931635954	0.7247125492214909	0.17969183128370517	0.3422773693598851	0.04130849614739418	0.3263531259726733	Baron	datasets_original/baron-human.rds	dca	DCA	42	43	cell_type1	human	8569	1000	14	4	label_free_hvg
43	20	15	1.5	37	0.2781560937405174	0.6829578700465381	0.11595193698193579	0.3176445841477994	0.04130849614739418	0.32691674889065325	Baron	datasets_original/baron-human.rds	dca	DCA	42	43	cell_type1	human	8569	1000	14	4	label_free_hvg
43	20	15	2.0	46	0.2190469757660219	0.6541331586032576	0.09478356588017597	0.3251762790818978	0.04130849614739418	0.3256877069361508	Baron	datasets_original/baron-human.rds	dca	DCA	42	43	cell_type1	human	8569	1000	14	4	label_free_hvg
43	20	30	0.2	11	0.8072746379004122	0.8745294549315052	0.08539324035713987	0.12246179247922691	0.04130849614739418	0.5530521699693054	Baron	datasets_original/baron-human.rds	dca	DCA	42	43	cell_type1	human	8569	1000	14	4	label_free_hvg
43	20	30	0.5	18	0.5396575341519855	0.7983463690273958	0.19188258894584112	0.303741899974541	0.04130849614739418	0.5552254430949688	Baron	datasets_original/baron-human.rds	dca	DCA	42	43	cell_type1	human	8569	1000	14	4	label_free_hvg
43	20	30	1.0	23	0.48780651313016477	0.7687895025048184	0.1971821573925307	0.33179295966584954	0.04130849614739418	0.5688632510136813	Baron	datasets_original/baron-human.rds	dca	DCA	42	43	cell_type1	human	8569	1000	14	4	label_free_hvg
43	20	30	1.5	29	0.34168482571065806	0.7132801211696339	0.14671996932539996	0.32202505584711644	0.04130849614739418	0.5530144730582833	Baron	datasets_original/baron-human.rds	dca	DCA	42	43	cell_type1	human	8569	1000	14	4	label_free_hvg
43	20	30	2.0	32	0.30318920211443584	0.6974664751375825	0.13123115528078663	0.32251148812630287	0.04130849614739418	0.553693202091381	Baron	datasets_original/baron-human.rds	dca	DCA	42	43	cell_type1	human	8569	1000	14	4	label_free_hvg
43	50	10	0.2	16	0.6561994190671867	0.8259579003226021	0.1562857435634653	0.23887180315453568	0.039184484630823135	0.2850395878776908	Baron	datasets_original/baron-human.rds	dca	DCA	42	43	cell_type1	human	8569	1000	14	4	label_free_hvg
43	50	10	0.5	24	0.49324413732639066	0.7660866847077051	0.20188455013988452	0.33851910891898973	0.039184484630823135	0.2831366329919547	Baron	datasets_original/baron-human.rds	dca	DCA	42	43	cell_type1	human	8569	1000	14	4	label_free_hvg
43	50	10	1.0	35	0.359138572932189	0.7121804072471145	0.17584918481540418	0.36487068918173116	0.039184484630823135	0.28186975815333426	Baron	datasets_original/baron-human.rds	dca	DCA	42	43	cell_type1	human	8569	1000	14	4	label_free_hvg
43	50	10	1.5	41	0.3031644019740039	0.68920448794374	0.14302650225562688	0.3555648052703803	0.039184484630823135	0.2838964071124792	Baron	datasets_original/baron-human.rds	dca	DCA	42	43	cell_type1	human	8569	1000	14	4	label_free_hvg
43	50	10	2.0	51	0.23960898613492185	0.6584404732941759	0.1125080184192451	0.3411076082551424	0.039184484630823135	0.28247546195052564	Baron	datasets_original/baron-human.rds	dca	DCA	42	43	cell_type1	human	8569	1000	14	4	label_free_hvg
43	50	15	0.2	14	0.6627772049452115	0.8268100750860232	0.16752054478238557	0.2519974403177671	0.039184484630823135	0.3675808690022677	Baron	datasets_original/baron-human.rds	dca	DCA	42	43	cell_type1	human	8569	1000	14	4	label_free_hvg
43	50	15	0.5	22	0.5081217901245354	0.7749811527573934	0.21030073371171704	0.35246001736668314	0.039184484630823135	0.3674408320803195	Baron	datasets_original/baron-human.rds	dca	DCA	42	43	cell_type1	human	8569	1000	14	4	label_free_hvg
43	50	15	1.0	29	0.44432740623162137	0.7426699982900983	0.2081693703447593	0.3594747732078404	0.039184484630823135	0.36285424907691777	Baron	datasets_original/baron-human.rds	dca	DCA	42	43	cell_type1	human	8569	1000	14	4	label_free_hvg
43	50	15	1.5	37	0.3287878863183761	0.699301005455666	0.1612564091306837	0.366471032774615	0.039184484630823135	0.36540910112671554	Baron	datasets_original/baron-human.rds	dca	DCA	42	43	cell_type1	human	8569	1000	14	4	label_free_hvg
43	50	15	2.0	43	0.2866444133918266	0.6841633501451743	0.13793952765425238	0.36023658658755325	0.039184484630823135	0.3621031530201435	Baron	datasets_original/baron-human.rds	dca	DCA	42	43	cell_type1	human	8569	1000	14	4	label_free_hvg
43	50	30	0.2	11	0.8058215845577821	0.8736651607186785	0.0863603168389326	0.12381275889952584	0.039184484630823135	0.6044757429044694	Baron	datasets_original/baron-human.rds	dca	DCA	42	43	cell_type1	human	8569	1000	14	4	label_free_hvg
43	50	30	0.5	19	0.5265848703727138	0.791279801450825	0.20419750172274967	0.33229627204108664	0.039184484630823135	0.6240236908197403	Baron	datasets_original/baron-human.rds	dca	DCA	42	43	cell_type1	human	8569	1000	14	4	label_free_hvg
43	50	30	1.0	24	0.42698693742920657	0.7500828864928331	0.19490277970276224	0.3530744997328807	0.039184484630823135	0.5920385788194835	Baron	datasets_original/baron-human.rds	dca	DCA	42	43	cell_type1	human	8569	1000	14	4	label_free_hvg
43	50	30	1.5	26	0.4144269327009024	0.74214624451576	0.19312984610792797	0.35672679797968393	0.039184484630823135	0.6005913012195379	Baron	datasets_original/baron-human.rds	dca	DCA	42	43	cell_type1	human	8569	1000	14	4	label_free_hvg
43	50	30	2.0	32	0.31365307481387733	0.7001025339453599	0.14161207874508966	0.3444928086640944	0.039184484630823135	0.5886448309756815	Baron	datasets_original/baron-human.rds	dca	DCA	42	43	cell_type1	human	8569	1000	14	4	label_free_hvg
43	100	10	0.2	17	0.6589213516941196	0.8324521291481557	0.1707583642029744	0.26570127062219473	0.036881282925605774	0.29314611782319844	Baron	datasets_original/baron-human.rds	dca	DCA	42	43	cell_type1	human	8569	1000	14	4	label_free_hvg
43	100	10	0.5	24	0.4955053136336968	0.7721482512526863	0.1983253947849042	0.33220033186345604	0.036881282925605774	0.2920713198836893	Baron	datasets_original/baron-human.rds	dca	DCA	42	43	cell_type1	human	8569	1000	14	4	label_free_hvg
43	100	10	1.0	35	0.38431771936088754	0.7202363322518488	0.16096954957491938	0.34305164688648443	0.036881282925605774	0.29067525709979236	Baron	datasets_original/baron-human.rds	dca	DCA	42	43	cell_type1	human	8569	1000	14	4	label_free_hvg
43	100	10	1.5	42	0.2922279715491344	0.6847728944381949	0.1350234387213044	0.3488183876957883	0.036881282925605774	0.2884959331713617	Baron	datasets_original/baron-human.rds	dca	DCA	42	43	cell_type1	human	8569	1000	14	4	label_free_hvg
43	100	10	2.0	50	0.2729756864151561	0.6716370322380548	0.1335895505983424	0.3571626317186141	0.036881282925605774	0.29103443399071693	Baron	datasets_original/baron-human.rds	dca	DCA	42	43	cell_type1	human	8569	1000	14	4	label_free_hvg
43	100	15	0.2	14	0.66589606666717	0.8285349497779618	0.16790057181409623	0.2535267170852737	0.036881282925605774	0.37834584689699113	Baron	datasets_original/baron-human.rds	dca	DCA	42	43	cell_type1	human	8569	1000	14	4	label_free_hvg
43	100	15	0.5	22	0.5039828254128871	0.7791678728554723	0.20480005238205687	0.34294950488759063	0.036881282925605774	0.37252980493940413	Baron	datasets_original/baron-human.rds	dca	DCA	42	43	cell_type1	human	8569	1000	14	4	label_free_hvg
43	100	15	1.0	27	0.45452697417707283	0.7509311929261597	0.20500714470678963	0.3553224286401591	0.036881282925605774	0.37146473908796906	Baron	datasets_original/baron-human.rds	dca	DCA	42	43	cell_type1	human	8569	1000	14	4	label_free_hvg
43	100	15	1.5	34	0.35484279005427916	0.7096139196629659	0.16854355250529177	0.35867798579596344	0.036881282925605774	0.3690957031212747	Baron	datasets_original/baron-human.rds	dca	DCA	42	43	cell_type1	human	8569	1000	14	4	label_free_hvg
43	100	15	2.0	42	0.30024637878237803	0.6873302059461539	0.1449515560077394	0.3614389736533887	0.036881282925605774	0.36965943593531847	Baron	datasets_original/baron-human.rds	dca	DCA	42	43	cell_type1	human	8569	1000	14	4	label_free_hvg
43	100	30	0.2	11	0.8026465493931637	0.8695358520015933	0.08666896681346135	0.12388152924242606	0.036881282925605774	0.6118289739824831	Baron	datasets_original/baron-human.rds	dca	DCA	42	43	cell_type1	human	8569	1000	14	4	label_free_hvg
43	100	30	0.5	19	0.5221645108393534	0.7846761436074264	0.20439332756467093	0.3344936107627259	0.036881282925605774	0.6118350371252745	Baron	datasets_original/baron-human.rds	dca	DCA	42	43	cell_type1	human	8569	1000	14	4	label_free_hvg
43	100	30	1.0	23	0.47524616634011607	0.7647842322834131	0.20884135517585423	0.35621392218101877	0.036881282925605774	0.6115608089603484	Baron	datasets_original/baron-human.rds	dca	DCA	42	43	cell_type1	human	8569	1000	14	4	label_free_hvg
43	100	30	1.5	26	0.4103501154455543	0.737058909194363	0.1992217732852946	0.37258427379865594	0.036881282925605774	0.6096964769531041	Baron	datasets_original/baron-human.rds	dca	DCA	42	43	cell_type1	human	8569	1000	14	4	label_free_hvg
43	100	30	2.0	31	0.3403046802171119	0.7068322021276121	0.16693264276793143	0.3598878783012088	0.036881282925605774	0.6092893430031836	Baron	datasets_original/baron-human.rds	dca	DCA	42	43	cell_type1	human	8569	1000	14	4	label_free_hvg
44	20	10	0.2	17	0.5861044103198128	0.808394363499606	0.1729797326690176	0.27012222179107304	0.04226691275835037	0.271953159943223	Baron	datasets_original/baron-human.rds	dca	DCA	42	44	cell_type1	human	8569	1000	14	4	label_free_hvg
44	20	10	0.5	24	0.4800747842127877	0.7603597791959841	0.19583320758638526	0.3220112654802849	0.04226691275835037	0.2676989829633385	Baron	datasets_original/baron-human.rds	dca	DCA	42	44	cell_type1	human	8569	1000	14	4	label_free_hvg
44	20	10	1.0	34	0.3210566216461029	0.7045584201102034	0.13865006623167667	0.33093927813924	0.04226691275835037	0.26455338089726865	Baron	datasets_original/baron-human.rds	dca	DCA	42	44	cell_type1	human	8569	1000	14	4	label_free_hvg
44	20	10	1.5	49	0.22426489267387165	0.6542420210874146	0.09623596837366506	0.317394545607701	0.04226691275835037	0.26172079890966415	Baron	datasets_original/baron-human.rds	dca	DCA	42	44	cell_type1	human	8569	1000	14	4	label_free_hvg
44	20	10	2.0	55	0.19951830672653537	0.6392559821370606	0.08608454107339575	0.3192415130306645	0.04226691275835037	0.2613566860090941	Baron	datasets_original/baron-human.rds	dca	DCA	42	44	cell_type1	human	8569	1000	14	4	label_free_hvg
44	20	15	0.2	14	0.5925850688660046	0.816655738667172	0.17749901466082502	0.26690321982853593	0.04226691275835037	0.3397398260422051	Baron	datasets_original/baron-human.rds	dca	DCA	42	44	cell_type1	human	8569	1000	14	4	label_free_hvg
44	20	15	0.5	23	0.5048651240704535	0.7745362522289734	0.20325301117524883	0.3414144242543044	0.04226691275835037	0.3357054030057043	Baron	datasets_original/baron-human.rds	dca	DCA	42	44	cell_type1	human	8569	1000	14	4	label_free_hvg
44	20	15	1.0	30	0.3730753875241819	0.7246647601642477	0.1559188581241928	0.32189366498867433	0.04226691275835037	0.33571791485883296	Baron	datasets_original/baron-human.rds	dca	DCA	42	44	cell_type1	human	8569	1000	14	4	label_free_hvg
44	20	15	1.5	36	0.27891680109671635	0.6870941111638751	0.11759605208874048	0.32286381414608345	0.04226691275835037	0.33181459410116076	Baron	datasets_original/baron-human.rds	dca	DCA	42	44	cell_type1	human	8569	1000	14	4	label_free_hvg
44	20	15	2.0	44	0.24411365892009626	0.6656690118001714	0.10835087507613117	0.32593885706106984	0.04226691275835037	0.33388235489837825	Baron	datasets_original/baron-human.rds	dca	DCA	42	44	cell_type1	human	8569	1000	14	4	label_free_hvg
44	20	30	0.2	11	0.8072746379004122	0.8745294549315052	0.08539324035713987	0.12246179247922691	0.04226691275835037	0.5552815718110651	Baron	datasets_original/baron-human.rds	dca	DCA	42	44	cell_type1	human	8569	1000	14	4	label_free_hvg
44	20	30	0.5	18	0.5432610050977636	0.7988576513585208	0.187312200085693	0.2908289489314385	0.04226691275835037	0.5625999860931188	Baron	datasets_original/baron-human.rds	dca	DCA	42	44	cell_type1	human	8569	1000	14	4	label_free_hvg
44	20	30	1.0	23	0.4802770084920763	0.7639828654655293	0.19840448132092053	0.3323294273034896	0.04226691275835037	0.5372536438517272	Baron	datasets_original/baron-human.rds	dca	DCA	42	44	cell_type1	human	8569	1000	14	4	label_free_hvg
44	20	30	1.5	30	0.32434099392184057	0.706082059030467	0.13871257187864292	0.32095682920589164	0.04226691275835037	0.5315975830890238	Baron	datasets_original/baron-human.rds	dca	DCA	42	44	cell_type1	human	8569	1000	14	4	label_free_hvg
44	20	30	2.0	34	0.26597378902320673	0.683312557172937	0.1096698386277001	0.31432148495467616	0.04226691275835037	0.5240356931462884	Baron	datasets_original/baron-human.rds	dca	DCA	42	44	cell_type1	human	8569	1000	14	4	label_free_hvg
44	50	10	0.2	17	0.6577623813849007	0.8301442238029154	0.17161609561327917	0.27001906609041365	0.03900888189673424	0.28231751010753214	Baron	datasets_original/baron-human.rds	dca	DCA	42	44	cell_type1	human	8569	1000	14	4	label_free_hvg
44	50	10	0.5	25	0.5020819441182258	0.7733585474619654	0.2060478760287343	0.33957590660486164	0.03900888189673424	0.2814396859612316	Baron	datasets_original/baron-human.rds	dca	DCA	42	44	cell_type1	human	8569	1000	14	4	label_free_hvg
44	50	10	1.0	34	0.3686520689684202	0.716528402406351	0.17601175842531042	0.35629889444864676	0.03900888189673424	0.2815953381359577	Baron	datasets_original/baron-human.rds	dca	DCA	42	44	cell_type1	human	8569	1000	14	4	label_free_hvg
44	50	10	1.5	43	0.28299158149820974	0.6798678742118158	0.13080046341047696	0.3469531179258639	0.03900888189673424	0.2758528799749911	Baron	datasets_original/baron-human.rds	dca	DCA	42	44	cell_type1	human	8569	1000	14	4	label_free_hvg
44	50	10	2.0	51	0.25241532394145677	0.6617250738309555	0.12129297905206712	0.3490511108492812	0.03900888189673424	0.2778643879573792	Baron	datasets_original/baron-human.rds	dca	DCA	42	44	cell_type1	human	8569	1000	14	4	label_free_hvg
44	50	15	0.2	14	0.6622647109688287	0.8265420908246958	0.16677209065939794	0.2505435037541219	0.03900888189673424	0.3661328419111669	Baron	datasets_original/baron-human.rds	dca	DCA	42	44	cell_type1	human	8569	1000	14	4	label_free_hvg
44	50	15	0.5	21	0.5154150217836299	0.7794624385391523	0.21245730924898404	0.3520421800201398	0.03900888189673424	0.35873794788494706	Baron	datasets_original/baron-human.rds	dca	DCA	42	44	cell_type1	human	8569	1000	14	4	label_free_hvg
44	50	15	1.0	30	0.3959154703702847	0.7286900955615563	0.1946309928430933	0.36315533614972434	0.03900888189673424	0.35886280587874353	Baron	datasets_original/baron-human.rds	dca	DCA	42	44	cell_type1	human	8569	1000	14	4	label_free_hvg
44	50	15	1.5	36	0.3268212871318987	0.7024799045946681	0.1464341560575114	0.35264117699604064	0.03900888189673424	0.35865784902125597	Baron	datasets_original/baron-human.rds	dca	DCA	42	44	cell_type1	human	8569	1000	14	4	label_free_hvg
44	50	15	2.0	41	0.27756189214895377	0.6776163057408191	0.1331999227745883	0.36109163686912327	0.03900888189673424	0.35839858395047486	Baron	datasets_original/baron-human.rds	dca	DCA	42	44	cell_type1	human	8569	1000	14	4	label_free_hvg
44	50	30	0.2	11	0.8116368111632795	0.8748938833418647	0.09672005038620894	0.13971182103780494	0.03900888189673424	0.5699599760118872	Baron	datasets_original/baron-human.rds	dca	DCA	42	44	cell_type1	human	8569	1000	14	4	label_free_hvg
44	50	30	0.5	19	0.5245988113884102	0.7876309500404916	0.20448913949510208	0.33148554676767356	0.03900888189673424	0.5743540569674224	Baron	datasets_original/baron-human.rds	dca	DCA	42	44	cell_type1	human	8569	1000	14	4	label_free_hvg
44	50	30	1.0	23	0.4767312440456431	0.7655922222329686	0.2095952516694171	0.3571984721000609	0.03900888189673424	0.5699571140576154	Baron	datasets_original/baron-human.rds	dca	DCA	42	44	cell_type1	human	8569	1000	14	4	label_free_hvg
44	50	30	1.5	26	0.4004901795032386	0.7340263793994939	0.18901184836027893	0.3586188912591047	0.03900888189673424	0.5652838959358633	Baron	datasets_original/baron-human.rds	dca	DCA	42	44	cell_type1	human	8569	1000	14	4	label_free_hvg
44	50	30	2.0	32	0.3307082082346172	0.7034899184743797	0.16265552861435545	0.3593379281410347	0.03900888189673424	0.5704362378455698	Baron	datasets_original/baron-human.rds	dca	DCA	42	44	cell_type1	human	8569	1000	14	4	label_free_hvg
44	100	10	0.2	16	0.6599987919509006	0.8264050123945283	0.16788301944203796	0.25504922959932896	0.03660795837640762	0.2927076460327953	Baron	datasets_original/baron-human.rds	dca	DCA	42	44	cell_type1	human	8569	1000	14	4	label_free_hvg
44	100	10	0.5	24	0.4961387553912639	0.7727859546521888	0.19785335650869537	0.3310538342944558	0.03660795837640762	0.29404713306576014	Baron	datasets_original/baron-human.rds	dca	DCA	42	44	cell_type1	human	8569	1000	14	4	label_free_hvg
44	100	10	1.0	35	0.3750097174663027	0.7169647552191044	0.18586125885195903	0.3624671105722856	0.03660795837640762	0.2911917839664966	Baron	datasets_original/baron-human.rds	dca	DCA	42	44	cell_type1	human	8569	1000	14	4	label_free_hvg
44	100	10	1.5	40	0.3219522193159003	0.6957104829290699	0.15396800931816096	0.3557018249401388	0.03660795837640762	0.29089675890281796	Baron	datasets_original/baron-human.rds	dca	DCA	42	44	cell_type1	human	8569	1000	14	4	label_free_hvg
44	100	10	2.0	51	0.2647952153180205	0.6674616796844896	0.12746039154581357	0.3531052102960067	0.03660795837640762	0.29027011804282665	Baron	datasets_original/baron-human.rds	dca	DCA	42	44	cell_type1	human	8569	1000	14	4	label_free_hvg
44	100	15	0.2	14	0.672671779121282	0.8348465339519244	0.1666759489561675	0.2530932891994246	0.03660795837640762	0.3657489148899913	Baron	datasets_original/baron-human.rds	dca	DCA	42	44	cell_type1	human	8569	1000	14	4	label_free_hvg
44	100	15	0.5	22	0.5091510194822882	0.7804559834244148	0.21104882647571488	0.3493026186391747	0.03660795837640762	0.36588101694360375	Baron	datasets_original/baron-human.rds	dca	DCA	42	44	cell_type1	human	8569	1000	14	4	label_free_hvg
44	100	15	1.0	28	0.42446281179559914	0.7391722655243973	0.18461025373524145	0.35024837131954767	0.03660795837640762	0.36526934895664454	Baron	datasets_original/baron-human.rds	dca	DCA	42	44	cell_type1	human	8569	1000	14	4	label_free_hvg
44	100	15	1.5	36	0.3343712432352647	0.7032789865352487	0.16208903041617087	0.3590347240621683	0.03660795837640762	0.3623461660463363	Baron	datasets_original/baron-human.rds	dca	DCA	42	44	cell_type1	human	8569	1000	14	4	label_free_hvg
44	100	15	2.0	42	0.2947800818453738	0.6868887463223993	0.13984090731398807	0.35880073031795007	0.03660795837640762	0.36197668220847845	Baron	datasets_original/baron-human.rds	dca	DCA	42	44	cell_type1	human	8569	1000	14	4	label_free_hvg
44	100	30	0.2	11	0.8065178781712935	0.8743922820646441	0.08644200928682706	0.12390206053482948	0.03660795837640762	0.5998663119971752	Baron	datasets_original/baron-human.rds	dca	DCA	42	44	cell_type1	human	8569	1000	14	4	label_free_hvg
44	100	30	0.5	18	0.5306693943495168	0.7960399035426082	0.20437311530825764	0.32972687291318065	0.03660795837640762	0.6180445929057896	Baron	datasets_original/baron-human.rds	dca	DCA	42	44	cell_type1	human	8569	1000	14	4	label_free_hvg
44	100	30	1.0	23	0.47760361895574266	0.7656099757809581	0.21027235490287516	0.3576527718515717	0.03660795837640762	0.5818761440459639	Baron	datasets_original/baron-human.rds	dca	DCA	42	44	cell_type1	human	8569	1000	14	4	label_free_hvg
44	100	30	1.5	26	0.3975113161991689	0.7337184109714892	0.1730972470848785	0.34745992617277355	0.03660795837640762	0.5670842060353607	Baron	datasets_original/baron-human.rds	dca	DCA	42	44	cell_type1	human	8569	1000	14	4	label_free_hvg
44	100	30	2.0	29	0.3624092876160064	0.7175498870979412	0.17340706120579796	0.3568765657243682	0.03660795837640762	0.5665930239483714	Baron	datasets_original/baron-human.rds	dca	DCA	42	44	cell_type1	human	8569	1000	14	4	label_free_hvg
45	20	10	0.2	17	0.591259117802553	0.8105528004603633	0.1719047383233424	0.2610735658580857	0.04438753426074982	0.2687619091011584	Baron	datasets_original/baron-human.rds	dca	DCA	42	45	cell_type1	human	8569	1000	14	4	label_free_hvg
45	20	10	0.5	25	0.4257943544252079	0.7445852268086682	0.1592118702889781	0.31505154497568033	0.04438753426074982	0.26463627303019166	Baron	datasets_original/baron-human.rds	dca	DCA	42	45	cell_type1	human	8569	1000	14	4	label_free_hvg
45	20	10	1.0	36	0.3090828909625652	0.6973423772034565	0.13165323575420787	0.3248717491938308	0.04438753426074982	0.26842303900048137	Baron	datasets_original/baron-human.rds	dca	DCA	42	45	cell_type1	human	8569	1000	14	4	label_free_hvg
45	20	10	1.5	48	0.2213611282289076	0.6543629614351333	0.08899850169175988	0.312428728184909	0.04438753426074982	0.26488473103381693	Baron	datasets_original/baron-human.rds	dca	DCA	42	45	cell_type1	human	8569	1000	14	4	label_free_hvg
45	20	10	2.0	56	0.19372907366907463	0.6359653794415501	0.08161459706978072	0.31066468766230304	0.04438753426074982	0.2611234418582171	Baron	datasets_original/baron-human.rds	dca	DCA	42	45	cell_type1	human	8569	1000	14	4	label_free_hvg
45	20	15	0.2	14	0.5924042628609992	0.8160222692501822	0.17715798882735045	0.2662969519215996	0.04438753426074982	0.3287883091252297	Baron	datasets_original/baron-human.rds	dca	DCA	42	45	cell_type1	human	8569	1000	14	4	label_free_hvg
45	20	15	0.5	22	0.5024335373067152	0.7696622276821353	0.2021804909473915	0.33853312801781904	0.04438753426074982	0.32915885210968554	Baron	datasets_original/baron-human.rds	dca	DCA	42	45	cell_type1	human	8569	1000	14	4	label_free_hvg
45	20	15	1.0	30	0.393673496590702	0.7282972605909748	0.1773692883338808	0.3320493436052513	0.04438753426074982	0.3232762929983437	Baron	datasets_original/baron-human.rds	dca	DCA	42	45	cell_type1	human	8569	1000	14	4	label_free_hvg
45	20	15	1.5	39	0.2657043704740366	0.6779436541089822	0.11418935024873174	0.32002922625512176	0.04438753426074982	0.3244922391604632	Baron	datasets_original/baron-human.rds	dca	DCA	42	45	cell_type1	human	8569	1000	14	4	label_free_hvg
45	20	15	2.0	46	0.22105796868876618	0.6546740656147414	0.09384514875202467	0.3204481930896808	0.04438753426074982	0.32632875605486333	Baron	datasets_original/baron-human.rds	dca	DCA	42	45	cell_type1	human	8569	1000	14	4	label_free_hvg
45	20	30	0.2	11	0.8072746379004122	0.8745294549315052	0.08539324035713987	0.12246179247922691	0.04438753426074982	0.5586867339443415	Baron	datasets_original/baron-human.rds	dca	DCA	42	45	cell_type1	human	8569	1000	14	4	label_free_hvg
45	20	30	0.5	18	0.5388463902099456	0.7981865613607345	0.19076430804173836	0.2982216306261557	0.04438753426074982	0.5553046360146254	Baron	datasets_original/baron-human.rds	dca	DCA	42	45	cell_type1	human	8569	1000	14	4	label_free_hvg
45	20	30	1.0	23	0.46083714394166403	0.7601665812185063	0.19114856805959424	0.3315539893227881	0.04438753426074982	0.5509052989073098	Baron	datasets_original/baron-human.rds	dca	DCA	42	45	cell_type1	human	8569	1000	14	4	label_free_hvg
45	20	30	1.5	29	0.3432609085008546	0.7132562607109324	0.1473211445499323	0.3232271212761101	0.04438753426074982	0.5572388230357319	Baron	datasets_original/baron-human.rds	dca	DCA	42	45	cell_type1	human	8569	1000	14	4	label_free_hvg
45	20	30	2.0	34	0.27082746639917726	0.6845918632682326	0.1168762305901346	0.32513432860214464	0.04438753426074982	0.5648674208205193	Baron	datasets_original/baron-human.rds	dca	DCA	42	45	cell_type1	human	8569	1000	14	4	label_free_hvg
45	50	10	0.2	18	0.5800869379918498	0.8112213652585477	0.19768129180910185	0.30983583566987033	0.0420164093375206	0.28489799587987363	Baron	datasets_original/baron-human.rds	dca	DCA	42	45	cell_type1	human	8569	1000	14	4	label_free_hvg
45	50	10	0.5	25	0.4960648908960062	0.7692428514705192	0.19578977467903005	0.3325412622762013	0.0420164093375206	0.283551633823663	Baron	datasets_original/baron-human.rds	dca	DCA	42	45	cell_type1	human	8569	1000	14	4	label_free_hvg
45	50	10	1.0	35	0.3648865418726156	0.714432779948671	0.17765697644032788	0.36498418243535147	0.0420164093375206	0.28205927601084113	Baron	datasets_original/baron-human.rds	dca	DCA	42	45	cell_type1	human	8569	1000	14	4	label_free_hvg
45	50	10	1.5	42	0.2755101511254928	0.6794806245078991	0.12776528254546812	0.3512659047570986	0.0420164093375206	0.28183321189135313	Baron	datasets_original/baron-human.rds	dca	DCA	42	45	cell_type1	human	8569	1000	14	4	label_free_hvg
45	50	10	2.0	49	0.25205544920011463	0.6622438858912469	0.121918423448211	0.3514848882978983	0.0420164093375206	0.28193284198641777	Baron	datasets_original/baron-human.rds	dca	DCA	42	45	cell_type1	human	8569	1000	14	4	label_free_hvg
45	50	15	0.2	14	0.6632849956667269	0.8270789650991606	0.1683618165521427	0.2540634132586446	0.0420164093375206	0.36733476002700627	Baron	datasets_original/baron-human.rds	dca	DCA	42	45	cell_type1	human	8569	1000	14	4	label_free_hvg
45	50	15	0.5	23	0.49717651861716383	0.7692397046618518	0.20235616015109506	0.34854293686024373	0.0420164093375206	0.3651450960896909	Baron	datasets_original/baron-human.rds	dca	DCA	42	45	cell_type1	human	8569	1000	14	4	label_free_hvg
45	50	15	1.0	29	0.4320620698898829	0.738810225862999	0.1980838864865227	0.3595966632744694	0.0420164093375206	0.3635274530388415	Baron	datasets_original/baron-human.rds	dca	DCA	42	45	cell_type1	human	8569	1000	14	4	label_free_hvg
45	50	15	1.5	37	0.3283068372853406	0.7011558427314345	0.15740389284380488	0.3575060584163487	0.0420164093375206	0.3601044381503016	Baron	datasets_original/baron-human.rds	dca	DCA	42	45	cell_type1	human	8569	1000	14	4	label_free_hvg
45	50	15	2.0	44	0.26407979343277327	0.6721772881392808	0.1194941752206257	0.3449020114720531	0.0420164093375206	0.3622992020100355	Baron	datasets_original/baron-human.rds	dca	DCA	42	45	cell_type1	human	8569	1000	14	4	label_free_hvg
45	50	30	0.2	11	0.8113134790319353	0.8742849830688568	0.09705462018547054	0.14085244019702992	0.0420164093375206	0.6088613939937204	Baron	datasets_original/baron-human.rds	dca	DCA	42	45	cell_type1	human	8569	1000	14	4	label_free_hvg
45	50	30	0.5	19	0.5264857693908263	0.7912005705010251	0.20409686900367274	0.3320458152382269	0.0420164093375206	0.6163348881527781	Baron	datasets_original/baron-human.rds	dca	DCA	42	45	cell_type1	human	8569	1000	14	4	label_free_hvg
45	50	30	1.0	23	0.47555947527401427	0.76447796368848	0.20933752288775015	0.35689142498223164	0.0420164093375206	0.5994859428610653	Baron	datasets_original/baron-human.rds	dca	DCA	42	45	cell_type1	human	8569	1000	14	4	label_free_hvg
45	50	30	1.5	26	0.396085077344194	0.7325691737956829	0.17400338860361236	0.34547597141754	0.0420164093375206	0.604643844999373	Baron	datasets_original/baron-human.rds	dca	DCA	42	45	cell_type1	human	8569	1000	14	4	label_free_hvg
45	50	30	2.0	31	0.33108126642052316	0.7084984278821502	0.14407037722090207	0.3379785963124511	0.0420164093375206	0.6099740508943796	Baron	datasets_original/baron-human.rds	dca	DCA	42	45	cell_type1	human	8569	1000	14	4	label_free_hvg
45	100	10	0.2	15	0.6622715868698926	0.8307968729517959	0.16659909234885956	0.2492695183292148	0.039495617151260376	0.2952311390545219	Baron	datasets_original/baron-human.rds	dca	DCA	42	45	cell_type1	human	8569	1000	14	4	label_free_hvg
45	100	10	0.5	24	0.4980629186360347	0.773554969024798	0.19989752209506995	0.3325514529991321	0.039495617151260376	0.2937172900419682	Baron	datasets_original/baron-human.rds	dca	DCA	42	45	cell_type1	human	8569	1000	14	4	label_free_hvg
45	100	10	1.0	36	0.3964335728973408	0.7242292772861558	0.17279582671189458	0.35405307839966554	0.039495617151260376	0.29139272798784077	Baron	datasets_original/baron-human.rds	dca	DCA	42	45	cell_type1	human	8569	1000	14	4	label_free_hvg
45	100	10	1.5	39	0.3330555066003666	0.7016386033161858	0.1464743202453487	0.34349443246318256	0.039495617151260376	0.2900306349620223	Baron	datasets_original/baron-human.rds	dca	DCA	42	45	cell_type1	human	8569	1000	14	4	label_free_hvg
45	100	10	2.0	51	0.27055085199116546	0.6705221167575097	0.1292491000594995	0.3515378257825482	0.039495617151260376	0.2917041170876473	Baron	datasets_original/baron-human.rds	dca	DCA	42	45	cell_type1	human	8569	1000	14	4	label_free_hvg
45	100	15	0.2	14	0.6645532299989991	0.8360470725747582	0.15627243853431239	0.23695811271810277	0.039495617151260376	0.3822759869508445	Baron	datasets_original/baron-human.rds	dca	DCA	42	45	cell_type1	human	8569	1000	14	4	label_free_hvg
45	100	15	0.5	22	0.5055350490436988	0.7760664450028594	0.20995030336166481	0.3460322564408549	0.039495617151260376	0.3789179848972708	Baron	datasets_original/baron-human.rds	dca	DCA	42	45	cell_type1	human	8569	1000	14	4	label_free_hvg
45	100	15	1.0	27	0.4547996280191702	0.750688909894423	0.20498728086109827	0.3557217542446139	0.039495617151260376	0.3646013441029936	Baron	datasets_original/baron-human.rds	dca	DCA	42	45	cell_type1	human	8569	1000	14	4	label_free_hvg
45	100	15	1.5	35	0.3319103814478554	0.7013425160804814	0.15872725925821585	0.35572504278924844	0.039495617151260376	0.3688495550304651	Baron	datasets_original/baron-human.rds	dca	DCA	42	45	cell_type1	human	8569	1000	14	4	label_free_hvg
45	100	15	2.0	42	0.2921925979141994	0.6853719766911814	0.13744677149656284	0.35486749221933733	0.039495617151260376	0.3703312329016626	Baron	datasets_original/baron-human.rds	dca	DCA	42	45	cell_type1	human	8569	1000	14	4	label_free_hvg
45	100	30	0.2	11	0.807046126272465	0.8749363692564062	0.08668275394822773	0.12415611688908004	0.039495617151260376	0.6361689118202776	Baron	datasets_original/baron-human.rds	dca	DCA	42	45	cell_type1	human	8569	1000	14	4	label_free_hvg
45	100	30	0.5	19	0.5225063298260341	0.7854449247392132	0.2049313688875706	0.3354124459708152	0.039495617151260376	0.6300289379432797	Baron	datasets_original/baron-human.rds	dca	DCA	42	45	cell_type1	human	8569	1000	14	4	label_free_hvg
45	100	30	1.0	23	0.4777361204496669	0.765663573226474	0.21007964612271365	0.35766307694327243	0.039495617151260376	0.6280643038917333	Baron	datasets_original/baron-human.rds	dca	DCA	42	45	cell_type1	human	8569	1000	14	4	label_free_hvg
45	100	30	1.5	27	0.4082445389902364	0.7376561930396858	0.19403759917622257	0.36337350818492153	0.039495617151260376	0.6361791049130261	Baron	datasets_original/baron-human.rds	dca	DCA	42	45	cell_type1	human	8569	1000	14	4	label_free_hvg
45	100	30	2.0	30	0.3550299889822847	0.7140258611449114	0.1673391160882031	0.3533548565329674	0.039495617151260376	0.6446714410558343	Baron	datasets_original/baron-human.rds	dca	DCA	42	45	cell_type1	human	8569	1000	14	4	label_free_hvg
46	20	10	0.2	17	0.573726144878588	0.798488770644161	0.17651291521387544	0.27661600480679893	0.037608079612255096	0.2687145350500941	Baron	datasets_original/baron-human.rds	dca	DCA	42	46	cell_type1	human	8569	1000	14	4	label_free_hvg
46	20	10	0.5	25	0.4553967546385535	0.7509326476286574	0.17363303116978798	0.3219091382355662	0.037608079612255096	0.26601834897883236	Baron	datasets_original/baron-human.rds	dca	DCA	42	46	cell_type1	human	8569	1000	14	4	label_free_hvg
46	20	10	1.0	34	0.32351084570367017	0.7050660847921979	0.14066191539714595	0.3296508269341982	0.037608079612255096	0.2637363791000098	Baron	datasets_original/baron-human.rds	dca	DCA	42	46	cell_type1	human	8569	1000	14	4	label_free_hvg
46	20	10	1.5	44	0.252182947306949	0.6704674413712981	0.10726609125867469	0.3227108370524593	0.037608079612255096	0.2658684370107949	Baron	datasets_original/baron-human.rds	dca	DCA	42	46	cell_type1	human	8569	1000	14	4	label_free_hvg
46	20	10	2.0	54	0.21249837059886828	0.6469931670952608	0.08947090166715854	0.3153742823274226	0.037608079612255096	0.26366055896505713	Baron	datasets_original/baron-human.rds	dca	DCA	42	46	cell_type1	human	8569	1000	14	4	label_free_hvg
46	20	15	0.2	14	0.5924018293101019	0.8161179167162083	0.17805074537493618	0.26779160464256224	0.037608079612255096	0.3329536209348589	Baron	datasets_original/baron-human.rds	dca	DCA	42	46	cell_type1	human	8569	1000	14	4	label_free_hvg
46	20	15	0.5	22	0.5007849441126127	0.7717365361410908	0.19849289087621713	0.3321382780231918	0.037608079612255096	0.3307535219937563	Baron	datasets_original/baron-human.rds	dca	DCA	42	46	cell_type1	human	8569	1000	14	4	label_free_hvg
46	20	15	1.0	30	0.3419174432523272	0.7115667005843642	0.14958553726616147	0.3324744714350566	0.037608079612255096	0.32964699692092836	Baron	datasets_original/baron-human.rds	dca	DCA	42	46	cell_type1	human	8569	1000	14	4	label_free_hvg
46	20	15	1.5	36	0.28633521801994843	0.6890958481316706	0.12155788869848848	0.32280266494571197	0.037608079612255096	0.3290610339026898	Baron	datasets_original/baron-human.rds	dca	DCA	42	46	cell_type1	human	8569	1000	14	4	label_free_hvg
46	20	15	2.0	43	0.24912401430586356	0.6665266033177887	0.11075564167757336	0.32885413957795506	0.037608079612255096	0.329196808161214	Baron	datasets_original/baron-human.rds	dca	DCA	42	46	cell_type1	human	8569	1000	14	4	label_free_hvg
46	20	30	0.2	11	0.8069961085997301	0.8741852234871591	0.0855026648927703	0.12220289539024484	0.037608079612255096	0.5628551519475877	Baron	datasets_original/baron-human.rds	dca	DCA	42	46	cell_type1	human	8569	1000	14	4	label_free_hvg
46	20	30	0.5	18	0.5387028620304906	0.797061132530329	0.19145234720207494	0.3017872907820051	0.037608079612255096	0.5571442749351263	Baron	datasets_original/baron-human.rds	dca	DCA	42	46	cell_type1	human	8569	1000	14	4	label_free_hvg
46	20	30	1.0	24	0.42912054425779933	0.7509093797845995	0.1804223064159263	0.3319837153115409	0.037608079612255096	0.561593891819939	Baron	datasets_original/baron-human.rds	dca	DCA	42	46	cell_type1	human	8569	1000	14	4	label_free_hvg
46	20	30	1.5	29	0.34058483200246714	0.7132547441435952	0.14322865751608263	0.31870272333666866	0.037608079612255096	0.5589241199195385	Baron	datasets_original/baron-human.rds	dca	DCA	42	46	cell_type1	human	8569	1000	14	4	label_free_hvg
46	20	30	2.0	33	0.2900651135395412	0.6899591931803266	0.11900284620096259	0.3161554583624251	0.037608079612255096	0.5545949761290103	Baron	datasets_original/baron-human.rds	dca	DCA	42	46	cell_type1	human	8569	1000	14	4	label_free_hvg
46	50	10	0.2	17	0.6610935903688256	0.83089361110261	0.16857065701937093	0.2633757960653231	0.03539572283625603	0.2877217100467533	Baron	datasets_original/baron-human.rds	dca	DCA	42	46	cell_type1	human	8569	1000	14	4	label_free_hvg
46	50	10	0.5	24	0.47483364554822505	0.7620611529750531	0.20784219317831512	0.34166432430106863	0.03539572283625603	0.2840174420271069	Baron	datasets_original/baron-human.rds	dca	DCA	42	46	cell_type1	human	8569	1000	14	4	label_free_hvg
46	50	10	1.0	35	0.35856071225682856	0.7092166333553541	0.17270344630806872	0.3610226599626387	0.03539572283625603	0.2834457780700177	Baron	datasets_original/baron-human.rds	dca	DCA	42	46	cell_type1	human	8569	1000	14	4	label_free_hvg
46	50	10	1.5	42	0.30651922307460183	0.6938621280847475	0.14370043626076867	0.3553781473162546	0.03539572283625603	0.28602013806812465	Baron	datasets_original/baron-human.rds	dca	DCA	42	46	cell_type1	human	8569	1000	14	4	label_free_hvg
46	50	10	2.0	49	0.25362945085239974	0.6629369891320016	0.1237860896804601	0.35063961116349074	0.03539572283625603	0.2835105999838561	Baron	datasets_original/baron-human.rds	dca	DCA	42	46	cell_type1	human	8569	1000	14	4	label_free_hvg
46	50	15	0.2	14	0.6621935190084225	0.8259045237091001	0.1679589221044748	0.2527137134794152	0.03539572283625603	0.3613197321537882	Baron	datasets_original/baron-human.rds	dca	DCA	42	46	cell_type1	human	8569	1000	14	4	label_free_hvg
46	50	15	0.5	23	0.501728635707018	0.7709564103244847	0.2065019565308581	0.35057827937586294	0.03539572283625603	0.3525300989858806	Baron	datasets_original/baron-human.rds	dca	DCA	42	46	cell_type1	human	8569	1000	14	4	label_free_hvg
46	50	15	1.0	29	0.41124096290177764	0.7311706692832312	0.2008407180321219	0.3735739555261141	0.03539572283625603	0.3615583030041307	Baron	datasets_original/baron-human.rds	dca	DCA	42	46	cell_type1	human	8569	1000	14	4	label_free_hvg
46	50	15	1.5	35	0.3384182270517795	0.7053217651669669	0.16295061517866088	0.36052831071257213	0.03539572283625603	0.35834797006100416	Baron	datasets_original/baron-human.rds	dca	DCA	42	46	cell_type1	human	8569	1000	14	4	label_free_hvg
46	50	15	2.0	43	0.2719022716426639	0.6783889594738127	0.1270512382911041	0.3542355492395686	0.03539572283625603	0.3613871729467064	Baron	datasets_original/baron-human.rds	dca	DCA	42	46	cell_type1	human	8569	1000	14	4	label_free_hvg
46	50	30	0.2	11	0.8117800201227574	0.8749913234392164	0.09699406656518776	0.14061721516290132	0.03539572283625603	0.564631202025339	Baron	datasets_original/baron-human.rds	dca	DCA	42	46	cell_type1	human	8569	1000	14	4	label_free_hvg
46	50	30	0.5	19	0.523479628330174	0.7875275174788469	0.21499702139688048	0.34298859999701004	0.03539572283625603	0.5682984869927168	Baron	datasets_original/baron-human.rds	dca	DCA	42	46	cell_type1	human	8569	1000	14	4	label_free_hvg
46	50	30	1.0	23	0.4758252500814932	0.764871883135407	0.21015006078636145	0.3554685369040926	0.03539572283625603	0.5766515161376446	Baron	datasets_original/baron-human.rds	dca	DCA	42	46	cell_type1	human	8569	1000	14	4	label_free_hvg
46	50	30	1.5	27	0.3929567181964709	0.7284778024804587	0.19646966244632946	0.3642422576691211	0.03539572283625603	0.5785985388793051	Baron	datasets_original/baron-human.rds	dca	DCA	42	46	cell_type1	human	8569	1000	14	4	label_free_hvg
46	50	30	2.0	32	0.3307120586279615	0.7032454026220022	0.1615389429606866	0.3584262318247723	0.03539572283625603	0.5859101139940321	Baron	datasets_original/baron-human.rds	dca	DCA	42	46	cell_type1	human	8569	1000	14	4	label_free_hvg
46	100	10	0.2	16	0.6554907332859268	0.8284274282699432	0.15596467214101387	0.23683710813948514	0.033195506781339645	0.2981412939261645	Baron	datasets_original/baron-human.rds	dca	DCA	42	46	cell_type1	human	8569	1000	14	4	label_free_hvg
46	100	10	0.5	24	0.4993508053951209	0.7745034731214138	0.19922416512797314	0.33233280110609165	0.033195506781339645	0.2892903240863234	Baron	datasets_original/baron-human.rds	dca	DCA	42	46	cell_type1	human	8569	1000	14	4	label_free_hvg
46	100	10	1.0	35	0.36661982356907435	0.717769953989274	0.1767586541724251	0.3572257704489734	0.033195506781339645	0.2886966939549893	Baron	datasets_original/baron-human.rds	dca	DCA	42	46	cell_type1	human	8569	1000	14	4	label_free_hvg
46	100	10	1.5	42	0.2831296638023306	0.6808130870486157	0.13141446618714164	0.34893843655729617	0.033195506781339645	0.292279832996428	Baron	datasets_original/baron-human.rds	dca	DCA	42	46	cell_type1	human	8569	1000	14	4	label_free_hvg
46	100	10	2.0	53	0.24543026184342323	0.6578302520295278	0.1172055206490318	0.34639391202194736	0.033195506781339645	0.2910984680056572	Baron	datasets_original/baron-human.rds	dca	DCA	42	46	cell_type1	human	8569	1000	14	4	label_free_hvg
46	100	15	0.2	13	0.6639766217295486	0.8304571721337746	0.16688559635497932	0.24693126103291502	0.033195506781339645	0.3741127660032362	Baron	datasets_original/baron-human.rds	dca	DCA	42	46	cell_type1	human	8569	1000	14	4	label_free_hvg
46	100	15	0.5	23	0.5043590095081263	0.7722878311013134	0.20882154702076447	0.3529850180572616	0.033195506781339645	0.36748180887661874	Baron	datasets_original/baron-human.rds	dca	DCA	42	46	cell_type1	human	8569	1000	14	4	label_free_hvg
46	100	15	1.0	28	0.42560899895454113	0.7414876116289701	0.1859587288390608	0.3522628011456617	0.033195506781339645	0.37067828490398824	Baron	datasets_original/baron-human.rds	dca	DCA	42	46	cell_type1	human	8569	1000	14	4	label_free_hvg
46	100	15	1.5	34	0.34998343334728294	0.7059102752248538	0.1698496595340656	0.3617704799551889	0.033195506781339645	0.36090713390149176	Baron	datasets_original/baron-human.rds	dca	DCA	42	46	cell_type1	human	8569	1000	14	4	label_free_hvg
46	100	15	2.0	41	0.2914275908935597	0.6875418200305602	0.13756246338118178	0.35306910730271607	0.033195506781339645	0.36045468784868717	Baron	datasets_original/baron-human.rds	dca	DCA	42	46	cell_type1	human	8569	1000	14	4	label_free_hvg
46	100	30	0.2	11	0.8065741286093048	0.8744397805063986	0.08670867189282563	0.1242900491740913	0.033195506781339645	0.612897785147652	Baron	datasets_original/baron-human.rds	dca	DCA	42	46	cell_type1	human	8569	1000	14	4	label_free_hvg
46	100	30	0.5	19	0.5273998000521168	0.7924335246023783	0.20358819753395582	0.33300597619295724	0.033195506781339645	0.6173483731690794	Baron	datasets_original/baron-human.rds	dca	DCA	42	46	cell_type1	human	8569	1000	14	4	label_free_hvg
46	100	30	1.0	23	0.4295106765258381	0.7501012721325147	0.19366042837496766	0.35348708286863056	0.033195506781339645	0.6195224840193987	Baron	datasets_original/baron-human.rds	dca	DCA	42	46	cell_type1	human	8569	1000	14	4	label_free_hvg
46	100	30	1.5	28	0.3940277564797603	0.7297457843720007	0.18560326975538533	0.358834835220452	0.033195506781339645	0.6086754349526018	Baron	datasets_original/baron-human.rds	dca	DCA	42	46	cell_type1	human	8569	1000	14	4	label_free_hvg
46	100	30	2.0	31	0.3344870737436881	0.7080790558920081	0.15674597898155845	0.3500948789068333	0.033195506781339645	0.6132703418843448	Baron	datasets_original/baron-human.rds	dca	DCA	42	46	cell_type1	human	8569	1000	14	4	label_free_hvg
42	20	10	0.2	17	0.5963423761126242	0.8078766592386921	0.17331339088744904	0.2532277493862197	0.04470061510801315	0.25770521303638816	Baron	datasets_original/baron-human.rds	scvi	scVI	42	42	cell_type1	human	8569	1000	14	4	label_free_hvg
42	20	10	0.5	25	0.4557861747096767	0.7485311071896296	0.19411426817158406	0.3237603771509462	0.04470061510801315	0.2572546168230474	Baron	datasets_original/baron-human.rds	scvi	scVI	42	42	cell_type1	human	8569	1000	14	4	label_free_hvg
42	20	10	1.0	40	0.2956153020521716	0.6815495638997807	0.12532726487456425	0.3211971861547166	0.04470061510801315	0.258032470010221	Baron	datasets_original/baron-human.rds	scvi	scVI	42	42	cell_type1	human	8569	1000	14	4	label_free_hvg
42	20	10	1.5	50	0.21576376178614337	0.6490034481386054	0.09280117703685675	0.31696450873066573	0.04470061510801315	0.25315234204754233	Baron	datasets_original/baron-human.rds	scvi	scVI	42	42	cell_type1	human	8569	1000	14	4	label_free_hvg
42	20	10	2.0	56	0.19464728610995183	0.6371252680258183	0.08587905126481701	0.31835217958456835	0.04470061510801315	0.2520180318970233	Baron	datasets_original/baron-human.rds	scvi	scVI	42	42	cell_type1	human	8569	1000	14	4	label_free_hvg
42	20	15	0.2	15	0.6004222084769937	0.8120627595291494	0.1681876570511345	0.24761429928642711	0.04470061510801315	0.3237282030750066	Baron	datasets_original/baron-human.rds	scvi	scVI	42	42	cell_type1	human	8569	1000	14	4	label_free_hvg
42	20	15	0.5	22	0.5183490269852703	0.7766556501467641	0.17969711193866186	0.2907033323700123	0.04470061510801315	0.3216281868517399	Baron	datasets_original/baron-human.rds	scvi	scVI	42	42	cell_type1	human	8569	1000	14	4	label_free_hvg
42	20	15	1.0	30	0.36849532720074174	0.7114785839818045	0.16236572230938234	0.3289197875433072	0.04470061510801315	0.3197406460531056	Baron	datasets_original/baron-human.rds	scvi	scVI	42	42	cell_type1	human	8569	1000	14	4	label_free_hvg
42	20	15	1.5	39	0.2562757319559776	0.6699420572181785	0.11161403492816249	0.31985986073969563	0.04470061510801315	0.3165726140141487	Baron	datasets_original/baron-human.rds	scvi	scVI	42	42	cell_type1	human	8569	1000	14	4	label_free_hvg
42	20	15	2.0	47	0.21427764646691355	0.649614202472037	0.09381452838683553	0.3222608611409716	0.04470061510801315	0.31639700708910823	Baron	datasets_original/baron-human.rds	scvi	scVI	42	42	cell_type1	human	8569	1000	14	4	label_free_hvg
42	20	30	0.2	12	0.665323864819437	0.8225454943069772	0.144146890166717	0.19555903144199746	0.04470061510801315	0.5318615071009845	Baron	datasets_original/baron-human.rds	scvi	scVI	42	42	cell_type1	human	8569	1000	14	4	label_free_hvg
42	20	30	0.5	16	0.5602241296828429	0.7984462065800453	0.17936938529698465	0.2692875804471939	0.04470061510801315	0.5163975269533694	Baron	datasets_original/baron-human.rds	scvi	scVI	42	42	cell_type1	human	8569	1000	14	4	label_free_hvg
42	20	30	1.0	23	0.46089352878303685	0.7475962946374713	0.1859464813226729	0.316923627264514	0.04470061510801315	0.5219104599673301	Baron	datasets_original/baron-human.rds	scvi	scVI	42	42	cell_type1	human	8569	1000	14	4	label_free_hvg
42	20	30	1.5	30	0.3275002396264005	0.6953222325436949	0.13818887918163658	0.3241919616267636	0.04470061510801315	0.524342583026737	Baron	datasets_original/baron-human.rds	scvi	scVI	42	42	cell_type1	human	8569	1000	14	4	label_free_hvg
42	20	30	2.0	34	0.2892675140886577	0.6768291461762196	0.13064018558280027	0.32741870596920947	0.04470061510801315	0.5237517519854009	Baron	datasets_original/baron-human.rds	scvi	scVI	42	42	cell_type1	human	8569	1000	14	4	label_free_hvg
42	50	10	0.2	18	0.5848260525770059	0.8144370394900167	0.18423295157439967	0.2743317841781925	0.04365985095500946	0.2711763579864055	Baron	datasets_original/baron-human.rds	scvi	scVI	42	42	cell_type1	human	8569	1000	14	4	label_free_hvg
42	50	10	0.5	28	0.4924799159372413	0.7659223546033406	0.2002023738013788	0.34249558761763266	0.04365985095500946	0.2699374358635396	Baron	datasets_original/baron-human.rds	scvi	scVI	42	42	cell_type1	human	8569	1000	14	4	label_free_hvg
42	50	10	1.0	38	0.3506852737242274	0.7072824155778705	0.16483540804826852	0.35374431018678	0.04365985095500946	0.2710007808636874	Baron	datasets_original/baron-human.rds	scvi	scVI	42	42	cell_type1	human	8569	1000	14	4	label_free_hvg
42	50	10	1.5	46	0.2748009899319619	0.6756101243611262	0.13127434363782925	0.35857701422402416	0.04365985095500946	0.26999377296306193	Baron	datasets_original/baron-human.rds	scvi	scVI	42	42	cell_type1	human	8569	1000	14	4	label_free_hvg
42	50	10	2.0	58	0.20529578858048536	0.6408888810883527	0.09705454469900804	0.34652140319782104	0.04365985095500946	0.2668711580336094	Baron	datasets_original/baron-human.rds	scvi	scVI	42	42	cell_type1	human	8569	1000	14	4	label_free_hvg
42	50	15	0.2	15	0.6528070656739695	0.8256507736117793	0.14204953332563394	0.19787548590272475	0.04365985095500946	0.35046341898851097	Baron	datasets_original/baron-human.rds	scvi	scVI	42	42	cell_type1	human	8569	1000	14	4	label_free_hvg
42	50	15	0.5	25	0.49875396936693245	0.7637290459647458	0.20388903141476428	0.3415117152336033	0.04365985095500946	0.3459696031641215	Baron	datasets_original/baron-human.rds	scvi	scVI	42	42	cell_type1	human	8569	1000	14	4	label_free_hvg
42	50	15	1.0	33	0.4060810306030576	0.7284266919701821	0.18970596849442375	0.360988586796165	0.04365985095500946	0.34060792881064117	Baron	datasets_original/baron-human.rds	scvi	scVI	42	42	cell_type1	human	8569	1000	14	4	label_free_hvg
42	50	15	1.5	39	0.31778298661292304	0.6934174503752869	0.15361046229531786	0.3584486553926886	0.04365985095500946	0.3441231111064553	Baron	datasets_original/baron-human.rds	scvi	scVI	42	42	cell_type1	human	8569	1000	14	4	label_free_hvg
42	50	15	2.0	45	0.268794660822191	0.6756278603282699	0.1292621596820883	0.3511922604937203	0.04365985095500946	0.3448414020240307	Baron	datasets_original/baron-human.rds	scvi	scVI	42	42	cell_type1	human	8569	1000	14	4	label_free_hvg
42	50	30	0.2	11	0.6632452867184884	0.8286585453833608	0.13934349678697971	0.19399280762197796	0.04365985095500946	0.615311617963016	Baron	datasets_original/baron-human.rds	scvi	scVI	42	42	cell_type1	human	8569	1000	14	4	label_free_hvg
42	50	30	0.5	19	0.5422306184160071	0.7861163014039014	0.19403463097083493	0.311246898609929	0.04365985095500946	0.6140527930110693	Baron	datasets_original/baron-human.rds	scvi	scVI	42	42	cell_type1	human	8569	1000	14	4	label_free_hvg
42	50	30	1.0	24	0.45407067232449444	0.754881132890927	0.21427463683845718	0.3578123659143152	0.04365985095500946	0.5984441298060119	Baron	datasets_original/baron-human.rds	scvi	scVI	42	42	cell_type1	human	8569	1000	14	4	label_free_hvg
42	50	30	1.5	28	0.41275310180304353	0.7341406664883777	0.20264689176238862	0.3584805133261401	0.04365985095500946	0.5975188559386879	Baron	datasets_original/baron-human.rds	scvi	scVI	42	42	cell_type1	human	8569	1000	14	4	label_free_hvg
42	50	30	2.0	35	0.32450292184843466	0.6981694525151664	0.15693792321135258	0.3544051908138847	0.04365985095500946	0.5884990219492465	Baron	datasets_original/baron-human.rds	scvi	scVI	42	42	cell_type1	human	8569	1000	14	4	label_free_hvg
42	100	10	0.2	19	0.5873376052225665	0.8145158268290351	0.18097475992507486	0.2722975821068941	0.040434472262859344	0.28266687016002834	Baron	datasets_original/baron-human.rds	scvi	scVI	42	42	cell_type1	human	8569	1000	14	4	label_free_hvg
42	100	10	0.5	29	0.49972601099730424	0.771448232378183	0.2088021274999673	0.3521624517538242	0.040434472262859344	0.2813699811231345	Baron	datasets_original/baron-human.rds	scvi	scVI	42	42	cell_type1	human	8569	1000	14	4	label_free_hvg
42	100	10	1.0	37	0.42108167788017703	0.7315717402248705	0.21727111460268148	0.3851198496870272	0.040434472262859344	0.27924838196486235	Baron	datasets_original/baron-human.rds	scvi	scVI	42	42	cell_type1	human	8569	1000	14	4	label_free_hvg
42	100	10	1.5	45	0.2807504308509564	0.6817096246069013	0.1342258505034321	0.36282680461022104	0.040434472262859344	0.2751649359706789	Baron	datasets_original/baron-human.rds	scvi	scVI	42	42	cell_type1	human	8569	1000	14	4	label_free_hvg
42	100	10	2.0	51	0.24547852666751746	0.6632323892734135	0.11836615083937799	0.355657673280415	0.040434472262859344	0.276524422923103	Baron	datasets_original/baron-human.rds	scvi	scVI	42	42	cell_type1	human	8569	1000	14	4	label_free_hvg
42	100	15	0.2	15	0.6654445181107235	0.83757654520069	0.15028400627096558	0.22325149454478938	0.040434472262859344	0.3614292750135064	Baron	datasets_original/baron-human.rds	scvi	scVI	42	42	cell_type1	human	8569	1000	14	4	label_free_hvg
42	100	15	0.5	26	0.4996827696102189	0.7686628716791475	0.20809502822194237	0.3495802856506132	0.040434472262859344	0.36057511693798006	Baron	datasets_original/baron-human.rds	scvi	scVI	42	42	cell_type1	human	8569	1000	14	4	label_free_hvg
42	100	15	1.0	32	0.44881869974925526	0.7441343998591915	0.22052732094965036	0.37820938997635506	0.040434472262859344	0.35673587094061077	Baron	datasets_original/baron-human.rds	scvi	scVI	42	42	cell_type1	human	8569	1000	14	4	label_free_hvg
42	100	15	1.5	39	0.35670137927804685	0.7027753894503214	0.1805322034471968	0.37523364794720376	0.040434472262859344	0.3563918659929186	Baron	datasets_original/baron-human.rds	scvi	scVI	42	42	cell_type1	human	8569	1000	14	4	label_free_hvg
42	100	15	2.0	45	0.27870234634838764	0.6760873062340242	0.13667633385728709	0.3571506311858568	0.040434472262859344	0.3573297041002661	Baron	datasets_original/baron-human.rds	scvi	scVI	42	42	cell_type1	human	8569	1000	14	4	label_free_hvg
42	100	30	0.2	11	0.6595377253291744	0.8265434827567754	0.1412868756551358	0.19720778641866651	0.040434472262859344	0.620718730147928	Baron	datasets_original/baron-human.rds	scvi	scVI	42	42	cell_type1	human	8569	1000	14	4	label_free_hvg
42	100	30	0.5	20	0.5204252103528135	0.7820365150356297	0.2035490898683096	0.3335870682986551	0.040434472262859344	0.6099354869220406	Baron	datasets_original/baron-human.rds	scvi	scVI	42	42	cell_type1	human	8569	1000	14	4	label_free_hvg
42	100	30	1.0	24	0.47683236660558176	0.7630571605546651	0.21057405090221884	0.34976582590272803	0.040434472262859344	0.5928341359831393	Baron	datasets_original/baron-human.rds	scvi	scVI	42	42	cell_type1	human	8569	1000	14	4	label_free_hvg
42	100	30	1.5	28	0.41673756580820615	0.7373781418519271	0.20091262773877963	0.36884210864295053	0.040434472262859344	0.603514090878889	Baron	datasets_original/baron-human.rds	scvi	scVI	42	42	cell_type1	human	8569	1000	14	4	label_free_hvg
42	100	30	2.0	34	0.35641842423234954	0.7074930399447086	0.17934793305001578	0.36595987622113574	0.040434472262859344	0.588385869981721	Baron	datasets_original/baron-human.rds	scvi	scVI	42	42	cell_type1	human	8569	1000	14	4	label_free_hvg
43	20	10	0.2	17	0.5890856758716388	0.8102802536870337	0.16402533035742392	0.24158220042288323	0.044722024351358414	0.2588005259167403	Baron	datasets_original/baron-human.rds	scvi	scVI	43	43	cell_type1	human	8569	1000	14	4	label_free_hvg
43	20	10	0.5	26	0.41039247976609755	0.7418448295724288	0.17055620302969174	0.3157917660551515	0.044722024351358414	0.2555800040718168	Baron	datasets_original/baron-human.rds	scvi	scVI	43	43	cell_type1	human	8569	1000	14	4	label_free_hvg
43	20	10	1.0	38	0.3009896217656945	0.6945184119789712	0.12746598770865755	0.3197158264372545	0.044722024351358414	0.2559684601146728	Baron	datasets_original/baron-human.rds	scvi	scVI	43	43	cell_type1	human	8569	1000	14	4	label_free_hvg
43	20	10	1.5	47	0.22396641144361623	0.6574438442696748	0.09451034277077691	0.3101828495779192	0.044722024351358414	0.25316022196784616	Baron	datasets_original/baron-human.rds	scvi	scVI	43	43	cell_type1	human	8569	1000	14	4	label_free_hvg
43	20	10	2.0	55	0.18917624236861644	0.6376818803283385	0.08046319991155586	0.3083304381832361	0.044722024351358414	0.25349187897518277	Baron	datasets_original/baron-human.rds	scvi	scVI	43	43	cell_type1	human	8569	1000	14	4	label_free_hvg
43	20	15	0.2	14	0.5937627101731368	0.8117927489282808	0.16914473598872543	0.24635013019482355	0.044722024351358414	0.32263521384447813	Baron	datasets_original/baron-human.rds	scvi	scVI	43	43	cell_type1	human	8569	1000	14	4	label_free_hvg
43	20	15	0.5	22	0.4703046333807854	0.7591525263743143	0.19436692695142332	0.3176841826784992	0.044722024351358414	0.3209739299491048	Baron	datasets_original/baron-human.rds	scvi	scVI	43	43	cell_type1	human	8569	1000	14	4	label_free_hvg
43	20	15	1.0	29	0.31573015322132586	0.7025656635040752	0.120930902356515	0.3101423178604728	0.044722024351358414	0.3184459249023348	Baron	datasets_original/baron-human.rds	scvi	scVI	43	43	cell_type1	human	8569	1000	14	4	label_free_hvg
43	20	15	1.5	35	0.28255525174024443	0.6858544854006305	0.11975718340522462	0.3128065579292755	0.044722024351358414	0.31698960484936833	Baron	datasets_original/baron-human.rds	scvi	scVI	43	43	cell_type1	human	8569	1000	14	4	label_free_hvg
43	20	15	2.0	42	0.2367932147980903	0.6629140749264972	0.09993205720474979	0.3137631764905023	0.044722024351358414	0.3190641989931464	Baron	datasets_original/baron-human.rds	scvi	scVI	43	43	cell_type1	human	8569	1000	14	4	label_free_hvg
43	20	30	0.2	12	0.6711954228630767	0.8354429135173246	0.1465774457763927	0.21554625002100594	0.044722024351358414	0.5474504160229117	Baron	datasets_original/baron-human.rds	scvi	scVI	43	43	cell_type1	human	8569	1000	14	4	label_free_hvg
43	20	30	0.5	17	0.5289541356169184	0.7856128629792486	0.1918660428147053	0.29298501773399427	0.044722024351358414	0.564246698981151	Baron	datasets_original/baron-human.rds	scvi	scVI	43	43	cell_type1	human	8569	1000	14	4	label_free_hvg
43	20	30	1.0	22	0.4571292707224716	0.7510984106811356	0.2022921274497647	0.3334166138490831	0.044722024351358414	0.5522651211358607	Baron	datasets_original/baron-human.rds	scvi	scVI	43	43	cell_type1	human	8569	1000	14	4	label_free_hvg
43	20	30	1.5	29	0.31784181049531957	0.7014067579991897	0.12440993591168403	0.31327570282250056	0.044722024351358414	0.5423988320399076	Baron	datasets_original/baron-human.rds	scvi	scVI	43	43	cell_type1	human	8569	1000	14	4	label_free_hvg
43	20	30	2.0	33	0.2837813725655562	0.685229037565494	0.11467202817064535	0.31412117638296405	0.044722024351358414	0.5345747219398618	Baron	datasets_original/baron-human.rds	scvi	scVI	43	43	cell_type1	human	8569	1000	14	4	label_free_hvg
43	50	10	0.2	22	0.542516803401649	0.7965064881748783	0.20273612090028897	0.30977336599995564	0.04440193995833397	0.2750753201544285	Baron	datasets_original/baron-human.rds	scvi	scVI	43	43	cell_type1	human	8569	1000	14	4	label_free_hvg
43	50	10	0.5	25	0.4997652684891237	0.776829902490377	0.19432560946821537	0.31940462075711773	0.04440193995833397	0.2713858699426055	Baron	datasets_original/baron-human.rds	scvi	scVI	43	43	cell_type1	human	8569	1000	14	4	label_free_hvg
43	50	10	1.0	35	0.3847801754113408	0.7258043290753482	0.17224516014569677	0.35221319658849837	0.04440193995833397	0.27193869883194566	Baron	datasets_original/baron-human.rds	scvi	scVI	43	43	cell_type1	human	8569	1000	14	4	label_free_hvg
43	50	10	1.5	44	0.2572503937539774	0.6757920219743858	0.11337978387597097	0.34231660435237676	0.04440193995833397	0.2739276811480522	Baron	datasets_original/baron-human.rds	scvi	scVI	43	43	cell_type1	human	8569	1000	14	4	label_free_hvg
43	50	10	2.0	54	0.22420496821165312	0.6539464553611465	0.099231924437316	0.34345225385612066	0.04440193995833397	0.27301282389089465	Baron	datasets_original/baron-human.rds	scvi	scVI	43	43	cell_type1	human	8569	1000	14	4	label_free_hvg
43	50	15	0.2	15	0.6443765866502255	0.8196481427129757	0.1481710572329533	0.2156117204811953	0.04440193995833397	0.34253731998614967	Baron	datasets_original/baron-human.rds	scvi	scVI	43	43	cell_type1	human	8569	1000	14	4	label_free_hvg
43	50	15	0.5	23	0.4848136408312278	0.7701939402452279	0.198192707124731	0.32191825452730327	0.04440193995833397	0.3443723921664059	Baron	datasets_original/baron-human.rds	scvi	scVI	43	43	cell_type1	human	8569	1000	14	4	label_free_hvg
43	50	15	1.0	30	0.39528531492869745	0.7276676213850993	0.1724950781587574	0.34744031831357597	0.04440193995833397	0.34395010001026094	Baron	datasets_original/baron-human.rds	scvi	scVI	43	43	cell_type1	human	8569	1000	14	4	label_free_hvg
43	50	15	1.5	37	0.3043853765090011	0.6949053782379286	0.13520274842944427	0.3420846283086031	0.04440193995833397	0.3396704650949687	Baron	datasets_original/baron-human.rds	scvi	scVI	43	43	cell_type1	human	8569	1000	14	4	label_free_hvg
43	50	15	2.0	42	0.26208922019097153	0.6772394370861922	0.12196136426976328	0.35149879093094094	0.04440193995833397	0.34202014189213514	Baron	datasets_original/baron-human.rds	scvi	scVI	43	43	cell_type1	human	8569	1000	14	4	label_free_hvg
43	50	30	0.2	11	0.6580136668224177	0.8247088304221218	0.14261858400936822	0.2015134342728914	0.04440193995833397	0.586818290874362	Baron	datasets_original/baron-human.rds	scvi	scVI	43	43	cell_type1	human	8569	1000	14	4	label_free_hvg
43	50	30	0.5	19	0.4926458812791131	0.7704983236861909	0.2083453053436236	0.33134629939719595	0.04440193995833397	0.5826006231363863	Baron	datasets_original/baron-human.rds	scvi	scVI	43	43	cell_type1	human	8569	1000	14	4	label_free_hvg
43	50	30	1.0	24	0.45495523724860976	0.7500935167866901	0.21114720016049238	0.35318677239234153	0.04440193995833397	0.5703629131894559	Baron	datasets_original/baron-human.rds	scvi	scVI	43	43	cell_type1	human	8569	1000	14	4	label_free_hvg
43	50	30	1.5	27	0.4103220538623081	0.732819717663129	0.18279420644596764	0.34709460511288925	0.04440193995833397	0.5708415140397847	Baron	datasets_original/baron-human.rds	scvi	scVI	43	43	cell_type1	human	8569	1000	14	4	label_free_hvg
43	50	30	2.0	32	0.299394898319731	0.692458189981561	0.12720884925440137	0.326574009569088	0.04440193995833397	0.564777601044625	Baron	datasets_original/baron-human.rds	scvi	scVI	43	43	cell_type1	human	8569	1000	14	4	label_free_hvg
43	100	10	0.2	19	0.6695951491984452	0.8475458630246	0.15513748350095982	0.24335671994962133	0.041494231671094894	0.2828576951287687	Baron	datasets_original/baron-human.rds	scvi	scVI	43	43	cell_type1	human	8569	1000	14	4	label_free_hvg
43	100	10	0.5	27	0.45708054638150003	0.7575572293187075	0.2056020879835682	0.34494628351698525	0.041494231671094894	0.2816826431080699	Baron	datasets_original/baron-human.rds	scvi	scVI	43	43	cell_type1	human	8569	1000	14	4	label_free_hvg
43	100	10	1.0	34	0.42076992010409203	0.7395399539701577	0.189927627794212	0.35178607943357304	0.041494231671094894	0.2804675679653883	Baron	datasets_original/baron-human.rds	scvi	scVI	43	43	cell_type1	human	8569	1000	14	4	label_free_hvg
43	100	10	1.5	43	0.30037121532886246	0.6901381981250411	0.13736060267840144	0.3541004262380487	0.041494231671094894	0.2819380850996822	Baron	datasets_original/baron-human.rds	scvi	scVI	43	43	cell_type1	human	8569	1000	14	4	label_free_hvg
43	100	10	2.0	52	0.23222329437803652	0.6596738407655972	0.1055784223914795	0.3489663298378005	0.041494231671094894	0.27891321294009686	Baron	datasets_original/baron-human.rds	scvi	scVI	43	43	cell_type1	human	8569	1000	14	4	label_free_hvg
43	100	15	0.2	15	0.6758419162604161	0.8386511352842911	0.1640171944710804	0.2534724968515789	0.041494231671094894	0.362139925127849	Baron	datasets_original/baron-human.rds	scvi	scVI	43	43	cell_type1	human	8569	1000	14	4	label_free_hvg
43	100	15	0.5	24	0.48817883780240084	0.7713211778345958	0.21153633852677753	0.3448572726734599	0.041494231671094894	0.3579518939368427	Baron	datasets_original/baron-human.rds	scvi	scVI	43	43	cell_type1	human	8569	1000	14	4	label_free_hvg
43	100	15	1.0	28	0.4514250789747567	0.7505375759102778	0.2108301785476925	0.3575871589381332	0.041494231671094894	0.35686641302891076	Baron	datasets_original/baron-human.rds	scvi	scVI	43	43	cell_type1	human	8569	1000	14	4	label_free_hvg
43	100	15	1.5	37	0.3524125462809974	0.7103751194905237	0.1560740697064421	0.35232133089675977	0.041494231671094894	0.35310923610813916	Baron	datasets_original/baron-human.rds	scvi	scVI	43	43	cell_type1	human	8569	1000	14	4	label_free_hvg
43	100	15	2.0	45	0.28678915505748104	0.6795985757384134	0.13666211390891178	0.3552593372685279	0.041494231671094894	0.3557521728798747	Baron	datasets_original/baron-human.rds	scvi	scVI	43	43	cell_type1	human	8569	1000	14	4	label_free_hvg
43	100	30	0.2	13	0.6649311378025622	0.8343674001357735	0.15556060084490747	0.243745794861505	0.041494231671094894	0.6082574420142919	Baron	datasets_original/baron-human.rds	scvi	scVI	43	43	cell_type1	human	8569	1000	14	4	label_free_hvg
43	100	30	0.5	20	0.5242867241573331	0.787828824401851	0.2039074581938337	0.32391892562730495	0.041494231671094894	0.6088793049566448	Baron	datasets_original/baron-human.rds	scvi	scVI	43	43	cell_type1	human	8569	1000	14	4	label_free_hvg
43	100	30	1.0	24	0.46151834428967625	0.7583668419827418	0.211452400903336	0.3530023755261309	0.041494231671094894	0.5852087279781699	Baron	datasets_original/baron-human.rds	scvi	scVI	43	43	cell_type1	human	8569	1000	14	4	label_free_hvg
43	100	30	1.5	26	0.42508435032739883	0.7440423193890501	0.1978520892699426	0.3570669243487493	0.041494231671094894	0.6080845219548792	Baron	datasets_original/baron-human.rds	scvi	scVI	43	43	cell_type1	human	8569	1000	14	4	label_free_hvg
43	100	30	2.0	30	0.35610303894187884	0.7126604585441324	0.16584061971694253	0.3538854056335179	0.041494231671094894	0.5941845090128481	Baron	datasets_original/baron-human.rds	scvi	scVI	43	43	cell_type1	human	8569	1000	14	4	label_free_hvg
44	20	10	0.2	16	0.6029447145282815	0.827659654650472	0.17341873038253205	0.2515471255409784	0.04864979535341263	0.260907975025475	Baron	datasets_original/baron-human.rds	scvi	scVI	44	44	cell_type1	human	8569	1000	14	4	label_free_hvg
44	20	10	0.5	24	0.46147677924499964	0.76264143370436	0.1846181159188623	0.318710974256133	0.04864979535341263	0.26036500185728073	Baron	datasets_original/baron-human.rds	scvi	scVI	44	44	cell_type1	human	8569	1000	14	4	label_free_hvg
44	20	10	1.0	38	0.2881360682464638	0.6867304114551632	0.12368676195056412	0.3173463445435763	0.04864979535341263	0.2584115630015731	Baron	datasets_original/baron-human.rds	scvi	scVI	44	44	cell_type1	human	8569	1000	14	4	label_free_hvg
44	20	10	1.5	47	0.2298667944227407	0.6592378058834113	0.10087126491424209	0.3207539307492352	0.04864979535341263	0.25748251797631383	Baron	datasets_original/baron-human.rds	scvi	scVI	44	44	cell_type1	human	8569	1000	14	4	label_free_hvg
44	20	10	2.0	54	0.19272991468371578	0.6395182863308989	0.0834245833086087	0.31608813204464264	0.04864979535341263	0.2579531199298799	Baron	datasets_original/baron-human.rds	scvi	scVI	44	44	cell_type1	human	8569	1000	14	4	label_free_hvg
44	20	15	0.2	15	0.6004941716117346	0.8258969724952008	0.17356150809629106	0.2515483462544598	0.04864979535341263	0.3226758020464331	Baron	datasets_original/baron-human.rds	scvi	scVI	44	44	cell_type1	human	8569	1000	14	4	label_free_hvg
44	20	15	0.5	20	0.5250867122498394	0.7856092965553585	0.1916628195413402	0.30205323698756686	0.04864979535341263	0.32228488801047206	Baron	datasets_original/baron-human.rds	scvi	scVI	44	44	cell_type1	human	8569	1000	14	4	label_free_hvg
44	20	15	1.0	31	0.3276924414155695	0.7079923681312437	0.13261082942754115	0.31913720162663944	0.04864979535341263	0.3222866370342672	Baron	datasets_original/baron-human.rds	scvi	scVI	44	44	cell_type1	human	8569	1000	14	4	label_free_hvg
44	20	15	1.5	41	0.27059593235762575	0.6769357976883319	0.12215405980969038	0.3223126093166292	0.04864979535341263	0.31932529900223017	Baron	datasets_original/baron-human.rds	scvi	scVI	44	44	cell_type1	human	8569	1000	14	4	label_free_hvg
44	20	15	2.0	47	0.23442534848667784	0.6616695217602961	0.10403735486286199	0.3227488621193258	0.04864979535341263	0.3208545290399343	Baron	datasets_original/baron-human.rds	scvi	scVI	44	44	cell_type1	human	8569	1000	14	4	label_free_hvg
44	20	30	0.2	14	0.5881860215963208	0.8120393165558762	0.16564873433603614	0.22869183827709377	0.04864979535341263	0.5621626619249582	Baron	datasets_original/baron-human.rds	scvi	scVI	44	44	cell_type1	human	8569	1000	14	4	label_free_hvg
44	20	30	0.5	17	0.5714306916664845	0.8071301831024627	0.18118982924848173	0.2710868932845241	0.04864979535341263	0.5551896160468459	Baron	datasets_original/baron-human.rds	scvi	scVI	44	44	cell_type1	human	8569	1000	14	4	label_free_hvg
44	20	30	1.0	22	0.4546832904001081	0.7589884188633895	0.17037030494394473	0.29954968684201627	0.04864979535341263	0.5396696140524	Baron	datasets_original/baron-human.rds	scvi	scVI	44	44	cell_type1	human	8569	1000	14	4	label_free_hvg
44	20	30	1.5	28	0.3173634499209992	0.7063363272558382	0.11530909246700942	0.306229167667913	0.04864979535341263	0.531943392008543	Baron	datasets_original/baron-human.rds	scvi	scVI	44	44	cell_type1	human	8569	1000	14	4	label_free_hvg
44	20	30	2.0	34	0.27417850001079347	0.6839041560132694	0.11524137020151393	0.31177468535175684	0.04864979535341263	0.537732289172709	Baron	datasets_original/baron-human.rds	scvi	scVI	44	44	cell_type1	human	8569	1000	14	4	label_free_hvg
44	50	10	0.2	17	0.5889422883111446	0.8198323017310556	0.1769159459003521	0.27088276343283213	0.046300776302814484	0.2741541920695454	Baron	datasets_original/baron-human.rds	scvi	scVI	44	44	cell_type1	human	8569	1000	14	4	label_free_hvg
44	50	10	0.5	24	0.5102347102744446	0.7837733372601348	0.2030021711369597	0.3291557274977992	0.046300776302814484	0.2741040289402008	Baron	datasets_original/baron-human.rds	scvi	scVI	44	44	cell_type1	human	8569	1000	14	4	label_free_hvg
44	50	10	1.0	36	0.3711490302305344	0.7179698730351568	0.1698138233232195	0.35439469586125427	0.046300776302814484	0.2747351808939129	Baron	datasets_original/baron-human.rds	scvi	scVI	44	44	cell_type1	human	8569	1000	14	4	label_free_hvg
44	50	10	1.5	45	0.25528930895513646	0.6747075011929048	0.11512790090259643	0.347648527651856	0.046300776302814484	0.27046229713596404	Baron	datasets_original/baron-human.rds	scvi	scVI	44	44	cell_type1	human	8569	1000	14	4	label_free_hvg
44	50	10	2.0	55	0.22439865553242846	0.653614890661985	0.10659663372138016	0.3497775370948188	0.046300776302814484	0.2719038820359856	Baron	datasets_original/baron-human.rds	scvi	scVI	44	44	cell_type1	human	8569	1000	14	4	label_free_hvg
44	50	15	0.2	16	0.6013483108003131	0.832263423214388	0.19155203952731079	0.28500149920055534	0.046300776302814484	0.3456933789420873	Baron	datasets_original/baron-human.rds	scvi	scVI	44	44	cell_type1	human	8569	1000	14	4	label_free_hvg
44	50	15	0.5	22	0.5114770819989048	0.7828158807516926	0.2036198957202703	0.32988655962616603	0.046300776302814484	0.3433199040591717	Baron	datasets_original/baron-human.rds	scvi	scVI	44	44	cell_type1	human	8569	1000	14	4	label_free_hvg
44	50	15	1.0	31	0.39193282822513215	0.7309345055460801	0.17502354105416607	0.3577194604813534	0.046300776302814484	0.34160717111080885	Baron	datasets_original/baron-human.rds	scvi	scVI	44	44	cell_type1	human	8569	1000	14	4	label_free_hvg
44	50	15	1.5	39	0.31236495063477154	0.6932612126864274	0.13740773833467618	0.340518559445407	0.046300776302814484	0.3401470158714801	Baron	datasets_original/baron-human.rds	scvi	scVI	44	44	cell_type1	human	8569	1000	14	4	label_free_hvg
44	50	15	2.0	48	0.27237957989650874	0.6744030516056537	0.12417551168529878	0.352239347439297	0.046300776302814484	0.3411787829827517	Baron	datasets_original/baron-human.rds	scvi	scVI	44	44	cell_type1	human	8569	1000	14	4	label_free_hvg
44	50	30	0.2	13	0.669165661529948	0.8398808452841797	0.15458340968156345	0.21413503489735802	0.046300776302814484	0.5985124928411096	Baron	datasets_original/baron-human.rds	scvi	scVI	44	44	cell_type1	human	8569	1000	14	4	label_free_hvg
44	50	30	0.5	17	0.5687250075803135	0.8080157746848877	0.19009858278011973	0.29084216265944035	0.046300776302814484	0.6049145669676363	Baron	datasets_original/baron-human.rds	scvi	scVI	44	44	cell_type1	human	8569	1000	14	4	label_free_hvg
44	50	30	1.0	22	0.4864412997351921	0.7691081094740704	0.21294784456669558	0.35159833852182804	0.046300776302814484	0.5844523229170591	Baron	datasets_original/baron-human.rds	scvi	scVI	44	44	cell_type1	human	8569	1000	14	4	label_free_hvg
44	50	30	1.5	28	0.3834535161881061	0.728367291024147	0.16711436103871025	0.3439176439383108	0.046300776302814484	0.585452782921493	Baron	datasets_original/baron-human.rds	scvi	scVI	44	44	cell_type1	human	8569	1000	14	4	label_free_hvg
44	50	30	2.0	31	0.30565381215371473	0.7008820012925203	0.12814267248349237	0.33189598095557826	0.046300776302814484	0.5718788879457861	Baron	datasets_original/baron-human.rds	scvi	scVI	44	44	cell_type1	human	8569	1000	14	4	label_free_hvg
44	100	10	0.2	19	0.5865371269714459	0.8187620372039071	0.1980134131910196	0.3056508240049867	0.043092064559459686	0.28143642703071237	Baron	datasets_original/baron-human.rds	scvi	scVI	44	44	cell_type1	human	8569	1000	14	4	label_free_hvg
44	100	10	0.5	26	0.5068047467202212	0.7730333441835183	0.20716914151743843	0.34615891952672506	0.043092064559459686	0.2825308109167963	Baron	datasets_original/baron-human.rds	scvi	scVI	44	44	cell_type1	human	8569	1000	14	4	label_free_hvg
44	100	10	1.0	35	0.3831594764911696	0.7222634622506539	0.18111697849498767	0.36381147450223156	0.043092064559459686	0.2833365770056844	Baron	datasets_original/baron-human.rds	scvi	scVI	44	44	cell_type1	human	8569	1000	14	4	label_free_hvg
44	100	10	1.5	48	0.28891397643979977	0.6784023432779336	0.13957631566698328	0.3634300225888005	0.043092064559459686	0.2790623139590025	Baron	datasets_original/baron-human.rds	scvi	scVI	44	44	cell_type1	human	8569	1000	14	4	label_free_hvg
44	100	10	2.0	57	0.24988500110897718	0.6583418697800378	0.11946676400174858	0.3582462833067403	0.043092064559459686	0.2797876901458949	Baron	datasets_original/baron-human.rds	scvi	scVI	44	44	cell_type1	human	8569	1000	14	4	label_free_hvg
44	100	15	0.2	16	0.5887096399728992	0.8200790799419292	0.1876192251537818	0.2839753145783209	0.043092064559459686	0.3536495908629149	Baron	datasets_original/baron-human.rds	scvi	scVI	44	44	cell_type1	human	8569	1000	14	4	label_free_hvg
44	100	15	0.5	23	0.5122469549001202	0.7834130169643688	0.2090015713207591	0.3410849796029813	0.043092064559459686	0.35109249013476074	Baron	datasets_original/baron-human.rds	scvi	scVI	44	44	cell_type1	human	8569	1000	14	4	label_free_hvg
44	100	15	1.0	30	0.4259196454533	0.7424995287997763	0.2113197421483731	0.3797704524077945	0.043092064559459686	0.3470123060978949	Baron	datasets_original/baron-human.rds	scvi	scVI	44	44	cell_type1	human	8569	1000	14	4	label_free_hvg
44	100	15	1.5	38	0.3220178956309222	0.7003673834908161	0.15346202214171653	0.36847982027363935	0.043092064559459686	0.3503757049329579	Baron	datasets_original/baron-human.rds	scvi	scVI	44	44	cell_type1	human	8569	1000	14	4	label_free_hvg
44	100	15	2.0	43	0.2723216520017384	0.6807606399243782	0.12947226041449114	0.36197212523952554	0.043092064559459686	0.35281477216631174	Baron	datasets_original/baron-human.rds	scvi	scVI	44	44	cell_type1	human	8569	1000	14	4	label_free_hvg
44	100	30	0.2	14	0.6752024167895775	0.8506954188795769	0.1499139435317821	0.22334201673406548	0.043092064559459686	0.5924305911175907	Baron	datasets_original/baron-human.rds	scvi	scVI	44	44	cell_type1	human	8569	1000	14	4	label_free_hvg
44	100	30	0.5	20	0.5145469107897538	0.7832263868524669	0.20884957287615633	0.33723415042054405	0.043092064559459686	0.593913537915796	Baron	datasets_original/baron-human.rds	scvi	scVI	44	44	cell_type1	human	8569	1000	14	4	label_free_hvg
44	100	30	1.0	23	0.48672996544539604	0.7708896902878555	0.21694979925697913	0.3576849871437104	0.043092064559459686	0.5960409280378371	Baron	datasets_original/baron-human.rds	scvi	scVI	44	44	cell_type1	human	8569	1000	14	4	label_free_hvg
44	100	30	1.5	26	0.4101610059863053	0.7395963316897282	0.1965996287715483	0.3636021570194411	0.043092064559459686	0.6028483989648521	Baron	datasets_original/baron-human.rds	scvi	scVI	44	44	cell_type1	human	8569	1000	14	4	label_free_hvg
44	100	30	2.0	33	0.32427093258140044	0.7020138474428772	0.15163368131564509	0.35582157900915773	0.043092064559459686	0.5971896860282868	Baron	datasets_original/baron-human.rds	scvi	scVI	44	44	cell_type1	human	8569	1000	14	4	label_free_hvg
45	20	10	0.2	17	0.5851426161072029	0.808402180499437	0.14560571823706842	0.2214876204713406	0.04764822870492935	0.26414918899536133	Baron	datasets_original/baron-human.rds	scvi	scVI	45	45	cell_type1	human	8569	1000	14	4	label_free_hvg
45	20	10	0.5	24	0.4541792091376327	0.753433314347688	0.17691058914715974	0.30116265594292246	0.04764822870492935	0.2609689529053867	Baron	datasets_original/baron-human.rds	scvi	scVI	45	45	cell_type1	human	8569	1000	14	4	label_free_hvg
45	20	10	1.0	31	0.35943407350188666	0.7121411479795002	0.1403261151995708	0.2941797066157033	0.04764822870492935	0.2598555372096598	Baron	datasets_original/baron-human.rds	scvi	scVI	45	45	cell_type1	human	8569	1000	14	4	label_free_hvg
45	20	10	1.5	42	0.23831267626899713	0.6600149668918346	0.10554247878037476	0.31359382148258985	0.04764822870492935	0.2589252081234008	Baron	datasets_original/baron-human.rds	scvi	scVI	45	45	cell_type1	human	8569	1000	14	4	label_free_hvg
45	20	10	2.0	54	0.18419953238077308	0.6330993745677781	0.07751730940733643	0.30296269227072825	0.04764822870492935	0.25845114211551845	Baron	datasets_original/baron-human.rds	scvi	scVI	45	45	cell_type1	human	8569	1000	14	4	label_free_hvg
45	20	15	0.2	15	0.5929216664525323	0.8105656523950591	0.1693259551779505	0.2453420395235876	0.04764822870492935	0.32919473899528384	Baron	datasets_original/baron-human.rds	scvi	scVI	45	45	cell_type1	human	8569	1000	14	4	label_free_hvg
45	20	15	0.5	21	0.490358376778079	0.7714195675935808	0.1717218298217647	0.2855878695490799	0.04764822870492935	0.328596763079986	Baron	datasets_original/baron-human.rds	scvi	scVI	45	45	cell_type1	human	8569	1000	14	4	label_free_hvg
45	20	15	1.0	29	0.3586082391392904	0.7141408961579417	0.1403167170823745	0.3049558030871581	0.04764822870492935	0.32252085488289595	Baron	datasets_original/baron-human.rds	scvi	scVI	45	45	cell_type1	human	8569	1000	14	4	label_free_hvg
45	20	15	1.5	38	0.2641066293476162	0.6735843370769152	0.10830775157232604	0.3122431006397571	0.04764822870492935	0.3258045648690313	Baron	datasets_original/baron-human.rds	scvi	scVI	45	45	cell_type1	human	8569	1000	14	4	label_free_hvg
45	20	15	2.0	46	0.20560325316981218	0.6463983946937458	0.08526548722779756	0.3094160299700556	0.04764822870492935	0.32672269409522414	Baron	datasets_original/baron-human.rds	scvi	scVI	45	45	cell_type1	human	8569	1000	14	4	label_free_hvg
45	20	30	0.2	11	0.6575395168243975	0.8257770049248934	0.13682063190652352	0.18924251070536735	0.04764822870492935	0.5720005219336599	Baron	datasets_original/baron-human.rds	scvi	scVI	45	45	cell_type1	human	8569	1000	14	4	label_free_hvg
45	20	30	0.5	16	0.5632494311503881	0.8000844593679854	0.19143846796347805	0.2842070624936189	0.04764822870492935	0.5702891307882965	Baron	datasets_original/baron-human.rds	scvi	scVI	45	45	cell_type1	human	8569	1000	14	4	label_free_hvg
45	20	30	1.0	24	0.4480161646502474	0.7490986210806243	0.17881326455346747	0.30133399867028177	0.04764822870492935	0.5694535940419883	Baron	datasets_original/baron-human.rds	scvi	scVI	45	45	cell_type1	human	8569	1000	14	4	label_free_hvg
45	20	30	1.5	28	0.3601920752663677	0.7133669966225281	0.14194289591564696	0.30694523464938767	0.04764822870492935	0.5723854240495712	Baron	datasets_original/baron-human.rds	scvi	scVI	45	45	cell_type1	human	8569	1000	14	4	label_free_hvg
45	20	30	2.0	34	0.26116793080838957	0.6750014756678112	0.11231813468056398	0.31313430350466737	0.04764822870492935	0.5645219169091433	Baron	datasets_original/baron-human.rds	scvi	scVI	45	45	cell_type1	human	8569	1000	14	4	label_free_hvg
45	50	10	0.2	18	0.5875304810737982	0.819242947705035	0.18079307045326595	0.2715248038497845	0.046399492770433426	0.27659153705462813	Baron	datasets_original/baron-human.rds	scvi	scVI	45	45	cell_type1	human	8569	1000	14	4	label_free_hvg
45	50	10	0.5	25	0.5082435404118423	0.7689003080260033	0.19207958965803099	0.3176614240022157	0.046399492770433426	0.2729205659125	Baron	datasets_original/baron-human.rds	scvi	scVI	45	45	cell_type1	human	8569	1000	14	4	label_free_hvg
45	50	10	1.0	36	0.3372939792478772	0.7007453866050545	0.14294286667870526	0.3344667875974775	0.046399492770433426	0.2754802049603313	Baron	datasets_original/baron-human.rds	scvi	scVI	45	45	cell_type1	human	8569	1000	14	4	label_free_hvg
45	50	10	1.5	46	0.2659607203592547	0.6726966673303747	0.1168892354034412	0.3324804501826014	0.046399492770433426	0.27067801309749484	Baron	datasets_original/baron-human.rds	scvi	scVI	45	45	cell_type1	human	8569	1000	14	4	label_free_hvg
45	50	10	2.0	53	0.21706256110720812	0.647554469239727	0.0979844127145772	0.3306295264400143	0.046399492770433426	0.2708800460677594	Baron	datasets_original/baron-human.rds	scvi	scVI	45	45	cell_type1	human	8569	1000	14	4	label_free_hvg
45	50	15	0.2	16	0.5908062246632365	0.8141034476736098	0.16857856213110423	0.25341029533717785	0.046399492770433426	0.3518736660480499	Baron	datasets_original/baron-human.rds	scvi	scVI	45	45	cell_type1	human	8569	1000	14	4	label_free_hvg
45	50	15	0.5	23	0.5166294775933568	0.780749537189768	0.19121630322851066	0.3100555568042288	0.046399492770433426	0.3525893809273839	Baron	datasets_original/baron-human.rds	scvi	scVI	45	45	cell_type1	human	8569	1000	14	4	label_free_hvg
45	50	15	1.0	33	0.42559224567501613	0.7316298091742599	0.19148210901925383	0.34205578587970437	0.046399492770433426	0.35027642408385873	Baron	datasets_original/baron-human.rds	scvi	scVI	45	45	cell_type1	human	8569	1000	14	4	label_free_hvg
45	50	15	1.5	42	0.3139775015824013	0.6904756735276786	0.14169348878470991	0.3424536417972329	0.046399492770433426	0.3481236540246755	Baron	datasets_original/baron-human.rds	scvi	scVI	45	45	cell_type1	human	8569	1000	14	4	label_free_hvg
45	50	15	2.0	45	0.25704301234108323	0.6663495467538924	0.11244716729108158	0.3304921066083351	0.046399492770433426	0.3457951170857996	Baron	datasets_original/baron-human.rds	scvi	scVI	45	45	cell_type1	human	8569	1000	14	4	label_free_hvg
45	50	30	0.2	11	0.6678511509323796	0.8292231883653476	0.15171374528696493	0.21066207044294208	0.046399492770433426	0.5833654969464988	Baron	datasets_original/baron-human.rds	scvi	scVI	45	45	cell_type1	human	8569	1000	14	4	label_free_hvg
45	50	30	0.5	20	0.5487053675274953	0.7962351248854387	0.19791381599421662	0.31238308814627824	0.046399492770433426	0.5994372570421547	Baron	datasets_original/baron-human.rds	scvi	scVI	45	45	cell_type1	human	8569	1000	14	4	label_free_hvg
45	50	30	1.0	24	0.4833444965125817	0.7654653756625637	0.2034529551376626	0.33734844975894523	0.046399492770433426	0.5820431818719953	Baron	datasets_original/baron-human.rds	scvi	scVI	45	45	cell_type1	human	8569	1000	14	4	label_free_hvg
45	50	30	1.5	26	0.42881565282189094	0.7426994030775125	0.19301523898683218	0.3464407251471609	0.046399492770433426	0.5767609309405088	Baron	datasets_original/baron-human.rds	scvi	scVI	45	45	cell_type1	human	8569	1000	14	4	label_free_hvg
45	50	30	2.0	34	0.3299609497106152	0.7011496137106662	0.15447755957977932	0.3475071405288523	0.046399492770433426	0.5737932228948921	Baron	datasets_original/baron-human.rds	scvi	scVI	45	45	cell_type1	human	8569	1000	14	4	label_free_hvg
45	100	10	0.2	17	0.6691110128430993	0.8370720336507159	0.15499992860834558	0.2322419661735602	0.043034449219703674	0.2878750110976398	Baron	datasets_original/baron-human.rds	scvi	scVI	45	45	cell_type1	human	8569	1000	14	4	label_free_hvg
45	100	10	0.5	24	0.5199972594634495	0.7846231030276417	0.2039020172063696	0.32563260640467034	0.043034449219703674	0.28339833207428455	Baron	datasets_original/baron-human.rds	scvi	scVI	45	45	cell_type1	human	8569	1000	14	4	label_free_hvg
45	100	10	1.0	34	0.3943256015787756	0.7251692415023809	0.1756624214568007	0.3467035636906445	0.043034449219703674	0.283520074095577	Baron	datasets_original/baron-human.rds	scvi	scVI	45	45	cell_type1	human	8569	1000	14	4	label_free_hvg
45	100	10	1.5	45	0.3113522771357638	0.6856145215222077	0.14358783127164612	0.3527575927617213	0.043034449219703674	0.28288672119379044	Baron	datasets_original/baron-human.rds	scvi	scVI	45	45	cell_type1	human	8569	1000	14	4	label_free_hvg
45	100	10	2.0	50	0.2586628194206187	0.6659006645581128	0.12230299899565669	0.3541516974514609	0.043034449219703674	0.2795214029029012	Baron	datasets_original/baron-human.rds	scvi	scVI	45	45	cell_type1	human	8569	1000	14	4	label_free_hvg
45	100	15	0.2	15	0.6744406204484839	0.8415022828156139	0.15488594920287413	0.23246517964548444	0.043034449219703674	0.36960259918123484	Baron	datasets_original/baron-human.rds	scvi	scVI	45	45	cell_type1	human	8569	1000	14	4	label_free_hvg
45	100	15	0.5	25	0.5052126588589757	0.7763389597426226	0.19828095307264756	0.3253196323568952	0.043034449219703674	0.3685656669549644	Baron	datasets_original/baron-human.rds	scvi	scVI	45	45	cell_type1	human	8569	1000	14	4	label_free_hvg
45	100	15	1.0	30	0.44476119797893154	0.7453225047227512	0.21261417725521814	0.3643648548938771	0.043034449219703674	0.3597190799191594	Baron	datasets_original/baron-human.rds	scvi	scVI	45	45	cell_type1	human	8569	1000	14	4	label_free_hvg
45	100	15	1.5	40	0.32090841178878315	0.6898161986023336	0.15864577513931544	0.36045527295264884	0.043034449219703674	0.36007808498106897	Baron	datasets_original/baron-human.rds	scvi	scVI	45	45	cell_type1	human	8569	1000	14	4	label_free_hvg
45	100	15	2.0	46	0.27980010838129354	0.6751164398157047	0.13388849152838492	0.3625562996185697	0.043034449219703674	0.36238397005945444	Baron	datasets_original/baron-human.rds	scvi	scVI	45	45	cell_type1	human	8569	1000	14	4	label_free_hvg
45	100	30	0.2	12	0.6568729913493262	0.8213554791493303	0.1573329109984007	0.23045330748942947	0.043034449219703674	0.6047973341774195	Baron	datasets_original/baron-human.rds	scvi	scVI	45	45	cell_type1	human	8569	1000	14	4	label_free_hvg
45	100	30	0.5	19	0.5579295254912284	0.8015503577807451	0.201530415596902	0.3146346607184953	0.043034449219703674	0.6002564360387623	Baron	datasets_original/baron-human.rds	scvi	scVI	45	45	cell_type1	human	8569	1000	14	4	label_free_hvg
45	100	30	1.0	24	0.4794485075504459	0.7641489307415137	0.20795279010493337	0.3478819622548871	0.043034449219703674	0.58394745294936	Baron	datasets_original/baron-human.rds	scvi	scVI	45	45	cell_type1	human	8569	1000	14	4	label_free_hvg
45	100	30	1.5	27	0.41861278965599064	0.7394983069221497	0.1970653130552175	0.3574938537816748	0.043034449219703674	0.5834734758827835	Baron	datasets_original/baron-human.rds	scvi	scVI	45	45	cell_type1	human	8569	1000	14	4	label_free_hvg
45	100	30	2.0	34	0.33030372667312236	0.6998855431686107	0.1558074300405049	0.3551438060672449	0.043034449219703674	0.5942097979132086	Baron	datasets_original/baron-human.rds	scvi	scVI	45	45	cell_type1	human	8569	1000	14	4	label_free_hvg
46	20	10	0.2	19	0.5795615747344851	0.8060119458761005	0.1678638950974227	0.24979968359244276	0.046795785427093506	0.2625423138961196	Baron	datasets_original/baron-human.rds	scvi	scVI	46	46	cell_type1	human	8569	1000	14	4	label_free_hvg
46	20	10	0.5	26	0.4368425201767011	0.7411692054147989	0.17868590248007324	0.30703139408567154	0.046795785427093506	0.25752331991679966	Baron	datasets_original/baron-human.rds	scvi	scVI	46	46	cell_type1	human	8569	1000	14	4	label_free_hvg
46	20	10	1.0	36	0.3166755862574284	0.6940534581218	0.14333902010764246	0.3290555357911796	0.046795785427093506	0.2602246841415763	Baron	datasets_original/baron-human.rds	scvi	scVI	46	46	cell_type1	human	8569	1000	14	4	label_free_hvg
46	20	10	1.5	44	0.2338736490423543	0.6580585288044669	0.10042804224455006	0.32043984844383494	0.046795785427093506	0.2561201089993119	Baron	datasets_original/baron-human.rds	scvi	scVI	46	46	cell_type1	human	8569	1000	14	4	label_free_hvg
46	20	10	2.0	54	0.18499073483716144	0.6326410700908596	0.08224288041096793	0.32454145579795135	0.046795785427093506	0.2567253699526191	Baron	datasets_original/baron-human.rds	scvi	scVI	46	46	cell_type1	human	8569	1000	14	4	label_free_hvg
46	20	15	0.2	15	0.5729432990913149	0.7969009084827323	0.17506759776418196	0.2648618938684405	0.046795785427093506	0.32245501200668514	Baron	datasets_original/baron-human.rds	scvi	scVI	46	46	cell_type1	human	8569	1000	14	4	label_free_hvg
46	20	15	0.5	23	0.47299372019436337	0.754835833511879	0.19527244090027715	0.32742071957485563	0.046795785427093506	0.3201418789103627	Baron	datasets_original/baron-human.rds	scvi	scVI	46	46	cell_type1	human	8569	1000	14	4	label_free_hvg
46	20	15	1.0	30	0.34351716888595896	0.7063341283034322	0.1345621044328563	0.3107757602844148	0.046795785427093506	0.31706285406835377	Baron	datasets_original/baron-human.rds	scvi	scVI	46	46	cell_type1	human	8569	1000	14	4	label_free_hvg
46	20	15	1.5	40	0.24890912964168366	0.6661313321442002	0.10639732521732137	0.3206207637867016	0.046795785427093506	0.31896912516094744	Baron	datasets_original/baron-human.rds	scvi	scVI	46	46	cell_type1	human	8569	1000	14	4	label_free_hvg
46	20	15	2.0	45	0.2229718323963789	0.6517090718724418	0.10063528084994439	0.3250723808293365	0.046795785427093506	0.31675903499126434	Baron	datasets_original/baron-human.rds	scvi	scVI	46	46	cell_type1	human	8569	1000	14	4	label_free_hvg
46	20	30	0.2	14	0.6620653655337553	0.8334731710382526	0.14991613042960694	0.2248073602488996	0.046795785427093506	0.5531975391786546	Baron	datasets_original/baron-human.rds	scvi	scVI	46	46	cell_type1	human	8569	1000	14	4	label_free_hvg
46	20	30	0.5	17	0.5342884848507833	0.7888489659207969	0.1904972787313518	0.2956214433601446	0.046795785427093506	0.5589103950187564	Baron	datasets_original/baron-human.rds	scvi	scVI	46	46	cell_type1	human	8569	1000	14	4	label_free_hvg
46	20	30	1.0	23	0.4495903612150198	0.7529257852945104	0.20196455057061144	0.3362555364471515	0.046795785427093506	0.5445297148544341	Baron	datasets_original/baron-human.rds	scvi	scVI	46	46	cell_type1	human	8569	1000	14	4	label_free_hvg
46	20	30	1.5	30	0.32387264063815246	0.7015788977093156	0.13013839512925096	0.315311138407	0.046795785427093506	0.551407434977591	Baron	datasets_original/baron-human.rds	scvi	scVI	46	46	cell_type1	human	8569	1000	14	4	label_free_hvg
46	20	30	2.0	34	0.26675594357260224	0.6733158399542598	0.12111107130271503	0.321422322457862	0.046795785427093506	0.5375254019163549	Baron	datasets_original/baron-human.rds	scvi	scVI	46	46	cell_type1	human	8569	1000	14	4	label_free_hvg
46	50	10	0.2	21	0.5394194447030345	0.7918343477211891	0.20015343414696507	0.31689971224659724	0.04609626531600952	0.2746446959208697	Baron	datasets_original/baron-human.rds	scvi	scVI	46	46	cell_type1	human	8569	1000	14	4	label_free_hvg
46	50	10	0.5	28	0.45800877107327026	0.7482469729916353	0.20412863993599434	0.35522275110246304	0.04609626531600952	0.271461539901793	Baron	datasets_original/baron-human.rds	scvi	scVI	46	46	cell_type1	human	8569	1000	14	4	label_free_hvg
46	50	10	1.0	40	0.3423938915515741	0.6991159489651925	0.1699818653071639	0.3646035402084192	0.04609626531600952	0.2703479421325028	Baron	datasets_original/baron-human.rds	scvi	scVI	46	46	cell_type1	human	8569	1000	14	4	label_free_hvg
46	50	10	1.5	47	0.29293599998503417	0.6770690292985786	0.14025282162663041	0.3631378449516083	0.04609626531600952	0.27354917395859957	Baron	datasets_original/baron-human.rds	scvi	scVI	46	46	cell_type1	human	8569	1000	14	4	label_free_hvg
46	50	10	2.0	54	0.2556756686143729	0.6575074544660895	0.12713917416670278	0.36084782770290746	0.04609626531600952	0.2707833261229098	Baron	datasets_original/baron-human.rds	scvi	scVI	46	46	cell_type1	human	8569	1000	14	4	label_free_hvg
46	50	15	0.2	18	0.5749921603483413	0.8033246148833102	0.18773224791837662	0.28413076296753637	0.04609626531600952	0.3466997069772333	Baron	datasets_original/baron-human.rds	scvi	scVI	46	46	cell_type1	human	8569	1000	14	4	label_free_hvg
46	50	15	0.5	24	0.49132921320822925	0.7643583610123799	0.19818953377661694	0.3387461847290858	0.04609626531600952	0.34045254811644554	Baron	datasets_original/baron-human.rds	scvi	scVI	46	46	cell_type1	human	8569	1000	14	4	label_free_hvg
46	50	15	1.0	29	0.4221250352288871	0.7338643658438467	0.2102668221666432	0.3643139372284326	0.04609626531600952	0.3417943250387907	Baron	datasets_original/baron-human.rds	scvi	scVI	46	46	cell_type1	human	8569	1000	14	4	label_free_hvg
46	50	15	1.5	39	0.3015204341094126	0.6877940113228175	0.14175843240875063	0.36044541685037423	0.04609626531600952	0.34410236380063	Baron	datasets_original/baron-human.rds	scvi	scVI	46	46	cell_type1	human	8569	1000	14	4	label_free_hvg
46	50	15	2.0	46	0.2656680553133561	0.6669324757942283	0.12857243235207658	0.35818177487824093	0.04609626531600952	0.33968401700258255	Baron	datasets_original/baron-human.rds	scvi	scVI	46	46	cell_type1	human	8569	1000	14	4	label_free_hvg
46	50	30	0.2	14	0.6641709231920485	0.8313508567562428	0.1546088387838225	0.22781765312248092	0.04609626531600952	0.5813676249235868	Baron	datasets_original/baron-human.rds	scvi	scVI	46	46	cell_type1	human	8569	1000	14	4	label_free_hvg
46	50	30	0.5	19	0.5220005068534146	0.7841144318932161	0.20561719032978573	0.3309194365567774	0.04609626531600952	0.5802259971387684	Baron	datasets_original/baron-human.rds	scvi	scVI	46	46	cell_type1	human	8569	1000	14	4	label_free_hvg
46	50	30	1.0	25	0.46724215742720737	0.7562032761827227	0.2078953437297381	0.3553315242221133	0.04609626531600952	0.5918146648909897	Baron	datasets_original/baron-human.rds	scvi	scVI	46	46	cell_type1	human	8569	1000	14	4	label_free_hvg
46	50	30	1.5	26	0.4270253862360047	0.7370831021468566	0.21541276794358064	0.3686727924841503	0.04609626531600952	0.5802632120903581	Baron	datasets_original/baron-human.rds	scvi	scVI	46	46	cell_type1	human	8569	1000	14	4	label_free_hvg
46	50	30	2.0	35	0.3182672400453068	0.6954845380103784	0.1528988950538005	0.36461267489888777	0.04609626531600952	0.5774715358857065	Baron	datasets_original/baron-human.rds	scvi	scVI	46	46	cell_type1	human	8569	1000	14	4	label_free_hvg
46	100	10	0.2	19	0.6456985910804581	0.8234348140873176	0.1489964785394749	0.23550718372379187	0.04323320463299751	0.28548779897391796	Baron	datasets_original/baron-human.rds	scvi	scVI	46	46	cell_type1	human	8569	1000	14	4	label_free_hvg
46	100	10	0.5	27	0.495146275646326	0.764170611009615	0.19654420777011122	0.3370924768970123	0.04323320463299751	0.28225610801018775	Baron	datasets_original/baron-human.rds	scvi	scVI	46	46	cell_type1	human	8569	1000	14	4	label_free_hvg
46	100	10	1.0	36	0.4051717666342259	0.7241616885607453	0.21019215903811467	0.3820208077608466	0.04323320463299751	0.3685422569978982	Baron	datasets_original/baron-human.rds	scvi	scVI	46	46	cell_type1	human	8569	1000	14	4	label_free_hvg
46	100	10	1.5	48	0.27973736509424746	0.6730045858163799	0.13686509749960019	0.36414282946429904	0.04323320463299751	0.2790539169218391	Baron	datasets_original/baron-human.rds	scvi	scVI	46	46	cell_type1	human	8569	1000	14	4	label_free_hvg
46	100	10	2.0	54	0.24539033119803055	0.6560412844425726	0.12322868841132262	0.36222687540992404	0.04323320463299751	0.2784505730960518	Baron	datasets_original/baron-human.rds	scvi	scVI	46	46	cell_type1	human	8569	1000	14	4	label_free_hvg
46	100	15	0.2	17	0.6494119865203849	0.8233286945870669	0.15880799851000357	0.24719719711918964	0.04323320463299751	0.36544941319152713	Baron	datasets_original/baron-human.rds	scvi	scVI	46	46	cell_type1	human	8569	1000	14	4	label_free_hvg
46	100	15	0.5	25	0.49044708052513075	0.7643534636581454	0.20112166857357555	0.3408481114603479	0.04323320463299751	0.3597806729376316	Baron	datasets_original/baron-human.rds	scvi	scVI	46	46	cell_type1	human	8569	1000	14	4	label_free_hvg
46	100	15	1.0	30	0.41812905331351274	0.7300399501654352	0.21597001482441133	0.37907119079139506	0.04323320463299751	0.3613219321705401	Baron	datasets_original/baron-human.rds	scvi	scVI	46	46	cell_type1	human	8569	1000	14	4	label_free_hvg
46	100	15	1.5	38	0.3293072813081748	0.6928479133273149	0.1691265371751329	0.3799390126063251	0.04323320463299751	0.35698475199751556	Baron	datasets_original/baron-human.rds	scvi	scVI	46	46	cell_type1	human	8569	1000	14	4	label_free_hvg
46	100	15	2.0	45	0.2832083746162028	0.6744943072063678	0.14147754322741293	0.3691865876918976	0.04323320463299751	0.35988259105943143	Baron	datasets_original/baron-human.rds	scvi	scVI	46	46	cell_type1	human	8569	1000	14	4	label_free_hvg
46	100	30	0.2	15	0.6514490449747863	0.8221515642963002	0.15830659819169413	0.2442931246781363	0.04323320463299751	0.6108246659860015	Baron	datasets_original/baron-human.rds	scvi	scVI	46	46	cell_type1	human	8569	1000	14	4	label_free_hvg
46	100	30	0.5	19	0.5353116683149988	0.784848523798939	0.19955862816697953	0.3231444468496711	0.04323320463299751	0.5961357660125941	Baron	datasets_original/baron-human.rds	scvi	scVI	46	46	cell_type1	human	8569	1000	14	4	label_free_hvg
46	100	30	1.0	24	0.471008353664254	0.7570696158507572	0.21043647556821343	0.35686693832802696	0.04323320463299751	0.5689105810597539	Baron	datasets_original/baron-human.rds	scvi	scVI	46	46	cell_type1	human	8569	1000	14	4	label_free_hvg
46	100	30	1.5	27	0.43050323088247466	0.7367552108128127	0.21855576565438922	0.3768196530774477	0.04323320463299751	0.5817484320141375	Baron	datasets_original/baron-human.rds	scvi	scVI	46	46	cell_type1	human	8569	1000	14	4	label_free_hvg
46	100	30	2.0	32	0.3760457921133358	0.7134814319215825	0.1893208883605793	0.3730926309274257	0.04323320463299751	0.5727524061221629	Baron	datasets_original/baron-human.rds	scvi	scVI	46	46	cell_type1	human	8569	1000	14	4	label_free_hvg
42	20	10	0.2	14	0.5925237386401053	0.807377462754108	0.1524889570969034	0.23121838402842143	0.03867381438612938	0.2545456720981747	Baron	datasets_original/baron-human.rds	alra	ALRA	42	42	cell_type1	human	8569	1000	14	4	label_free_hvg
42	20	10	0.5	23	0.4616249920563685	0.7523457360193508	0.1605437969833853	0.2628500541459384	0.03867381438612938	0.25281800399534404	Baron	datasets_original/baron-human.rds	alra	ALRA	42	42	cell_type1	human	8569	1000	14	4	label_free_hvg
42	20	10	1.0	35	0.2944982932446115	0.6865337923064191	0.09404260295893378	0.2614661563504244	0.03867381438612938	0.25244938605464995	Baron	datasets_original/baron-human.rds	alra	ALRA	42	42	cell_type1	human	8569	1000	14	4	label_free_hvg
42	20	10	1.5	45	0.22220572829327492	0.6531694858888246	0.07732109344774417	0.26173638025104906	0.03867381438612938	0.24976725899614394	Baron	datasets_original/baron-human.rds	alra	ALRA	42	42	cell_type1	human	8569	1000	14	4	label_free_hvg
42	20	10	2.0	54	0.18503619632626178	0.632375535829269	0.06657961021139867	0.26432497831883683	0.03867381438612938	0.2509457168634981	Baron	datasets_original/baron-human.rds	alra	ALRA	42	42	cell_type1	human	8569	1000	14	4	label_free_hvg
42	20	15	0.2	13	0.5977997937235847	0.8070714180212376	0.1454043794021527	0.22099770492781945	0.03867381438612938	0.3198186850640923	Baron	datasets_original/baron-human.rds	alra	ALRA	42	42	cell_type1	human	8569	1000	14	4	label_free_hvg
42	20	15	0.5	18	0.5101594156204835	0.7737462899875094	0.14711056821615467	0.23900124154513194	0.03867381438612938	0.3219653610140085	Baron	datasets_original/baron-human.rds	alra	ALRA	42	42	cell_type1	human	8569	1000	14	4	label_free_hvg
42	20	15	1.0	27	0.3396777224198156	0.7098785952644132	0.10580840159716054	0.2587039101027867	0.03867381438612938	0.31994471210055053	Baron	datasets_original/baron-human.rds	alra	ALRA	42	42	cell_type1	human	8569	1000	14	4	label_free_hvg
42	20	15	1.5	35	0.28177201694182835	0.6777001011088347	0.0902731332868807	0.2564670828604967	0.03867381438612938	0.31914391997270286	Baron	datasets_original/baron-human.rds	alra	ALRA	42	42	cell_type1	human	8569	1000	14	4	label_free_hvg
42	20	15	2.0	42	0.24317941008514599	0.66039056592177	0.08532226162314907	0.2659639583984772	0.03867381438612938	0.3201880648266524	Baron	datasets_original/baron-human.rds	alra	ALRA	42	42	cell_type1	human	8569	1000	14	4	label_free_hvg
42	20	30	0.2	12	0.6560753546208322	0.8137411275810961	0.1270474368609926	0.18821906296875301	0.03867381438612938	0.5750542359892279	Baron	datasets_original/baron-human.rds	alra	ALRA	42	42	cell_type1	human	8569	1000	14	4	label_free_hvg
42	20	30	0.5	15	0.5687977126446363	0.801156791136832	0.14702786948759192	0.22163427984564338	0.03867381438612938	0.5798767670057714	Baron	datasets_original/baron-human.rds	alra	ALRA	42	42	cell_type1	human	8569	1000	14	4	label_free_hvg
42	20	30	1.0	21	0.41891154882365134	0.7452415997041343	0.1316822490375419	0.2492656854669402	0.03867381438612938	0.5606891131028533	Baron	datasets_original/baron-human.rds	alra	ALRA	42	42	cell_type1	human	8569	1000	14	4	label_free_hvg
42	20	30	1.5	27	0.3439101379560919	0.7111546057459751	0.09889105151326934	0.2508686837860841	0.03867381438612938	0.5515864579938352	Baron	datasets_original/baron-human.rds	alra	ALRA	42	42	cell_type1	human	8569	1000	14	4	label_free_hvg
42	20	30	2.0	33	0.27014718905409163	0.6765994170615797	0.08907166248999798	0.2675441081321604	0.03867381438612938	0.5519255739636719	Baron	datasets_original/baron-human.rds	alra	ALRA	42	42	cell_type1	human	8569	1000	14	4	label_free_hvg
42	50	10	0.2	15	0.5665118235992015	0.7904526075260956	0.15528733209697704	0.24018435965798057	0.03713645040988922	0.2570529088843614	Baron	datasets_original/baron-human.rds	alra	ALRA	42	42	cell_type1	human	8569	1000	14	4	label_free_hvg
42	50	10	0.5	27	0.40330036916538187	0.7272095753990772	0.15246632626114115	0.27934585483644253	0.03713645040988922	0.25620919093489647	Baron	datasets_original/baron-human.rds	alra	ALRA	42	42	cell_type1	human	8569	1000	14	4	label_free_hvg
42	50	10	1.0	36	0.28874071400402895	0.681766067823583	0.08990232012464061	0.26305073081938896	0.03713645040988922	0.25567968003451824	Baron	datasets_original/baron-human.rds	alra	ALRA	42	42	cell_type1	human	8569	1000	14	4	label_free_hvg
42	50	10	1.5	45	0.2110016129975385	0.646075541641235	0.07813316700958266	0.27498375712407763	0.03713645040988922	0.2517988230101764	Baron	datasets_original/baron-human.rds	alra	ALRA	42	42	cell_type1	human	8569	1000	14	4	label_free_hvg
42	50	10	2.0	55	0.1732605642537614	0.6224973425833566	0.06266237947370616	0.27053877275759797	0.03713645040988922	0.25175385316833854	Baron	datasets_original/baron-human.rds	alra	ALRA	42	42	cell_type1	human	8569	1000	14	4	label_free_hvg
42	50	15	0.2	14	0.6559518095878956	0.8154280823877664	0.14079673414031402	0.21620141725877365	0.03713645040988922	0.3234965691808611	Baron	datasets_original/baron-human.rds	alra	ALRA	42	42	cell_type1	human	8569	1000	14	4	label_free_hvg
42	50	15	0.5	20	0.4780528725679661	0.7605115567828958	0.1573685832409852	0.26209133439482	0.03713645040988922	0.32197611196897924	Baron	datasets_original/baron-human.rds	alra	ALRA	42	42	cell_type1	human	8569	1000	14	4	label_free_hvg
42	50	15	1.0	29	0.31795440099734545	0.697772034041858	0.0932425497267597	0.2547905783393388	0.03713645040988922	0.31915943301282823	Baron	datasets_original/baron-human.rds	alra	ALRA	42	42	cell_type1	human	8569	1000	14	4	label_free_hvg
42	50	15	1.5	38	0.2795328514884147	0.6810876438023176	0.08734542461470082	0.2713285652498804	0.03713645040988922	0.31886845803819597	Baron	datasets_original/baron-human.rds	alra	ALRA	42	42	cell_type1	human	8569	1000	14	4	label_free_hvg
42	50	15	2.0	44	0.21303600779017043	0.6518424467443158	0.07588223937480766	0.27283931828522806	0.03713645040988922	0.3196855809073895	Baron	datasets_original/baron-human.rds	alra	ALRA	42	42	cell_type1	human	8569	1000	14	4	label_free_hvg
42	50	30	0.2	13	0.5803493071714622	0.7941673236349327	0.1588854511507433	0.21924799907314357	0.03713645040988922	0.5379632611293346	Baron	datasets_original/baron-human.rds	alra	ALRA	42	42	cell_type1	human	8569	1000	14	4	label_free_hvg
42	50	30	0.5	16	0.5761276190927582	0.7998945378511306	0.15661929826014853	0.24065886633709047	0.03713645040988922	0.5388825330883265	Baron	datasets_original/baron-human.rds	alra	ALRA	42	42	cell_type1	human	8569	1000	14	4	label_free_hvg
42	50	30	1.0	23	0.4210336548436471	0.7386645382305793	0.162011743580407	0.28634182005456893	0.03713645040988922	0.5349380429834127	Baron	datasets_original/baron-human.rds	alra	ALRA	42	42	cell_type1	human	8569	1000	14	4	label_free_hvg
42	50	30	1.5	29	0.30710072405908945	0.696163290828969	0.10551912133443613	0.2775711833694668	0.03713645040988922	0.5444983600173146	Baron	datasets_original/baron-human.rds	alra	ALRA	42	42	cell_type1	human	8569	1000	14	4	label_free_hvg
42	50	30	2.0	31	0.2928574071152707	0.6885467085438385	0.09947600210537126	0.27052796905328913	0.03713645040988922	0.5419255229644477	Baron	datasets_original/baron-human.rds	alra	ALRA	42	42	cell_type1	human	8569	1000	14	4	label_free_hvg
42	100	10	0.2	17	0.5531703304575872	0.7826669864843993	0.15133980748506679	0.2342717564239888	0.035542260855436325	0.2647087292280048	Baron	datasets_original/baron-human.rds	alra	ALRA	42	42	cell_type1	human	8569	1000	14	4	label_free_hvg
42	100	10	0.5	26	0.4237868621917421	0.7316339164503787	0.15839558411098795	0.28462492396547945	0.035542260855436325	0.26269615394994617	Baron	datasets_original/baron-human.rds	alra	ALRA	42	42	cell_type1	human	8569	1000	14	4	label_free_hvg
42	100	10	1.0	35	0.29796275447445925	0.6838873867835409	0.09824532283411251	0.26910681974749273	0.035542260855436325	0.25839579897001386	Baron	datasets_original/baron-human.rds	alra	ALRA	42	42	cell_type1	human	8569	1000	14	4	label_free_hvg
42	100	10	1.5	47	0.20081597261475959	0.6432797054454887	0.07119524266186128	0.2713429049389492	0.035542260855436325	0.2582631357945502	Baron	datasets_original/baron-human.rds	alra	ALRA	42	42	cell_type1	human	8569	1000	14	4	label_free_hvg
42	100	10	2.0	57	0.17375818408523555	0.6248568834859582	0.06760415231797832	0.28263808955067715	0.035542260855436325	0.2590936040505767	Baron	datasets_original/baron-human.rds	alra	ALRA	42	42	cell_type1	human	8569	1000	14	4	label_free_hvg
42	100	15	0.2	15	0.6475680039054956	0.8115907552573397	0.139231177327878	0.21736906609164108	0.035542260855436325	0.33046823902986944	Baron	datasets_original/baron-human.rds	alra	ALRA	42	42	cell_type1	human	8569	1000	14	4	label_free_hvg
42	100	15	0.5	22	0.4229013042646287	0.7369019011708842	0.15911739828176638	0.2758831792307665	0.035542260855436325	0.3231951310299337	Baron	datasets_original/baron-human.rds	alra	ALRA	42	42	cell_type1	human	8569	1000	14	4	label_free_hvg
42	100	15	1.0	31	0.30475387791768777	0.6909950357480467	0.10272036600852504	0.2710462837470815	0.035542260855436325	0.3230573791079223	Baron	datasets_original/baron-human.rds	alra	ALRA	42	42	cell_type1	human	8569	1000	14	4	label_free_hvg
42	100	15	1.5	37	0.27791570163682683	0.6791042561183233	0.09616859079913288	0.27410713603902365	0.035542260855436325	0.32561206514947116	Baron	datasets_original/baron-human.rds	alra	ALRA	42	42	cell_type1	human	8569	1000	14	4	label_free_hvg
42	100	15	2.0	47	0.21420611084899502	0.6490994985292624	0.07697131679303933	0.2768887456987003	0.035542260855436325	0.32623395789414644	Baron	datasets_original/baron-human.rds	alra	ALRA	42	42	cell_type1	human	8569	1000	14	4	label_free_hvg
42	100	30	0.2	13	0.6508175009473945	0.8083224160428901	0.13139739877005063	0.1934936860853783	0.035542260855436325	0.5464120260439813	Baron	datasets_original/baron-human.rds	alra	ALRA	42	42	cell_type1	human	8569	1000	14	4	label_free_hvg
42	100	30	0.5	17	0.5494906574076976	0.7874302452393337	0.16253827341083799	0.24998215341078517	0.035542260855436325	0.5476973520126194	Baron	datasets_original/baron-human.rds	alra	ALRA	42	42	cell_type1	human	8569	1000	14	4	label_free_hvg
42	100	30	1.0	24	0.4054583959352514	0.7315061978798264	0.15368458445856378	0.27669152259679325	0.035542260855436325	0.5465493048541248	Baron	datasets_original/baron-human.rds	alra	ALRA	42	42	cell_type1	human	8569	1000	14	4	label_free_hvg
42	100	30	1.5	30	0.3080953280997326	0.6945821351877265	0.10354010595342641	0.273893805046798	0.035542260855436325	0.5545543429907411	Baron	datasets_original/baron-human.rds	alra	ALRA	42	42	cell_type1	human	8569	1000	14	4	label_free_hvg
42	100	30	2.0	32	0.2872789851261744	0.6849912142800537	0.09864349858385954	0.2788858678680988	0.035542260855436325	0.5475928660016507	Baron	datasets_original/baron-human.rds	alra	ALRA	42	42	cell_type1	human	8569	1000	14	4	label_free_hvg
43	20	10	0.2	14	0.5924758163657328	0.80732930320391	0.16299200979162143	0.2383422487877596	0.044424667954444885	0.2547693110536784	Baron	datasets_original/baron-human.rds	alra	ALRA	43	43	cell_type1	human	8569	1000	14	4	label_free_hvg
43	20	10	0.5	23	0.4267286915880212	0.7399733202535308	0.13720891499657828	0.24814479774474021	0.044424667954444885	0.2550419180188328	Baron	datasets_original/baron-human.rds	alra	ALRA	43	43	cell_type1	human	8569	1000	14	4	label_free_hvg
43	20	10	1.0	33	0.3110423596713109	0.6957318145520889	0.09315716173445317	0.25160239653427235	0.044424667954444885	0.2500103961210698	Baron	datasets_original/baron-human.rds	alra	ALRA	43	43	cell_type1	human	8569	1000	14	4	label_free_hvg
43	20	10	1.5	46	0.2269087970418002	0.6515241948315567	0.08122516847665665	0.2691686292484564	0.044424667954444885	0.2491741250269115	Baron	datasets_original/baron-human.rds	alra	ALRA	43	43	cell_type1	human	8569	1000	14	4	label_free_hvg
43	20	10	2.0	56	0.1838763908940162	0.6338999422925912	0.06270937174951695	0.2660564372540212	0.044424667954444885	0.25075773894786835	Baron	datasets_original/baron-human.rds	alra	ALRA	43	43	cell_type1	human	8569	1000	14	4	label_free_hvg
43	20	15	0.2	13	0.5954310591485699	0.8068923243572522	0.1644696315506308	0.23790765842383327	0.044424667954444885	0.32201989996246994	Baron	datasets_original/baron-human.rds	alra	ALRA	43	43	cell_type1	human	8569	1000	14	4	label_free_hvg
43	20	15	0.5	18	0.5075503111534392	0.7716026082567764	0.15812884360950183	0.25086441629384787	0.044424667954444885	0.32353814085945487	Baron	datasets_original/baron-human.rds	alra	ALRA	43	43	cell_type1	human	8569	1000	14	4	label_free_hvg
43	20	15	1.0	27	0.3549832831527417	0.7157327179122316	0.10276724403724537	0.24779988140660134	0.044424667954444885	0.3174470460508019	Baron	datasets_original/baron-human.rds	alra	ALRA	43	43	cell_type1	human	8569	1000	14	4	label_free_hvg
43	20	15	1.5	37	0.2685841335832075	0.672972973202278	0.08616900161277878	0.26411196095340816	0.044424667954444885	0.319306381046772	Baron	datasets_original/baron-human.rds	alra	ALRA	43	43	cell_type1	human	8569	1000	14	4	label_free_hvg
43	20	15	2.0	42	0.21765044783935134	0.6486627205394595	0.08018409018693516	0.266911418131683	0.044424667954444885	0.31778064579702914	Baron	datasets_original/baron-human.rds	alra	ALRA	43	43	cell_type1	human	8569	1000	14	4	label_free_hvg
43	20	30	0.2	12	0.5831089323274882	0.7993404538186965	0.1442702326742305	0.20566755943010703	0.044424667954444885	0.555774933192879	Baron	datasets_original/baron-human.rds	alra	ALRA	43	43	cell_type1	human	8569	1000	14	4	label_free_hvg
43	20	30	0.5	14	0.6007518938272828	0.8159799768201557	0.166385521746383	0.241776786799596	0.044424667954444885	0.5511971819214523	Baron	datasets_original/baron-human.rds	alra	ALRA	43	43	cell_type1	human	8569	1000	14	4	label_free_hvg
43	20	30	1.0	22	0.42223950694812074	0.7413830857440672	0.13170602745159554	0.2546354974835399	0.044424667954444885	0.5481336549855769	Baron	datasets_original/baron-human.rds	alra	ALRA	43	43	cell_type1	human	8569	1000	14	4	label_free_hvg
43	20	30	1.5	27	0.34362600987068886	0.7122806990250345	0.09863299614359822	0.25742197385606547	0.044424667954444885	0.5514323350507766	Baron	datasets_original/baron-human.rds	alra	ALRA	43	43	cell_type1	human	8569	1000	14	4	label_free_hvg
43	20	30	2.0	33	0.28471664333184427	0.6836359162132732	0.0942585507633569	0.275263938536007	0.044424667954444885	0.5417453090194613	Baron	datasets_original/baron-human.rds	alra	ALRA	43	43	cell_type1	human	8569	1000	14	4	label_free_hvg
43	50	10	0.2	15	0.5660824864984062	0.7916795785155086	0.15366148180216754	0.2369611355498299	0.04284210875630379	0.25740156788378954	Baron	datasets_original/baron-human.rds	alra	ALRA	43	43	cell_type1	human	8569	1000	14	4	label_free_hvg
43	50	10	0.5	27	0.41202685223645624	0.7298510736447705	0.15860474198714464	0.2836273529560256	0.04284210875630379	0.2534451319370419	Baron	datasets_original/baron-human.rds	alra	ALRA	43	43	cell_type1	human	8569	1000	14	4	label_free_hvg
43	50	10	1.0	33	0.29320834042817234	0.6842940031037245	0.09168705458348027	0.2627690999208328	0.04284210875630379	0.2564901409205049	Baron	datasets_original/baron-human.rds	alra	ALRA	43	43	cell_type1	human	8569	1000	14	4	label_free_hvg
43	50	10	1.5	45	0.20950494032781955	0.6489598270793755	0.07846956181786438	0.2806182793027089	0.04284210875630379	0.2521911629009992	Baron	datasets_original/baron-human.rds	alra	ALRA	43	43	cell_type1	human	8569	1000	14	4	label_free_hvg
43	50	10	2.0	57	0.17374157345835192	0.6244318659580468	0.06715823770474383	0.27815134073104747	0.04284210875630379	0.25132627389393747	Baron	datasets_original/baron-human.rds	alra	ALRA	43	43	cell_type1	human	8569	1000	14	4	label_free_hvg
43	50	15	0.2	13	0.6439064523683763	0.8059784889357623	0.1332027288741267	0.1943710189313833	0.04284210875630379	0.32336667994968593	Baron	datasets_original/baron-human.rds	alra	ALRA	43	43	cell_type1	human	8569	1000	14	4	label_free_hvg
43	50	15	0.5	20	0.451833607063252	0.7409839715753522	0.14635876636196468	0.2548275167953952	0.04284210875630379	0.32174792396835983	Baron	datasets_original/baron-human.rds	alra	ALRA	43	43	cell_type1	human	8569	1000	14	4	label_free_hvg
43	50	15	1.0	30	0.3105491753762678	0.6938989869997308	0.10056869390979471	0.2668223404928683	0.04284210875630379	0.3218784260097891	Baron	datasets_original/baron-human.rds	alra	ALRA	43	43	cell_type1	human	8569	1000	14	4	label_free_hvg
43	50	15	1.5	36	0.2618853036998114	0.6728046349484748	0.092301658916116	0.27744149465339374	0.04284210875630379	0.3205546881072223	Baron	datasets_original/baron-human.rds	alra	ALRA	43	43	cell_type1	human	8569	1000	14	4	label_free_hvg
43	50	15	2.0	45	0.20472657754293888	0.6469144179999049	0.07662931231274887	0.28152941219438354	0.04284210875630379	0.31914918893016875	Baron	datasets_original/baron-human.rds	alra	ALRA	43	43	cell_type1	human	8569	1000	14	4	label_free_hvg
43	50	30	0.2	13	0.6495134499644254	0.8078312551984537	0.131951537346035	0.19358963816666463	0.04284210875630379	0.5455353371798992	Baron	datasets_original/baron-human.rds	alra	ALRA	43	43	cell_type1	human	8569	1000	14	4	label_free_hvg
43	50	30	0.5	16	0.5695799718327034	0.7981155776054841	0.1503232561743475	0.23459639768385637	0.04284210875630379	0.5423178060445935	Baron	datasets_original/baron-human.rds	alra	ALRA	43	43	cell_type1	human	8569	1000	14	4	label_free_hvg
43	50	30	1.0	22	0.4197679261003011	0.741036804237199	0.15483539254226145	0.27836581071163463	0.04284210875630379	0.5462373800110072	Baron	datasets_original/baron-human.rds	alra	ALRA	43	43	cell_type1	human	8569	1000	14	4	label_free_hvg
43	50	30	1.5	27	0.33024302382628407	0.7060860294916363	0.10545510622430854	0.26632568327084855	0.04284210875630379	0.5459047129843384	Baron	datasets_original/baron-human.rds	alra	ALRA	43	43	cell_type1	human	8569	1000	14	4	label_free_hvg
43	50	30	2.0	31	0.2918563220210316	0.6889157430213735	0.09932387248152566	0.2749642520467396	0.04284210875630379	0.5472188061103225	Baron	datasets_original/baron-human.rds	alra	ALRA	43	43	cell_type1	human	8569	1000	14	4	label_free_hvg
43	100	10	0.2	16	0.5612406477799688	0.7872746996043304	0.15149572493598945	0.23315558341598816	0.04127393290400505	0.2637522139120847	Baron	datasets_original/baron-human.rds	alra	ALRA	43	43	cell_type1	human	8569	1000	14	4	label_free_hvg
43	100	10	0.5	27	0.4105966727765925	0.7290657756732613	0.15061932283727159	0.27194855537722495	0.04127393290400505	0.26125777093693614	Baron	datasets_original/baron-human.rds	alra	ALRA	43	43	cell_type1	human	8569	1000	14	4	label_free_hvg
43	100	10	1.0	35	0.28913165532255275	0.6840140254739646	0.09206679288207355	0.2648416453005181	0.04127393290400505	0.25869979499839246	Baron	datasets_original/baron-human.rds	alra	ALRA	43	43	cell_type1	human	8569	1000	14	4	label_free_hvg
43	100	10	1.5	49	0.19653840130061745	0.6397200775992568	0.07058711446481364	0.27073156516706526	0.04127393290400505	0.25782918790355325	Baron	datasets_original/baron-human.rds	alra	ALRA	43	43	cell_type1	human	8569	1000	14	4	label_free_hvg
43	100	10	2.0	55	0.1771764496986006	0.6296526519167099	0.06476755600757411	0.27440226821747027	0.04127393290400505	0.25729651213623583	Baron	datasets_original/baron-human.rds	alra	ALRA	43	43	cell_type1	human	8569	1000	14	4	label_free_hvg
43	100	15	0.2	15	0.6342156539423259	0.801819050549922	0.13105489962808997	0.19244668152931224	0.04127393290400505	0.3277609241195023	Baron	datasets_original/baron-human.rds	alra	ALRA	43	43	cell_type1	human	8569	1000	14	4	label_free_hvg
43	100	15	0.5	20	0.4831949471225696	0.7598072935562802	0.15936609042264754	0.25868460375270214	0.04127393290400505	0.32310975389555097	Baron	datasets_original/baron-human.rds	alra	ALRA	43	43	cell_type1	human	8569	1000	14	4	label_free_hvg
43	100	15	1.0	32	0.3014200696907741	0.6877038295720256	0.10200811262486029	0.27121868068693633	0.04127393290400505	0.3233380811288953	Baron	datasets_original/baron-human.rds	alra	ALRA	43	43	cell_type1	human	8569	1000	14	4	label_free_hvg
43	100	15	1.5	38	0.27358551747121945	0.6762995617459858	0.09011397355731238	0.2688621617490547	0.04127393290400505	0.3221436890307814	Baron	datasets_original/baron-human.rds	alra	ALRA	43	43	cell_type1	human	8569	1000	14	4	label_free_hvg
43	100	15	2.0	46	0.20418630568400015	0.6448028333140013	0.06957628723503205	0.26594988742971837	0.04127393290400505	0.3212718509603292	Baron	datasets_original/baron-human.rds	alra	ALRA	43	43	cell_type1	human	8569	1000	14	4	label_free_hvg
43	100	30	0.2	13	0.6513102118099829	0.8082118841849144	0.1318010125792591	0.19286845351566306	0.04127393290400505	0.5389645921532065	Baron	datasets_original/baron-human.rds	alra	ALRA	43	43	cell_type1	human	8569	1000	14	4	label_free_hvg
43	100	30	0.5	16	0.574063037442095	0.7985307466069979	0.15583307911907374	0.24040529193311014	0.04127393290400505	0.538438320858404	Baron	datasets_original/baron-human.rds	alra	ALRA	43	43	cell_type1	human	8569	1000	14	4	label_free_hvg
43	100	30	1.0	25	0.35426015846806685	0.7168450535852393	0.12006004905229416	0.2670141406812041	0.04127393290400505	0.5409250091761351	Baron	datasets_original/baron-human.rds	alra	ALRA	43	43	cell_type1	human	8569	1000	14	4	label_free_hvg
43	100	30	1.5	29	0.319269508462333	0.69945381487724	0.10313589523145227	0.2667375811422096	0.04127393290400505	0.5375451841391623	Baron	datasets_original/baron-human.rds	alra	ALRA	43	43	cell_type1	human	8569	1000	14	4	label_free_hvg
43	100	30	2.0	32	0.2906442397731445	0.685308877984268	0.09715962695970445	0.27365659477955584	0.04127393290400505	0.5410868979524821	Baron	datasets_original/baron-human.rds	alra	ALRA	43	43	cell_type1	human	8569	1000	14	4	label_free_hvg
44	20	10	0.2	14	0.593972494424037	0.8073014539908918	0.15435760334022086	0.23117550071918763	0.04491667449474335	0.25624554115347564	Baron	datasets_original/baron-human.rds	alra	ALRA	44	44	cell_type1	human	8569	1000	14	4	label_free_hvg
44	20	10	0.5	23	0.4236986752386114	0.7438282583357166	0.1395910176127878	0.2589362601481137	0.04491667449474335	0.25491497782059014	Baron	datasets_original/baron-human.rds	alra	ALRA	44	44	cell_type1	human	8569	1000	14	4	label_free_hvg
44	20	10	1.0	35	0.28181793007157774	0.6803592018841036	0.08515951996185624	0.25879926744180776	0.04491667449474335	0.2516155669	Baron	datasets_original/baron-human.rds	alra	ALRA	44	44	cell_type1	human	8569	1000	14	4	label_free_hvg
44	20	10	1.5	45	0.21874283304717773	0.6508029093271542	0.07655399644423909	0.2680770219306591	0.04491667449474335	0.251590128056705	Baron	datasets_original/baron-human.rds	alra	ALRA	44	44	cell_type1	human	8569	1000	14	4	label_free_hvg
44	20	10	2.0	57	0.1747527099820568	0.6248643078306108	0.06165911573450769	0.2686818743540818	0.04491667449474335	0.25276223104447126	Baron	datasets_original/baron-human.rds	alra	ALRA	44	44	cell_type1	human	8569	1000	14	4	label_free_hvg
44	20	15	0.2	13	0.599401488509948	0.8079992078171496	0.1618666469272677	0.23553135647578619	0.04491667449474335	0.3150902290362865	Baron	datasets_original/baron-human.rds	alra	ALRA	44	44	cell_type1	human	8569	1000	14	4	label_free_hvg
44	20	15	0.5	18	0.5039987289113619	0.77018506099498	0.15180230488916976	0.24317003991208275	0.04491667449474335	0.3169952330645174	Baron	datasets_original/baron-human.rds	alra	ALRA	44	44	cell_type1	human	8569	1000	14	4	label_free_hvg
44	20	15	1.0	28	0.32630177406263444	0.7052764870977577	0.09492936734418682	0.25336076496268123	0.04491667449474335	0.31422962388023734	Baron	datasets_original/baron-human.rds	alra	ALRA	44	44	cell_type1	human	8569	1000	14	4	label_free_hvg
44	20	15	1.5	33	0.3172063419989043	0.698937307679611	0.09507328075641554	0.2569563089230365	0.04491667449474335	0.31515413988381624	Baron	datasets_original/baron-human.rds	alra	ALRA	44	44	cell_type1	human	8569	1000	14	4	label_free_hvg
44	20	15	2.0	42	0.2136295477549602	0.647969689812133	0.07536069173652954	0.2623728320323262	0.04491667449474335	0.31574207497760653	Baron	datasets_original/baron-human.rds	alra	ALRA	44	44	cell_type1	human	8569	1000	14	4	label_free_hvg
44	20	30	0.2	12	0.6673719788911205	0.8157210374182037	0.12757163275622366	0.19157325917079115	0.04491667449474335	0.5575613880064338	Baron	datasets_original/baron-human.rds	alra	ALRA	44	44	cell_type1	human	8569	1000	14	4	label_free_hvg
44	20	30	0.5	15	0.5826882143444664	0.8051456943675248	0.14750191844843877	0.23576507098885238	0.04491667449474335	0.5526301700156182	Baron	datasets_original/baron-human.rds	alra	ALRA	44	44	cell_type1	human	8569	1000	14	4	label_free_hvg
44	20	30	1.0	22	0.39542659278771203	0.7350813719814971	0.13085503282690125	0.25927025068286735	0.04491667449474335	0.5484535000286996	Baron	datasets_original/baron-human.rds	alra	ALRA	44	44	cell_type1	human	8569	1000	14	4	label_free_hvg
44	20	30	1.5	27	0.3469593295509071	0.7115826204443942	0.10355686430146419	0.2547573559425969	0.04491667449474335	0.5570257948711514	Baron	datasets_original/baron-human.rds	alra	ALRA	44	44	cell_type1	human	8569	1000	14	4	label_free_hvg
44	20	30	2.0	36	0.25498107673310466	0.6684164842571976	0.08627188623583576	0.27380638567299853	0.04491667449474335	0.5347044900991023	Baron	datasets_original/baron-human.rds	alra	ALRA	44	44	cell_type1	human	8569	1000	14	4	label_free_hvg
44	50	10	0.2	16	0.5470515363025241	0.7772035432077002	0.14663831903161784	0.21910679118233697	0.043298691511154175	0.2558694218751043	Baron	datasets_original/baron-human.rds	alra	ALRA	44	44	cell_type1	human	8569	1000	14	4	label_free_hvg
44	50	10	0.5	25	0.43338243439783974	0.7384577181371604	0.14962485578872528	0.2594945839150647	0.043298691511154175	0.25262276106514037	Baron	datasets_original/baron-human.rds	alra	ALRA	44	44	cell_type1	human	8569	1000	14	4	label_free_hvg
44	50	10	1.0	34	0.2836244690427325	0.6810362621270202	0.08408075656931752	0.25749333177879086	0.043298691511154175	0.2528102369979024	Baron	datasets_original/baron-human.rds	alra	ALRA	44	44	cell_type1	human	8569	1000	14	4	label_free_hvg
44	50	10	1.5	44	0.2100300413011924	0.6471259574560815	0.07684272539378911	0.2739741625178147	0.043298691511154175	0.251360272988677	Baron	datasets_original/baron-human.rds	alra	ALRA	44	44	cell_type1	human	8569	1000	14	4	label_free_hvg
44	50	10	2.0	58	0.17086340919551285	0.6242863157888013	0.06188035792900581	0.2700221059534036	0.043298691511154175	0.25083496584556997	Baron	datasets_original/baron-human.rds	alra	ALRA	44	44	cell_type1	human	8569	1000	14	4	label_free_hvg
44	50	15	0.2	14	0.6588382773779367	0.8166712305700982	0.1398231849222616	0.21667497128544572	0.043298691511154175	0.3236853601410985	Baron	datasets_original/baron-human.rds	alra	ALRA	44	44	cell_type1	human	8569	1000	14	4	label_free_hvg
44	50	15	0.5	20	0.45587762988250885	0.7499282218822206	0.1676628987450837	0.2842076583358686	0.043298691511154175	0.32161060185171664	Baron	datasets_original/baron-human.rds	alra	ALRA	44	44	cell_type1	human	8569	1000	14	4	label_free_hvg
44	50	15	1.0	30	0.3175485434362903	0.6999957342009331	0.09869477910808835	0.2618281777474832	0.043298691511154175	0.3196576170157641	Baron	datasets_original/baron-human.rds	alra	ALRA	44	44	cell_type1	human	8569	1000	14	4	label_free_hvg
44	50	15	1.5	37	0.27440696215449556	0.6773931711539576	0.09220447700813862	0.27293890393494497	0.043298691511154175	0.3218849638942629	Baron	datasets_original/baron-human.rds	alra	ALRA	44	44	cell_type1	human	8569	1000	14	4	label_free_hvg
44	50	15	2.0	43	0.2073858508023337	0.6442981696113552	0.07670112838668514	0.2754896781810818	0.043298691511154175	0.3209145050495863	Baron	datasets_original/baron-human.rds	alra	ALRA	44	44	cell_type1	human	8569	1000	14	4	label_free_hvg
44	50	30	0.2	13	0.6501938781072808	0.8079534020654391	0.13211210561055253	0.19302450429238688	0.043298691511154175	0.5559942219406366	Baron	datasets_original/baron-human.rds	alra	ALRA	44	44	cell_type1	human	8569	1000	14	4	label_free_hvg
44	50	30	0.5	16	0.5733891321445753	0.7994223511116533	0.15546955537149268	0.24029804361196816	0.043298691511154175	0.5365085199009627	Baron	datasets_original/baron-human.rds	alra	ALRA	44	44	cell_type1	human	8569	1000	14	4	label_free_hvg
44	50	30	1.0	22	0.4284105646122581	0.742629745465414	0.15072292560281014	0.2723793621389837	0.043298691511154175	0.5460732670035213	Baron	datasets_original/baron-human.rds	alra	ALRA	44	44	cell_type1	human	8569	1000	14	4	label_free_hvg
44	50	30	1.5	30	0.3162948252585489	0.6975348968756003	0.10187157492626685	0.26944909720641297	0.043298691511154175	0.5523810950107872	Baron	datasets_original/baron-human.rds	alra	ALRA	44	44	cell_type1	human	8569	1000	14	4	label_free_hvg
44	50	30	2.0	30	0.3032496530605678	0.6944510934296135	0.10097873070793272	0.27419755020712056	0.043298691511154175	0.5354201148729771	Baron	datasets_original/baron-human.rds	alra	ALRA	44	44	cell_type1	human	8569	1000	14	4	label_free_hvg
44	100	10	0.2	16	0.5653502467231786	0.7891311296277025	0.15552482007205135	0.24171778023918591	0.04174420237541199	0.26191446487791836	Baron	datasets_original/baron-human.rds	alra	ALRA	44	44	cell_type1	human	8569	1000	14	4	label_free_hvg
44	100	10	0.5	29	0.37227588260749217	0.7078029301106726	0.140240981641165	0.2705655592886071	0.04174420237541199	0.25893733697012067	Baron	datasets_original/baron-human.rds	alra	ALRA	44	44	cell_type1	human	8569	1000	14	4	label_free_hvg
44	100	10	1.0	36	0.2946517499101479	0.6824433520402285	0.09822651453980144	0.2710796072345383	0.04174420237541199	0.2583830049261451	Baron	datasets_original/baron-human.rds	alra	ALRA	44	44	cell_type1	human	8569	1000	14	4	label_free_hvg
44	100	10	1.5	47	0.20328385136135194	0.644182411056473	0.07726419056541253	0.2823574332721409	0.04174420237541199	0.25585469393990934	Baron	datasets_original/baron-human.rds	alra	ALRA	44	44	cell_type1	human	8569	1000	14	4	label_free_hvg
44	100	10	2.0	57	0.16853340810894366	0.6198002507047106	0.06485080385244567	0.27664316349422374	0.04174420237541199	0.2582841939292848	Baron	datasets_original/baron-human.rds	alra	ALRA	44	44	cell_type1	human	8569	1000	14	4	label_free_hvg
44	100	15	0.2	15	0.6499597031119154	0.8108226089254397	0.1367300826914245	0.21412721078531397	0.04174420237541199	0.3263754788786173	Baron	datasets_original/baron-human.rds	alra	ALRA	44	44	cell_type1	human	8569	1000	14	4	label_free_hvg
44	100	15	0.5	19	0.5402806053237864	0.7791315109219253	0.14644765454012984	0.23707451241642497	0.04174420237541199	0.3251932330895215	Baron	datasets_original/baron-human.rds	alra	ALRA	44	44	cell_type1	human	8569	1000	14	4	label_free_hvg
44	100	15	1.0	32	0.2944940283476037	0.6838393058004295	0.09505409426209332	0.2651577649656958	0.04174420237541199	0.32460408192127943	Baron	datasets_original/baron-human.rds	alra	ALRA	44	44	cell_type1	human	8569	1000	14	4	label_free_hvg
44	100	15	1.5	38	0.2847926945529902	0.6787181514175908	0.09613716462042068	0.26967062798000174	0.04174420237541199	0.32244383613578975	Baron	datasets_original/baron-human.rds	alra	ALRA	44	44	cell_type1	human	8569	1000	14	4	label_free_hvg
44	100	15	2.0	46	0.21608216456703538	0.6511012281693921	0.07925306345672944	0.2773775708370955	0.04174420237541199	0.32244418398477137	Baron	datasets_original/baron-human.rds	alra	ALRA	44	44	cell_type1	human	8569	1000	14	4	label_free_hvg
44	100	30	0.2	13	0.6509024158802414	0.8080828389723382	0.13173255591968244	0.19352357138062762	0.04174420237541199	0.543422490125522	Baron	datasets_original/baron-human.rds	alra	ALRA	44	44	cell_type1	human	8569	1000	14	4	label_free_hvg
44	100	30	0.5	16	0.5756190834648595	0.7993489298320277	0.15733896202876163	0.2428225074995155	0.04174420237541199	0.542318413965404	Baron	datasets_original/baron-human.rds	alra	ALRA	44	44	cell_type1	human	8569	1000	14	4	label_free_hvg
44	100	30	1.0	22	0.4374526590001693	0.7443779782851205	0.1613055145328821	0.2862894699845683	0.04174420237541199	0.5433552290778607	Baron	datasets_original/baron-human.rds	alra	ALRA	44	44	cell_type1	human	8569	1000	14	4	label_free_hvg
44	100	30	1.5	29	0.2975190121318734	0.6926943181139461	0.10279356931510877	0.27995142382519084	0.04174420237541199	0.528483048081398	Baron	datasets_original/baron-human.rds	alra	ALRA	44	44	cell_type1	human	8569	1000	14	4	label_free_hvg
44	100	30	2.0	31	0.29027941914790845	0.6872449810389443	0.09664729039979046	0.27695123365503765	0.04174420237541199	0.5285180371720344	Baron	datasets_original/baron-human.rds	alra	ALRA	44	44	cell_type1	human	8569	1000	14	4	label_free_hvg
45	20	10	0.2	15	0.5947431210678499	0.8123880600219447	0.15557344030696915	0.2339117719890044	0.043751310557127	0.25765415793284774	Baron	datasets_original/baron-human.rds	alra	ALRA	45	45	cell_type1	human	8569	1000	14	4	label_free_hvg
45	20	10	0.5	22	0.44159683073953976	0.7491416400736943	0.13841658343035967	0.2543044878750577	0.043751310557127	0.2556209759786725	Baron	datasets_original/baron-human.rds	alra	ALRA	45	45	cell_type1	human	8569	1000	14	4	label_free_hvg
45	20	10	1.0	33	0.31481282749542444	0.6963603082983197	0.09473918080440047	0.25517611063408036	0.043751310557127	0.25661794608458877	Baron	datasets_original/baron-human.rds	alra	ALRA	45	45	cell_type1	human	8569	1000	14	4	label_free_hvg
45	20	10	1.5	45	0.2105710621481564	0.646989923814589	0.07079208614315335	0.26338757088581244	0.043751310557127	0.2527918419800699	Baron	datasets_original/baron-human.rds	alra	ALRA	45	45	cell_type1	human	8569	1000	14	4	label_free_hvg
45	20	10	2.0	55	0.1814782859204275	0.6282884923441705	0.06456019945040808	0.2680008928599	0.043751310557127	0.2529910188168287	Baron	datasets_original/baron-human.rds	alra	ALRA	45	45	cell_type1	human	8569	1000	14	4	label_free_hvg
45	20	15	0.2	13	0.6684500757615662	0.8161547103234272	0.12611288277411276	0.1904843449553003	0.043751310557127	0.3207356580533087	Baron	datasets_original/baron-human.rds	alra	ALRA	45	45	cell_type1	human	8569	1000	14	4	label_free_hvg
45	20	15	0.5	18	0.5045234690458587	0.770409323571715	0.1544553748244412	0.24347310992538077	0.043751310557127	0.3220333030913025	Baron	datasets_original/baron-human.rds	alra	ALRA	45	45	cell_type1	human	8569	1000	14	4	label_free_hvg
45	20	15	1.0	29	0.33963090326561346	0.7110922849853981	0.09560602076391235	0.24845448378637724	0.043751310557127	0.3187445029616356	Baron	datasets_original/baron-human.rds	alra	ALRA	45	45	cell_type1	human	8569	1000	14	4	label_free_hvg
45	20	15	1.5	35	0.2762972450673451	0.6798542366800893	0.08394678712662221	0.25693576396112683	0.043751310557127	0.3130906119477004	Baron	datasets_original/baron-human.rds	alra	ALRA	45	45	cell_type1	human	8569	1000	14	4	label_free_hvg
45	20	15	2.0	42	0.2272721025528566	0.6566342941669899	0.08578026579078715	0.27239539673782787	0.043751310557127	0.31531017809174955	Baron	datasets_original/baron-human.rds	alra	ALRA	45	45	cell_type1	human	8569	1000	14	4	label_free_hvg
45	20	30	0.2	12	0.6614344240486629	0.8148377776147598	0.12852659875801486	0.19126212974168394	0.043751310557127	0.541422036010772	Baron	datasets_original/baron-human.rds	alra	ALRA	45	45	cell_type1	human	8569	1000	14	4	label_free_hvg
45	20	30	0.5	15	0.5790850846405683	0.8036798718828752	0.15374676286005975	0.23919861016130953	0.043751310557127	0.5429898260626942	Baron	datasets_original/baron-human.rds	alra	ALRA	45	45	cell_type1	human	8569	1000	14	4	label_free_hvg
45	20	30	1.0	22	0.4119786856327634	0.7397515755647508	0.12532870691482662	0.2483940193046958	0.043751310557127	0.541651597013697	Baron	datasets_original/baron-human.rds	alra	ALRA	45	45	cell_type1	human	8569	1000	14	4	label_free_hvg
45	20	30	1.5	26	0.34657524246860894	0.7125849902811605	0.10132140183016985	0.25370397889382396	0.043751310557127	0.5553490358870476	Baron	datasets_original/baron-human.rds	alra	ALRA	45	45	cell_type1	human	8569	1000	14	4	label_free_hvg
45	20	30	2.0	34	0.2545255087461737	0.6703346062014901	0.08841475736349276	0.27460834037530374	0.043751310557127	0.5391881610266864	Baron	datasets_original/baron-human.rds	alra	ALRA	45	45	cell_type1	human	8569	1000	14	4	label_free_hvg
45	50	10	0.2	15	0.5574413192248897	0.7832923619395891	0.1459943130603829	0.21751975563549042	0.042164549231529236	0.263343941885978	Baron	datasets_original/baron-human.rds	alra	ALRA	45	45	cell_type1	human	8569	1000	14	4	label_free_hvg
45	50	10	0.5	26	0.4156250739322536	0.7311493878273772	0.16026823035495527	0.2799238248644337	0.042164549231529236	0.259053346933797	Baron	datasets_original/baron-human.rds	alra	ALRA	45	45	cell_type1	human	8569	1000	14	4	label_free_hvg
45	50	10	1.0	35	0.28647653705765647	0.6829046725456644	0.09641985912755675	0.2762300146633548	0.042164549231529236	0.2540243628900498	Baron	datasets_original/baron-human.rds	alra	ALRA	45	45	cell_type1	human	8569	1000	14	4	label_free_hvg
45	50	10	1.5	47	0.2090806422284162	0.6441269074320393	0.08151172743075723	0.28452660249791345	0.042164549231529236	0.2547309501096606	Baron	datasets_original/baron-human.rds	alra	ALRA	45	45	cell_type1	human	8569	1000	14	4	label_free_hvg
45	50	10	2.0	57	0.17142900336764458	0.6225831917297893	0.06613473665528827	0.2749944454161899	0.042164549231529236	0.25526417791843414	Baron	datasets_original/baron-human.rds	alra	ALRA	45	45	cell_type1	human	8569	1000	14	4	label_free_hvg
45	50	15	0.2	14	0.6559236836871023	0.8162785754176405	0.14071592689478263	0.21703363489497215	0.042164549231529236	0.33022546814754605	Baron	datasets_original/baron-human.rds	alra	ALRA	45	45	cell_type1	human	8569	1000	14	4	label_free_hvg
45	50	15	0.5	18	0.5000884583939582	0.7699414897994352	0.16679190997228127	0.2612841652088672	0.042164549231529236	0.3220937659498304	Baron	datasets_original/baron-human.rds	alra	ALRA	45	45	cell_type1	human	8569	1000	14	4	label_free_hvg
45	50	15	1.0	32	0.31613962811541735	0.6997330180349779	0.10035844244733234	0.2712313950114736	0.042164549231529236	0.3202010979875922	Baron	datasets_original/baron-human.rds	alra	ALRA	45	45	cell_type1	human	8569	1000	14	4	label_free_hvg
45	50	15	1.5	38	0.25901604462543437	0.6707287951066806	0.08570907207574965	0.2722002855996122	0.042164549231529236	0.31936661689542234	Baron	datasets_original/baron-human.rds	alra	ALRA	45	45	cell_type1	human	8569	1000	14	4	label_free_hvg
45	50	15	2.0	43	0.21147379451938986	0.6461950014742149	0.07477236354355804	0.2698449018651345	0.042164549231529236	0.318621669895947	Baron	datasets_original/baron-human.rds	alra	ALRA	45	45	cell_type1	human	8569	1000	14	4	label_free_hvg
45	50	30	0.2	13	0.649343254315555	0.8077995166263091	0.1318110773746969	0.19332217914221628	0.042164549231529236	0.5423773529473692	Baron	datasets_original/baron-human.rds	alra	ALRA	45	45	cell_type1	human	8569	1000	14	4	label_free_hvg
45	50	30	0.5	17	0.5490537397428465	0.7871599033227676	0.16227366524399828	0.24916604044395665	0.042164549231529236	0.5488651830237359	Baron	datasets_original/baron-human.rds	alra	ALRA	45	45	cell_type1	human	8569	1000	14	4	label_free_hvg
45	50	30	1.0	22	0.45124692813459033	0.750282218280231	0.18208551915844687	0.2923322956914062	0.042164549231529236	0.5452545629814267	Baron	datasets_original/baron-human.rds	alra	ALRA	45	45	cell_type1	human	8569	1000	14	4	label_free_hvg
45	50	30	1.5	29	0.30923037704961953	0.6965104667724323	0.10260950483377702	0.26965990823826086	0.042164549231529236	0.5569507400505245	Baron	datasets_original/baron-human.rds	alra	ALRA	45	45	cell_type1	human	8569	1000	14	4	label_free_hvg
45	50	30	2.0	31	0.3042740489842141	0.6933084369946416	0.10078104655157617	0.2718785549109362	0.042164549231529236	0.556721479864791	Baron	datasets_original/baron-human.rds	alra	ALRA	45	45	cell_type1	human	8569	1000	14	4	label_free_hvg
45	100	10	0.2	16	0.5630379850869299	0.7877114370927076	0.1541966164677625	0.23716519237034453	0.04050328955054283	0.26099438802339137	Baron	datasets_original/baron-human.rds	alra	ALRA	45	45	cell_type1	human	8569	1000	14	4	label_free_hvg
45	100	10	0.5	27	0.4034102231267972	0.7249157437296065	0.15354110244087382	0.2772931824839267	0.04050328955054283	0.26073420816101134	Baron	datasets_original/baron-human.rds	alra	ALRA	45	45	cell_type1	human	8569	1000	14	4	label_free_hvg
45	100	10	1.0	36	0.27725502541233094	0.6780765208446277	0.09283467287488503	0.26938454594714895	0.04050328955054283	0.2634936277754605	Baron	datasets_original/baron-human.rds	alra	ALRA	45	45	cell_type1	human	8569	1000	14	4	label_free_hvg
45	100	10	1.5	47	0.20856796517794154	0.6439060995925092	0.07484985893811702	0.2731810281809901	0.04050328955054283	0.25734500982798636	Baron	datasets_original/baron-human.rds	alra	ALRA	45	45	cell_type1	human	8569	1000	14	4	label_free_hvg
45	100	10	2.0	55	0.18185594672572167	0.6310970140797264	0.06512477374651798	0.2706351832374953	0.04050328955054283	0.25787348207086325	Baron	datasets_original/baron-human.rds	alra	ALRA	45	45	cell_type1	human	8569	1000	14	4	label_free_hvg
45	100	15	0.2	15	0.6474546988685115	0.8111304983714916	0.1389703504790374	0.21551989791324122	0.04050328955054283	0.3323040339164436	Baron	datasets_original/baron-human.rds	alra	ALRA	45	45	cell_type1	human	8569	1000	14	4	label_free_hvg
45	100	15	0.5	22	0.45014788434345476	0.743651375022281	0.1552365451151127	0.26660150133725563	0.04050328955054283	0.3272709250450134	Baron	datasets_original/baron-human.rds	alra	ALRA	45	45	cell_type1	human	8569	1000	14	4	label_free_hvg
45	100	15	1.0	31	0.3036005907460739	0.691029574209803	0.10076914717789949	0.27014736847065374	0.04050328955054283	0.3220232760068029	Baron	datasets_original/baron-human.rds	alra	ALRA	45	45	cell_type1	human	8569	1000	14	4	label_free_hvg
45	100	15	1.5	38	0.25765111230285814	0.6715929319190327	0.085282104638995	0.2681431226726494	0.04050328955054283	0.32514302083291113	Baron	datasets_original/baron-human.rds	alra	ALRA	45	45	cell_type1	human	8569	1000	14	4	label_free_hvg
45	100	15	2.0	44	0.2163972623311857	0.651274840829953	0.07840191116046592	0.27455512484218897	0.04050328955054283	0.3268284958321601	Baron	datasets_original/baron-human.rds	alra	ALRA	45	45	cell_type1	human	8569	1000	14	4	label_free_hvg
45	100	30	0.2	13	0.6482025285501043	0.8069425618958533	0.1323553421752933	0.19371782738262894	0.04050328955054283	0.5494020720943809	Baron	datasets_original/baron-human.rds	alra	ALRA	45	45	cell_type1	human	8569	1000	14	4	label_free_hvg
45	100	30	0.5	17	0.5495693316097243	0.7872387376982485	0.1625092886690156	0.2503476438331918	0.04050328955054283	0.5468705708626658	Baron	datasets_original/baron-human.rds	alra	ALRA	45	45	cell_type1	human	8569	1000	14	4	label_free_hvg
45	100	30	1.0	23	0.43272040193204997	0.7405830597710321	0.1713913720259954	0.2859620745069275	0.04050328955054283	0.551771470811218	Baron	datasets_original/baron-human.rds	alra	ALRA	45	45	cell_type1	human	8569	1000	14	4	label_free_hvg
45	100	30	1.5	30	0.3000766861427309	0.6917205767577008	0.10020019685365571	0.2692052313682093	0.04050328955054283	0.5479157899972051	Baron	datasets_original/baron-human.rds	alra	ALRA	45	45	cell_type1	human	8569	1000	14	4	label_free_hvg
45	100	30	2.0	31	0.30188012491832283	0.6899034427396235	0.1013646221351112	0.2735601247399212	0.04050328955054283	0.5535814890172333	Baron	datasets_original/baron-human.rds	alra	ALRA	45	45	cell_type1	human	8569	1000	14	4	label_free_hvg
46	20	10	0.2	15	0.5982839339164637	0.8137979900604609	0.15219587066037973	0.2294152689853079	0.03882787004113197	0.2555683911778033	Baron	datasets_original/baron-human.rds	alra	ALRA	46	46	cell_type1	human	8569	1000	14	4	label_free_hvg
46	20	10	0.5	24	0.4370261459240964	0.744922916539085	0.1432900429453224	0.2596632855462897	0.03882787004113197	0.251876566093415	Baron	datasets_original/baron-human.rds	alra	ALRA	46	46	cell_type1	human	8569	1000	14	4	label_free_hvg
46	20	10	1.0	31	0.31284685066473367	0.6994464856509757	0.09703998916186654	0.2589676798214355	0.03882787004113197	0.2521902408916503	Baron	datasets_original/baron-human.rds	alra	ALRA	46	46	cell_type1	human	8569	1000	14	4	label_free_hvg
46	20	10	1.5	48	0.20632098659468553	0.642676716091424	0.07252474995241229	0.26516849026683176	0.03882787004113197	0.2509820139966905	Baron	datasets_original/baron-human.rds	alra	ALRA	46	46	cell_type1	human	8569	1000	14	4	label_free_hvg
46	20	10	2.0	55	0.18300683135037435	0.6286928680429456	0.06990301159834697	0.2739792504267597	0.03882787004113197	0.25124890403822064	Baron	datasets_original/baron-human.rds	alra	ALRA	46	46	cell_type1	human	8569	1000	14	4	label_free_hvg
46	20	15	0.2	13	0.5957282638210342	0.8073947219956249	0.16342370783735252	0.23683015568195118	0.03882787004113197	0.32323526917025447	Baron	datasets_original/baron-human.rds	alra	ALRA	46	46	cell_type1	human	8569	1000	14	4	label_free_hvg
46	20	15	0.5	17	0.5438043091923151	0.7847592326817612	0.14779403049350184	0.2412591892253556	0.03882787004113197	0.3209297328721732	Baron	datasets_original/baron-human.rds	alra	ALRA	46	46	cell_type1	human	8569	1000	14	4	label_free_hvg
46	20	15	1.0	28	0.33912623917057244	0.7089290567502472	0.09460893016704006	0.24565680173534432	0.03882787004113197	0.3208672741893679	Baron	datasets_original/baron-human.rds	alra	ALRA	46	46	cell_type1	human	8569	1000	14	4	label_free_hvg
46	20	15	1.5	35	0.2736056189078859	0.6792530148149798	0.0855907633827818	0.2626854248228484	0.03882787004113197	0.31809496600180864	Baron	datasets_original/baron-human.rds	alra	ALRA	46	46	cell_type1	human	8569	1000	14	4	label_free_hvg
46	20	15	2.0	44	0.20166771326973112	0.6420980175258877	0.07067413906531383	0.2646295693238839	0.03882787004113197	0.31444366089999676	Baron	datasets_original/baron-human.rds	alra	ALRA	46	46	cell_type1	human	8569	1000	14	4	label_free_hvg
46	20	30	0.2	12	0.6535210910423311	0.8129946354473214	0.13121947054291233	0.1937506290421793	0.03882787004113197	0.5458085760474205	Baron	datasets_original/baron-human.rds	alra	ALRA	46	46	cell_type1	human	8569	1000	14	4	label_free_hvg
46	20	30	0.5	15	0.5817877502927484	0.8044229802219268	0.15293750434275313	0.23503671355125333	0.03882787004113197	0.5492757470346987	Baron	datasets_original/baron-human.rds	alra	ALRA	46	46	cell_type1	human	8569	1000	14	4	label_free_hvg
46	20	30	1.0	21	0.4166379712208256	0.7434551034692989	0.13509597370908702	0.26037932900492744	0.03882787004113197	0.5379703079815954	Baron	datasets_original/baron-human.rds	alra	ALRA	46	46	cell_type1	human	8569	1000	14	4	label_free_hvg
46	20	30	1.5	27	0.34210805822038365	0.7116380968799486	0.10697120014214967	0.26213120701134945	0.03882787004113197	0.5445614501368254	Baron	datasets_original/baron-human.rds	alra	ALRA	46	46	cell_type1	human	8569	1000	14	4	label_free_hvg
46	20	30	2.0	34	0.26653433169103785	0.674877717261797	0.08962589955595607	0.2730510034569307	0.03882787004113197	0.5488101888913661	Baron	datasets_original/baron-human.rds	alra	ALRA	46	46	cell_type1	human	8569	1000	14	4	label_free_hvg
46	50	10	0.2	15	0.5675406379090228	0.790685757063286	0.15322655783477743	0.23874410846532756	0.037219688296318054	0.25893343705683947	Baron	datasets_original/baron-human.rds	alra	ALRA	46	46	cell_type1	human	8569	1000	14	4	label_free_hvg
46	50	10	0.5	26	0.41186452996170325	0.7310750570443908	0.13737964575279674	0.2586762185860732	0.037219688296318054	0.2584603428840637	Baron	datasets_original/baron-human.rds	alra	ALRA	46	46	cell_type1	human	8569	1000	14	4	label_free_hvg
46	50	10	1.0	35	0.29204273695383337	0.6842282448442789	0.09974962524736734	0.2750928376872781	0.037219688296318054	0.25567008811049163	Baron	datasets_original/baron-human.rds	alra	ALRA	46	46	cell_type1	human	8569	1000	14	4	label_free_hvg
46	50	10	1.5	46	0.208567495073457	0.647141444321743	0.07693752485856993	0.2736188213115448	0.037219688296318054	0.25379248103126884	Baron	datasets_original/baron-human.rds	alra	ALRA	46	46	cell_type1	human	8569	1000	14	4	label_free_hvg
46	50	10	2.0	57	0.18275493185219888	0.6298487862403568	0.06920820473600284	0.27452879879610775	0.037219688296318054	0.254991085967049	Baron	datasets_original/baron-human.rds	alra	ALRA	46	46	cell_type1	human	8569	1000	14	4	label_free_hvg
46	50	15	0.2	14	0.6493939808804755	0.8085114531132299	0.13097709131039537	0.19251231792977014	0.037219688296318054	0.3257796240504831	Baron	datasets_original/baron-human.rds	alra	ALRA	46	46	cell_type1	human	8569	1000	14	4	label_free_hvg
46	50	15	0.5	19	0.5011836843542767	0.7664370581333839	0.16062487213199486	0.266482643829361	0.037219688296318054	0.3202909929677844	Baron	datasets_original/baron-human.rds	alra	ALRA	46	46	cell_type1	human	8569	1000	14	4	label_free_hvg
46	50	15	1.0	29	0.316786754437797	0.6982341072911469	0.10147505757831524	0.2657108841322811	0.037219688296318054	0.3221270639915019	Baron	datasets_original/baron-human.rds	alra	ALRA	46	46	cell_type1	human	8569	1000	14	4	label_free_hvg
46	50	15	1.5	37	0.27996280149866326	0.6816039396361778	0.09306710365673758	0.27264122313284234	0.037219688296318054	0.31959160999394953	Baron	datasets_original/baron-human.rds	alra	ALRA	46	46	cell_type1	human	8569	1000	14	4	label_free_hvg
46	50	15	2.0	45	0.20552042003817408	0.6470335857886752	0.07523213351645652	0.2755525367321982	0.037219688296318054	0.3191554711665958	Baron	datasets_original/baron-human.rds	alra	ALRA	46	46	cell_type1	human	8569	1000	14	4	label_free_hvg
46	50	30	0.2	13	0.6533772284247753	0.80856210998592	0.13059993399472894	0.1923502297919731	0.037219688296318054	0.554554752074182	Baron	datasets_original/baron-human.rds	alra	ALRA	46	46	cell_type1	human	8569	1000	14	4	label_free_hvg
46	50	30	0.5	17	0.5452090604033674	0.7869810568809021	0.16602260019530446	0.2630139158750686	0.037219688296318054	0.5515935281291604	Baron	datasets_original/baron-human.rds	alra	ALRA	46	46	cell_type1	human	8569	1000	14	4	label_free_hvg
46	50	30	1.0	22	0.4375891400555079	0.7452645612155083	0.168525009264394	0.2823210491011855	0.037219688296318054	0.5485129489097744	Baron	datasets_original/baron-human.rds	alra	ALRA	46	46	cell_type1	human	8569	1000	14	4	label_free_hvg
46	50	30	1.5	28	0.3237070035759963	0.7024134277728106	0.103978675431	0.26740677199803214	0.037219688296318054	0.5338054939638823	Baron	datasets_original/baron-human.rds	alra	ALRA	46	46	cell_type1	human	8569	1000	14	4	label_free_hvg
46	50	30	2.0	31	0.28345765125224753	0.6853337323094806	0.09193460131612952	0.2710532832108159	0.037219688296318054	0.5401418379042298	Baron	datasets_original/baron-human.rds	alra	ALRA	46	46	cell_type1	human	8569	1000	14	4	label_free_hvg
46	100	10	0.2	16	0.5627360684141894	0.7888443003839267	0.15301218311603748	0.23798746453987485	0.03574076667428017	0.2627285791095346	Baron	datasets_original/baron-human.rds	alra	ALRA	46	46	cell_type1	human	8569	1000	14	4	label_free_hvg
46	100	10	0.5	26	0.42340726442501203	0.7321474880488709	0.15092140153016728	0.26432884554339303	0.03574076667428017	0.2603626979980618	Baron	datasets_original/baron-human.rds	alra	ALRA	46	46	cell_type1	human	8569	1000	14	4	label_free_hvg
46	100	10	1.0	35	0.28158823638697705	0.6785666071357851	0.0946062110611291	0.27036815503565714	0.03574076667428017	0.25586904189549387	Baron	datasets_original/baron-human.rds	alra	ALRA	46	46	cell_type1	human	8569	1000	14	4	label_free_hvg
46	100	10	1.5	47	0.2152698059913574	0.648390474123851	0.07587065965928194	0.2736135482331856	0.03574076667428017	0.25732124294154346	Baron	datasets_original/baron-human.rds	alra	ALRA	46	46	cell_type1	human	8569	1000	14	4	label_free_hvg
46	100	10	2.0	54	0.1857665629736281	0.6356753450256393	0.06317644031236078	0.26827239025979993	0.03574076667428017	0.2567518448922783	Baron	datasets_original/baron-human.rds	alra	ALRA	46	46	cell_type1	human	8569	1000	14	4	label_free_hvg
46	100	15	0.2	15	0.6430721189804319	0.8100758696983706	0.1389599994342132	0.21310414953876836	0.03574076667428017	0.32811031793244183	Baron	datasets_original/baron-human.rds	alra	ALRA	46	46	cell_type1	human	8569	1000	14	4	label_free_hvg
46	100	15	0.5	21	0.4413714388917627	0.7464781705618594	0.153805683267608	0.2626286630931068	0.03574076667428017	0.328736285911873	Baron	datasets_original/baron-human.rds	alra	ALRA	46	46	cell_type1	human	8569	1000	14	4	label_free_hvg
46	100	15	1.0	31	0.2917455504132829	0.6847294015422003	0.091809559938132	0.26239568370604527	0.03574076667428017	0.321743629174307	Baron	datasets_original/baron-human.rds	alra	ALRA	46	46	cell_type1	human	8569	1000	14	4	label_free_hvg
46	100	15	1.5	37	0.26462839739257416	0.6748321074120549	0.08875230832315108	0.2702152746437559	0.03574076667428017	0.32390690594911575	Baron	datasets_original/baron-human.rds	alra	ALRA	46	46	cell_type1	human	8569	1000	14	4	label_free_hvg
46	100	15	2.0	44	0.21696143972251974	0.6515367094523805	0.08101751961262323	0.27430040624467406	0.03574076667428017	0.32354084798134863	Baron	datasets_original/baron-human.rds	alra	ALRA	46	46	cell_type1	human	8569	1000	14	4	label_free_hvg
46	100	30	0.2	13	0.6478434492197086	0.8072125029603802	0.13289706388243314	0.19550805887181488	0.03574076667428017	0.5359518900513649	Baron	datasets_original/baron-human.rds	alra	ALRA	46	46	cell_type1	human	8569	1000	14	4	label_free_hvg
46	100	30	0.5	16	0.5751876456116606	0.7983876589072646	0.15794595033459727	0.24351998512392467	0.03574076667428017	0.5276489020325243	Baron	datasets_original/baron-human.rds	alra	ALRA	46	46	cell_type1	human	8569	1000	14	4	label_free_hvg
46	100	30	1.0	24	0.42114034563723624	0.7354618879022132	0.16408625091190263	0.2794348779340618	0.03574076667428017	0.530569100053981	Baron	datasets_original/baron-human.rds	alra	ALRA	46	46	cell_type1	human	8569	1000	14	4	label_free_hvg
46	100	30	1.5	29	0.3129169142271211	0.6969415546031991	0.10334419586344196	0.27316307503750764	0.03574076667428017	0.524770530872047	Baron	datasets_original/baron-human.rds	alra	ALRA	46	46	cell_type1	human	8569	1000	14	4	label_free_hvg
46	100	30	2.0	33	0.2727130471126521	0.6786395055533885	0.09134153068795384	0.2762856094623601	0.03574076667428017	0.5340231219306588	Baron	datasets_original/baron-human.rds	alra	ALRA	46	46	cell_type1	human	8569	1000	14	4	label_free_hvg
42	20	10	0.2	31	0.4386181471432384	0.7480125356553267	0.22582491597807336	0.39629718442358985	0.05946749448776245	0.22286321502178907	Baron	datasets_original/baron-human.rds	magic	MAGIC	42	42	cell_type1	human	8569	1000	14	4	label_free_hvg
42	20	10	0.5	43	0.3200170432854751	0.6953026634866096	0.16275161237959476	0.38766449606401454	0.05946749448776245	0.22167276102118194	Baron	datasets_original/baron-human.rds	magic	MAGIC	42	42	cell_type1	human	8569	1000	14	4	label_free_hvg
42	20	10	1.0	58	0.21883480575770536	0.6450611789369121	0.10658759077050696	0.3706381158095279	0.05946749448776245	0.21863764501176775	Baron	datasets_original/baron-human.rds	magic	MAGIC	42	42	cell_type1	human	8569	1000	14	4	label_free_hvg
42	20	10	1.5	73	0.17397946577601464	0.6191906090595296	0.08865304462849476	0.3680066514183435	0.05946749448776245	0.2207619189284742	Baron	datasets_original/baron-human.rds	magic	MAGIC	42	42	cell_type1	human	8569	1000	14	4	label_free_hvg
42	20	10	2.0	83	0.1320295353574693	0.5980761561640371	0.06669929113229076	0.35946838664361946	0.05946749448776245	0.21888827299699187	Baron	datasets_original/baron-human.rds	magic	MAGIC	42	42	cell_type1	human	8569	1000	14	4	label_free_hvg
42	20	15	0.2	25	0.48870131877773376	0.7696002997196659	0.21438581505916568	0.3656153600221743	0.05946749448776245	0.27833330701105297	Baron	datasets_original/baron-human.rds	magic	MAGIC	42	42	cell_type1	human	8569	1000	14	4	label_free_hvg
42	20	15	0.5	33	0.39043103154360204	0.7253785649581924	0.20278026217741604	0.3904893825958235	0.05946749448776245	0.2751918379217386	Baron	datasets_original/baron-human.rds	magic	MAGIC	42	42	cell_type1	human	8569	1000	14	4	label_free_hvg
42	20	15	1.0	48	0.2567472213608173	0.6687292032297822	0.1261680997650618	0.38018122714406116	0.05946749448776245	0.27366354689002037	Baron	datasets_original/baron-human.rds	magic	MAGIC	42	42	cell_type1	human	8569	1000	14	4	label_free_hvg
42	20	15	1.5	55	0.21670731197200974	0.6454124082904243	0.11256053386755215	0.37885561752195196	0.05946749448776245	0.27289288491010666	Baron	datasets_original/baron-human.rds	magic	MAGIC	42	42	cell_type1	human	8569	1000	14	4	label_free_hvg
42	20	15	2.0	67	0.1658624413840384	0.6187788585457011	0.08288531178418244	0.365904595902529	0.05946749448776245	0.27374950400553644	Baron	datasets_original/baron-human.rds	magic	MAGIC	42	42	cell_type1	human	8569	1000	14	4	label_free_hvg
42	20	30	0.2	17	0.5222376966905308	0.7789030943073437	0.22378129035638888	0.3611236352204734	0.05946749448776245	0.45681361481547356	Baron	datasets_original/baron-human.rds	magic	MAGIC	42	42	cell_type1	human	8569	1000	14	4	label_free_hvg
42	20	30	0.5	25	0.42545539562869683	0.7399962440061169	0.21936970812559642	0.3907536591377443	0.05946749448776245	0.461054323008284	Baron	datasets_original/baron-human.rds	magic	MAGIC	42	42	cell_type1	human	8569	1000	14	4	label_free_hvg
42	20	30	1.0	33	0.3058911506606629	0.692054316245296	0.1489445603489955	0.3756566285991391	0.05946749448776245	0.45370141020976007	Baron	datasets_original/baron-human.rds	magic	MAGIC	42	42	cell_type1	human	8569	1000	14	4	label_free_hvg
42	20	30	1.5	43	0.24876113593014001	0.6641717412120602	0.12541970995440993	0.3821253911079428	0.05946749448776245	0.4477144458796829	Baron	datasets_original/baron-human.rds	magic	MAGIC	42	42	cell_type1	human	8569	1000	14	4	label_free_hvg
42	20	30	2.0	49	0.21798687272216766	0.6466715449864393	0.11267320267017618	0.37701359652342276	0.05946749448776245	0.4446743200533092	Baron	datasets_original/baron-human.rds	magic	MAGIC	42	42	cell_type1	human	8569	1000	14	4	label_free_hvg
42	50	10	0.2	28	0.4679921407263851	0.7545484110910864	0.21321184002924695	0.37248982619520543	0.06319157779216766	0.22872005496174097	Baron	datasets_original/baron-human.rds	magic	MAGIC	42	42	cell_type1	human	8569	1000	14	4	label_free_hvg
42	50	10	0.5	40	0.36813724903784	0.7121411856445472	0.18200816861518565	0.3828428895473182	0.06319157779216766	0.22436894802376628	Baron	datasets_original/baron-human.rds	magic	MAGIC	42	42	cell_type1	human	8569	1000	14	4	label_free_hvg
42	50	10	1.0	58	0.2393622741813526	0.6530570250783208	0.12302987451973604	0.38014465448913026	0.06319157779216766	0.227483537979424	Baron	datasets_original/baron-human.rds	magic	MAGIC	42	42	cell_type1	human	8569	1000	14	4	label_free_hvg
42	50	10	1.5	70	0.17858235843452652	0.6224265516782619	0.09482543075172332	0.37167839176501294	0.06319157779216766	0.22577894991263747	Baron	datasets_original/baron-human.rds	magic	MAGIC	42	42	cell_type1	human	8569	1000	14	4	label_free_hvg
42	50	10	2.0	79	0.14142515825549642	0.6022907248759267	0.07233593856891489	0.3630750517524294	0.06319157779216766	0.22388541395775974	Baron	datasets_original/baron-human.rds	magic	MAGIC	42	42	cell_type1	human	8569	1000	14	4	label_free_hvg
42	50	15	0.2	26	0.49466037794963075	0.769458610432724	0.214437330695522	0.3721197541855751	0.06319157779216766	0.2834836128167808	Baron	datasets_original/baron-human.rds	magic	MAGIC	42	42	cell_type1	human	8569	1000	14	4	label_free_hvg
42	50	15	0.5	34	0.39559224023199174	0.7286371096163177	0.19497227967941044	0.3797204594696065	0.06319157779216766	0.27814239100553095	Baron	datasets_original/baron-human.rds	magic	MAGIC	42	42	cell_type1	human	8569	1000	14	4	label_free_hvg
42	50	15	1.0	47	0.279732082431046	0.6748890703482702	0.14315748043264798	0.38417864754938813	0.06319157779216766	0.2778989889193326	Baron	datasets_original/baron-human.rds	magic	MAGIC	42	42	cell_type1	human	8569	1000	14	4	label_free_hvg
42	50	15	1.5	57	0.2073405279130606	0.6421208869113687	0.10792225863563323	0.3787941115994811	0.06319157779216766	0.2771316559519619	Baron	datasets_original/baron-human.rds	magic	MAGIC	42	42	cell_type1	human	8569	1000	14	4	label_free_hvg
42	50	15	2.0	63	0.17307652237969628	0.6270484149403948	0.08949318884194868	0.37310768917329806	0.06319157779216766	0.27714457106776536	Baron	datasets_original/baron-human.rds	magic	MAGIC	42	42	cell_type1	human	8569	1000	14	4	label_free_hvg
42	50	30	0.2	21	0.5003500550720043	0.7665632768582219	0.21983608839443292	0.3751132323901704	0.06319157779216766	0.46661292714998126	Baron	datasets_original/baron-human.rds	magic	MAGIC	42	42	cell_type1	human	8569	1000	14	4	label_free_hvg
42	50	30	0.5	26	0.40389251500994794	0.7295942600977366	0.2046541008383678	0.39126795028123046	0.06319157779216766	0.4676254759542644	Baron	datasets_original/baron-human.rds	magic	MAGIC	42	42	cell_type1	human	8569	1000	14	4	label_free_hvg
42	50	30	1.0	32	0.3677920641321221	0.7123303357503379	0.19337365806918527	0.3940825904926709	0.06319157779216766	0.4669896240811795	Baron	datasets_original/baron-human.rds	magic	MAGIC	42	42	cell_type1	human	8569	1000	14	4	label_free_hvg
42	50	30	1.5	39	0.28796619224019604	0.6785696132201227	0.14755569713391764	0.3863040937426001	0.06319157779216766	0.4617436910048127	Baron	datasets_original/baron-human.rds	magic	MAGIC	42	42	cell_type1	human	8569	1000	14	4	label_free_hvg
42	50	30	2.0	47	0.24469055880352827	0.6594751476599815	0.12706195400428685	0.385623856690555	0.06319157779216766	0.4668509759940207	Baron	datasets_original/baron-human.rds	magic	MAGIC	42	42	cell_type1	human	8569	1000	14	4	label_free_hvg
42	100	10	0.2	27	0.49535265232610004	0.7700212623997738	0.21543978633105287	0.3676592900439899	0.05752935633063316	0.23480759095400572	Baron	datasets_original/baron-human.rds	magic	MAGIC	42	42	cell_type1	human	8569	1000	14	4	label_free_hvg
42	100	10	0.5	40	0.3652056638958514	0.7098390660107021	0.19534346459863897	0.4050657129427704	0.05752935633063316	0.2330423730891198	Baron	datasets_original/baron-human.rds	magic	MAGIC	42	42	cell_type1	human	8569	1000	14	4	label_free_hvg
42	100	10	1.0	56	0.2544430646633253	0.6585696430986699	0.1376200986373732	0.39279452370599804	0.05752935633063316	0.23139640013687313	Baron	datasets_original/baron-human.rds	magic	MAGIC	42	42	cell_type1	human	8569	1000	14	4	label_free_hvg
42	100	10	1.5	67	0.18239728682384926	0.6267734994335216	0.09530815187432563	0.376056478616176	0.05752935633063316	0.23241488612256944	Baron	datasets_original/baron-human.rds	magic	MAGIC	42	42	cell_type1	human	8569	1000	14	4	label_free_hvg
42	100	10	2.0	81	0.1532099399697369	0.6085296598421699	0.080164310340314	0.370727112198253	0.05752935633063316	0.23178203916177154	Baron	datasets_original/baron-human.rds	magic	MAGIC	42	42	cell_type1	human	8569	1000	14	4	label_free_hvg
42	100	15	0.2	25	0.4918645146764481	0.767947817302601	0.21174139428268082	0.3638943892557122	0.05752935633063316	0.2903451391030103	Baron	datasets_original/baron-human.rds	magic	MAGIC	42	42	cell_type1	human	8569	1000	14	4	label_free_hvg
42	100	15	0.5	36	0.38465359585175296	0.7202348802222845	0.2014767736873972	0.3935696211343652	0.05752935633063316	0.28485970199108124	Baron	datasets_original/baron-human.rds	magic	MAGIC	42	42	cell_type1	human	8569	1000	14	4	label_free_hvg
42	100	15	1.0	46	0.2909644227985399	0.680572840253721	0.15163379294558596	0.3923741741477576	0.05752935633063316	0.2859331788495183	Baron	datasets_original/baron-human.rds	magic	MAGIC	42	42	cell_type1	human	8569	1000	14	4	label_free_hvg
42	100	15	1.5	56	0.24347636072602422	0.6528709607325734	0.13102043405914063	0.38876945376513605	0.05752935633063316	0.2858542569447309	Baron	datasets_original/baron-human.rds	magic	MAGIC	42	42	cell_type1	human	8569	1000	14	4	label_free_hvg
42	100	15	2.0	64	0.19241318119726386	0.6324643692787474	0.10072071547090021	0.3786107929096675	0.05752935633063316	0.2876374339684844	Baron	datasets_original/baron-human.rds	magic	MAGIC	42	42	cell_type1	human	8569	1000	14	4	label_free_hvg
42	100	30	0.2	20	0.5175963807733085	0.7750919848282619	0.22804566748260696	0.37539111198551184	0.05752935633063316	0.4804701579269022	Baron	datasets_original/baron-human.rds	magic	MAGIC	42	42	cell_type1	human	8569	1000	14	4	label_free_hvg
42	100	30	0.5	25	0.43657574963885915	0.7438303203608267	0.23177298642982677	0.40799548994981066	0.05752935633063316	0.47469660616479814	Baron	datasets_original/baron-human.rds	magic	MAGIC	42	42	cell_type1	human	8569	1000	14	4	label_free_hvg
42	100	30	1.0	33	0.3642252355225149	0.7078430994563142	0.19139170670440708	0.393821174732065	0.05752935633063316	0.47590696695260704	Baron	datasets_original/baron-human.rds	magic	MAGIC	42	42	cell_type1	human	8569	1000	14	4	label_free_hvg
42	100	30	1.5	41	0.29696334410941044	0.6781661219480632	0.1587684645544432	0.3974224481459266	0.05752935633063316	0.4864996368996799	Baron	datasets_original/baron-human.rds	magic	MAGIC	42	42	cell_type1	human	8569	1000	14	4	label_free_hvg
42	100	30	2.0	47	0.2634633906477273	0.6626571380745527	0.14004828150139267	0.3940431033409534	0.05752935633063316	0.489793058950454	Baron	datasets_original/baron-human.rds	magic	MAGIC	42	42	cell_type1	human	8569	1000	14	4	label_free_hvg
43	20	10	0.2	31	0.4386762103618664	0.7480289952979589	0.22582423147106134	0.39614332255033546	0.06320071965456009	0.22410355089232326	Baron	datasets_original/baron-human.rds	magic	MAGIC	42	43	cell_type1	human	8569	1000	14	4	label_free_hvg
43	20	10	0.5	42	0.33400383353450147	0.6989213286173356	0.1710788224929953	0.3875057506286262	0.06320071965456009	0.22174203302711248	Baron	datasets_original/baron-human.rds	magic	MAGIC	42	43	cell_type1	human	8569	1000	14	4	label_free_hvg
43	20	10	1.0	59	0.21204873626583542	0.6407030552030305	0.10292600791440663	0.36893564389530265	0.06320071965456009	0.21848008898086846	Baron	datasets_original/baron-human.rds	magic	MAGIC	42	43	cell_type1	human	8569	1000	14	4	label_free_hvg
43	20	10	1.5	72	0.1757889039534984	0.6209296805099601	0.0900009021242358	0.36821703599163663	0.06320071965456009	0.221151621080935	Baron	datasets_original/baron-human.rds	magic	MAGIC	42	43	cell_type1	human	8569	1000	14	4	label_free_hvg
43	20	10	2.0	82	0.1352055091358791	0.600063964211378	0.06892001448212445	0.35855707463212594	0.06320071965456009	0.21850321907550097	Baron	datasets_original/baron-human.rds	magic	MAGIC	42	43	cell_type1	human	8569	1000	14	4	label_free_hvg
43	20	15	0.2	26	0.47095079824506514	0.7615302562313934	0.21870792480472215	0.37768810807202646	0.06320071965456009	0.28009400493465364	Baron	datasets_original/baron-human.rds	magic	MAGIC	42	43	cell_type1	human	8569	1000	14	4	label_free_hvg
43	20	15	0.5	33	0.39023557133528985	0.7251719141465888	0.20267661951210475	0.3903648677315171	0.06320071965456009	0.2734760029707104	Baron	datasets_original/baron-human.rds	magic	MAGIC	42	43	cell_type1	human	8569	1000	14	4	label_free_hvg
43	20	15	1.0	47	0.25772976038321666	0.670561973765828	0.12650862223464462	0.38150115364699966	0.06320071965456009	0.2741457549855113	Baron	datasets_original/baron-human.rds	magic	MAGIC	42	43	cell_type1	human	8569	1000	14	4	label_free_hvg
43	20	15	1.5	57	0.19848268357754506	0.6398619598206543	0.10228533435083405	0.3773208132426852	0.06320071965456009	0.27612620405852795	Baron	datasets_original/baron-human.rds	magic	MAGIC	42	43	cell_type1	human	8569	1000	14	4	label_free_hvg
43	20	15	2.0	65	0.17258635032506497	0.622104531492822	0.08726409696643254	0.36674304837827476	0.06320071965456009	0.275441373931244	Baron	datasets_original/baron-human.rds	magic	MAGIC	42	43	cell_type1	human	8569	1000	14	4	label_free_hvg
43	20	30	0.2	17	0.5227023322987409	0.7793148928359778	0.22404689277308143	0.36127857421752274	0.06320071965456009	0.4579471470788121	Baron	datasets_original/baron-human.rds	magic	MAGIC	42	43	cell_type1	human	8569	1000	14	4	label_free_hvg
43	20	30	0.5	25	0.42595439209943453	0.7403403679183993	0.21929848568794746	0.3905082554113458	0.06320071965456009	0.45661161513999104	Baron	datasets_original/baron-human.rds	magic	MAGIC	42	43	cell_type1	human	8569	1000	14	4	label_free_hvg
43	20	30	1.0	32	0.33350434529736617	0.7021534759824718	0.16582276008103114	0.381235748299332	0.06320071965456009	0.4587039779871702	Baron	datasets_original/baron-human.rds	magic	MAGIC	42	43	cell_type1	human	8569	1000	14	4	label_free_hvg
43	20	30	1.5	40	0.284459707456279	0.677621092290117	0.14595126949911116	0.3891283742789715	0.06320071965456009	0.4488272259477526	Baron	datasets_original/baron-human.rds	magic	MAGIC	42	43	cell_type1	human	8569	1000	14	4	label_free_hvg
43	20	30	2.0	48	0.23420343387531203	0.6529331957534302	0.12236141709786008	0.38159515184740156	0.06320071965456009	0.4533942569978535	Baron	datasets_original/baron-human.rds	magic	MAGIC	42	43	cell_type1	human	8569	1000	14	4	label_free_hvg
43	50	10	0.2	30	0.46689484719237295	0.7552203352511657	0.21393137811775387	0.37392674671982573	0.06576478481292725	0.22601426299661398	Baron	datasets_original/baron-human.rds	magic	MAGIC	42	43	cell_type1	human	8569	1000	14	4	label_free_hvg
43	50	10	0.5	43	0.3177075069073133	0.6935856323371966	0.1608149247777179	0.3822597069262722	0.06576478481292725	0.22475306410342455	Baron	datasets_original/baron-human.rds	magic	MAGIC	42	43	cell_type1	human	8569	1000	14	4	label_free_hvg
43	50	10	1.0	56	0.26354045304846685	0.6617003059001714	0.14029703189254386	0.3869246348716065	0.06576478481292725	0.2219305920880288	Baron	datasets_original/baron-human.rds	magic	MAGIC	42	43	cell_type1	human	8569	1000	14	4	label_free_hvg
43	50	10	1.5	71	0.16926871051424003	0.6199219704344834	0.08822006932201867	0.3708416674738882	0.06576478481292725	0.22212321287952363	Baron	datasets_original/baron-human.rds	magic	MAGIC	42	43	cell_type1	human	8569	1000	14	4	label_free_hvg
43	50	10	2.0	80	0.14402277094358681	0.6040351127076873	0.07351635890550048	0.360946018117561	0.06576478481292725	0.2202698579058051	Baron	datasets_original/baron-human.rds	magic	MAGIC	42	43	cell_type1	human	8569	1000	14	4	label_free_hvg
43	50	15	0.2	27	0.46866711135857086	0.7585236061341912	0.21928312842957717	0.38333260315908896	0.06576478481292725	0.2831915859133005	Baron	datasets_original/baron-human.rds	magic	MAGIC	42	43	cell_type1	human	8569	1000	14	4	label_free_hvg
43	50	15	0.5	35	0.389985009228449	0.7238225788556049	0.19277886382382306	0.38116683800303136	0.06576478481292725	0.2856215499341488	Baron	datasets_original/baron-human.rds	magic	MAGIC	42	43	cell_type1	human	8569	1000	14	4	label_free_hvg
43	50	15	1.0	49	0.26924169519803576	0.6705515982041602	0.1410873649963045	0.39318703743516276	0.06576478481292725	0.2815005239099264	Baron	datasets_original/baron-human.rds	magic	MAGIC	42	43	cell_type1	human	8569	1000	14	4	label_free_hvg
43	50	15	1.5	55	0.22820105553647685	0.6509450381343093	0.11925386538778172	0.38640713885640865	0.06576478481292725	0.28194903605617583	Baron	datasets_original/baron-human.rds	magic	MAGIC	42	43	cell_type1	human	8569	1000	14	4	label_free_hvg
43	50	15	2.0	64	0.17305175773678672	0.6260799557034248	0.0896569999744065	0.3724885449617338	0.06576478481292725	0.2812489701900631	Baron	datasets_original/baron-human.rds	magic	MAGIC	42	43	cell_type1	human	8569	1000	14	4	label_free_hvg
43	50	30	0.2	21	0.5002957851964918	0.7663406153623694	0.21980734633198346	0.3749851332340237	0.06576478481292725	0.46701790182851255	Baron	datasets_original/baron-human.rds	magic	MAGIC	42	43	cell_type1	human	8569	1000	14	4	label_free_hvg
43	50	30	0.5	26	0.40379946407467365	0.7296262213229607	0.205289373622613	0.3922585083653845	0.06576478481292725	0.4654644001275301	Baron	datasets_original/baron-human.rds	magic	MAGIC	42	43	cell_type1	human	8569	1000	14	4	label_free_hvg
43	50	30	1.0	32	0.3728525151524624	0.714822117891079	0.19316122940430216	0.3924521194118341	0.06576478481292725	0.4702109459321946	Baron	datasets_original/baron-human.rds	magic	MAGIC	42	43	cell_type1	human	8569	1000	14	4	label_free_hvg
43	50	30	1.5	40	0.2787991998566978	0.6760393646850247	0.14609074642415096	0.3909532166568959	0.06576478481292725	0.4663552299607545	Baron	datasets_original/baron-human.rds	magic	MAGIC	42	43	cell_type1	human	8569	1000	14	4	label_free_hvg
43	50	30	2.0	48	0.2353860210725725	0.6535882262876679	0.12487189891414738	0.3879260618605106	0.06576478481292725	0.4577880201395601	Baron	datasets_original/baron-human.rds	magic	MAGIC	42	43	cell_type1	human	8569	1000	14	4	label_free_hvg
43	100	10	0.2	28	0.4702789010259657	0.7589184466015334	0.22380038530031615	0.38646633509799816	0.06026247516274452	0.23489208798855543	Baron	datasets_original/baron-human.rds	magic	MAGIC	42	43	cell_type1	human	8569	1000	14	4	label_free_hvg
43	100	10	0.5	40	0.37253480241658565	0.7139188401489607	0.1940977238059585	0.3977660695720006	0.06026247516274452	0.23306241212412715	Baron	datasets_original/baron-human.rds	magic	MAGIC	42	43	cell_type1	human	8569	1000	14	4	label_free_hvg
43	100	10	1.0	56	0.26061272356489135	0.6609892274209697	0.14082170037857572	0.39739191292034076	0.06026247516274452	0.23235671082511544	Baron	datasets_original/baron-human.rds	magic	MAGIC	42	43	cell_type1	human	8569	1000	14	4	label_free_hvg
43	100	10	1.5	66	0.2124981756912591	0.6381935979079696	0.11248036673718115	0.382360881626125	0.06026247516274452	0.22794931987300515	Baron	datasets_original/baron-human.rds	magic	MAGIC	42	43	cell_type1	human	8569	1000	14	4	label_free_hvg
43	100	10	2.0	84	0.14478441659254782	0.6023501760408629	0.07654020551059498	0.37052243293825565	0.06026247516274452	0.22928610700182617	Baron	datasets_original/baron-human.rds	magic	MAGIC	42	43	cell_type1	human	8569	1000	14	4	label_free_hvg
43	100	15	0.2	25	0.47086276523230336	0.7629397375868677	0.21533080032073068	0.36853374376433007	0.06026247516274452	0.2906825749669224	Baron	datasets_original/baron-human.rds	magic	MAGIC	42	43	cell_type1	human	8569	1000	14	4	label_free_hvg
43	100	15	0.5	35	0.38783380524098227	0.7225542517928215	0.20071049938923877	0.39193674955225477	0.06026247516274452	0.28560494794510305	Baron	datasets_original/baron-human.rds	magic	MAGIC	42	43	cell_type1	human	8569	1000	14	4	label_free_hvg
43	100	15	1.0	46	0.2887863720196692	0.6790510872071364	0.15263551286687158	0.396644294445442	0.06026247516274452	0.286009285133332	Baron	datasets_original/baron-human.rds	magic	MAGIC	42	43	cell_type1	human	8569	1000	14	4	label_free_hvg
43	100	15	1.5	54	0.2532166095203211	0.6566262639815456	0.13744829696211258	0.39248591511102476	0.06026247516274452	0.28855790407396853	Baron	datasets_original/baron-human.rds	magic	MAGIC	42	43	cell_type1	human	8569	1000	14	4	label_free_hvg
43	100	15	2.0	64	0.1914260690048341	0.6314281438697419	0.10102707881077487	0.37923161965346197	0.06026247516274452	0.28691154695115983	Baron	datasets_original/baron-human.rds	magic	MAGIC	42	43	cell_type1	human	8569	1000	14	4	label_free_hvg
43	100	30	0.2	20	0.5171746624975275	0.7753875357865063	0.229930414950526	0.37988515577105203	0.06026247516274452	0.5065869728568941	Baron	datasets_original/baron-human.rds	magic	MAGIC	42	43	cell_type1	human	8569	1000	14	4	label_free_hvg
43	100	30	0.5	25	0.4336729060975536	0.7395010343127476	0.23198321259085442	0.4068602977829841	0.06026247516274452	0.4968661090824753	Baron	datasets_original/baron-human.rds	magic	MAGIC	42	43	cell_type1	human	8569	1000	14	4	label_free_hvg
43	100	30	1.0	34	0.36163618842570777	0.7055724192237802	0.19005496964574264	0.3975922438465441	0.06026247516274452	0.49691960914060473	Baron	datasets_original/baron-human.rds	magic	MAGIC	42	43	cell_type1	human	8569	1000	14	4	label_free_hvg
43	100	30	1.5	41	0.32209288775973705	0.6892799328355198	0.17636918008169522	0.4054314059463302	0.06026247516274452	0.5023043870460242	Baron	datasets_original/baron-human.rds	magic	MAGIC	42	43	cell_type1	human	8569	1000	14	4	label_free_hvg
43	100	30	2.0	48	0.2674624552023445	0.66049590990247	0.14319625379311868	0.396155397339788	0.06026247516274452	0.5033425420988351	Baron	datasets_original/baron-human.rds	magic	MAGIC	42	43	cell_type1	human	8569	1000	14	4	label_free_hvg
44	20	10	0.2	30	0.43559242023717915	0.7460677108907288	0.2258098083697553	0.3961654303102995	0.0620301254093647	0.2234327238984406	Baron	datasets_original/baron-human.rds	magic	MAGIC	42	44	cell_type1	human	8569	1000	14	4	label_free_hvg
44	20	10	0.5	41	0.3376544079694345	0.7029111647794996	0.1683569767307163	0.3831668148625801	0.0620301254093647	0.21892198896966875	Baron	datasets_original/baron-human.rds	magic	MAGIC	42	44	cell_type1	human	8569	1000	14	4	label_free_hvg
44	20	10	1.0	59	0.21031504494157838	0.6380689356402197	0.10758365799163587	0.37480066582588567	0.0620301254093647	0.2219962750095874	Baron	datasets_original/baron-human.rds	magic	MAGIC	42	44	cell_type1	human	8569	1000	14	4	label_free_hvg
44	20	10	1.5	73	0.1635882308095106	0.6163783265406872	0.08275358009605031	0.3661826920527691	0.0620301254093647	0.2195744749624282	Baron	datasets_original/baron-human.rds	magic	MAGIC	42	44	cell_type1	human	8569	1000	14	4	label_free_hvg
44	20	10	2.0	81	0.13654851211473962	0.6009532519796449	0.06948263553338256	0.36065630690512385	0.0620301254093647	0.21824014210142195	Baron	datasets_original/baron-human.rds	magic	MAGIC	42	44	cell_type1	human	8569	1000	14	4	label_free_hvg
44	20	15	0.2	26	0.4728534003416428	0.7623157986619045	0.21810903140679871	0.3760160625453074	0.0620301254093647	0.2801967980340123	Baron	datasets_original/baron-human.rds	magic	MAGIC	42	44	cell_type1	human	8569	1000	14	4	label_free_hvg
44	20	15	0.5	32	0.3947029015667839	0.7290049282549665	0.20294527102925097	0.3917798652438665	0.0620301254093647	0.2778982270974666	Baron	datasets_original/baron-human.rds	magic	MAGIC	42	44	cell_type1	human	8569	1000	14	4	label_free_hvg
44	20	15	1.0	47	0.2559108500490431	0.6694100140169438	0.12586348091380517	0.38043515541080963	0.0620301254093647	0.27343890303745866	Baron	datasets_original/baron-human.rds	magic	MAGIC	42	44	cell_type1	human	8569	1000	14	4	label_free_hvg
44	20	15	1.5	56	0.2089308032372568	0.6437859477029942	0.10643686827260751	0.37693340500184935	0.0620301254093647	0.2745274789631367	Baron	datasets_original/baron-human.rds	magic	MAGIC	42	44	cell_type1	human	8569	1000	14	4	label_free_hvg
44	20	15	2.0	64	0.17860619414982484	0.6252769001667374	0.09208034790243828	0.3716871114543676	0.0620301254093647	0.2746049400884658	Baron	datasets_original/baron-human.rds	magic	MAGIC	42	44	cell_type1	human	8569	1000	14	4	label_free_hvg
44	20	30	0.2	17	0.522222097976733	0.7789006353458506	0.22370355737772357	0.3610584723529682	0.0620301254093647	0.4605366999749094	Baron	datasets_original/baron-human.rds	magic	MAGIC	42	44	cell_type1	human	8569	1000	14	4	label_free_hvg
44	20	30	0.5	25	0.4286075778224584	0.7397517120107636	0.22144265522986678	0.38984678781537674	0.0620301254093647	0.4603734649717808	Baron	datasets_original/baron-human.rds	magic	MAGIC	42	44	cell_type1	human	8569	1000	14	4	label_free_hvg
44	20	30	1.0	32	0.33003203073114024	0.7004537322036329	0.164940185918965	0.3810106962796244	0.0620301254093647	0.46226736903190613	Baron	datasets_original/baron-human.rds	magic	MAGIC	42	44	cell_type1	human	8569	1000	14	4	label_free_hvg
44	20	30	1.5	42	0.2627039812687463	0.6690376149573897	0.13292914907074235	0.38599997963708405	0.0620301254093647	0.4565178230404854	Baron	datasets_original/baron-human.rds	magic	MAGIC	42	44	cell_type1	human	8569	1000	14	4	label_free_hvg
44	20	30	2.0	50	0.20406844992224527	0.6404494633591482	0.10355149698492998	0.371119348855679	0.0620301254093647	0.44980005314573646	Baron	datasets_original/baron-human.rds	magic	MAGIC	42	44	cell_type1	human	8569	1000	14	4	label_free_hvg
44	50	10	0.2	29	0.49067250744043367	0.7646295276298323	0.2145475326103837	0.36919067396342103	0.060783445835113525	0.22818973916582763	Baron	datasets_original/baron-human.rds	magic	MAGIC	42	44	cell_type1	human	8569	1000	14	4	label_free_hvg
44	50	10	0.5	40	0.369444613684211	0.7144134121236544	0.18220149332196536	0.3835689140488447	0.060783445835113525	0.22638176498003304	Baron	datasets_original/baron-human.rds	magic	MAGIC	42	44	cell_type1	human	8569	1000	14	4	label_free_hvg
44	50	10	1.0	58	0.2458069416708788	0.6554338358396549	0.12771207502882884	0.38168756253259434	0.060783445835113525	0.22372976993210614	Baron	datasets_original/baron-human.rds	magic	MAGIC	42	44	cell_type1	human	8569	1000	14	4	label_free_hvg
44	50	10	1.5	68	0.18086961485019856	0.6250707874003253	0.0950947643033868	0.37193163442405314	0.060783445835113525	0.22486307309009135	Baron	datasets_original/baron-human.rds	magic	MAGIC	42	44	cell_type1	human	8569	1000	14	4	label_free_hvg
44	50	10	2.0	77	0.15246866179136487	0.6093031333080318	0.07877845237938501	0.3646996612952691	0.060783445835113525	0.22394917416386306	Baron	datasets_original/baron-human.rds	magic	MAGIC	42	44	cell_type1	human	8569	1000	14	4	label_free_hvg
44	50	15	0.2	26	0.49353618718940206	0.7690078435647596	0.21334178383166866	0.3719509224431589	0.060783445835113525	0.2821317669004202	Baron	datasets_original/baron-human.rds	magic	MAGIC	42	44	cell_type1	human	8569	1000	14	4	label_free_hvg
44	50	15	0.5	35	0.38743464996304455	0.7229540251525828	0.19890346690806524	0.38873927134016645	0.060783445835113525	0.28059573913924396	Baron	datasets_original/baron-human.rds	magic	MAGIC	42	44	cell_type1	human	8569	1000	14	4	label_free_hvg
44	50	15	1.0	48	0.2756800946586186	0.6722920850474925	0.14520759554133697	0.3929152551422402	0.060783445835113525	0.281335961073637	Baron	datasets_original/baron-human.rds	magic	MAGIC	42	44	cell_type1	human	8569	1000	14	4	label_free_hvg
44	50	15	1.5	56	0.22157012321226646	0.647587076140993	0.1181430930379207	0.38447510002160956	0.060783445835113525	0.2809731219895184	Baron	datasets_original/baron-human.rds	magic	MAGIC	42	44	cell_type1	human	8569	1000	14	4	label_free_hvg
44	50	15	2.0	65	0.16719001376373308	0.6231275208617771	0.08675721182348739	0.3728191471669059	0.060783445835113525	0.28125771204940975	Baron	datasets_original/baron-human.rds	magic	MAGIC	42	44	cell_type1	human	8569	1000	14	4	label_free_hvg
44	50	30	0.2	21	0.5005655199339988	0.7668505396331	0.2194026082956318	0.3746736295828241	0.060783445835113525	0.4720992757938802	Baron	datasets_original/baron-human.rds	magic	MAGIC	42	44	cell_type1	human	8569	1000	14	4	label_free_hvg
44	50	30	0.5	26	0.4051459759925822	0.7301456343529935	0.20579271090191925	0.3922878541148161	0.060783445835113525	0.46999060013331473	Baron	datasets_original/baron-human.rds	magic	MAGIC	42	44	cell_type1	human	8569	1000	14	4	label_free_hvg
44	50	30	1.0	33	0.3217567705405649	0.6974923751530953	0.15809242128134224	0.383240753480854	0.060783445835113525	0.47040219395421445	Baron	datasets_original/baron-human.rds	magic	MAGIC	42	44	cell_type1	human	8569	1000	14	4	label_free_hvg
44	50	30	1.5	40	0.2825589913926732	0.6799743237879822	0.1427559367178184	0.3858425201589649	0.060783445835113525	0.4717376711778343	Baron	datasets_original/baron-human.rds	magic	MAGIC	42	44	cell_type1	human	8569	1000	14	4	label_free_hvg
44	50	30	2.0	47	0.24870612120718427	0.6594675450968946	0.12891497163772764	0.3858869528978127	0.060783445835113525	0.4668553229421377	Baron	datasets_original/baron-human.rds	magic	MAGIC	42	44	cell_type1	human	8569	1000	14	4	label_free_hvg
44	100	10	0.2	27	0.49037714374141894	0.7679435164578338	0.21176920924598697	0.36637375817832957	0.05595213547348976	0.23216064204461873	Baron	datasets_original/baron-human.rds	magic	MAGIC	42	44	cell_type1	human	8569	1000	14	4	label_free_hvg
44	100	10	0.5	41	0.3627864332104837	0.7070823605190198	0.1969549613471438	0.4074819815264662	0.05595213547348976	0.23014532821252942	Baron	datasets_original/baron-human.rds	magic	MAGIC	42	44	cell_type1	human	8569	1000	14	4	label_free_hvg
44	100	10	1.0	57	0.24788076758705085	0.6558586919710657	0.13404335161207775	0.39401595526985717	0.05595213547348976	0.23032644111663103	Baron	datasets_original/baron-human.rds	magic	MAGIC	42	44	cell_type1	human	8569	1000	14	4	label_free_hvg
44	100	10	1.5	67	0.19099521415500406	0.6309411713845433	0.09986626630627551	0.37993517982454145	0.05595213547348976	0.23244117014110088	Baron	datasets_original/baron-human.rds	magic	MAGIC	42	44	cell_type1	human	8569	1000	14	4	label_free_hvg
44	100	10	2.0	82	0.15078520702216724	0.6059652325250517	0.07924647717459579	0.3703651706534288	0.05595213547348976	0.2306133231613785	Baron	datasets_original/baron-human.rds	magic	MAGIC	42	44	cell_type1	human	8569	1000	14	4	label_free_hvg
44	100	15	0.2	25	0.4975430045983726	0.7706375832192811	0.213794045324517	0.36488669699492193	0.05595213547348976	0.2927521960809827	Baron	datasets_original/baron-human.rds	magic	MAGIC	42	44	cell_type1	human	8569	1000	14	4	label_free_hvg
44	100	15	0.5	33	0.39175473487963564	0.7254504226085206	0.20011923422914438	0.3879866845217975	0.05595213547348976	0.29200376104563475	Baron	datasets_original/baron-human.rds	magic	MAGIC	42	44	cell_type1	human	8569	1000	14	4	label_free_hvg
44	100	15	1.0	44	0.29647272435269106	0.683982638351624	0.15312225975353203	0.3895062096316138	0.05595213547348976	0.2894342439249158	Baron	datasets_original/baron-human.rds	magic	MAGIC	42	44	cell_type1	human	8569	1000	14	4	label_free_hvg
44	100	15	1.5	57	0.24417859691178453	0.6540001901697866	0.1305490430328053	0.38773946149024197	0.05595213547348976	0.2887706058099866	Baron	datasets_original/baron-human.rds	magic	MAGIC	42	44	cell_type1	human	8569	1000	14	4	label_free_hvg
44	100	15	2.0	64	0.19891845942935338	0.6331588707154048	0.103372497770848	0.3784460006058038	0.05595213547348976	0.2903839619830251	Baron	datasets_original/baron-human.rds	magic	MAGIC	42	44	cell_type1	human	8569	1000	14	4	label_free_hvg
44	100	30	0.2	20	0.5151230946354075	0.7747630033025275	0.23010123837892132	0.3798329245396174	0.05595213547348976	0.49218184989877045	Baron	datasets_original/baron-human.rds	magic	MAGIC	42	44	cell_type1	human	8569	1000	14	4	label_free_hvg
44	100	30	0.5	25	0.42896163244456587	0.7381527220485187	0.2252548077001348	0.3977212458255861	0.05595213547348976	0.49049483705312014	Baron	datasets_original/baron-human.rds	magic	MAGIC	42	44	cell_type1	human	8569	1000	14	4	label_free_hvg
44	100	30	1.0	33	0.3647905944722359	0.7055826319241862	0.1921252163867161	0.3959924965345879	0.05595213547348976	0.4855354269966483	Baron	datasets_original/baron-human.rds	magic	MAGIC	42	44	cell_type1	human	8569	1000	14	4	label_free_hvg
44	100	30	1.5	42	0.2928081241202252	0.6766506059288033	0.1559201099204158	0.3975117967972747	0.05595213547348976	0.47979047102853656	Baron	datasets_original/baron-human.rds	magic	MAGIC	42	44	cell_type1	human	8569	1000	14	4	label_free_hvg
44	100	30	2.0	47	0.24769017041008523	0.6550241907624457	0.1326667303147182	0.3919600742556293	0.05595213547348976	0.48181234998628497	Baron	datasets_original/baron-human.rds	magic	MAGIC	42	44	cell_type1	human	8569	1000	14	4	label_free_hvg
45	20	10	0.2	30	0.43545039606379565	0.745455560221791	0.22592108334035643	0.3968494220652625	0.06750639528036118	0.22226426703855395	Baron	datasets_original/baron-human.rds	magic	MAGIC	42	45	cell_type1	human	8569	1000	14	4	label_free_hvg
45	20	10	0.5	41	0.333705654419425	0.6972230358861095	0.16564664269333043	0.38335934866798127	0.06750639528036118	0.22095370409078896	Baron	datasets_original/baron-human.rds	magic	MAGIC	42	45	cell_type1	human	8569	1000	14	4	label_free_hvg
45	20	10	1.0	58	0.22261778861151857	0.645406705315303	0.11569935838328277	0.38187418077116725	0.06750639528036118	0.21749465097673237	Baron	datasets_original/baron-human.rds	magic	MAGIC	42	45	cell_type1	human	8569	1000	14	4	label_free_hvg
45	20	10	1.5	73	0.1730769850286174	0.6191229702498708	0.08791145606498242	0.3685687234944659	0.06750639528036118	0.2179493741132319	Baron	datasets_original/baron-human.rds	magic	MAGIC	42	45	cell_type1	human	8569	1000	14	4	label_free_hvg
45	20	10	2.0	79	0.14289102326154085	0.6043427597284642	0.07081464974533241	0.3591293886656027	0.06750639528036118	0.21837624302133918	Baron	datasets_original/baron-human.rds	magic	MAGIC	42	45	cell_type1	human	8569	1000	14	4	label_free_hvg
45	20	15	0.2	27	0.43647729165428634	0.7495376686561736	0.22205265347234684	0.38813257701486314	0.06750639528036118	0.2780070009175688	Baron	datasets_original/baron-human.rds	magic	MAGIC	42	45	cell_type1	human	8569	1000	14	4	label_free_hvg
45	20	15	0.5	33	0.39084841512765306	0.7256085011129791	0.2029567051717463	0.39040342565765973	0.06750639528036118	0.2768025689292699	Baron	datasets_original/baron-human.rds	magic	MAGIC	42	45	cell_type1	human	8569	1000	14	4	label_free_hvg
45	20	15	1.0	48	0.2569154142236829	0.6689430073367882	0.12665163941786314	0.38029129957493246	0.06750639528036118	0.27882607700303197	Baron	datasets_original/baron-human.rds	magic	MAGIC	42	45	cell_type1	human	8569	1000	14	4	label_free_hvg
45	20	15	1.5	56	0.21198295180856258	0.6451921020407195	0.10824390138171068	0.37670754602315315	0.06750639528036118	0.27349627017974854	Baron	datasets_original/baron-human.rds	magic	MAGIC	42	45	cell_type1	human	8569	1000	14	4	label_free_hvg
45	20	15	2.0	66	0.17490454759946336	0.6225982783816125	0.08915375885023567	0.3685439667731688	0.06750639528036118	0.2746945039834827	Baron	datasets_original/baron-human.rds	magic	MAGIC	42	45	cell_type1	human	8569	1000	14	4	label_free_hvg
45	20	30	0.2	17	0.5231776622338428	0.7790502568494522	0.22299966944672653	0.35859544012977984	0.06750639528036118	0.4581477988976985	Baron	datasets_original/baron-human.rds	magic	MAGIC	42	45	cell_type1	human	8569	1000	14	4	label_free_hvg
45	20	30	0.5	25	0.4261178451929063	0.740675024839562	0.21972905023056805	0.39112506638753275	0.06750639528036118	0.4571442389860749	Baron	datasets_original/baron-human.rds	magic	MAGIC	42	45	cell_type1	human	8569	1000	14	4	label_free_hvg
45	20	30	1.0	33	0.3253790480747651	0.7009843313108834	0.16187942212579076	0.3765372540623626	0.06750639528036118	0.4523507319390774	Baron	datasets_original/baron-human.rds	magic	MAGIC	42	45	cell_type1	human	8569	1000	14	4	label_free_hvg
45	20	30	1.5	42	0.26314366817306806	0.669763052559406	0.13318418583523872	0.38592862451069054	0.06750639528036118	0.45574745698831975	Baron	datasets_original/baron-human.rds	magic	MAGIC	42	45	cell_type1	human	8569	1000	14	4	label_free_hvg
45	20	30	2.0	49	0.21017786294747332	0.6451484621182881	0.10853859374350953	0.3782604600225231	0.06750639528036118	0.4490198129788041	Baron	datasets_original/baron-human.rds	magic	MAGIC	42	45	cell_type1	human	8569	1000	14	4	label_free_hvg
45	50	10	0.2	29	0.4688215355550436	0.7569220837774675	0.21531950633525834	0.3778486300135436	0.07060462981462479	0.2279229809064418	Baron	datasets_original/baron-human.rds	magic	MAGIC	42	45	cell_type1	human	8569	1000	14	4	label_free_hvg
45	50	10	0.5	41	0.36057706636942805	0.709806280333359	0.17399813437348144	0.37510400414808076	0.07060462981462479	0.22532052802853286	Baron	datasets_original/baron-human.rds	magic	MAGIC	42	45	cell_type1	human	8569	1000	14	4	label_free_hvg
45	50	10	1.0	56	0.25805563711032636	0.6602531042962637	0.1370720717214027	0.3884532857549662	0.07060462981462479	0.2223373451270163	Baron	datasets_original/baron-human.rds	magic	MAGIC	42	45	cell_type1	human	8569	1000	14	4	label_free_hvg
45	50	10	1.5	70	0.17331457537987602	0.6222492607281981	0.09099078790582873	0.3700848379862914	0.07060462981462479	0.22439888399094343	Baron	datasets_original/baron-human.rds	magic	MAGIC	42	45	cell_type1	human	8569	1000	14	4	label_free_hvg
45	50	10	2.0	81	0.14637934755068543	0.6043288023650295	0.07558966833735548	0.36185975919678925	0.07060462981462479	0.22579692513681948	Baron	datasets_original/baron-human.rds	magic	MAGIC	42	45	cell_type1	human	8569	1000	14	4	label_free_hvg
45	50	15	0.2	26	0.4947950521802422	0.7694844497343734	0.21395166672084043	0.3720441724921412	0.07060462981462479	0.28996021300554276	Baron	datasets_original/baron-human.rds	magic	MAGIC	42	45	cell_type1	human	8569	1000	14	4	label_free_hvg
45	50	15	0.5	34	0.3948377531523597	0.7264467707529926	0.1961647460852263	0.3818373901400692	0.07060462981462479	0.2837530861143023	Baron	datasets_original/baron-human.rds	magic	MAGIC	42	45	cell_type1	human	8569	1000	14	4	label_free_hvg
45	50	15	1.0	48	0.27975727840459275	0.6728285645119575	0.14489264047658124	0.3882066355084336	0.07060462981462479	0.28274494782090187	Baron	datasets_original/baron-human.rds	magic	MAGIC	42	45	cell_type1	human	8569	1000	14	4	label_free_hvg
45	50	15	1.5	56	0.2251600478114885	0.6489075492161627	0.11772975199346905	0.38572488203764377	0.07060462981462479	0.2819381121080369	Baron	datasets_original/baron-human.rds	magic	MAGIC	42	45	cell_type1	human	8569	1000	14	4	label_free_hvg
45	50	15	2.0	63	0.17982002642596281	0.6290478666674714	0.09364557381786207	0.37324332310706243	0.07060462981462479	0.2817142838612199	Baron	datasets_original/baron-human.rds	magic	MAGIC	42	45	cell_type1	human	8569	1000	14	4	label_free_hvg
45	50	30	0.2	21	0.5002655254541403	0.7665331413759029	0.21977078867014968	0.375086742812307	0.07060462981462479	0.4789803079329431	Baron	datasets_original/baron-human.rds	magic	MAGIC	42	45	cell_type1	human	8569	1000	14	4	label_free_hvg
45	50	30	0.5	25	0.4302089325841632	0.7388031002932708	0.22435796123601426	0.396859638976372	0.07060462981462479	0.4812368401326239	Baron	datasets_original/baron-human.rds	magic	MAGIC	42	45	cell_type1	human	8569	1000	14	4	label_free_hvg
45	50	30	1.0	34	0.30981539604540614	0.6911029196617604	0.15297643429045016	0.3800561558537135	0.07060462981462479	0.4683241641614586	Baron	datasets_original/baron-human.rds	magic	MAGIC	42	45	cell_type1	human	8569	1000	14	4	label_free_hvg
45	50	30	1.5	39	0.28670982521687366	0.6783296714167529	0.1470411099190242	0.3859050812572971	0.07060462981462479	0.4734052079729736	Baron	datasets_original/baron-human.rds	magic	MAGIC	42	45	cell_type1	human	8569	1000	14	4	label_free_hvg
45	50	30	2.0	48	0.23619555078055623	0.6534372307080547	0.12516197176756821	0.3862284400262793	0.07060462981462479	0.4727904109749943	Baron	datasets_original/baron-human.rds	magic	MAGIC	42	45	cell_type1	human	8569	1000	14	4	label_free_hvg
45	100	10	0.2	28	0.4947039928624381	0.770590550641748	0.2189546102073285	0.37431839466366335	0.06436143815517426	0.23717773496173322	Baron	datasets_original/baron-human.rds	magic	MAGIC	42	45	cell_type1	human	8569	1000	14	4	label_free_hvg
45	100	10	0.5	39	0.36919049658734876	0.7117838691258435	0.19262174605410404	0.39561930120289246	0.06436143815517426	0.23500819108448923	Baron	datasets_original/baron-human.rds	magic	MAGIC	42	45	cell_type1	human	8569	1000	14	4	label_free_hvg
45	100	10	1.0	57	0.25339020952083186	0.6580662748942966	0.13713584889659894	0.39242042182655484	0.06436143815517426	0.23266212781891227	Baron	datasets_original/baron-human.rds	magic	MAGIC	42	45	cell_type1	human	8569	1000	14	4	label_free_hvg
45	100	10	1.5	67	0.19081376438869502	0.6310362848406873	0.1004153005632597	0.378525875518406	0.06436143815517426	0.2316304959822446	Baron	datasets_original/baron-human.rds	magic	MAGIC	42	45	cell_type1	human	8569	1000	14	4	label_free_hvg
45	100	10	2.0	82	0.15522078090064603	0.6089086315396848	0.08105969138331595	0.37292352080385216	0.06436143815517426	0.23461870499886572	Baron	datasets_original/baron-human.rds	magic	MAGIC	42	45	cell_type1	human	8569	1000	14	4	label_free_hvg
45	100	15	0.2	25	0.49169411529097157	0.767839856381227	0.21282918836580372	0.36705031127377014	0.06436143815517426	0.2929673499893397	Baron	datasets_original/baron-human.rds	magic	MAGIC	42	45	cell_type1	human	8569	1000	14	4	label_free_hvg
45	100	15	0.5	35	0.38585883146435423	0.7231315515311494	0.1996695105564703	0.3942586944282073	0.06436143815517426	0.2921795938163996	Baron	datasets_original/baron-human.rds	magic	MAGIC	42	45	cell_type1	human	8569	1000	14	4	label_free_hvg
45	100	15	1.0	47	0.2835036477976654	0.6763189930677407	0.14882790636025373	0.39111726975556893	0.06436143815517426	0.29018058092333376	Baron	datasets_original/baron-human.rds	magic	MAGIC	42	45	cell_type1	human	8569	1000	14	4	label_free_hvg
45	100	15	1.5	55	0.2473298225562281	0.6556873232199498	0.13271894771971005	0.39136356608833034	0.06436143815517426	0.2889414730016142	Baron	datasets_original/baron-human.rds	magic	MAGIC	42	45	cell_type1	human	8569	1000	14	4	label_free_hvg
45	100	15	2.0	64	0.18507168681805097	0.6294313331515594	0.09749773748712315	0.3786593282968364	0.06436143815517426	0.2903198420535773	Baron	datasets_original/baron-human.rds	magic	MAGIC	42	45	cell_type1	human	8569	1000	14	4	label_free_hvg
45	100	30	0.2	20	0.5145947088187826	0.7742665957853698	0.22861155986174692	0.3779300463835242	0.06436143815517426	0.477283732034266	Baron	datasets_original/baron-human.rds	magic	MAGIC	42	45	cell_type1	human	8569	1000	14	4	label_free_hvg
45	100	30	0.5	26	0.4042173147464101	0.7278480344789491	0.21090018469121308	0.3996504013807469	0.06436143815517426	0.47798980702646077	Baron	datasets_original/baron-human.rds	magic	MAGIC	42	45	cell_type1	human	8569	1000	14	4	label_free_hvg
45	100	30	1.0	33	0.36518054293350194	0.7069733904007638	0.19406432023562672	0.4019641942965343	0.06436143815517426	0.4732415738981217	Baron	datasets_original/baron-human.rds	magic	MAGIC	42	45	cell_type1	human	8569	1000	14	4	label_free_hvg
45	100	30	1.5	42	0.29570034508027737	0.6769467312352813	0.15992017284976404	0.40024136445108144	0.06436143815517426	0.47140662698075175	Baron	datasets_original/baron-human.rds	magic	MAGIC	42	45	cell_type1	human	8569	1000	14	4	label_free_hvg
45	100	30	2.0	49	0.2635271105783793	0.6616016585687029	0.14037324899245696	0.39542723498248317	0.06436143815517426	0.47658067499287426	Baron	datasets_original/baron-human.rds	magic	MAGIC	42	45	cell_type1	human	8569	1000	14	4	label_free_hvg
46	20	10	0.2	31	0.43631637285248337	0.7476535681452076	0.22472912616046686	0.39559993541185656	0.057681336998939514	0.225213194033131	Baron	datasets_original/baron-human.rds	magic	MAGIC	42	46	cell_type1	human	8569	1000	14	4	label_free_hvg
46	20	10	0.5	41	0.30787179869508746	0.6909523820208053	0.15116439679639607	0.3812253633027133	0.057681336998939514	0.22191300406120718	Baron	datasets_original/baron-human.rds	magic	MAGIC	42	46	cell_type1	human	8569	1000	14	4	label_free_hvg
46	20	10	1.0	58	0.22541812704473715	0.6455613925035821	0.11830827197195037	0.3788339426991356	0.057681336998939514	0.21765848714858294	Baron	datasets_original/baron-human.rds	magic	MAGIC	42	46	cell_type1	human	8569	1000	14	4	label_free_hvg
46	20	10	1.5	75	0.16770719990878089	0.6152457263344032	0.08800095332689355	0.3702607769048028	0.057681336998939514	0.22032881015911698	Baron	datasets_original/baron-human.rds	magic	MAGIC	42	46	cell_type1	human	8569	1000	14	4	label_free_hvg
46	20	10	2.0	81	0.1399134113385272	0.6017379538403947	0.07227765645186358	0.3633665425280625	0.057681336998939514	0.21758359903469682	Baron	datasets_original/baron-human.rds	magic	MAGIC	42	46	cell_type1	human	8569	1000	14	4	label_free_hvg
46	20	15	0.2	26	0.4708647877313389	0.7614012695722846	0.2186393072004563	0.3776751724958854	0.057681336998939514	0.27922361087985337	Baron	datasets_original/baron-human.rds	magic	MAGIC	42	46	cell_type1	human	8569	1000	14	4	label_free_hvg
46	20	15	0.5	33	0.39091731587052453	0.7249423126374878	0.20279097427622975	0.3890923222728575	0.057681336998939514	0.278153866995126	Baron	datasets_original/baron-human.rds	magic	MAGIC	42	46	cell_type1	human	8569	1000	14	4	label_free_hvg
46	20	15	1.0	47	0.2577541584265985	0.6700934972635261	0.1271413126845257	0.3806506388193493	0.057681336998939514	0.27661223779432476	Baron	datasets_original/baron-human.rds	magic	MAGIC	42	46	cell_type1	human	8569	1000	14	4	label_free_hvg
46	20	15	1.5	57	0.214323840123185	0.6441044001263244	0.1127514040678239	0.38000523625017657	0.057681336998939514	0.2735112600494176	Baron	datasets_original/baron-human.rds	magic	MAGIC	42	46	cell_type1	human	8569	1000	14	4	label_free_hvg
46	20	15	2.0	68	0.16273186732193712	0.6174246431477578	0.080705542773047	0.3636176288823829	0.057681336998939514	0.27407534909434617	Baron	datasets_original/baron-human.rds	magic	MAGIC	42	46	cell_type1	human	8569	1000	14	4	label_free_hvg
46	20	30	0.2	17	0.5223387546588013	0.7789439530414332	0.22438151998088518	0.36206360224500456	0.057681336998939514	0.4557759501039982	Baron	datasets_original/baron-human.rds	magic	MAGIC	42	46	cell_type1	human	8569	1000	14	4	label_free_hvg
46	20	30	0.5	25	0.4246961690947612	0.7398429654824484	0.21886868216068037	0.39073118121125916	0.057681336998939514	0.4591557621024549	Baron	datasets_original/baron-human.rds	magic	MAGIC	42	46	cell_type1	human	8569	1000	14	4	label_free_hvg
46	20	30	1.0	31	0.33993615383619596	0.7054537405591936	0.17522088639609149	0.3899026269698908	0.057681336998939514	0.4593547210097313	Baron	datasets_original/baron-human.rds	magic	MAGIC	42	46	cell_type1	human	8569	1000	14	4	label_free_hvg
46	20	30	1.5	45	0.23782515995598322	0.6589076600284156	0.11944606359388066	0.3802416910843251	0.057681336998939514	0.4500468070618808	Baron	datasets_original/baron-human.rds	magic	MAGIC	42	46	cell_type1	human	8569	1000	14	4	label_free_hvg
46	20	30	2.0	48	0.22509963606494227	0.6501948576880624	0.11761468839223788	0.3798979217577403	0.057681336998939514	0.4558608769439161	Baron	datasets_original/baron-human.rds	magic	MAGIC	42	46	cell_type1	human	8569	1000	14	4	label_free_hvg
46	50	10	0.2	29	0.47179056810315156	0.7580820050379231	0.21170330530908835	0.36522954515414463	0.05893498659133911	0.22911674599163234	Baron	datasets_original/baron-human.rds	magic	MAGIC	42	46	cell_type1	human	8569	1000	14	4	label_free_hvg
46	50	10	0.5	41	0.33966984306455933	0.7043096407623192	0.1678155604020261	0.38311352616860844	0.05893498659133911	0.22823730297386646	Baron	datasets_original/baron-human.rds	magic	MAGIC	42	46	cell_type1	human	8569	1000	14	4	label_free_hvg
46	50	10	1.0	60	0.244090072228308	0.6527425633671057	0.13182627654054482	0.3867486911467646	0.05893498659133911	0.22830270999111235	Baron	datasets_original/baron-human.rds	magic	MAGIC	42	46	cell_type1	human	8569	1000	14	4	label_free_hvg
46	50	10	1.5	70	0.17185691957468538	0.6213342365551108	0.09008559024512157	0.3714472634349311	0.05893498659133911	0.22421033098362386	Baron	datasets_original/baron-human.rds	magic	MAGIC	42	46	cell_type1	human	8569	1000	14	4	label_free_hvg
46	50	10	2.0	79	0.1405234687754235	0.6030596690816317	0.07245940912117324	0.3650682681619191	0.05893498659133911	0.225502418121323	Baron	datasets_original/baron-human.rds	magic	MAGIC	42	46	cell_type1	human	8569	1000	14	4	label_free_hvg
46	50	15	0.2	26	0.49480670001520577	0.7694841381063727	0.211947781984733	0.36667383971979745	0.05893498659133911	0.2882959870621562	Baron	datasets_original/baron-human.rds	magic	MAGIC	42	46	cell_type1	human	8569	1000	14	4	label_free_hvg
46	50	15	0.5	35	0.38909431409315637	0.7238689488629698	0.19945756856115196	0.3889255768291676	0.05893498659133911	0.28139483788982034	Baron	datasets_original/baron-human.rds	magic	MAGIC	42	46	cell_type1	human	8569	1000	14	4	label_free_hvg
46	50	15	1.0	47	0.2775041850044725	0.6744495319381265	0.1438551809110567	0.38997562758511034	0.05893498659133911	0.28172881714999676	Baron	datasets_original/baron-human.rds	magic	MAGIC	42	46	cell_type1	human	8569	1000	14	4	label_free_hvg
46	50	15	1.5	58	0.1940731923111377	0.6373217238367	0.10186127774479779	0.37747293595221487	0.05893498659133911	0.2823452870361507	Baron	datasets_original/baron-human.rds	magic	MAGIC	42	46	cell_type1	human	8569	1000	14	4	label_free_hvg
46	50	15	2.0	65	0.17088939251273796	0.6241027897089578	0.08804670926870224	0.3724082311776465	0.05893498659133911	0.27895227493718266	Baron	datasets_original/baron-human.rds	magic	MAGIC	42	46	cell_type1	human	8569	1000	14	4	label_free_hvg
46	50	30	0.2	21	0.5003912840056102	0.7665902055908137	0.2198449490246803	0.3752280265284022	0.05893498659133911	0.4676710730418563	Baron	datasets_original/baron-human.rds	magic	MAGIC	42	46	cell_type1	human	8569	1000	14	4	label_free_hvg
46	50	30	0.5	26	0.4042833099381608	0.730036988040286	0.20599601429164516	0.3929922642032809	0.05893498659133911	0.4649371600244194	Baron	datasets_original/baron-human.rds	magic	MAGIC	42	46	cell_type1	human	8569	1000	14	4	label_free_hvg
46	50	30	1.0	36	0.3015055916606829	0.6871199027849448	0.14890978286689943	0.3816174930455048	0.05893498659133911	0.4621358278673142	Baron	datasets_original/baron-human.rds	magic	MAGIC	42	46	cell_type1	human	8569	1000	14	4	label_free_hvg
46	50	30	1.5	39	0.2813576238674229	0.6784642853306695	0.14316584284371947	0.3854300067651671	0.05893498659133911	0.45879510999657214	Baron	datasets_original/baron-human.rds	magic	MAGIC	42	46	cell_type1	human	8569	1000	14	4	label_free_hvg
46	50	30	2.0	47	0.24334306307992853	0.6569141509421277	0.1300521029930158	0.38973656463557305	0.05893498659133911	0.46154139819554985	Baron	datasets_original/baron-human.rds	magic	MAGIC	42	46	cell_type1	human	8569	1000	14	4	label_free_hvg
46	100	10	0.2	27	0.4950339829713692	0.7700244182133773	0.21545921551369682	0.36814095578363054	0.05401855334639549	0.23590258415788412	Baron	datasets_original/baron-human.rds	magic	MAGIC	42	46	cell_type1	human	8569	1000	14	4	label_free_hvg
46	100	10	0.5	40	0.3553358056072261	0.7063970282029816	0.18944788569941973	0.40205508648315513	0.05401855334639549	0.23408596590161324	Baron	datasets_original/baron-human.rds	magic	MAGIC	42	46	cell_type1	human	8569	1000	14	4	label_free_hvg
46	100	10	1.0	57	0.2522464621522971	0.6572005143489158	0.13682747943723372	0.3933482420647828	0.05401855334639549	0.2320911129936576	Baron	datasets_original/baron-human.rds	magic	MAGIC	42	46	cell_type1	human	8569	1000	14	4	label_free_hvg
46	100	10	1.5	67	0.18621954075473532	0.629046254684601	0.09829462025485967	0.3784091045227912	0.05401855334639549	0.22860794002190232	Baron	datasets_original/baron-human.rds	magic	MAGIC	42	46	cell_type1	human	8569	1000	14	4	label_free_hvg
46	100	10	2.0	81	0.1529931295791139	0.6074023075509756	0.07980376087158213	0.3719039353242168	0.05401855334639549	0.23053744295611978	Baron	datasets_original/baron-human.rds	magic	MAGIC	42	46	cell_type1	human	8569	1000	14	4	label_free_hvg
46	100	15	0.2	25	0.49206230141646445	0.7680040356231465	0.21011938031338007	0.35700888423063204	0.05401855334639549	0.2882864000275731	Baron	datasets_original/baron-human.rds	magic	MAGIC	42	46	cell_type1	human	8569	1000	14	4	label_free_hvg
46	100	15	0.5	35	0.38815041824273744	0.7229227652762761	0.2002245255874405	0.3901601746347351	0.05401855334639549	0.2869047240819782	Baron	datasets_original/baron-human.rds	magic	MAGIC	42	46	cell_type1	human	8569	1000	14	4	label_free_hvg
46	100	15	1.0	46	0.2963213189043497	0.6816587505213052	0.15630121790085744	0.39520560207323174	0.05401855334639549	0.2874966978561133	Baron	datasets_original/baron-human.rds	magic	MAGIC	42	46	cell_type1	human	8569	1000	14	4	label_free_hvg
46	100	15	1.5	55	0.2528203212466273	0.6571167955648711	0.1360458146525557	0.39252817373274396	0.05401855334639549	0.293028571177274	Baron	datasets_original/baron-human.rds	magic	MAGIC	42	46	cell_type1	human	8569	1000	14	4	label_free_hvg
46	100	15	2.0	65	0.1829099367755744	0.6280391508983635	0.094773135794054	0.374565816813847	0.05401855334639549	0.28949092887341976	Baron	datasets_original/baron-human.rds	magic	MAGIC	42	46	cell_type1	human	8569	1000	14	4	label_free_hvg
46	100	30	0.2	20	0.5170563043402981	0.7752841112310708	0.22889243690350808	0.3711157200440394	0.05401855334639549	0.49848929489962757	Baron	datasets_original/baron-human.rds	magic	MAGIC	42	46	cell_type1	human	8569	1000	14	4	label_free_hvg
46	100	30	0.5	27	0.4034026460185927	0.7277924721312766	0.21267213474185293	0.40001110611442664	0.05401855334639549	0.5001653630752116	Baron	datasets_original/baron-human.rds	magic	MAGIC	42	46	cell_type1	human	8569	1000	14	4	label_free_hvg
46	100	30	1.0	32	0.3665374790201381	0.7071627542138568	0.19406539938571363	0.39909030051969585	0.05401855334639549	0.49654577509500086	Baron	datasets_original/baron-human.rds	magic	MAGIC	42	46	cell_type1	human	8569	1000	14	4	label_free_hvg
46	100	30	1.5	42	0.30094655252691394	0.6835080958087392	0.16173439812232532	0.4025782955225488	0.05401855334639549	0.4890835729893297	Baron	datasets_original/baron-human.rds	magic	MAGIC	42	46	cell_type1	human	8569	1000	14	4	label_free_hvg
46	100	30	2.0	49	0.2561040738521924	0.6597864599986586	0.13539270524751526	0.39452007925787674	0.05401855334639549	0.4961997461505234	Baron	datasets_original/baron-human.rds	magic	MAGIC	42	46	cell_type1	human	8569	1000	14	4	label_free_hvg
42	20	10	0.2	13	0.6786298720442833	0.8427721038853924	0.1600367655376287	0.233024111492934	0.03319913521409035	0.27297156606800854	Baron	datasets_original/baron-human.rds	maskimpute	MaskImpute	42	42	cell_type1	human	8569	1000	14	4	label_free_hvg
42	20	10	0.5	19	0.532839803142236	0.7820581778697906	0.1863220162867221	0.28505873904378737	0.03319913521409035	0.2711098410654813	Baron	datasets_original/baron-human.rds	maskimpute	MaskImpute	42	42	cell_type1	human	8569	1000	14	4	label_free_hvg
42	20	10	1.0	30	0.3432273518158012	0.7033342951305741	0.13770790810277955	0.3110127738157586	0.03319913521409035	0.2710059790406376	Baron	datasets_original/baron-human.rds	maskimpute	MaskImpute	42	42	cell_type1	human	8569	1000	14	4	label_free_hvg
42	20	10	1.5	37	0.2731730570052312	0.6768755528112488	0.11171500394615597	0.3124625120732402	0.03319913521409035	0.2681412610691041	Baron	datasets_original/baron-human.rds	maskimpute	MaskImpute	42	42	cell_type1	human	8569	1000	14	4	label_free_hvg
42	20	10	2.0	44	0.2330930075017338	0.6556896021391218	0.10097867490629084	0.31584690187625125	0.03319913521409035	0.2707187971100211	Baron	datasets_original/baron-human.rds	maskimpute	MaskImpute	42	42	cell_type1	human	8569	1000	14	4	label_free_hvg
42	20	15	0.2	13	0.6771636207157123	0.8412856474847789	0.15841949563066354	0.2309863746045648	0.03319913521409035	0.35395817505195737	Baron	datasets_original/baron-human.rds	maskimpute	MaskImpute	42	42	cell_type1	human	8569	1000	14	4	label_free_hvg
42	20	15	0.5	18	0.5609418813189648	0.8012319132630399	0.18678013273590074	0.2806538839023967	0.03319913521409035	0.34499366604723036	Baron	datasets_original/baron-human.rds	maskimpute	MaskImpute	42	42	cell_type1	human	8569	1000	14	4	label_free_hvg
42	20	15	1.0	27	0.3876929906335566	0.7216103995985065	0.16131281802668068	0.3191181983384673	0.03319913521409035	0.3470833580940962	Baron	datasets_original/baron-human.rds	maskimpute	MaskImpute	42	42	cell_type1	human	8569	1000	14	4	label_free_hvg
42	20	15	1.5	32	0.28351140213356724	0.6849893618483132	0.11624415863576452	0.3145383919107977	0.03319913521409035	0.3479200401343405	Baron	datasets_original/baron-human.rds	maskimpute	MaskImpute	42	42	cell_type1	human	8569	1000	14	4	label_free_hvg
42	20	15	2.0	39	0.24696288407596248	0.6623912728795237	0.10380176291406093	0.3137748081107946	0.03319913521409035	0.34545455616898835	Baron	datasets_original/baron-human.rds	maskimpute	MaskImpute	42	42	cell_type1	human	8569	1000	14	4	label_free_hvg
42	20	30	0.2	13	0.6610375810860752	0.8304541370494295	0.15372656445010208	0.21269612977594046	0.03319913521409035	0.5656696851365268	Baron	datasets_original/baron-human.rds	maskimpute	MaskImpute	42	42	cell_type1	human	8569	1000	14	4	label_free_hvg
42	20	30	0.5	16	0.5634211854691508	0.8024362180612725	0.1881048305274294	0.2811199961476888	0.03319913521409035	0.5670962231233716	Baron	datasets_original/baron-human.rds	maskimpute	MaskImpute	42	42	cell_type1	human	8569	1000	14	4	label_free_hvg
42	20	30	1.0	23	0.42734042964897795	0.7446287491929698	0.17521638497630065	0.31662451321063523	0.03319913521409035	0.5687785400077701	Baron	datasets_original/baron-human.rds	maskimpute	MaskImpute	42	42	cell_type1	human	8569	1000	14	4	label_free_hvg
42	20	30	1.5	27	0.3327176578279046	0.7070905414047115	0.13595925197739578	0.31563074303844346	0.03319913521409035	0.5682358720805496	Baron	datasets_original/baron-human.rds	maskimpute	MaskImpute	42	42	cell_type1	human	8569	1000	14	4	label_free_hvg
42	20	30	2.0	30	0.3007148322865344	0.6929020285228824	0.1198344333223896	0.31090980404018964	0.03319913521409035	0.5669993017800152	Baron	datasets_original/baron-human.rds	maskimpute	MaskImpute	42	42	cell_type1	human	8569	1000	14	4	label_free_hvg
42	50	10	0.2	14	0.6737935998828745	0.8360690280922172	0.16266966622529783	0.24017470141946407	0.03116762638092041	0.30042367498390377	Baron	datasets_original/baron-human.rds	maskimpute	MaskImpute	42	42	cell_type1	human	8569	1000	14	4	label_free_hvg
42	50	10	0.5	21	0.5278921922152945	0.7790875121590636	0.19751112898324374	0.312607740206584	0.03116762638092041	0.29406938585452735	Baron	datasets_original/baron-human.rds	maskimpute	MaskImpute	42	42	cell_type1	human	8569	1000	14	4	label_free_hvg
42	50	10	1.0	29	0.3866853696208333	0.7174016523453036	0.17852696154582098	0.3527770570952188	0.03116762638092041	0.298291243147105	Baron	datasets_original/baron-human.rds	maskimpute	MaskImpute	42	42	cell_type1	human	8569	1000	14	4	label_free_hvg
42	50	10	1.5	36	0.30053181722069716	0.6860305036958293	0.1334637220811305	0.3405383758215108	0.03116762638092041	0.29476705309934914	Baron	datasets_original/baron-human.rds	maskimpute	MaskImpute	42	42	cell_type1	human	8569	1000	14	4	label_free_hvg
42	50	10	2.0	43	0.2591631596173599	0.6669290996437729	0.11607601925938167	0.3338820396716816	0.03116762638092041	0.2941931749228388	Baron	datasets_original/baron-human.rds	maskimpute	MaskImpute	42	42	cell_type1	human	8569	1000	14	4	label_free_hvg
42	50	15	0.2	13	0.6833609458451445	0.8487778383243314	0.16166737971634376	0.24112498442564934	0.03116762638092041	0.37928634602576494	Baron	datasets_original/baron-human.rds	maskimpute	MaskImpute	42	42	cell_type1	human	8569	1000	14	4	label_free_hvg
42	50	15	0.5	20	0.5195276475888733	0.7810385218446657	0.19941982114756013	0.3193605183374418	0.03116762638092041	0.3725443060975522	Baron	datasets_original/baron-human.rds	maskimpute	MaskImpute	42	42	cell_type1	human	8569	1000	14	4	label_free_hvg
42	50	15	1.0	25	0.42324610368099086	0.7371603838269009	0.19807574695988636	0.36027221161045725	0.03116762638092041	0.37525003985501826	Baron	datasets_original/baron-human.rds	maskimpute	MaskImpute	42	42	cell_type1	human	8569	1000	14	4	label_free_hvg
42	50	15	1.5	31	0.3453847647649564	0.7048506536751203	0.15934371442321674	0.3520185992680829	0.03116762638092041	0.3716967049986124	Baron	datasets_original/baron-human.rds	maskimpute	MaskImpute	42	42	cell_type1	human	8569	1000	14	4	label_free_hvg
42	50	15	2.0	36	0.2858638820864876	0.6843465617461588	0.1292752127811679	0.3398635613235366	0.03116762638092041	0.3673351991456002	Baron	datasets_original/baron-human.rds	maskimpute	MaskImpute	42	42	cell_type1	human	8569	1000	14	4	label_free_hvg
42	50	30	0.2	12	0.6637747585040157	0.8266724025856004	0.15449189620555367	0.21893946805731232	0.03116762638092041	0.5742992300074548	Baron	datasets_original/baron-human.rds	maskimpute	MaskImpute	42	42	cell_type1	human	8569	1000	14	4	label_free_hvg
42	50	30	0.5	16	0.5692357934906204	0.8065179534812893	0.18823184479765068	0.28968282644731047	0.03116762638092041	0.5856021258514374	Baron	datasets_original/baron-human.rds	maskimpute	MaskImpute	42	42	cell_type1	human	8569	1000	14	4	label_free_hvg
42	50	30	1.0	21	0.4968040055025406	0.7740114542301415	0.2067497146832697	0.33339738055824136	0.03116762638092041	0.5930304019711912	Baron	datasets_original/baron-human.rds	maskimpute	MaskImpute	42	42	cell_type1	human	8569	1000	14	4	label_free_hvg
42	50	30	1.5	27	0.39674510614866243	0.727962530934662	0.18883225697461647	0.3618641390154876	0.03116762638092041	0.5962287969887257	Baron	datasets_original/baron-human.rds	maskimpute	MaskImpute	42	42	cell_type1	human	8569	1000	14	4	label_free_hvg
42	50	30	2.0	31	0.32042642179033964	0.6995290402408538	0.14480947791058998	0.3457100228473308	0.03116762638092041	0.5845192249398679	Baron	datasets_original/baron-human.rds	maskimpute	MaskImpute	42	42	cell_type1	human	8569	1000	14	4	label_free_hvg
42	100	10	0.2	14	0.6696193755358251	0.8364637729916882	0.15043778690263476	0.22383119842387197	0.03025542013347149	0.29793991008773446	Baron	datasets_original/baron-human.rds	maskimpute	MaskImpute	42	42	cell_type1	human	8569	1000	14	4	label_free_hvg
42	100	10	0.5	20	0.5327440243437229	0.7859529204436645	0.19856012849539725	0.315687940522607	0.03025542013347149	0.29697210108861327	Baron	datasets_original/baron-human.rds	maskimpute	MaskImpute	42	42	cell_type1	human	8569	1000	14	4	label_free_hvg
42	100	10	1.0	31	0.38154194804039754	0.7176230564451129	0.17931536968179482	0.34999115461772295	0.03025542013347149	0.2957111920695752	Baron	datasets_original/baron-human.rds	maskimpute	MaskImpute	42	42	cell_type1	human	8569	1000	14	4	label_free_hvg
42	100	10	1.5	36	0.3238588949372587	0.6934530189519116	0.14615125089137046	0.34049422493489034	0.03025542013347149	0.29037225898355246	Baron	datasets_original/baron-human.rds	maskimpute	MaskImpute	42	42	cell_type1	human	8569	1000	14	4	label_free_hvg
42	100	10	2.0	43	0.26577150251566756	0.667353515792557	0.12163655387385855	0.33915746103312394	0.03025542013347149	0.2926824330352247	Baron	datasets_original/baron-human.rds	maskimpute	MaskImpute	42	42	cell_type1	human	8569	1000	14	4	label_free_hvg
42	100	15	0.2	12	0.6620850903507792	0.8314151465554158	0.14163229176859063	0.1996144048754527	0.03025542013347149	0.3826421392150223	Baron	datasets_original/baron-human.rds	maskimpute	MaskImpute	42	42	cell_type1	human	8569	1000	14	4	label_free_hvg
42	100	15	0.5	19	0.5362629368447598	0.7870524625271426	0.19762179866691856	0.312502922247348	0.03025542013347149	0.3789443429559469	Baron	datasets_original/baron-human.rds	maskimpute	MaskImpute	42	42	cell_type1	human	8569	1000	14	4	label_free_hvg
42	100	15	1.0	26	0.4260680033875799	0.7406332231053174	0.20077648548388166	0.35896534483653175	0.03025542013347149	0.36808271310292184	Baron	datasets_original/baron-human.rds	maskimpute	MaskImpute	42	42	cell_type1	human	8569	1000	14	4	label_free_hvg
42	100	15	1.5	31	0.3804173041301393	0.7154634856149681	0.1813785831278678	0.35812627744332715	0.03025542013347149	0.36791356513276696	Baron	datasets_original/baron-human.rds	maskimpute	MaskImpute	42	42	cell_type1	human	8569	1000	14	4	label_free_hvg
42	100	15	2.0	37	0.27995456609053515	0.6800608904653718	0.12268120190559557	0.3367014705976657	0.03025542013347149	0.3644456269685179	Baron	datasets_original/baron-human.rds	maskimpute	MaskImpute	42	42	cell_type1	human	8569	1000	14	4	label_free_hvg
42	100	30	0.2	13	0.6679038891764261	0.8348465569675889	0.15509451780735664	0.21837029314939294	0.03025542013347149	0.6131148249842227	Baron	datasets_original/baron-human.rds	maskimpute	MaskImpute	42	42	cell_type1	human	8569	1000	14	4	label_free_hvg
42	100	30	0.5	16	0.5698223008911787	0.807004769758042	0.18796107264520495	0.2885111817944638	0.03025542013347149	0.618392338976264	Baron	datasets_original/baron-human.rds	maskimpute	MaskImpute	42	42	cell_type1	human	8569	1000	14	4	label_free_hvg
42	100	30	1.0	22	0.48626002863411455	0.7685378939915891	0.21090926081161765	0.3430513046794452	0.03025542013347149	0.6026152400299907	Baron	datasets_original/baron-human.rds	maskimpute	MaskImpute	42	42	cell_type1	human	8569	1000	14	4	label_free_hvg
42	100	30	1.5	27	0.3969815001788327	0.7275730574031755	0.18582087452048668	0.35615887864641954	0.03025542013347149	0.5958092999644578	Baron	datasets_original/baron-human.rds	maskimpute	MaskImpute	42	42	cell_type1	human	8569	1000	14	4	label_free_hvg
42	100	30	2.0	31	0.31580233960169574	0.6978217319751172	0.14276039792060027	0.34582139586348487	0.03025542013347149	0.5790337878279388	Baron	datasets_original/baron-human.rds	maskimpute	MaskImpute	42	42	cell_type1	human	8569	1000	14	4	label_free_hvg
43	20	10	0.2	15	0.7059018371960105	0.8470260325900096	0.13738147054732747	0.2125020161090842	0.034969404339790344	0.28558356291614473	Baron	datasets_original/baron-human.rds	maskimpute	MaskImpute	43	43	cell_type1	human	8569	1000	14	4	label_free_hvg
43	20	10	0.5	23	0.4660990380409699	0.7618973366596486	0.1494969854664608	0.2879414775874113	0.034969404339790344	0.2862662570551038	Baron	datasets_original/baron-human.rds	maskimpute	MaskImpute	43	43	cell_type1	human	8569	1000	14	4	label_free_hvg
43	20	10	1.0	31	0.3629867091071285	0.7156604895936042	0.1572654227905317	0.3296428750193277	0.034969404339790344	0.2845420469529927	Baron	datasets_original/baron-human.rds	maskimpute	MaskImpute	43	43	cell_type1	human	8569	1000	14	4	label_free_hvg
43	20	10	1.5	42	0.25550402335492656	0.6681980426777603	0.11354263520052434	0.3205721542813997	0.034969404339790344	0.28026581881567836	Baron	datasets_original/baron-human.rds	maskimpute	MaskImpute	43	43	cell_type1	human	8569	1000	14	4	label_free_hvg
43	20	10	2.0	47	0.23622094474729893	0.6574098379857592	0.10629618445013696	0.3191160336822482	0.034969404339790344	0.28120702505111694	Baron	datasets_original/baron-human.rds	maskimpute	MaskImpute	43	43	cell_type1	human	8569	1000	14	4	label_free_hvg
43	20	15	0.2	14	0.7293553769444253	0.8538266338338956	0.14234162359916908	0.21858154296483356	0.034969404339790344	0.36627531494013965	Baron	datasets_original/baron-human.rds	maskimpute	MaskImpute	43	43	cell_type1	human	8569	1000	14	4	label_free_hvg
43	20	15	0.5	19	0.557986979282455	0.7924043045297791	0.17829508794054313	0.28043361982597087	0.034969404339790344	0.36203969013877213	Baron	datasets_original/baron-human.rds	maskimpute	MaskImpute	43	43	cell_type1	human	8569	1000	14	4	label_free_hvg
43	20	15	1.0	27	0.3752918067760521	0.7221421367213848	0.16522454056707345	0.3358414485798835	0.034969404339790344	0.36142634018324316	Baron	datasets_original/baron-human.rds	maskimpute	MaskImpute	43	43	cell_type1	human	8569	1000	14	4	label_free_hvg
43	20	15	1.5	30	0.3371274376264768	0.7054110657918731	0.14906986879780756	0.3244294490638555	0.034969404339790344	0.3605325650423765	Baron	datasets_original/baron-human.rds	maskimpute	MaskImpute	43	43	cell_type1	human	8569	1000	14	4	label_free_hvg
43	20	15	2.0	39	0.25614178011110705	0.6700782438036803	0.11262922308897527	0.3214352473137617	0.034969404339790344	0.3599053730722517	Baron	datasets_original/baron-human.rds	maskimpute	MaskImpute	43	43	cell_type1	human	8569	1000	14	4	label_free_hvg
43	20	30	0.2	12	0.6694457552899544	0.826786331552981	0.1502399071484639	0.20550314099409986	0.034969404339790344	0.6315931610297412	Baron	datasets_original/baron-human.rds	maskimpute	MaskImpute	43	43	cell_type1	human	8569	1000	14	4	label_free_hvg
43	20	30	0.5	17	0.5904009265532087	0.8065015233791708	0.17814754123522036	0.2709045652122924	0.034969404339790344	0.603948863921687	Baron	datasets_original/baron-human.rds	maskimpute	MaskImpute	43	43	cell_type1	human	8569	1000	14	4	label_free_hvg
43	20	30	1.0	24	0.4149951653669924	0.7370487348820232	0.18667723308031473	0.3339782499407135	0.034969404339790344	0.5979307929519564	Baron	datasets_original/baron-human.rds	maskimpute	MaskImpute	43	43	cell_type1	human	8569	1000	14	4	label_free_hvg
43	20	30	1.5	26	0.3769109136397459	0.7232191410511483	0.16383918691136168	0.32759208803247714	0.034969404339790344	0.5682441778481007	Baron	datasets_original/baron-human.rds	maskimpute	MaskImpute	43	43	cell_type1	human	8569	1000	14	4	label_free_hvg
43	20	30	2.0	29	0.3382647840600848	0.7055722217855436	0.1453068864411458	0.3252989169256995	0.034969404339790344	0.5913757078815252	Baron	datasets_original/baron-human.rds	maskimpute	MaskImpute	43	43	cell_type1	human	8569	1000	14	4	label_free_hvg
43	50	10	0.2	15	0.6758742446287094	0.8447437674309556	0.16604434987743752	0.24287767205757127	0.03340320289134979	0.3037789890076965	Baron	datasets_original/baron-human.rds	maskimpute	MaskImpute	43	43	cell_type1	human	8569	1000	14	4	label_free_hvg
43	50	10	0.5	21	0.5102131902021066	0.7793098021003902	0.18278063891370583	0.317230120652354	0.03340320289134979	0.2950401541311294	Baron	datasets_original/baron-human.rds	maskimpute	MaskImpute	43	43	cell_type1	human	8569	1000	14	4	label_free_hvg
43	50	10	1.0	28	0.41109284813672725	0.740773961934357	0.1892697222846803	0.35930147631312914	0.03340320289134979	0.3013093280605972	Baron	datasets_original/baron-human.rds	maskimpute	MaskImpute	43	43	cell_type1	human	8569	1000	14	4	label_free_hvg
43	50	10	1.5	35	0.34244401108646755	0.7076813691982792	0.1659525012135704	0.3579206938160747	0.03340320289134979	0.29539791494607925	Baron	datasets_original/baron-human.rds	maskimpute	MaskImpute	43	43	cell_type1	human	8569	1000	14	4	label_free_hvg
43	50	10	2.0	41	0.2972815858968259	0.6878923506450597	0.14050666702503983	0.35501453610825856	0.03340320289134979	0.2943288842216134	Baron	datasets_original/baron-human.rds	maskimpute	MaskImpute	43	43	cell_type1	human	8569	1000	14	4	label_free_hvg
43	50	15	0.2	14	0.6810107368370435	0.8535652666247968	0.16480751244019995	0.23866848945612196	0.03340320289134979	0.38892090297304094	Baron	datasets_original/baron-human.rds	maskimpute	MaskImpute	43	43	cell_type1	human	8569	1000	14	4	label_free_hvg
43	50	15	0.5	21	0.515704115988282	0.7842071223817548	0.2095213907578864	0.33690585018803376	0.03340320289134979	0.3874745659995824	Baron	datasets_original/baron-human.rds	maskimpute	MaskImpute	43	43	cell_type1	human	8569	1000	14	4	label_free_hvg
43	50	15	1.0	25	0.41518791395944754	0.7383381071298744	0.1948492234687732	0.3619781957726721	0.03340320289134979	0.38079695496708155	Baron	datasets_original/baron-human.rds	maskimpute	MaskImpute	43	43	cell_type1	human	8569	1000	14	4	label_free_hvg
43	50	15	1.5	29	0.37873441933098695	0.7254242734286818	0.18025235482626642	0.3588465230884976	0.03340320289134979	0.3847423701081425	Baron	datasets_original/baron-human.rds	maskimpute	MaskImpute	43	43	cell_type1	human	8569	1000	14	4	label_free_hvg
43	50	15	2.0	36	0.29912603032661655	0.6931069255079998	0.13934132502385302	0.35166176901389673	0.03340320289134979	0.37274243705905974	Baron	datasets_original/baron-human.rds	maskimpute	MaskImpute	43	43	cell_type1	human	8569	1000	14	4	label_free_hvg
43	50	30	0.2	12	0.663919406050903	0.8272910666440545	0.15642337424330074	0.2180896250424649	0.03340320289134979	0.6036851210519671	Baron	datasets_original/baron-human.rds	maskimpute	MaskImpute	43	43	cell_type1	human	8569	1000	14	4	label_free_hvg
43	50	30	0.5	18	0.5466564296128876	0.7960968014538052	0.19759064536374185	0.30033838897563336	0.03340320289134979	0.6136973320972174	Baron	datasets_original/baron-human.rds	maskimpute	MaskImpute	43	43	cell_type1	human	8569	1000	14	4	label_free_hvg
43	50	30	1.0	22	0.4511228103477501	0.7547016859300185	0.19177412612767	0.3442253208793173	0.03340320289134979	0.5848627150990069	Baron	datasets_original/baron-human.rds	maskimpute	MaskImpute	43	43	cell_type1	human	8569	1000	14	4	label_free_hvg
43	50	30	1.5	25	0.4060639852346211	0.731850614000707	0.1916144891790014	0.3616751215672607	0.03340320289134979	0.6139026961755008	Baron	datasets_original/baron-human.rds	maskimpute	MaskImpute	43	43	cell_type1	human	8569	1000	14	4	label_free_hvg
43	50	30	2.0	26	0.3972860641575531	0.7315489467641124	0.18352192006276205	0.35362696614674083	0.03340320289134979	0.6055543180555105	Baron	datasets_original/baron-human.rds	maskimpute	MaskImpute	43	43	cell_type1	human	8569	1000	14	4	label_free_hvg
43	100	10	0.2	15	0.6776010479185332	0.8506390205038462	0.16702481162071997	0.24465372863333182	0.032576050609350204	0.30114856408908963	Baron	datasets_original/baron-human.rds	maskimpute	MaskImpute	43	43	cell_type1	human	8569	1000	14	4	label_free_hvg
43	100	10	0.5	22	0.5320540771146338	0.787155843662157	0.20305353783441318	0.3324799025144386	0.032576050609350204	0.30006411182694137	Baron	datasets_original/baron-human.rds	maskimpute	MaskImpute	43	43	cell_type1	human	8569	1000	14	4	label_free_hvg
43	100	10	1.0	28	0.4121572264262417	0.7415787339614599	0.1908119905025956	0.3564952893320282	0.032576050609350204	0.2965721180662513	Baron	datasets_original/baron-human.rds	maskimpute	MaskImpute	43	43	cell_type1	human	8569	1000	14	4	label_free_hvg
43	100	10	1.5	35	0.31043479718297157	0.7002934478511578	0.14827945605300477	0.35538448202373674	0.032576050609350204	0.29334174981340766	Baron	datasets_original/baron-human.rds	maskimpute	MaskImpute	43	43	cell_type1	human	8569	1000	14	4	label_free_hvg
43	100	10	2.0	45	0.27277892840281187	0.6730941276470259	0.12686236058653988	0.3502699636951154	0.032576050609350204	0.29213444609194994	Baron	datasets_original/baron-human.rds	maskimpute	MaskImpute	43	43	cell_type1	human	8569	1000	14	4	label_free_hvg
43	100	15	0.2	14	0.6807945892754426	0.8488570054690018	0.16441529269669525	0.24201355996296084	0.032576050609350204	0.41333928308449686	Baron	datasets_original/baron-human.rds	maskimpute	MaskImpute	43	43	cell_type1	human	8569	1000	14	4	label_free_hvg
43	100	15	0.5	20	0.5171279729182429	0.7842858960376949	0.20974070849761126	0.3358213709972968	0.032576050609350204	0.39623386901803315	Baron	datasets_original/baron-human.rds	maskimpute	MaskImpute	43	43	cell_type1	human	8569	1000	14	4	label_free_hvg
43	100	15	1.0	25	0.4160663006216655	0.7385703037873897	0.1956051879517799	0.36325235449897575	0.032576050609350204	0.39318963303230703	Baron	datasets_original/baron-human.rds	maskimpute	MaskImpute	43	43	cell_type1	human	8569	1000	14	4	label_free_hvg
43	100	15	1.5	28	0.401706192517169	0.7347577024648532	0.18514927582149593	0.3539559246667759	0.032576050609350204	0.39041592297144234	Baron	datasets_original/baron-human.rds	maskimpute	MaskImpute	43	43	cell_type1	human	8569	1000	14	4	label_free_hvg
43	100	15	2.0	35	0.31182188075516964	0.6970630148986616	0.15289577809737254	0.3595886504545323	0.032576050609350204	0.3799849699717015	Baron	datasets_original/baron-human.rds	maskimpute	MaskImpute	43	43	cell_type1	human	8569	1000	14	4	label_free_hvg
43	100	30	0.2	12	0.664717287848899	0.828248592356202	0.1564065081842923	0.2178829807897759	0.032576050609350204	0.611185175832361	Baron	datasets_original/baron-human.rds	maskimpute	MaskImpute	43	43	cell_type1	human	8569	1000	14	4	label_free_hvg
43	100	30	0.5	18	0.5285247815069111	0.7907855245846961	0.205838189539137	0.31993212812079364	0.032576050609350204	0.6201811688952148	Baron	datasets_original/baron-human.rds	maskimpute	MaskImpute	43	43	cell_type1	human	8569	1000	14	4	label_free_hvg
43	100	30	1.0	23	0.4590879895830047	0.7594695448386114	0.1983388699886809	0.3499213708261574	0.032576050609350204	0.5914280209690332	Baron	datasets_original/baron-human.rds	maskimpute	MaskImpute	43	43	cell_type1	human	8569	1000	14	4	label_free_hvg
43	100	30	1.5	26	0.4035655744258608	0.7348529626119684	0.1876796017971259	0.35883821807847494	0.032576050609350204	0.595034034922719	Baron	datasets_original/baron-human.rds	maskimpute	MaskImpute	43	43	cell_type1	human	8569	1000	14	4	label_free_hvg
43	100	30	2.0	26	0.39664238774083865	0.7332726338368571	0.1817187449123119	0.35288127300307087	0.032576050609350204	0.5967456710059196	Baron	datasets_original/baron-human.rds	maskimpute	MaskImpute	43	43	cell_type1	human	8569	1000	14	4	label_free_hvg
44	20	10	0.2	13	0.6807801020226404	0.8427694132447473	0.14454634978209105	0.21545058010984283	0.02860925905406475	0.27724713110364974	Baron	datasets_original/baron-human.rds	maskimpute	MaskImpute	44	44	cell_type1	human	8569	1000	14	4	label_free_hvg
44	20	10	0.5	20	0.5003338692771816	0.7752840977429332	0.16565795411963263	0.27668469956844705	0.02860925905406475	0.27343533793464303	Baron	datasets_original/baron-human.rds	maskimpute	MaskImpute	44	44	cell_type1	human	8569	1000	14	4	label_free_hvg
44	20	10	1.0	30	0.3273613634440403	0.7019152517871908	0.1283667792167929	0.30726455672419367	0.02860925905406475	0.2740991311147809	Baron	datasets_original/baron-human.rds	maskimpute	MaskImpute	44	44	cell_type1	human	8569	1000	14	4	label_free_hvg
44	20	10	1.5	38	0.2673874456290142	0.6724894460853098	0.10700295268724734	0.30513408758095356	0.02860925905406475	0.270782999927178	Baron	datasets_original/baron-human.rds	maskimpute	MaskImpute	44	44	cell_type1	human	8569	1000	14	4	label_free_hvg
44	20	10	2.0	44	0.22755242062531375	0.6594380632896634	0.09095057370687144	0.30744319765847544	0.02860925905406475	0.27082314109429717	Baron	datasets_original/baron-human.rds	maskimpute	MaskImpute	44	44	cell_type1	human	8569	1000	14	4	label_free_hvg
44	20	15	0.2	11	0.6811822623327641	0.830269343786098	0.1443892723063819	0.20155899500774715	0.02860925905406475	0.3489623658824712	Baron	datasets_original/baron-human.rds	maskimpute	MaskImpute	44	44	cell_type1	human	8569	1000	14	4	label_free_hvg
44	20	15	0.5	19	0.5468577342605857	0.7926371944925928	0.19331335836695315	0.3079953994124185	0.02860925905406475	0.34663854306563735	Baron	datasets_original/baron-human.rds	maskimpute	MaskImpute	44	44	cell_type1	human	8569	1000	14	4	label_free_hvg
44	20	15	1.0	26	0.37084176736069024	0.7232392116065899	0.152698421314635	0.32176534116383376	0.02860925905406475	0.3422483070753515	Baron	datasets_original/baron-human.rds	maskimpute	MaskImpute	44	44	cell_type1	human	8569	1000	14	4	label_free_hvg
44	20	15	1.5	32	0.2744342970003057	0.6822666311821676	0.11839634476805676	0.32077950111129006	0.02860925905406475	0.34195224987342954	Baron	datasets_original/baron-human.rds	maskimpute	MaskImpute	44	44	cell_type1	human	8569	1000	14	4	label_free_hvg
44	20	15	2.0	36	0.24673571864650712	0.6701378732169154	0.10208406268164058	0.31587753276440805	0.02860925905406475	0.3435337638948113	Baron	datasets_original/baron-human.rds	maskimpute	MaskImpute	44	44	cell_type1	human	8569	1000	14	4	label_free_hvg
44	20	30	0.2	11	0.8312187042147656	0.8694983995203536	0.08384522584722831	0.12692492525371615	0.02860925905406475	0.5791860050521791	Baron	datasets_original/baron-human.rds	maskimpute	MaskImpute	44	44	cell_type1	human	8569	1000	14	4	label_free_hvg
44	20	30	0.5	16	0.5873267268539532	0.8118279388627815	0.17643202727960947	0.2569112208030515	0.02860925905406475	0.573274948168546	Baron	datasets_original/baron-human.rds	maskimpute	MaskImpute	44	44	cell_type1	human	8569	1000	14	4	label_free_hvg
44	20	30	1.0	22	0.4438521672759645	0.7542952905045807	0.15948770030006307	0.30189060140234414	0.02860925905406475	0.5867274380289018	Baron	datasets_original/baron-human.rds	maskimpute	MaskImpute	44	44	cell_type1	human	8569	1000	14	4	label_free_hvg
44	20	30	1.5	27	0.32148388568986347	0.7061395214900466	0.12529187633614874	0.30736391016090175	0.02860925905406475	0.5881161279976368	Baron	datasets_original/baron-human.rds	maskimpute	MaskImpute	44	44	cell_type1	human	8569	1000	14	4	label_free_hvg
44	20	30	2.0	31	0.27630060086648506	0.6835869740535028	0.11518818575176865	0.311533450427174	0.02860925905406475	0.5731179490685463	Baron	datasets_original/baron-human.rds	maskimpute	MaskImpute	44	44	cell_type1	human	8569	1000	14	4	label_free_hvg
44	50	10	0.2	13	0.6612274976899825	0.8305568096754845	0.15731212242739115	0.21809843563523484	0.025263572111725807	0.29682148597203195	Baron	datasets_original/baron-human.rds	maskimpute	MaskImpute	44	44	cell_type1	human	8569	1000	14	4	label_free_hvg
44	50	10	0.5	22	0.5088065728578784	0.7785072825793439	0.20349036040593033	0.33197937823441886	0.025263572111725807	0.294702738057822	Baron	datasets_original/baron-human.rds	maskimpute	MaskImpute	44	44	cell_type1	human	8569	1000	14	4	label_free_hvg
44	50	10	1.0	28	0.4399841211874299	0.7467551081944448	0.20732495508324433	0.3631836961538385	0.025263572111725807	0.2940626349300146	Baron	datasets_original/baron-human.rds	maskimpute	MaskImpute	44	44	cell_type1	human	8569	1000	14	4	label_free_hvg
44	50	10	1.5	36	0.32860881541089204	0.7005506676927072	0.1381365525602793	0.33419715066516625	0.025263572111725807	0.2931115119718015	Baron	datasets_original/baron-human.rds	maskimpute	MaskImpute	44	44	cell_type1	human	8569	1000	14	4	label_free_hvg
44	50	10	2.0	43	0.25176232237084206	0.6676856070489136	0.11230378473764085	0.3349549276561319	0.025263572111725807	0.2899440920446068	Baron	datasets_original/baron-human.rds	maskimpute	MaskImpute	44	44	cell_type1	human	8569	1000	14	4	label_free_hvg
44	50	15	0.2	13	0.6800952337475619	0.8460418894866819	0.16595959878462443	0.24578154897272456	0.025263572111725807	0.3709119139239192	Baron	datasets_original/baron-human.rds	maskimpute	MaskImpute	44	44	cell_type1	human	8569	1000	14	4	label_free_hvg
44	50	15	0.5	20	0.5451403112366044	0.7905956154255637	0.1968440826816803	0.31792359411848503	0.025263572111725807	0.36643501394428313	Baron	datasets_original/baron-human.rds	maskimpute	MaskImpute	44	44	cell_type1	human	8569	1000	14	4	label_free_hvg
44	50	15	1.0	25	0.41416826292725345	0.7422081422850648	0.19047895576810583	0.3577846049118714	0.025263572111725807	0.36438565398566425	Baron	datasets_original/baron-human.rds	maskimpute	MaskImpute	44	44	cell_type1	human	8569	1000	14	4	label_free_hvg
44	50	15	1.5	33	0.3299322157240912	0.7055340784882784	0.13947560369854867	0.34176222218654617	0.025263572111725807	0.3648567390628159	Baron	datasets_original/baron-human.rds	maskimpute	MaskImpute	44	44	cell_type1	human	8569	1000	14	4	label_free_hvg
44	50	15	2.0	38	0.30279993662035676	0.6896781440211216	0.13065698930773662	0.3362935892301133	0.025263572111725807	0.36068928404711187	Baron	datasets_original/baron-human.rds	maskimpute	MaskImpute	44	44	cell_type1	human	8569	1000	14	4	label_free_hvg
44	50	30	0.2	11	0.6686576930323763	0.8318612003184678	0.1563491892113509	0.2211677437385386	0.025263572111725807	0.5557540149893612	Baron	datasets_original/baron-human.rds	maskimpute	MaskImpute	44	44	cell_type1	human	8569	1000	14	4	label_free_hvg
44	50	30	0.5	17	0.5667266852393988	0.8054283569744151	0.1918559197286	0.2946819848320758	0.025263572111725807	0.5731922020204365	Baron	datasets_original/baron-human.rds	maskimpute	MaskImpute	44	44	cell_type1	human	8569	1000	14	4	label_free_hvg
44	50	30	1.0	22	0.4700710895805042	0.7655721575241369	0.21738570197089357	0.35449089356736735	0.025263572111725807	0.5902453910093755	Baron	datasets_original/baron-human.rds	maskimpute	MaskImpute	44	44	cell_type1	human	8569	1000	14	4	label_free_hvg
44	50	30	1.5	25	0.3953109977265448	0.7345717593553849	0.18018169384820631	0.3536779676905914	0.025263572111725807	0.5893124791327864	Baron	datasets_original/baron-human.rds	maskimpute	MaskImpute	44	44	cell_type1	human	8569	1000	14	4	label_free_hvg
44	50	30	2.0	28	0.34123578049741315	0.7106061585622846	0.1467763864126552	0.33966581283919667	0.025263572111725807	0.5845689489506185	Baron	datasets_original/baron-human.rds	maskimpute	MaskImpute	44	44	cell_type1	human	8569	1000	14	4	label_free_hvg
44	100	10	0.2	14	0.6799277183814679	0.8481519751299764	0.1480345280900673	0.21720056034410176	0.02439780719578266	0.3031454540323466	Baron	datasets_original/baron-human.rds	maskimpute	MaskImpute	44	44	cell_type1	human	8569	1000	14	4	label_free_hvg
44	100	10	0.5	22	0.5133666616080712	0.7834183046183223	0.20451325611218493	0.3311086906358906	0.02439780719578266	0.29998537711799145	Baron	datasets_original/baron-human.rds	maskimpute	MaskImpute	44	44	cell_type1	human	8569	1000	14	4	label_free_hvg
44	100	10	1.0	29	0.4413702841555269	0.7491172564614658	0.20675932245810696	0.36197944221007106	0.02439780719578266	0.3078045130241662	Baron	datasets_original/baron-human.rds	maskimpute	MaskImpute	44	44	cell_type1	human	8569	1000	14	4	label_free_hvg
44	100	10	1.5	39	0.3170584963265645	0.6952775930089656	0.13614455652272778	0.3406798666520648	0.02439780719578266	0.2979820289183408	Baron	datasets_original/baron-human.rds	maskimpute	MaskImpute	44	44	cell_type1	human	8569	1000	14	4	label_free_hvg
44	100	10	2.0	44	0.26645108546346197	0.6729431489566979	0.12440863271962514	0.34517033739765257	0.02439780719578266	0.2958262818865478	Baron	datasets_original/baron-human.rds	maskimpute	MaskImpute	44	44	cell_type1	human	8569	1000	14	4	label_free_hvg
44	100	15	0.2	13	0.6847502446083696	0.8514230376999139	0.16571935512254246	0.24721182361649724	0.02439780719578266	0.38164279609918594	Baron	datasets_original/baron-human.rds	maskimpute	MaskImpute	44	44	cell_type1	human	8569	1000	14	4	label_free_hvg
44	100	15	0.5	21	0.5361021320082964	0.7852767054905794	0.19362014437025554	0.3198236171204069	0.02439780719578266	0.37480618013069034	Baron	datasets_original/baron-human.rds	maskimpute	MaskImpute	44	44	cell_type1	human	8569	1000	14	4	label_free_hvg
44	100	15	1.0	23	0.47800803226124144	0.7634887253312336	0.20669031882665323	0.3468418498439509	0.02439780719578266	0.3716731630265713	Baron	datasets_original/baron-human.rds	maskimpute	MaskImpute	44	44	cell_type1	human	8569	1000	14	4	label_free_hvg
44	100	15	1.5	31	0.3589458569712723	0.7172923285887132	0.1592324184156567	0.3424982137220115	0.02439780719578266	0.3679642069619149	Baron	datasets_original/baron-human.rds	maskimpute	MaskImpute	44	44	cell_type1	human	8569	1000	14	4	label_free_hvg
44	100	15	2.0	36	0.30148970102401546	0.6920491097982668	0.12958957111540273	0.33803305048160753	0.02439780719578266	0.3710647819098085	Baron	datasets_original/baron-human.rds	maskimpute	MaskImpute	44	44	cell_type1	human	8569	1000	14	4	label_free_hvg
44	100	30	0.2	11	0.6676221595090835	0.830281360262642	0.15618636546138695	0.2205480326839401	0.02439780719578266	0.5945716900750995	Baron	datasets_original/baron-human.rds	maskimpute	MaskImpute	44	44	cell_type1	human	8569	1000	14	4	label_free_hvg
44	100	30	0.5	19	0.5447023895034405	0.7918640047903407	0.1977316179360946	0.3152386058800658	0.02439780719578266	0.6073394999839365	Baron	datasets_original/baron-human.rds	maskimpute	MaskImpute	44	44	cell_type1	human	8569	1000	14	4	label_free_hvg
44	100	30	1.0	21	0.5065660632185254	0.7751568576347767	0.2072967143486287	0.3383183041266382	0.02439780719578266	0.6203769640997052	Baron	datasets_original/baron-human.rds	maskimpute	MaskImpute	44	44	cell_type1	human	8569	1000	14	4	label_free_hvg
44	100	30	1.5	25	0.39240829554167417	0.7322613599287485	0.17656430429427453	0.354179710484107	0.02439780719578266	0.6210654170718044	Baron	datasets_original/baron-human.rds	maskimpute	MaskImpute	44	44	cell_type1	human	8569	1000	14	4	label_free_hvg
44	100	30	2.0	26	0.365780275025391	0.7207570535406257	0.1607292608444722	0.3473149567163369	0.02439780719578266	0.6064275631215423	Baron	datasets_original/baron-human.rds	maskimpute	MaskImpute	44	44	cell_type1	human	8569	1000	14	4	label_free_hvg
45	20	10	0.2	15	0.6636231960744045	0.8431040918619269	0.15794765333805552	0.2297255353181619	0.038035158067941666	0.2814925368875265	Baron	datasets_original/baron-human.rds	maskimpute	MaskImpute	45	45	cell_type1	human	8569	1000	14	4	label_free_hvg
45	20	10	0.5	20	0.49024712832676515	0.7782386233829591	0.18688166773037235	0.29790832032007636	0.038035158067941666	0.2812746618874371	Baron	datasets_original/baron-human.rds	maskimpute	MaskImpute	45	45	cell_type1	human	8569	1000	14	4	label_free_hvg
45	20	10	1.0	31	0.34750972830375076	0.71375641799881	0.15509209332473944	0.3260371408103849	0.038035158067941666	0.2787990290671587	Baron	datasets_original/baron-human.rds	maskimpute	MaskImpute	45	45	cell_type1	human	8569	1000	14	4	label_free_hvg
45	20	10	1.5	40	0.26360191652681986	0.6763387294633453	0.10715032003034126	0.30662797500660355	0.038035158067941666	0.27526253391988575	Baron	datasets_original/baron-human.rds	maskimpute	MaskImpute	45	45	cell_type1	human	8569	1000	14	4	label_free_hvg
45	20	10	2.0	47	0.22654798005302942	0.6554876165246748	0.09656062852197715	0.3176595958272487	0.038035158067941666	0.27708083810284734	Baron	datasets_original/baron-human.rds	maskimpute	MaskImpute	45	45	cell_type1	human	8569	1000	14	4	label_free_hvg
45	20	15	0.2	13	0.6544831651814452	0.8304460466621558	0.15065553720210376	0.20790989264161613	0.038035158067941666	0.3655085938517004	Baron	datasets_original/baron-human.rds	maskimpute	MaskImpute	45	45	cell_type1	human	8569	1000	14	4	label_free_hvg
45	20	15	0.5	20	0.479969067484504	0.7720605998642598	0.20101712965956647	0.32393914057091533	0.038035158067941666	0.3611510689370334	Baron	datasets_original/baron-human.rds	maskimpute	MaskImpute	45	45	cell_type1	human	8569	1000	14	4	label_free_hvg
45	20	15	1.0	24	0.427306810808921	0.7472229152374014	0.16994954638857804	0.3108921271885246	0.038035158067941666	0.35385979781858623	Baron	datasets_original/baron-human.rds	maskimpute	MaskImpute	45	45	cell_type1	human	8569	1000	14	4	label_free_hvg
45	20	15	1.5	35	0.29017452249107767	0.6853829965046585	0.12331605518558098	0.3099143437540686	0.038035158067941666	0.35664975899271667	Baron	datasets_original/baron-human.rds	maskimpute	MaskImpute	45	45	cell_type1	human	8569	1000	14	4	label_free_hvg
45	20	15	2.0	37	0.26394810568788385	0.6770303311613264	0.11418017644429568	0.3142172605920185	0.038035158067941666	0.3560180279891938	Baron	datasets_original/baron-human.rds	maskimpute	MaskImpute	45	45	cell_type1	human	8569	1000	14	4	label_free_hvg
45	20	30	0.2	11	0.6591319517375193	0.8284728864743083	0.1495722423678015	0.20962577728202755	0.038035158067941666	0.569301842013374	Baron	datasets_original/baron-human.rds	maskimpute	MaskImpute	45	45	cell_type1	human	8569	1000	14	4	label_free_hvg
45	20	30	0.5	18	0.5473538445915372	0.7928879730806261	0.18352796763568865	0.2867797304669708	0.038035158067941666	0.5657789870165288	Baron	datasets_original/baron-human.rds	maskimpute	MaskImpute	45	45	cell_type1	human	8569	1000	14	4	label_free_hvg
45	20	30	1.0	21	0.47290295116728315	0.7647383427740723	0.1957526605076127	0.3186386200834588	0.038035158067941666	0.5751843079924583	Baron	datasets_original/baron-human.rds	maskimpute	MaskImpute	45	45	cell_type1	human	8569	1000	14	4	label_free_hvg
45	20	30	1.5	24	0.4064886007480733	0.7368538629808253	0.16581289655470027	0.3179934654916768	0.038035158067941666	0.5853798110038042	Baron	datasets_original/baron-human.rds	maskimpute	MaskImpute	45	45	cell_type1	human	8569	1000	14	4	label_free_hvg
45	20	30	2.0	32	0.2911684928600424	0.687024554067052	0.12582837774831598	0.3095328952387343	0.038035158067941666	0.5764645750168711	Baron	datasets_original/baron-human.rds	maskimpute	MaskImpute	45	45	cell_type1	human	8569	1000	14	4	label_free_hvg
45	50	10	0.2	15	0.6712485867523825	0.8442986156089004	0.16211111455320115	0.23428311915741462	0.0357130691409111	0.3047383800148964	Baron	datasets_original/baron-human.rds	maskimpute	MaskImpute	45	45	cell_type1	human	8569	1000	14	4	label_free_hvg
45	50	10	0.5	23	0.52810666559805	0.7892613751274785	0.1971167636149686	0.3150985835374613	0.0357130691409111	0.29559584287926555	Baron	datasets_original/baron-human.rds	maskimpute	MaskImpute	45	45	cell_type1	human	8569	1000	14	4	label_free_hvg
45	50	10	1.0	31	0.40400902060431954	0.7309369850960555	0.1844975308120249	0.34670103643261024	0.0357130691409111	0.2982209969777614	Baron	datasets_original/baron-human.rds	maskimpute	MaskImpute	45	45	cell_type1	human	8569	1000	14	4	label_free_hvg
45	50	10	1.5	36	0.35278925708685327	0.7106285992974969	0.1752073392737494	0.35527365750935697	0.0357130691409111	0.29614178999327123	Baron	datasets_original/baron-human.rds	maskimpute	MaskImpute	45	45	cell_type1	human	8569	1000	14	4	label_free_hvg
45	50	10	2.0	45	0.280745383309209	0.6750484628350165	0.13375112635427086	0.3525454607446901	0.0357130691409111	0.2961395389866084	Baron	datasets_original/baron-human.rds	maskimpute	MaskImpute	45	45	cell_type1	human	8569	1000	14	4	label_free_hvg
45	50	15	0.2	14	0.6662448834988096	0.8413538599940916	0.1612330921644261	0.2335220127794383	0.0357130691409111	0.39784085005521774	Baron	datasets_original/baron-human.rds	maskimpute	MaskImpute	45	45	cell_type1	human	8569	1000	14	4	label_free_hvg
45	50	15	0.5	19	0.5336988760650601	0.7899774671941256	0.19334760756643846	0.30541125236338196	0.0357130691409111	0.38658505491912365	Baron	datasets_original/baron-human.rds	maskimpute	MaskImpute	45	45	cell_type1	human	8569	1000	14	4	label_free_hvg
45	50	15	1.0	26	0.4152233904690795	0.7426783230921318	0.19676051269222378	0.3609330851751037	0.0357130691409111	0.4011338190175593	Baron	datasets_original/baron-human.rds	maskimpute	MaskImpute	45	45	cell_type1	human	8569	1000	14	4	label_free_hvg
45	50	15	1.5	31	0.3708435551954091	0.7201717242791871	0.18353666766635712	0.35931521335469424	0.0357130691409111	0.3953437190502882	Baron	datasets_original/baron-human.rds	maskimpute	MaskImpute	45	45	cell_type1	human	8569	1000	14	4	label_free_hvg
45	50	15	2.0	39	0.29917237448390055	0.6899728086483032	0.142963668050998	0.3558580801336932	0.0357130691409111	0.38488402613438666	Baron	datasets_original/baron-human.rds	maskimpute	MaskImpute	45	45	cell_type1	human	8569	1000	14	4	label_free_hvg
45	50	30	0.2	11	0.6568236449671907	0.8248413939319086	0.14893198650801007	0.20828181594171177	0.0357130691409111	0.6423551249317825	Baron	datasets_original/baron-human.rds	maskimpute	MaskImpute	45	45	cell_type1	human	8569	1000	14	4	label_free_hvg
45	50	30	0.5	17	0.5612249676753391	0.8028731922770442	0.1853942294162758	0.28796745953572755	0.0357130691409111	0.6259009570349008	Baron	datasets_original/baron-human.rds	maskimpute	MaskImpute	45	45	cell_type1	human	8569	1000	14	4	label_free_hvg
45	50	30	1.0	22	0.4558920050068373	0.7570781751660725	0.20455721532804674	0.34393743134308485	0.0357130691409111	0.6235578618943691	Baron	datasets_original/baron-human.rds	maskimpute	MaskImpute	45	45	cell_type1	human	8569	1000	14	4	label_free_hvg
45	50	30	1.5	25	0.4041643213277931	0.7358840061163511	0.18893714144306842	0.35330372479377037	0.0357130691409111	0.6085579919163138	Baron	datasets_original/baron-human.rds	maskimpute	MaskImpute	45	45	cell_type1	human	8569	1000	14	4	label_free_hvg
45	50	30	2.0	28	0.37542887948590015	0.7194867934283731	0.1887276850490039	0.3551194638506818	0.0357130691409111	0.603048729011789	Baron	datasets_original/baron-human.rds	maskimpute	MaskImpute	45	45	cell_type1	human	8569	1000	14	4	label_free_hvg
45	100	10	0.2	15	0.6693119305279047	0.8415249079812146	0.1635189799921224	0.23684966016825365	0.034675512462854385	0.31256546010263264	Baron	datasets_original/baron-human.rds	maskimpute	MaskImpute	45	45	cell_type1	human	8569	1000	14	4	label_free_hvg
45	100	10	0.5	25	0.5098568523196927	0.7790579231848844	0.1951371866085478	0.3266664767429321	0.034675512462854385	0.3038662299513817	Baron	datasets_original/baron-human.rds	maskimpute	MaskImpute	45	45	cell_type1	human	8569	1000	14	4	label_free_hvg
45	100	10	1.0	31	0.40200111944732914	0.7345101454214248	0.19326979599060784	0.3584618993475237	0.034675512462854385	0.30010134098120034	Baron	datasets_original/baron-human.rds	maskimpute	MaskImpute	45	45	cell_type1	human	8569	1000	14	4	label_free_hvg
45	100	10	1.5	38	0.33349988331669594	0.703036061991874	0.16369624175850137	0.35434120896582644	0.034675512462854385	0.30929890694096684	Baron	datasets_original/baron-human.rds	maskimpute	MaskImpute	45	45	cell_type1	human	8569	1000	14	4	label_free_hvg
45	100	10	2.0	45	0.2789382864648827	0.6771072411300155	0.13073026482333644	0.340718565083102	0.034675512462854385	0.3021190280560404	Baron	datasets_original/baron-human.rds	maskimpute	MaskImpute	45	45	cell_type1	human	8569	1000	14	4	label_free_hvg
45	100	15	0.2	14	0.6701459468443918	0.842086326932879	0.15976269233670204	0.23330170564692518	0.034675512462854385	0.4012659180443734	Baron	datasets_original/baron-human.rds	maskimpute	MaskImpute	45	45	cell_type1	human	8569	1000	14	4	label_free_hvg
45	100	15	0.5	19	0.5356392864987833	0.7909925491890328	0.19493234874048238	0.30673671773676797	0.034675512462854385	0.3949550809338689	Baron	datasets_original/baron-human.rds	maskimpute	MaskImpute	45	45	cell_type1	human	8569	1000	14	4	label_free_hvg
45	100	15	1.0	26	0.4249398276821932	0.7447184190660665	0.1922601701369616	0.351860404279035	0.034675512462854385	0.39380275015719235	Baron	datasets_original/baron-human.rds	maskimpute	MaskImpute	45	45	cell_type1	human	8569	1000	14	4	label_free_hvg
45	100	15	1.5	32	0.3781419859594588	0.7204456670182757	0.19045267392604415	0.3648430018600789	0.034675512462854385	0.3937036460265517	Baron	datasets_original/baron-human.rds	maskimpute	MaskImpute	45	45	cell_type1	human	8569	1000	14	4	label_free_hvg
45	100	15	2.0	38	0.3047472188259796	0.6929555760689043	0.1433226552664104	0.35025949518780297	0.034675512462854385	0.3887353220488876	Baron	datasets_original/baron-human.rds	maskimpute	MaskImpute	45	45	cell_type1	human	8569	1000	14	4	label_free_hvg
45	100	30	0.2	10	0.8045794734422671	0.8657578663693473	0.09601509548226775	0.13872610740924393	0.034675512462854385	0.5816768959630281	Baron	datasets_original/baron-human.rds	maskimpute	MaskImpute	45	45	cell_type1	human	8569	1000	14	4	label_free_hvg
45	100	30	0.5	18	0.5477998925419687	0.7945105656113979	0.1856829880415258	0.2926243932986933	0.034675512462854385	0.588805302977562	Baron	datasets_original/baron-human.rds	maskimpute	MaskImpute	45	45	cell_type1	human	8569	1000	14	4	label_free_hvg
45	100	30	1.0	22	0.46075316192331184	0.7597843733426245	0.20595165059921353	0.3434138992435583	0.034675512462854385	0.5816539730876684	Baron	datasets_original/baron-human.rds	maskimpute	MaskImpute	45	45	cell_type1	human	8569	1000	14	4	label_free_hvg
45	100	30	1.5	26	0.4083241727659066	0.7360585503375299	0.19362450508953863	0.3612399814704	0.034675512462854385	0.5845875369850546	Baron	datasets_original/baron-human.rds	maskimpute	MaskImpute	45	45	cell_type1	human	8569	1000	14	4	label_free_hvg
45	100	30	2.0	28	0.38543648555253107	0.7223055146749997	0.19497448769193956	0.3592813421038913	0.034675512462854385	0.6150054309982806	Baron	datasets_original/baron-human.rds	maskimpute	MaskImpute	45	45	cell_type1	human	8569	1000	14	4	label_free_hvg
46	20	10	0.2	14	0.672478892343276	0.8440759080390645	0.16157795742065534	0.23276974523110022	0.02563515305519104	0.28444266808219254	Baron	datasets_original/baron-human.rds	maskimpute	MaskImpute	46	46	cell_type1	human	8569	1000	14	4	label_free_hvg
46	20	10	0.5	21	0.45732517846966353	0.762818334676299	0.1678518089964898	0.3040367212680879	0.02563515305519104	0.27900359802879393	Baron	datasets_original/baron-human.rds	maskimpute	MaskImpute	46	46	cell_type1	human	8569	1000	14	4	label_free_hvg
46	20	10	1.0	28	0.3709840870362229	0.7219422793454797	0.15446499868019797	0.3259812755801265	0.02563515305519104	0.2795014181174338	Baron	datasets_original/baron-human.rds	maskimpute	MaskImpute	46	46	cell_type1	human	8569	1000	14	4	label_free_hvg
46	20	10	1.5	36	0.29057158200285865	0.6835573822781005	0.1238832594808525	0.3200543513956264	0.02563515305519104	0.2748533529229462	Baron	datasets_original/baron-human.rds	maskimpute	MaskImpute	46	46	cell_type1	human	8569	1000	14	4	label_free_hvg
46	20	10	2.0	46	0.2354240900456193	0.6583658420595042	0.10029076958742332	0.32064864448373315	0.02563515305519104	0.27853674395009875	Baron	datasets_original/baron-human.rds	maskimpute	MaskImpute	46	46	cell_type1	human	8569	1000	14	4	label_free_hvg
46	20	15	0.2	14	0.6774035432212081	0.847237467561568	0.14797451840426243	0.21733340304106716	0.02563515305519104	0.3573062370996922	Baron	datasets_original/baron-human.rds	maskimpute	MaskImpute	46	46	cell_type1	human	8569	1000	14	4	label_free_hvg
46	20	15	0.5	20	0.5369853707040756	0.7808727394880498	0.17243786979584677	0.2878546158271877	0.02563515305519104	0.3600365831516683	Baron	datasets_original/baron-human.rds	maskimpute	MaskImpute	46	46	cell_type1	human	8569	1000	14	4	label_free_hvg
46	20	15	1.0	26	0.37571021254355286	0.7228242720457564	0.14746911205103974	0.3108881280017156	0.02563515305519104	0.35671715601347387	Baron	datasets_original/baron-human.rds	maskimpute	MaskImpute	46	46	cell_type1	human	8569	1000	14	4	label_free_hvg
46	20	15	1.5	30	0.33838512228751677	0.7063333708612529	0.1435367350707969	0.32071662192656003	0.02563515305519104	0.35781845008023083	Baron	datasets_original/baron-human.rds	maskimpute	MaskImpute	46	46	cell_type1	human	8569	1000	14	4	label_free_hvg
46	20	15	2.0	37	0.2746724537000083	0.6754597071738525	0.11584184151433023	0.317545225951088	0.02563515305519104	0.35619463701732457	Baron	datasets_original/baron-human.rds	maskimpute	MaskImpute	46	46	cell_type1	human	8569	1000	14	4	label_free_hvg
46	20	30	0.2	12	0.7332351757753083	0.838975375390775	0.12449414657303365	0.1865397933364892	0.02563515305519104	0.5872287608217448	Baron	datasets_original/baron-human.rds	maskimpute	MaskImpute	46	46	cell_type1	human	8569	1000	14	4	label_free_hvg
46	20	30	0.5	17	0.5724082925957816	0.8013115561322728	0.18504005851355493	0.286118561838192	0.02563515305519104	0.5711190591100603	Baron	datasets_original/baron-human.rds	maskimpute	MaskImpute	46	46	cell_type1	human	8569	1000	14	4	label_free_hvg
46	20	30	1.0	23	0.4197208472367545	0.7416426362852981	0.17373254946180322	0.3223027547077578	0.02563515305519104	0.5734695151913911	Baron	datasets_original/baron-human.rds	maskimpute	MaskImpute	46	46	cell_type1	human	8569	1000	14	4	label_free_hvg
46	20	30	1.5	27	0.34695561417128623	0.7136652867442121	0.13901216267850205	0.3185856508544979	0.02563515305519104	0.5586907770484686	Baron	datasets_original/baron-human.rds	maskimpute	MaskImpute	46	46	cell_type1	human	8569	1000	14	4	label_free_hvg
46	20	30	2.0	30	0.32832171088730366	0.7011978606336049	0.1395586422914559	0.32018754560577095	0.02563515305519104	0.5568699461873621	Baron	datasets_original/baron-human.rds	maskimpute	MaskImpute	46	46	cell_type1	human	8569	1000	14	4	label_free_hvg
46	50	10	0.2	15	0.6760481866005644	0.8480308074552284	0.16361903291098395	0.24013048493118858	0.023381685838103294	0.2989531331695616	Baron	datasets_original/baron-human.rds	maskimpute	MaskImpute	46	46	cell_type1	human	8569	1000	14	4	label_free_hvg
46	50	10	0.5	20	0.5394845775911811	0.7913536429239868	0.19678440220067334	0.31413694181589824	0.023381685838103294	0.29683553404174745	Baron	datasets_original/baron-human.rds	maskimpute	MaskImpute	46	46	cell_type1	human	8569	1000	14	4	label_free_hvg
46	50	10	1.0	29	0.377432021573456	0.7262932017270868	0.16599561067486857	0.3419475397784006	0.023381685838103294	0.29370115185156465	Baron	datasets_original/baron-human.rds	maskimpute	MaskImpute	46	46	cell_type1	human	8569	1000	14	4	label_free_hvg
46	50	10	1.5	37	0.3113638841051251	0.6957453360993205	0.14173821714498466	0.34776109736854527	0.023381685838103294	0.29481735499575734	Baron	datasets_original/baron-human.rds	maskimpute	MaskImpute	46	46	cell_type1	human	8569	1000	14	4	label_free_hvg
46	50	10	2.0	43	0.2869264707247179	0.6808042499005265	0.1324791127267943	0.3539269035396112	0.023381685838103294	0.2937841529492289	Baron	datasets_original/baron-human.rds	maskimpute	MaskImpute	46	46	cell_type1	human	8569	1000	14	4	label_free_hvg
46	50	15	0.2	14	0.680614856379744	0.8520606483605511	0.16187098687219192	0.23633647814086753	0.023381685838103294	0.3754999248776585	Baron	datasets_original/baron-human.rds	maskimpute	MaskImpute	46	46	cell_type1	human	8569	1000	14	4	label_free_hvg
46	50	15	0.5	18	0.5521862251383557	0.7983300354371019	0.19238349949722752	0.3024970270324248	0.023381685838103294	0.3694227649830282	Baron	datasets_original/baron-human.rds	maskimpute	MaskImpute	46	46	cell_type1	human	8569	1000	14	4	label_free_hvg
46	50	15	1.0	26	0.4011475459442753	0.7357258566796385	0.16320807559597886	0.33371394213048855	0.023381685838103294	0.3677918871399015	Baron	datasets_original/baron-human.rds	maskimpute	MaskImpute	46	46	cell_type1	human	8569	1000	14	4	label_free_hvg
46	50	15	1.5	29	0.36488496339331467	0.7186711817173193	0.1681845246203626	0.3448221786993042	0.023381685838103294	0.36740550701506436	Baron	datasets_original/baron-human.rds	maskimpute	MaskImpute	46	46	cell_type1	human	8569	1000	14	4	label_free_hvg
46	50	15	2.0	38	0.3003377611264635	0.6884536497542404	0.13714988255792854	0.346897108762898	0.023381685838103294	0.3660277419257909	Baron	datasets_original/baron-human.rds	maskimpute	MaskImpute	46	46	cell_type1	human	8569	1000	14	4	label_free_hvg
46	50	30	0.2	12	0.8189082271645144	0.8810871233555196	0.10434240856535007	0.1690941257960223	0.023381685838103294	0.6046505649574101	Baron	datasets_original/baron-human.rds	maskimpute	MaskImpute	46	46	cell_type1	human	8569	1000	14	4	label_free_hvg
46	50	30	0.5	17	0.5523693839171175	0.797786258150638	0.19207302146985378	0.2975601194411159	0.023381685838103294	0.6086796689778566	Baron	datasets_original/baron-human.rds	maskimpute	MaskImpute	46	46	cell_type1	human	8569	1000	14	4	label_free_hvg
46	50	30	1.0	23	0.41781694412191905	0.7438513685850408	0.169899654052762	0.3288926436455841	0.023381685838103294	0.6123323389329016	Baron	datasets_original/baron-human.rds	maskimpute	MaskImpute	46	46	cell_type1	human	8569	1000	14	4	label_free_hvg
46	50	30	1.5	26	0.38634436345734713	0.7281754373100728	0.16951312915814135	0.33904985438381524	0.023381685838103294	0.6248787869699299	Baron	datasets_original/baron-human.rds	maskimpute	MaskImpute	46	46	cell_type1	human	8569	1000	14	4	label_free_hvg
46	50	30	2.0	29	0.3408403657559517	0.7072615670178607	0.15806914121514357	0.3417580041412903	0.023381685838103294	0.604646302992478	Baron	datasets_original/baron-human.rds	maskimpute	MaskImpute	46	46	cell_type1	human	8569	1000	14	4	label_free_hvg
46	100	10	0.2	14	0.6821907396779129	0.85404997373408	0.16141150421574793	0.2359546562225884	0.022577587515115738	0.3041564649902284	Baron	datasets_original/baron-human.rds	maskimpute	MaskImpute	46	46	cell_type1	human	8569	1000	14	4	label_free_hvg
46	100	10	0.5	20	0.5413176292180824	0.7955546790453802	0.1956761986353266	0.3070548645747368	0.022577587515115738	0.30118629918433726	Baron	datasets_original/baron-human.rds	maskimpute	MaskImpute	46	46	cell_type1	human	8569	1000	14	4	label_free_hvg
46	100	10	1.0	31	0.372082392406872	0.7248558752352288	0.16702627331342276	0.34665898273340523	0.022577587515115738	0.29857492982409894	Baron	datasets_original/baron-human.rds	maskimpute	MaskImpute	46	46	cell_type1	human	8569	1000	14	4	label_free_hvg
46	100	10	1.5	39	0.33293276242824266	0.7007416985968298	0.15139693273370947	0.3448107447668111	0.022577587515115738	0.29696763097308576	Baron	datasets_original/baron-human.rds	maskimpute	MaskImpute	46	46	cell_type1	human	8569	1000	14	4	label_free_hvg
46	100	10	2.0	43	0.2964864223821205	0.6823933180964068	0.13783464682194857	0.35348140795121774	0.022577587515115738	0.29333617305383086	Baron	datasets_original/baron-human.rds	maskimpute	MaskImpute	46	46	cell_type1	human	8569	1000	14	4	label_free_hvg
46	100	15	0.2	14	0.6802798985050632	0.851519681641428	0.16249917663418484	0.23573777377934316	0.022577587515115738	0.3887367828283459	Baron	datasets_original/baron-human.rds	maskimpute	MaskImpute	46	46	cell_type1	human	8569	1000	14	4	label_free_hvg
46	100	15	0.5	18	0.5570473924084277	0.799485070004927	0.1940462976680538	0.3053038578610379	0.022577587515115738	0.3774162670597434	Baron	datasets_original/baron-human.rds	maskimpute	MaskImpute	46	46	cell_type1	human	8569	1000	14	4	label_free_hvg
46	100	15	1.0	25	0.4078998761653267	0.7403586353688215	0.16361179178468022	0.3338174056853874	0.022577587515115738	0.41722278390079737	Baron	datasets_original/baron-human.rds	maskimpute	MaskImpute	46	46	cell_type1	human	8569	1000	14	4	label_free_hvg
46	100	15	1.5	32	0.3532677613936237	0.7104480596620667	0.16783977388003926	0.3540367879530802	0.022577587515115738	0.3941098649520427	Baron	datasets_original/baron-human.rds	maskimpute	MaskImpute	46	46	cell_type1	human	8569	1000	14	4	label_free_hvg
46	100	15	2.0	38	0.30012225047083085	0.6893562101573978	0.13338758581795215	0.34369306029317653	0.022577587515115738	0.3692342839203775	Baron	datasets_original/baron-human.rds	maskimpute	MaskImpute	46	46	cell_type1	human	8569	1000	14	4	label_free_hvg
46	100	30	0.2	13	0.6746356361270733	0.8394878087736045	0.16287505703574534	0.24016676739206383	0.022577587515115738	0.6235451221000403	Baron	datasets_original/baron-human.rds	maskimpute	MaskImpute	46	46	cell_type1	human	8569	1000	14	4	label_free_hvg
46	100	30	0.5	17	0.5591160854414428	0.8023987039797753	0.19195878521351	0.2986352025282641	0.022577587515115738	0.6383641920983791	Baron	datasets_original/baron-human.rds	maskimpute	MaskImpute	46	46	cell_type1	human	8569	1000	14	4	label_free_hvg
46	100	30	1.0	22	0.4426319297332215	0.7526934681525638	0.1864231960593857	0.33310732222815964	0.022577587515115738	0.6320400009863079	Baron	datasets_original/baron-human.rds	maskimpute	MaskImpute	46	46	cell_type1	human	8569	1000	14	4	label_free_hvg
46	100	30	1.5	26	0.3886403433066713	0.7281839753653064	0.170458187550116	0.3391392311156905	0.022577587515115738	0.6338693909347057	Baron	datasets_original/baron-human.rds	maskimpute	MaskImpute	46	46	cell_type1	human	8569	1000	14	4	label_free_hvg
46	100	30	2.0	28	0.35891924935275765	0.7164811371704412	0.15320138508372902	0.3360011634397914	0.022577587515115738	0.6299775450024754	Baron	datasets_original/baron-human.rds	maskimpute	MaskImpute	46	46	cell_type1	human	8569	1000	14	4	label_free_hvg
42	20	10	0.2	16	0.6556822032398912	0.6905905379025773	0.031148072845219532	0.23050623485020016	-0.27983278036117554	0.0928325520362705	Zeisel	datasets_original/zeisel.rds	baseline	Observed	42	42	cell_type1	cell_id_prefix	3005	1000	9	76	label_free_hvg
42	20	10	0.5	24	0.42285695461331657	0.6424337222453259	0.035551139146063455	0.25638042840455827	-0.27983278036117554	0.08678084495477378	Zeisel	datasets_original/zeisel.rds	baseline	Observed	42	42	cell_type1	cell_id_prefix	3005	1000	9	76	label_free_hvg
42	20	10	1.0	32	0.27151833082137405	0.6002493180094335	0.0433136911620947	0.28057748967952306	-0.27983278036117554	0.09138526301831007	Zeisel	datasets_original/zeisel.rds	baseline	Observed	42	42	cell_type1	cell_id_prefix	3005	1000	9	76	label_free_hvg
42	20	10	1.5	37	0.2484531609138649	0.5961148953662284	0.04275713143171627	0.2892263494807925	-0.27983278036117554	0.08961471496149898	Zeisel	datasets_original/zeisel.rds	baseline	Observed	42	42	cell_type1	cell_id_prefix	3005	1000	9	76	label_free_hvg
42	20	10	2.0	42	0.2183581185915601	0.5806824861753982	0.045498575245105095	0.3052870560311091	-0.27983278036117554	0.08981249504722655	Zeisel	datasets_original/zeisel.rds	baseline	Observed	42	42	cell_type1	cell_id_prefix	3005	1000	9	76	label_free_hvg
42	20	15	0.2	15	0.660842251505862	0.6922591334781274	0.031051447540697726	0.22970008339587678	-0.27983278036117554	0.10526135796681046	Zeisel	datasets_original/zeisel.rds	baseline	Observed	42	42	cell_type1	cell_id_prefix	3005	1000	9	76	label_free_hvg
42	20	15	0.5	23	0.4337361276895117	0.646933823932423	0.03417565738685602	0.2489927322289738	-0.27983278036117554	0.10644048196263611	Zeisel	datasets_original/zeisel.rds	baseline	Observed	42	42	cell_type1	cell_id_prefix	3005	1000	9	76	label_free_hvg
42	20	15	1.0	30	0.29412574328622837	0.6090118018097406	0.04153159376967503	0.27393159126017963	-0.27983278036117554	0.10472965892404318	Zeisel	datasets_original/zeisel.rds	baseline	Observed	42	42	cell_type1	cell_id_prefix	3005	1000	9	76	label_free_hvg
42	20	15	1.5	34	0.24635228725800645	0.5952900373121623	0.04606229896446005	0.2896323115939446	-0.27983278036117554	0.10998463700525463	Zeisel	datasets_original/zeisel.rds	baseline	Observed	42	42	cell_type1	cell_id_prefix	3005	1000	9	76	label_free_hvg
42	20	15	2.0	35	0.23942819398298432	0.5911589384082502	0.04395672491546063	0.2876754306230643	-0.27983278036117554	0.1031228150241077	Zeisel	datasets_original/zeisel.rds	baseline	Observed	42	42	cell_type1	cell_id_prefix	3005	1000	9	76	label_free_hvg
42	20	30	0.2	11	0.697484466383383	0.7013251085929497	0.030683638721592695	0.21710878236499606	-0.27983278036117554	0.16853837599046528	Zeisel	datasets_original/zeisel.rds	baseline	Observed	42	42	cell_type1	cell_id_prefix	3005	1000	9	76	label_free_hvg
42	20	30	0.5	17	0.6141741071418548	0.6858733419085804	0.03269904656641679	0.2363348695463418	-0.27983278036117554	0.18436767207458615	Zeisel	datasets_original/zeisel.rds	baseline	Observed	42	42	cell_type1	cell_id_prefix	3005	1000	9	76	label_free_hvg
42	20	30	1.0	22	0.4168795243512685	0.6512940123122447	0.036694719188227906	0.25149662541955226	-0.27983278036117554	0.16863227495923638	Zeisel	datasets_original/zeisel.rds	baseline	Observed	42	42	cell_type1	cell_id_prefix	3005	1000	9	76	label_free_hvg
42	20	30	1.5	27	0.30614493255112335	0.6180930891108701	0.04086579524421943	0.2686369043532946	-0.27983278036117554	0.16935200500302017	Zeisel	datasets_original/zeisel.rds	baseline	Observed	42	42	cell_type1	cell_id_prefix	3005	1000	9	76	label_free_hvg
42	20	30	2.0	29	0.2724145850481558	0.6063927742969323	0.04271703132210973	0.27461902865813764	-0.27983278036117554	0.17086632712744176	Zeisel	datasets_original/zeisel.rds	baseline	Observed	42	42	cell_type1	cell_id_prefix	3005	1000	9	76	label_free_hvg
42	50	10	0.2	16	0.6595887594931032	0.681506881367517	0.030765541840526715	0.230837884479714	-0.23879598081111908	0.09169080387800932	Zeisel	datasets_original/zeisel.rds	baseline	Observed	42	42	cell_type1	cell_id_prefix	3005	1000	9	76	label_free_hvg
42	50	10	0.5	24	0.3930904797574699	0.6169567067608126	0.03468711660128808	0.2550452179480587	-0.23879598081111908	0.08746493002399802	Zeisel	datasets_original/zeisel.rds	baseline	Observed	42	42	cell_type1	cell_id_prefix	3005	1000	9	76	label_free_hvg
42	50	10	1.0	28	0.30908647519278426	0.5976743146998197	0.04225350317059589	0.27515245044836206	-0.23879598081111908	0.08698113611899316	Zeisel	datasets_original/zeisel.rds	baseline	Observed	42	42	cell_type1	cell_id_prefix	3005	1000	9	76	label_free_hvg
42	50	10	1.5	36	0.2184969317199525	0.5710377755189155	0.044468878306382034	0.29118758562351366	-0.23879598081111908	0.08607927220873535	Zeisel	datasets_original/zeisel.rds	baseline	Observed	42	42	cell_type1	cell_id_prefix	3005	1000	9	76	label_free_hvg
42	50	10	2.0	42	0.1979559820120212	0.5643062016919924	0.045809633392868906	0.3029355672589046	-0.23879598081111908	0.0867231769952923	Zeisel	datasets_original/zeisel.rds	baseline	Observed	42	42	cell_type1	cell_id_prefix	3005	1000	9	76	label_free_hvg
42	50	15	0.2	12	0.6620139288581428	0.6822336514829033	0.029740251658736148	0.21634028523785082	-0.23879598081111908	0.10875156102702022	Zeisel	datasets_original/zeisel.rds	baseline	Observed	42	42	cell_type1	cell_id_prefix	3005	1000	9	76	label_free_hvg
42	50	15	0.5	22	0.4271175330149263	0.6311211632338134	0.033908343991656015	0.24910445508217793	-0.23879598081111908	0.10789191303774714	Zeisel	datasets_original/zeisel.rds	baseline	Observed	42	42	cell_type1	cell_id_prefix	3005	1000	9	76	label_free_hvg
42	50	15	1.0	28	0.28066289868699024	0.5961802031115649	0.04419232535238779	0.2795304950714977	-0.23879598081111908	0.10874007898382843	Zeisel	datasets_original/zeisel.rds	baseline	Observed	42	42	cell_type1	cell_id_prefix	3005	1000	9	76	label_free_hvg
42	50	15	1.5	31	0.26356300005698113	0.5943315814463797	0.043005769524139224	0.28082089824098594	-0.23879598081111908	0.10848128888756037	Zeisel	datasets_original/zeisel.rds	baseline	Observed	42	42	cell_type1	cell_id_prefix	3005	1000	9	76	label_free_hvg
42	50	15	2.0	37	0.2059588684850419	0.574153970652633	0.04421494306389702	0.2925732948854656	-0.23879598081111908	0.10755457798950374	Zeisel	datasets_original/zeisel.rds	baseline	Observed	42	42	cell_type1	cell_id_prefix	3005	1000	9	76	label_free_hvg
42	50	30	0.2	10	0.7522430775251315	0.7309244858684282	0.030619236523636312	0.21718041268577223	-0.23879598081111908	0.18373884889297187	Zeisel	datasets_original/zeisel.rds	baseline	Observed	42	42	cell_type1	cell_id_prefix	3005	1000	9	76	label_free_hvg
42	50	30	0.5	20	0.45582050150031544	0.6428536942239308	0.03340795192148631	0.2442130478328041	-0.23879598081111908	0.18249500705860555	Zeisel	datasets_original/zeisel.rds	baseline	Observed	42	42	cell_type1	cell_id_prefix	3005	1000	9	76	label_free_hvg
42	50	30	1.0	21	0.38001308011757035	0.6304975649835882	0.03583422888461116	0.24881885178820826	-0.23879598081111908	0.17833024682477117	Zeisel	datasets_original/zeisel.rds	baseline	Observed	42	42	cell_type1	cell_id_prefix	3005	1000	9	76	label_free_hvg
42	50	30	1.5	25	0.2847844496138511	0.6044550618750936	0.04256656711009109	0.26792428568039706	-0.23879598081111908	0.1743970699608326	Zeisel	datasets_original/zeisel.rds	baseline	Observed	42	42	cell_type1	cell_id_prefix	3005	1000	9	76	label_free_hvg
42	50	30	2.0	30	0.26242810221147694	0.5977950107782363	0.04310813384261221	0.27798421667164624	-0.23879598081111908	0.17221993510611355	Zeisel	datasets_original/zeisel.rds	baseline	Observed	42	42	cell_type1	cell_id_prefix	3005	1000	9	76	label_free_hvg
42	100	10	0.2	15	0.6801351677671599	0.6742941177410058	0.030059535573722925	0.2278349541874767	-0.2231673002243042	0.09739079815335572	Zeisel	datasets_original/zeisel.rds	baseline	Observed	42	42	cell_type1	cell_id_prefix	3005	1000	9	76	label_free_hvg
42	100	10	0.5	23	0.4419156482982776	0.6346005406315502	0.03327089511615507	0.2510953850695857	-0.2231673002243042	0.09712341404519975	Zeisel	datasets_original/zeisel.rds	baseline	Observed	42	42	cell_type1	cell_id_prefix	3005	1000	9	76	label_free_hvg
42	100	10	1.0	28	0.3240672791738082	0.5947826921010452	0.04144193601299233	0.27370317326916915	-0.2231673002243042	0.09591680602170527	Zeisel	datasets_original/zeisel.rds	baseline	Observed	42	42	cell_type1	cell_id_prefix	3005	1000	9	76	label_free_hvg
42	100	10	1.5	32	0.25613151743101775	0.581702158906997	0.042691653939214064	0.2791429485250999	-0.2231673002243042	0.09404190699569881	Zeisel	datasets_original/zeisel.rds	baseline	Observed	42	42	cell_type1	cell_id_prefix	3005	1000	9	76	label_free_hvg
42	100	10	2.0	39	0.19920441651768248	0.5580530364252556	0.047740429145106435	0.29941617921948055	-0.2231673002243042	0.09436782100237906	Zeisel	datasets_original/zeisel.rds	baseline	Observed	42	42	cell_type1	cell_id_prefix	3005	1000	9	76	label_free_hvg
42	100	15	0.2	14	0.6882313054510901	0.685864375466068	0.031106580598819045	0.22758381323932214	-0.2231673002243042	0.11883564782328904	Zeisel	datasets_original/zeisel.rds	baseline	Observed	42	42	cell_type1	cell_id_prefix	3005	1000	9	76	label_free_hvg
42	100	15	0.5	22	0.4657976986492978	0.6441126986418183	0.03372720704526985	0.2492450235606082	-0.2231673002243042	0.11764276097528636	Zeisel	datasets_original/zeisel.rds	baseline	Observed	42	42	cell_type1	cell_id_prefix	3005	1000	9	76	label_free_hvg
42	100	15	1.0	26	0.37782077836022004	0.6176843230056025	0.03519519706358147	0.25669154121914967	-0.2231673002243042	0.1153892339207232	Zeisel	datasets_original/zeisel.rds	baseline	Observed	42	42	cell_type1	cell_id_prefix	3005	1000	9	76	label_free_hvg
42	100	15	1.5	29	0.2615364483371856	0.5875207649481619	0.03985983814461842	0.2703416386762057	-0.2231673002243042	0.11510865087620914	Zeisel	datasets_original/zeisel.rds	baseline	Observed	42	42	cell_type1	cell_id_prefix	3005	1000	9	76	label_free_hvg
42	100	15	2.0	31	0.2578767651830223	0.5840115760696435	0.040577719033628806	0.27547897242822195	-0.2231673002243042	0.11434271489270031	Zeisel	datasets_original/zeisel.rds	baseline	Observed	42	42	cell_type1	cell_id_prefix	3005	1000	9	76	label_free_hvg
42	100	30	0.2	9	0.7557652270004254	0.7366798457890048	0.030733314976778826	0.21465095151413516	-0.2231673002243042	0.19375789002515376	Zeisel	datasets_original/zeisel.rds	baseline	Observed	42	42	cell_type1	cell_id_prefix	3005	1000	9	76	label_free_hvg
42	100	30	0.5	16	0.6405179205091492	0.6790126709182916	0.03235637857643091	0.23539154044648905	-0.2231673002243042	0.19722170010209084	Zeisel	datasets_original/zeisel.rds	baseline	Observed	42	42	cell_type1	cell_id_prefix	3005	1000	9	76	label_free_hvg
42	100	30	1.0	20	0.4504783582012192	0.6467296598845483	0.03456594450293482	0.24528996603152686	-0.2231673002243042	0.19762802706100047	Zeisel	datasets_original/zeisel.rds	baseline	Observed	42	42	cell_type1	cell_id_prefix	3005	1000	9	76	label_free_hvg
42	100	30	1.5	22	0.3817314253003733	0.6222850562703977	0.03552848105988163	0.2479229088092714	-0.2231673002243042	0.20192130585201085	Zeisel	datasets_original/zeisel.rds	baseline	Observed	42	42	cell_type1	cell_id_prefix	3005	1000	9	76	label_free_hvg
42	100	30	2.0	27	0.2711972004092455	0.5916129511370583	0.0398394169735069	0.2662107396003904	-0.2231673002243042	0.2001076431479305	Zeisel	datasets_original/zeisel.rds	baseline	Observed	42	42	cell_type1	cell_id_prefix	3005	1000	9	76	label_free_hvg
43	20	10	0.2	15	0.6598945651030969	0.6939986453922065	0.031699755675663535	0.23191865183928098	-0.2798159122467041	0.08730315091088414	Zeisel	datasets_original/zeisel.rds	baseline	Observed	42	43	cell_type1	cell_id_prefix	3005	1000	9	76	label_free_hvg
43	20	10	0.5	24	0.45253929001134163	0.6504146297225984	0.03467762282338927	0.25536398569349833	-0.2798159122467041	0.08569537592120469	Zeisel	datasets_original/zeisel.rds	baseline	Observed	42	43	cell_type1	cell_id_prefix	3005	1000	9	76	label_free_hvg
43	20	10	1.0	32	0.2920470454588191	0.6036826502476381	0.04366653258933455	0.28179498000838427	-0.2798159122467041	0.0844702438917011	Zeisel	datasets_original/zeisel.rds	baseline	Observed	42	43	cell_type1	cell_id_prefix	3005	1000	9	76	label_free_hvg
43	20	10	1.5	37	0.24191155829215938	0.5945622767199953	0.04559724660372614	0.29363769053422556	-0.2798159122467041	0.0850540220271796	Zeisel	datasets_original/zeisel.rds	baseline	Observed	42	43	cell_type1	cell_id_prefix	3005	1000	9	76	label_free_hvg
43	20	10	2.0	42	0.21059371158110965	0.5784941574768729	0.04399387734546298	0.2980419741885433	-0.2798159122467041	0.08398372493684292	Zeisel	datasets_original/zeisel.rds	baseline	Observed	42	43	cell_type1	cell_id_prefix	3005	1000	9	76	label_free_hvg
43	20	15	0.2	15	0.658458216151181	0.6895738253642649	0.030939226476328713	0.23033832813943092	-0.2798159122467041	0.10581641597673297	Zeisel	datasets_original/zeisel.rds	baseline	Observed	42	43	cell_type1	cell_id_prefix	3005	1000	9	76	label_free_hvg
43	20	15	0.5	23	0.46169544677851004	0.6510413795281437	0.03640351570058403	0.2537912354327834	-0.2798159122467041	0.10490311798639596	Zeisel	datasets_original/zeisel.rds	baseline	Observed	42	43	cell_type1	cell_id_prefix	3005	1000	9	76	label_free_hvg
43	20	15	1.0	31	0.2802707122188033	0.6104417093372808	0.04129614750045344	0.27488747001930236	-0.2798159122467041	0.10319948894903064	Zeisel	datasets_original/zeisel.rds	baseline	Observed	42	43	cell_type1	cell_id_prefix	3005	1000	9	76	label_free_hvg
43	20	15	1.5	33	0.26114602393459435	0.6019291099405707	0.04421261069607628	0.2841225766519207	-0.2798159122467041	0.10233811498619616	Zeisel	datasets_original/zeisel.rds	baseline	Observed	42	43	cell_type1	cell_id_prefix	3005	1000	9	76	label_free_hvg
43	20	15	2.0	37	0.2427184548812718	0.591850040980908	0.04433306109987203	0.2936355900921957	-0.2798159122467041	0.10253056115470827	Zeisel	datasets_original/zeisel.rds	baseline	Observed	42	43	cell_type1	cell_id_prefix	3005	1000	9	76	label_free_hvg
43	20	30	0.2	11	0.697484466383383	0.7013251085929497	0.030683638721592695	0.21710878236499606	-0.2798159122467041	0.17622423986904323	Zeisel	datasets_original/zeisel.rds	baseline	Observed	42	43	cell_type1	cell_id_prefix	3005	1000	9	76	label_free_hvg
43	20	30	0.5	17	0.6054162270996175	0.6827614789588647	0.03309221468402538	0.2366831200239382	-0.2798159122467041	0.17156226001679897	Zeisel	datasets_original/zeisel.rds	baseline	Observed	42	43	cell_type1	cell_id_prefix	3005	1000	9	76	label_free_hvg
43	20	30	1.0	22	0.3913255558562522	0.6464195554993392	0.03750306426358376	0.25216467324926656	-0.2798159122467041	0.17734974483028054	Zeisel	datasets_original/zeisel.rds	baseline	Observed	42	43	cell_type1	cell_id_prefix	3005	1000	9	76	label_free_hvg
43	20	30	1.5	27	0.3074392128238713	0.6182759736395652	0.0411171283410761	0.26929936298061985	-0.2798159122467041	0.17483664420433342	Zeisel	datasets_original/zeisel.rds	baseline	Observed	42	43	cell_type1	cell_id_prefix	3005	1000	9	76	label_free_hvg
43	20	30	2.0	29	0.2741773251367149	0.6065962353563148	0.04243619276596669	0.27401360543619163	-0.2798159122467041	0.1720412401482463	Zeisel	datasets_original/zeisel.rds	baseline	Observed	42	43	cell_type1	cell_id_prefix	3005	1000	9	76	label_free_hvg
43	50	10	0.2	17	0.6606710166840415	0.6809728805957557	0.03089724863914878	0.23678510137273948	-0.23866692185401917	0.0926040499471128	Zeisel	datasets_original/zeisel.rds	baseline	Observed	42	43	cell_type1	cell_id_prefix	3005	1000	9	76	label_free_hvg
43	50	10	0.5	23	0.4289981922907543	0.628320376332462	0.03290804496541305	0.25003284494126216	-0.23866692185401917	0.09098570910282433	Zeisel	datasets_original/zeisel.rds	baseline	Observed	42	43	cell_type1	cell_id_prefix	3005	1000	9	76	label_free_hvg
43	50	10	1.0	29	0.3049449382336504	0.5960551265218385	0.04200818458528262	0.2767846059787442	-0.23866692185401917	0.09015080099925399	Zeisel	datasets_original/zeisel.rds	baseline	Observed	42	43	cell_type1	cell_id_prefix	3005	1000	9	76	label_free_hvg
43	50	10	1.5	34	0.23393246378498245	0.5736926819329708	0.044141927037668324	0.28700766676673517	-0.23866692185401917	0.09087171196006238	Zeisel	datasets_original/zeisel.rds	baseline	Observed	42	43	cell_type1	cell_id_prefix	3005	1000	9	76	label_free_hvg
43	50	10	2.0	42	0.19276542969614208	0.5638896520344787	0.04512810560256969	0.30159884525050534	-0.23866692185401917	0.08905516494996846	Zeisel	datasets_original/zeisel.rds	baseline	Observed	42	43	cell_type1	cell_id_prefix	3005	1000	9	76	label_free_hvg
43	50	15	0.2	13	0.6578703092085889	0.6795808710260383	0.030862589349116194	0.2219056576852638	-0.23866692185401917	0.11141563998535275	Zeisel	datasets_original/zeisel.rds	baseline	Observed	42	43	cell_type1	cell_id_prefix	3005	1000	9	76	label_free_hvg
43	50	15	0.5	22	0.44749584259375924	0.632017997636548	0.03515049825787189	0.25161363079962107	-0.23866692185401917	0.10971399187110364	Zeisel	datasets_original/zeisel.rds	baseline	Observed	42	43	cell_type1	cell_id_prefix	3005	1000	9	76	label_free_hvg
43	50	15	1.0	28	0.31630000502089933	0.6047139901080641	0.04275293971650697	0.2785797115141985	-0.23866692185401917	0.10809826687909663	Zeisel	datasets_original/zeisel.rds	baseline	Observed	42	43	cell_type1	cell_id_prefix	3005	1000	9	76	label_free_hvg
43	50	15	1.5	30	0.2656966851346557	0.5875973665567	0.04337319569672345	0.28245209308939484	-0.23866692185401917	0.10963561502285302	Zeisel	datasets_original/zeisel.rds	baseline	Observed	42	43	cell_type1	cell_id_prefix	3005	1000	9	76	label_free_hvg
43	50	15	2.0	37	0.21776128320133045	0.5741898868395408	0.04597460826606256	0.2949869829969944	-0.23866692185401917	0.10825400101020932	Zeisel	datasets_original/zeisel.rds	baseline	Observed	42	43	cell_type1	cell_id_prefix	3005	1000	9	76	label_free_hvg
43	50	30	0.2	10	0.7514784898456391	0.7293066102164065	0.030538790168005755	0.21687695975372914	-0.23866692185401917	0.18067989707924426	Zeisel	datasets_original/zeisel.rds	baseline	Observed	42	43	cell_type1	cell_id_prefix	3005	1000	9	76	label_free_hvg
43	50	30	0.5	20	0.45936563470750413	0.6509797983245611	0.03332340668396763	0.2442637657202522	-0.23866692185401917	0.17625629995018244	Zeisel	datasets_original/zeisel.rds	baseline	Observed	42	43	cell_type1	cell_id_prefix	3005	1000	9	76	label_free_hvg
43	50	30	1.0	21	0.42967612950094836	0.642167338845796	0.035474106097353984	0.24989252410384222	-0.23866692185401917	0.1780632329173386	Zeisel	datasets_original/zeisel.rds	baseline	Observed	42	43	cell_type1	cell_id_prefix	3005	1000	9	76	label_free_hvg
43	50	30	1.5	24	0.3366221877514513	0.6165299278975939	0.04118636879004891	0.2685755317452558	-0.23866692185401917	0.18062194320373237	Zeisel	datasets_original/zeisel.rds	baseline	Observed	42	43	cell_type1	cell_id_prefix	3005	1000	9	76	label_free_hvg
43	50	30	2.0	28	0.26794271632205124	0.5941986704553054	0.03926005355155209	0.2684999123426289	-0.23866692185401917	0.17399531905539334	Zeisel	datasets_original/zeisel.rds	baseline	Observed	42	43	cell_type1	cell_id_prefix	3005	1000	9	76	label_free_hvg
43	100	10	0.2	15	0.6783523021193664	0.6764610085925581	0.030147871292260493	0.2282114811151636	-0.22322748601436615	0.09888101904653013	Zeisel	datasets_original/zeisel.rds	baseline	Observed	42	43	cell_type1	cell_id_prefix	3005	1000	9	76	label_free_hvg
43	100	10	0.5	23	0.45335012382934564	0.637701159407901	0.033448738731688396	0.25131712326580713	-0.22322748601436615	0.09853274305351079	Zeisel	datasets_original/zeisel.rds	baseline	Observed	42	43	cell_type1	cell_id_prefix	3005	1000	9	76	label_free_hvg
43	100	10	1.0	27	0.33246241465201987	0.6021039446453644	0.03742468905729761	0.2647899098097691	-0.22322748601436615	0.09646192193031311	Zeisel	datasets_original/zeisel.rds	baseline	Observed	42	43	cell_type1	cell_id_prefix	3005	1000	9	76	label_free_hvg
43	100	10	1.5	32	0.2542211724593166	0.5829606196969129	0.041290811334930386	0.2790779054872191	-0.22322748601436615	0.09381249686703086	Zeisel	datasets_original/zeisel.rds	baseline	Observed	42	43	cell_type1	cell_id_prefix	3005	1000	9	76	label_free_hvg
43	100	10	2.0	36	0.22545324310240064	0.5707835636040351	0.04335510741196493	0.2893686896406456	-0.22322748601436615	0.09530253894627094	Zeisel	datasets_original/zeisel.rds	baseline	Observed	42	43	cell_type1	cell_id_prefix	3005	1000	9	76	label_free_hvg
43	100	15	0.2	14	0.6883795809157401	0.6877231208224014	0.03112158900254365	0.22752317672347663	-0.22322748601436615	0.12090125191025436	Zeisel	datasets_original/zeisel.rds	baseline	Observed	42	43	cell_type1	cell_id_prefix	3005	1000	9	76	label_free_hvg
43	100	15	0.5	22	0.47532331965835034	0.6495518078270193	0.03469579033196249	0.25207266727465283	-0.22322748601436615	0.11735490011051297	Zeisel	datasets_original/zeisel.rds	baseline	Observed	42	43	cell_type1	cell_id_prefix	3005	1000	9	76	label_free_hvg
43	100	15	1.0	26	0.3715334116889013	0.6179869469547428	0.0378997224658204	0.26478674479119235	-0.22322748601436615	0.11591883702203631	Zeisel	datasets_original/zeisel.rds	baseline	Observed	42	43	cell_type1	cell_id_prefix	3005	1000	9	76	label_free_hvg
43	100	15	1.5	29	0.2780803090299032	0.5920389846345249	0.04452900441694661	0.2799664888750706	-0.22322748601436615	0.11704308888874948	Zeisel	datasets_original/zeisel.rds	baseline	Observed	42	43	cell_type1	cell_id_prefix	3005	1000	9	76	label_free_hvg
43	100	15	2.0	31	0.2536791734961652	0.5847010545147202	0.04112893301082354	0.2773673969907571	-0.22322748601436615	0.11650051199831069	Zeisel	datasets_original/zeisel.rds	baseline	Observed	42	43	cell_type1	cell_id_prefix	3005	1000	9	76	label_free_hvg
43	100	30	0.2	9	0.7601831906902513	0.7398312886644614	0.030835105486384032	0.2149178494960956	-0.22322748601436615	0.19267818913795054	Zeisel	datasets_original/zeisel.rds	baseline	Observed	42	43	cell_type1	cell_id_prefix	3005	1000	9	76	label_free_hvg
43	100	30	0.5	16	0.6505253099696243	0.6788688387189452	0.03227147730374313	0.23523148189566429	-0.22322748601436615	0.1963906278833747	Zeisel	datasets_original/zeisel.rds	baseline	Observed	42	43	cell_type1	cell_id_prefix	3005	1000	9	76	label_free_hvg
43	100	30	1.0	20	0.45093273710380916	0.6445123489807331	0.03457158110475305	0.24580360742882357	-0.22322748601436615	0.20601957407779992	Zeisel	datasets_original/zeisel.rds	baseline	Observed	42	43	cell_type1	cell_id_prefix	3005	1000	9	76	label_free_hvg
43	100	30	1.5	22	0.3672542314877613	0.6169286345274384	0.035610492869064835	0.24841734007196958	-0.22322748601436615	0.20081550092436373	Zeisel	datasets_original/zeisel.rds	baseline	Observed	42	43	cell_type1	cell_id_prefix	3005	1000	9	76	label_free_hvg
43	100	30	2.0	27	0.2712181238147954	0.5905472321004941	0.04129154136706655	0.26976697782089565	-0.22322748601436615	0.20140523300506175	Zeisel	datasets_original/zeisel.rds	baseline	Observed	42	43	cell_type1	cell_id_prefix	3005	1000	9	76	label_free_hvg
44	20	10	0.2	15	0.653036408424007	0.6892462925770636	0.031187394805774777	0.22880616839355344	-0.27984732389450073	0.08645343012176454	Zeisel	datasets_original/zeisel.rds	baseline	Observed	42	44	cell_type1	cell_id_prefix	3005	1000	9	76	label_free_hvg
44	20	10	0.5	24	0.46591585191038676	0.6497208685796441	0.03741611572998848	0.2593039876084587	-0.27984732389450073	0.08418829599395394	Zeisel	datasets_original/zeisel.rds	baseline	Observed	42	44	cell_type1	cell_id_prefix	3005	1000	9	76	label_free_hvg
44	20	10	1.0	32	0.2586130020773658	0.5962748123443485	0.043709073057200294	0.2816322384059939	-0.27984732389450073	0.08322139200754464	Zeisel	datasets_original/zeisel.rds	baseline	Observed	42	44	cell_type1	cell_id_prefix	3005	1000	9	76	label_free_hvg
44	20	10	1.5	38	0.24349654344188082	0.5939768126674306	0.04308884114363277	0.2944649549597103	-0.27984732389450073	0.08335742400959134	Zeisel	datasets_original/zeisel.rds	baseline	Observed	42	44	cell_type1	cell_id_prefix	3005	1000	9	76	label_free_hvg
44	20	10	2.0	44	0.20627002891303378	0.5756852940944686	0.04500060358265381	0.3071879337956195	-0.27984732389450073	0.0837356389965862	Zeisel	datasets_original/zeisel.rds	baseline	Observed	42	44	cell_type1	cell_id_prefix	3005	1000	9	76	label_free_hvg
44	20	15	0.2	16	0.6622226852945714	0.6937947463213217	0.0308924129630718	0.23177848583681754	-0.27984732389450073	0.10476561612449586	Zeisel	datasets_original/zeisel.rds	baseline	Observed	42	44	cell_type1	cell_id_prefix	3005	1000	9	76	label_free_hvg
44	20	15	0.5	24	0.44854935679981833	0.6504756381712667	0.034208337193722904	0.2514723982981342	-0.27984732389450073	0.10836546192876995	Zeisel	datasets_original/zeisel.rds	baseline	Observed	42	44	cell_type1	cell_id_prefix	3005	1000	9	76	label_free_hvg
44	20	15	1.0	30	0.2988940481263017	0.611592848878617	0.04147412588138397	0.2746595925926787	-0.27984732389450073	0.10211026505567133	Zeisel	datasets_original/zeisel.rds	baseline	Observed	42	44	cell_type1	cell_id_prefix	3005	1000	9	76	label_free_hvg
44	20	15	1.5	33	0.2685780153983457	0.6035766299383245	0.0428691357686025	0.2827557996606716	-0.27984732389450073	0.10313214198686182	Zeisel	datasets_original/zeisel.rds	baseline	Observed	42	44	cell_type1	cell_id_prefix	3005	1000	9	76	label_free_hvg
44	20	15	2.0	37	0.2421022878468047	0.5917979076371586	0.0439507713078037	0.2932013850622796	-0.27984732389450073	0.10576659603975713	Zeisel	datasets_original/zeisel.rds	baseline	Observed	42	44	cell_type1	cell_id_prefix	3005	1000	9	76	label_free_hvg
44	20	30	0.2	11	0.697484466383383	0.7013251085929497	0.030683638721592695	0.21710878236499606	-0.27984732389450073	0.17199717415496707	Zeisel	datasets_original/zeisel.rds	baseline	Observed	42	44	cell_type1	cell_id_prefix	3005	1000	9	76	label_free_hvg
44	20	30	0.5	17	0.6170242827746945	0.6870675687657153	0.0325277471356023	0.23593023814035705	-0.27984732389450073	0.1732089479919523	Zeisel	datasets_original/zeisel.rds	baseline	Observed	42	44	cell_type1	cell_id_prefix	3005	1000	9	76	label_free_hvg
44	20	30	1.0	22	0.41933051670385296	0.6516025271568948	0.03730968603115593	0.253534298352746	-0.27984732389450073	0.1818352360278368	Zeisel	datasets_original/zeisel.rds	baseline	Observed	42	44	cell_type1	cell_id_prefix	3005	1000	9	76	label_free_hvg
44	20	30	1.5	27	0.3033354990494976	0.6179390326999247	0.041592165474179627	0.26966143967132744	-0.27984732389450073	0.17527598701417446	Zeisel	datasets_original/zeisel.rds	baseline	Observed	42	44	cell_type1	cell_id_prefix	3005	1000	9	76	label_free_hvg
44	20	30	2.0	29	0.2700607260293492	0.605694279689462	0.04258593783895439	0.27399714190162444	-0.27984732389450073	0.1769088851287961	Zeisel	datasets_original/zeisel.rds	baseline	Observed	42	44	cell_type1	cell_id_prefix	3005	1000	9	76	label_free_hvg
44	50	10	0.2	17	0.65516301365556	0.6762448312801529	0.030811053284371427	0.23516800564908638	-0.2389450967311859	0.08852882799692452	Zeisel	datasets_original/zeisel.rds	baseline	Observed	42	44	cell_type1	cell_id_prefix	3005	1000	9	76	label_free_hvg
44	50	10	0.5	24	0.4119781801720197	0.6219248429268642	0.03648220445829982	0.26120628942589197	-0.2389450967311859	0.08825198002159595	Zeisel	datasets_original/zeisel.rds	baseline	Observed	42	44	cell_type1	cell_id_prefix	3005	1000	9	76	label_free_hvg
44	50	10	1.0	29	0.2697553135360034	0.5837683052553445	0.04406242891400123	0.28028210655912633	-0.2389450967311859	0.08774019498378038	Zeisel	datasets_original/zeisel.rds	baseline	Observed	42	44	cell_type1	cell_id_prefix	3005	1000	9	76	label_free_hvg
44	50	10	1.5	36	0.2345145705330267	0.5770285359845213	0.04365056353064246	0.28866343624274493	-0.2389450967311859	0.0877817019354552	Zeisel	datasets_original/zeisel.rds	baseline	Observed	42	44	cell_type1	cell_id_prefix	3005	1000	9	76	label_free_hvg
44	50	10	2.0	41	0.21254304187774406	0.5701870574092769	0.04621803025620786	0.3011056355847302	-0.2389450967311859	0.0892051940318197	Zeisel	datasets_original/zeisel.rds	baseline	Observed	42	44	cell_type1	cell_id_prefix	3005	1000	9	76	label_free_hvg
44	50	15	0.2	14	0.6666942002120061	0.691085368913284	0.0315739622606427	0.22947434269641123	-0.2389450967311859	0.11378988809883595	Zeisel	datasets_original/zeisel.rds	baseline	Observed	42	44	cell_type1	cell_id_prefix	3005	1000	9	76	label_free_hvg
44	50	15	0.5	23	0.43231682358465107	0.6318367318216881	0.03362434125592524	0.24997554338352476	-0.2389450967311859	0.11272147600539029	Zeisel	datasets_original/zeisel.rds	baseline	Observed	42	44	cell_type1	cell_id_prefix	3005	1000	9	76	label_free_hvg
44	50	15	1.0	28	0.3134327852666521	0.6057330465763585	0.04252421986394548	0.27780019836336023	-0.2389450967311859	0.11411378998309374	Zeisel	datasets_original/zeisel.rds	baseline	Observed	42	44	cell_type1	cell_id_prefix	3005	1000	9	76	label_free_hvg
44	50	15	1.5	29	0.28373867096597033	0.5967961325490468	0.043856634057397204	0.2804682037212925	-0.2389450967311859	0.11149192787706852	Zeisel	datasets_original/zeisel.rds	baseline	Observed	42	44	cell_type1	cell_id_prefix	3005	1000	9	76	label_free_hvg
44	50	15	2.0	36	0.20722719313998172	0.5741184913826994	0.04415421850250173	0.290188870972673	-0.2389450967311859	0.11319091590121388	Zeisel	datasets_original/zeisel.rds	baseline	Observed	42	44	cell_type1	cell_id_prefix	3005	1000	9	76	label_free_hvg
44	50	30	0.2	10	0.7527257454105655	0.7314921428185236	0.03062019072625063	0.21703258164891068	-0.2389450967311859	0.17300056293606758	Zeisel	datasets_original/zeisel.rds	baseline	Observed	42	44	cell_type1	cell_id_prefix	3005	1000	9	76	label_free_hvg
44	50	30	0.5	20	0.4565489549974087	0.6495330423109048	0.034635760554636186	0.2460855859974608	-0.2389450967311859	0.17402288713492453	Zeisel	datasets_original/zeisel.rds	baseline	Observed	42	44	cell_type1	cell_id_prefix	3005	1000	9	76	label_free_hvg
44	50	30	1.0	22	0.3984842154737113	0.6317779182458475	0.036271665496935744	0.2530707572398347	-0.2389450967311859	0.17399429506622255	Zeisel	datasets_original/zeisel.rds	baseline	Observed	42	44	cell_type1	cell_id_prefix	3005	1000	9	76	label_free_hvg
44	50	30	1.5	24	0.3209118204536664	0.6136936674857919	0.04042254875502598	0.263458530715972	-0.2389450967311859	0.17589914985001087	Zeisel	datasets_original/zeisel.rds	baseline	Observed	42	44	cell_type1	cell_id_prefix	3005	1000	9	76	label_free_hvg
44	50	30	2.0	30	0.2487975027433796	0.5906191827161223	0.04382910226859888	0.27805127929324963	-0.2389450967311859	0.1763018718920648	Zeisel	datasets_original/zeisel.rds	baseline	Observed	42	44	cell_type1	cell_id_prefix	3005	1000	9	76	label_free_hvg
44	100	10	0.2	15	0.6711830979497782	0.6718758475306367	0.029945541107941256	0.22722005044217272	-0.222892165184021	0.09527959115803242	Zeisel	datasets_original/zeisel.rds	baseline	Observed	42	44	cell_type1	cell_id_prefix	3005	1000	9	76	label_free_hvg
44	100	10	0.5	23	0.42944207274808344	0.6347802879461488	0.035070743979755375	0.25260922384820667	-0.222892165184021	0.09389152494259179	Zeisel	datasets_original/zeisel.rds	baseline	Observed	42	44	cell_type1	cell_id_prefix	3005	1000	9	76	label_free_hvg
44	100	10	1.0	27	0.3659556965754917	0.6096675095237298	0.037645383665511456	0.266153139065912	-0.222892165184021	0.09544067084789276	Zeisel	datasets_original/zeisel.rds	baseline	Observed	42	44	cell_type1	cell_id_prefix	3005	1000	9	76	label_free_hvg
44	100	10	1.5	32	0.24930476442045285	0.5794993956840478	0.04295502641211443	0.28027761505753374	-0.222892165184021	0.09465919714421034	Zeisel	datasets_original/zeisel.rds	baseline	Observed	42	44	cell_type1	cell_id_prefix	3005	1000	9	76	label_free_hvg
44	100	10	2.0	39	0.21280776871167764	0.5674663219890052	0.043570293861047577	0.2930062530353268	-0.222892165184021	0.09390617301687598	Zeisel	datasets_original/zeisel.rds	baseline	Observed	42	44	cell_type1	cell_id_prefix	3005	1000	9	76	label_free_hvg
44	100	15	0.2	15	0.6779401379577973	0.6777265781916562	0.030312356933795713	0.22987390484674333	-0.222892165184021	0.12104482878930867	Zeisel	datasets_original/zeisel.rds	baseline	Observed	42	44	cell_type1	cell_id_prefix	3005	1000	9	76	label_free_hvg
44	100	15	0.5	21	0.5090935486316421	0.6577204189568847	0.03279511469821507	0.24652121059517873	-0.222892165184021	0.1203929758630693	Zeisel	datasets_original/zeisel.rds	baseline	Observed	42	44	cell_type1	cell_id_prefix	3005	1000	9	76	label_free_hvg
44	100	15	1.0	26	0.3666769834423943	0.6151306771547321	0.03613339016659175	0.26060554481159925	-0.222892165184021	0.11836262210272253	Zeisel	datasets_original/zeisel.rds	baseline	Observed	42	44	cell_type1	cell_id_prefix	3005	1000	9	76	label_free_hvg
44	100	15	1.5	30	0.26085642690511873	0.5859193856696517	0.045293250078850655	0.28404879722949616	-0.222892165184021	0.1198195000179112	Zeisel	datasets_original/zeisel.rds	baseline	Observed	42	44	cell_type1	cell_id_prefix	3005	1000	9	76	label_free_hvg
44	100	15	2.0	31	0.23698643130528604	0.5773934247478606	0.04400848345757432	0.28099891245950864	-0.222892165184021	0.12004812201485038	Zeisel	datasets_original/zeisel.rds	baseline	Observed	42	44	cell_type1	cell_id_prefix	3005	1000	9	76	label_free_hvg
44	100	30	0.2	9	0.759296994201272	0.740202444263557	0.030849562848427513	0.21482680946045254	-0.222892165184021	0.1904666640330106	Zeisel	datasets_original/zeisel.rds	baseline	Observed	42	44	cell_type1	cell_id_prefix	3005	1000	9	76	label_free_hvg
44	100	30	0.5	17	0.6279297471806023	0.6753105725731859	0.03268390317582538	0.23783723856467764	-0.222892165184021	0.18176518310792744	Zeisel	datasets_original/zeisel.rds	baseline	Observed	42	44	cell_type1	cell_id_prefix	3005	1000	9	76	label_free_hvg
44	100	30	1.0	20	0.44862713517356834	0.6435767947903492	0.03434321871995654	0.24330166293837718	-0.222892165184021	0.18930424004793167	Zeisel	datasets_original/zeisel.rds	baseline	Observed	42	44	cell_type1	cell_id_prefix	3005	1000	9	76	label_free_hvg
44	100	30	1.5	22	0.37787087590473184	0.6208767868806025	0.035563424844656605	0.24793142894924605	-0.222892165184021	0.19394474290311337	Zeisel	datasets_original/zeisel.rds	baseline	Observed	42	44	cell_type1	cell_id_prefix	3005	1000	9	76	label_free_hvg
44	100	30	2.0	26	0.27367997260391336	0.5930717331492176	0.04084038807269822	0.26645427810088534	-0.222892165184021	0.18655553902499378	Zeisel	datasets_original/zeisel.rds	baseline	Observed	42	44	cell_type1	cell_id_prefix	3005	1000	9	76	label_free_hvg
45	20	10	0.2	15	0.6565993778292418	0.6905325214769477	0.031159285951122162	0.22916842524082306	-0.2798301577568054	0.08678555116057396	Zeisel	datasets_original/zeisel.rds	baseline	Observed	42	45	cell_type1	cell_id_prefix	3005	1000	9	76	label_free_hvg
45	20	10	0.5	24	0.4568545695514022	0.6508864571604038	0.03492143117958947	0.25711078312186286	-0.2798301577568054	0.08579319203272462	Zeisel	datasets_original/zeisel.rds	baseline	Observed	42	45	cell_type1	cell_id_prefix	3005	1000	9	76	label_free_hvg
45	20	10	1.0	33	0.2697589183938606	0.5987178039156892	0.044021533785596687	0.28423430634617414	-0.2798301577568054	0.08615179592743516	Zeisel	datasets_original/zeisel.rds	baseline	Observed	42	45	cell_type1	cell_id_prefix	3005	1000	9	76	label_free_hvg
45	20	10	1.5	37	0.243054196233238	0.5952631371445212	0.04367960900787095	0.29295933517580064	-0.2798301577568054	0.08547880896367133	Zeisel	datasets_original/zeisel.rds	baseline	Observed	42	45	cell_type1	cell_id_prefix	3005	1000	9	76	label_free_hvg
45	20	10	2.0	44	0.20640317982047254	0.578393453128359	0.04486422635995389	0.30542819135590626	-0.2798301577568054	0.08507668599486351	Zeisel	datasets_original/zeisel.rds	baseline	Observed	42	45	cell_type1	cell_id_prefix	3005	1000	9	76	label_free_hvg
45	20	15	0.2	15	0.6599259118940382	0.6912464853060662	0.030931760436318526	0.23019137289259636	-0.2798301577568054	0.10551975597627461	Zeisel	datasets_original/zeisel.rds	baseline	Observed	42	45	cell_type1	cell_id_prefix	3005	1000	9	76	label_free_hvg
45	20	15	0.5	24	0.4602100662435823	0.6541640191314502	0.03685850275540725	0.25648316914321573	-0.2798301577568054	0.1066598379984498	Zeisel	datasets_original/zeisel.rds	baseline	Observed	42	45	cell_type1	cell_id_prefix	3005	1000	9	76	label_free_hvg
45	20	15	1.0	29	0.3418208780665001	0.6215553632513852	0.037809466166475715	0.26911633703159216	-0.2798301577568054	0.10623859707266092	Zeisel	datasets_original/zeisel.rds	baseline	Observed	42	45	cell_type1	cell_id_prefix	3005	1000	9	76	label_free_hvg
45	20	15	1.5	33	0.26053463799934745	0.6003271456755795	0.04367914305727165	0.28538857212923313	-0.2798301577568054	0.1043945369310677	Zeisel	datasets_original/zeisel.rds	baseline	Observed	42	45	cell_type1	cell_id_prefix	3005	1000	9	76	label_free_hvg
45	20	15	2.0	37	0.22475477059001017	0.5851457878547021	0.045261698911398085	0.29641088182982817	-0.2798301577568054	0.10399300092831254	Zeisel	datasets_original/zeisel.rds	baseline	Observed	42	45	cell_type1	cell_id_prefix	3005	1000	9	76	label_free_hvg
45	20	30	0.2	11	0.6956366622447294	0.7004501305087556	0.030606075111772147	0.2168077129511938	-0.2798301577568054	0.1798544058110565	Zeisel	datasets_original/zeisel.rds	baseline	Observed	42	45	cell_type1	cell_id_prefix	3005	1000	9	76	label_free_hvg
45	20	30	0.5	17	0.6151151443360836	0.6864405973874927	0.03275612542777393	0.23612287673369223	-0.2798301577568054	0.17548976698890328	Zeisel	datasets_original/zeisel.rds	baseline	Observed	42	45	cell_type1	cell_id_prefix	3005	1000	9	76	label_free_hvg
45	20	30	1.0	22	0.39300358274280833	0.6474927548857049	0.037320975776420275	0.25267388303297267	-0.2798301577568054	0.17545485496520996	Zeisel	datasets_original/zeisel.rds	baseline	Observed	42	45	cell_type1	cell_id_prefix	3005	1000	9	76	label_free_hvg
45	20	30	1.5	28	0.29700323374043325	0.6138559518331932	0.041676094951364755	0.2707931104407228	-0.2798301577568054	0.174214581027627	Zeisel	datasets_original/zeisel.rds	baseline	Observed	42	45	cell_type1	cell_id_prefix	3005	1000	9	76	label_free_hvg
45	20	30	2.0	29	0.2729353385046842	0.6063519188020596	0.04227337064257034	0.27305870559167034	-0.2798301577568054	0.17608301201835275	Zeisel	datasets_original/zeisel.rds	baseline	Observed	42	45	cell_type1	cell_id_prefix	3005	1000	9	76	label_free_hvg
45	50	10	0.2	17	0.6616527678221684	0.6812410601124895	0.030903518203256635	0.23665435511594524	-0.23887169361114502	0.09001151681877673	Zeisel	datasets_original/zeisel.rds	baseline	Observed	42	45	cell_type1	cell_id_prefix	3005	1000	9	76	label_free_hvg
45	50	10	0.5	23	0.42833985631737276	0.6258949877955976	0.03248925440682402	0.24838093236663256	-0.23887169361114502	0.08935561706312001	Zeisel	datasets_original/zeisel.rds	baseline	Observed	42	45	cell_type1	cell_id_prefix	3005	1000	9	76	label_free_hvg
45	50	10	1.0	29	0.30513543409184696	0.5941944253361371	0.041165567930598335	0.2749939010789985	-0.23887169361114502	0.08831356395967305	Zeisel	datasets_original/zeisel.rds	baseline	Observed	42	45	cell_type1	cell_id_prefix	3005	1000	9	76	label_free_hvg
45	50	10	1.5	36	0.21416334092034986	0.5691525810836991	0.04421965032363787	0.29027529732020185	-0.23887169361114502	0.08843093900941312	Zeisel	datasets_original/zeisel.rds	baseline	Observed	42	45	cell_type1	cell_id_prefix	3005	1000	9	76	label_free_hvg
45	50	10	2.0	44	0.19071164497900986	0.5602691237336334	0.043846561578412595	0.3044061270494379	-0.23887169361114502	0.08686031890101731	Zeisel	datasets_original/zeisel.rds	baseline	Observed	42	45	cell_type1	cell_id_prefix	3005	1000	9	76	label_free_hvg
45	50	15	0.2	15	0.6592328332823005	0.6849042521559205	0.030881729479388106	0.23243522149789483	-0.23887169361114502	0.10931446007452905	Zeisel	datasets_original/zeisel.rds	baseline	Observed	42	45	cell_type1	cell_id_prefix	3005	1000	9	76	label_free_hvg
45	50	15	0.5	23	0.435269950135796	0.6333098496945823	0.0332062842099491	0.2508286165129476	-0.23887169361114502	0.10722830309532583	Zeisel	datasets_original/zeisel.rds	baseline	Observed	42	45	cell_type1	cell_id_prefix	3005	1000	9	76	label_free_hvg
45	50	15	1.0	28	0.315082792520502	0.6053992571907255	0.042539927323447614	0.2778455745931593	-0.23887169361114502	0.10840834397822618	Zeisel	datasets_original/zeisel.rds	baseline	Observed	42	45	cell_type1	cell_id_prefix	3005	1000	9	76	label_free_hvg
45	50	15	1.5	33	0.22451790006349184	0.5788914348535448	0.04429026193448095	0.2844684328062317	-0.23887169361114502	0.10731693007983267	Zeisel	datasets_original/zeisel.rds	baseline	Observed	42	45	cell_type1	cell_id_prefix	3005	1000	9	76	label_free_hvg
45	50	15	2.0	35	0.23063533881604245	0.5815687273997655	0.04420662493811112	0.28896726743688117	-0.23887169361114502	0.10939367394894361	Zeisel	datasets_original/zeisel.rds	baseline	Observed	42	45	cell_type1	cell_id_prefix	3005	1000	9	76	label_free_hvg
45	50	30	0.2	10	0.7527874148232054	0.73144158181423	0.030581502123380497	0.21691672437661214	-0.23887169361114502	0.17962788604199886	Zeisel	datasets_original/zeisel.rds	baseline	Observed	42	45	cell_type1	cell_id_prefix	3005	1000	9	76	label_free_hvg
45	50	30	0.5	20	0.4609651798947581	0.6454960247820701	0.034322686913557006	0.2452254534895788	-0.23887169361114502	0.1771553058642894	Zeisel	datasets_original/zeisel.rds	baseline	Observed	42	45	cell_type1	cell_id_prefix	3005	1000	9	76	label_free_hvg
45	50	30	1.0	20	0.44062582250779336	0.6490632594599409	0.0344360712603746	0.24514622948434725	-0.23887169361114502	0.17601579101756215	Zeisel	datasets_original/zeisel.rds	baseline	Observed	42	45	cell_type1	cell_id_prefix	3005	1000	9	76	label_free_hvg
45	50	30	1.5	25	0.3078383588290216	0.6083500940133519	0.04135590123274367	0.27023378214685023	-0.23887169361114502	0.18181330990046263	Zeisel	datasets_original/zeisel.rds	baseline	Observed	42	45	cell_type1	cell_id_prefix	3005	1000	9	76	label_free_hvg
45	50	30	2.0	29	0.26763782390043234	0.5989890250904867	0.040241161209842106	0.2727633441214974	-0.23887169361114502	0.1744636909570545	Zeisel	datasets_original/zeisel.rds	baseline	Observed	42	45	cell_type1	cell_id_prefix	3005	1000	9	76	label_free_hvg
45	100	10	0.2	14	0.6865273811629701	0.684483807847308	0.029781104143894073	0.22186778228162043	-0.22231543064117432	0.09589307894930243	Zeisel	datasets_original/zeisel.rds	baseline	Observed	42	45	cell_type1	cell_id_prefix	3005	1000	9	76	label_free_hvg
45	100	10	0.5	23	0.4577215254495878	0.6385690386927199	0.0343041715274887	0.2531265207039005	-0.22231543064117432	0.09392002015374601	Zeisel	datasets_original/zeisel.rds	baseline	Observed	42	45	cell_type1	cell_id_prefix	3005	1000	9	76	label_free_hvg
45	100	10	1.0	28	0.336546449281128	0.6011996187276457	0.037711382022205885	0.2661991394752211	-0.22231543064117432	0.09388871607370675	Zeisel	datasets_original/zeisel.rds	baseline	Observed	42	45	cell_type1	cell_id_prefix	3005	1000	9	76	label_free_hvg
45	100	10	1.5	34	0.24095393609098936	0.5736682453556462	0.043330922596848544	0.28369975595274877	-0.22231543064117432	0.09531472902745008	Zeisel	datasets_original/zeisel.rds	baseline	Observed	42	45	cell_type1	cell_id_prefix	3005	1000	9	76	label_free_hvg
45	100	10	2.0	39	0.20955529637206852	0.5609454911307027	0.046758936175375965	0.2991421659542294	-0.22231543064117432	0.0954629888292402	Zeisel	datasets_original/zeisel.rds	baseline	Observed	42	45	cell_type1	cell_id_prefix	3005	1000	9	76	label_free_hvg
45	100	15	0.2	14	0.6836917941816837	0.68456270636227	0.030333046940350238	0.22532784091980299	-0.22231543064117432	0.12130518187768757	Zeisel	datasets_original/zeisel.rds	baseline	Observed	42	45	cell_type1	cell_id_prefix	3005	1000	9	76	label_free_hvg
45	100	15	0.5	22	0.5892232459283858	0.6626535879384075	0.03345772403677253	0.25211753838695666	-0.22231543064117432	0.11926468391902745	Zeisel	datasets_original/zeisel.rds	baseline	Observed	42	45	cell_type1	cell_id_prefix	3005	1000	9	76	label_free_hvg
45	100	15	1.0	26	0.34966540986712985	0.6128750521881835	0.03641944216850813	0.26108157094067636	-0.22231543064117432	0.11936085904017091	Zeisel	datasets_original/zeisel.rds	baseline	Observed	42	45	cell_type1	cell_id_prefix	3005	1000	9	76	label_free_hvg
45	100	15	1.5	29	0.27723420351566086	0.5901720360564117	0.04384280920750934	0.27900617014053547	-0.22231543064117432	0.11597163090482354	Zeisel	datasets_original/zeisel.rds	baseline	Observed	42	45	cell_type1	cell_id_prefix	3005	1000	9	76	label_free_hvg
45	100	15	2.0	31	0.2610760598579412	0.5831083911779251	0.04692480345315783	0.2899049565928691	-0.22231543064117432	0.11481119296513498	Zeisel	datasets_original/zeisel.rds	baseline	Observed	42	45	cell_type1	cell_id_prefix	3005	1000	9	76	label_free_hvg
45	100	30	0.2	9	0.7549045391355458	0.7361624389484726	0.030745459976274227	0.21423784938286106	-0.22231543064117432	0.19514520396478474	Zeisel	datasets_original/zeisel.rds	baseline	Observed	42	45	cell_type1	cell_id_prefix	3005	1000	9	76	label_free_hvg
45	100	30	0.5	16	0.6401465033882745	0.6769551808028855	0.03235932510637538	0.23499070334642752	-0.22231543064117432	0.18928327900357544	Zeisel	datasets_original/zeisel.rds	baseline	Observed	42	45	cell_type1	cell_id_prefix	3005	1000	9	76	label_free_hvg
45	100	30	1.0	21	0.3987048260836316	0.6330171231074811	0.036814782242247455	0.25060779077691675	-0.22231543064117432	0.1887255199253559	Zeisel	datasets_original/zeisel.rds	baseline	Observed	42	45	cell_type1	cell_id_prefix	3005	1000	9	76	label_free_hvg
45	100	30	1.5	23	0.34472068467444655	0.615947509923358	0.040616997025244315	0.2618106508661402	-0.22231543064117432	0.1910282880999148	Zeisel	datasets_original/zeisel.rds	baseline	Observed	42	45	cell_type1	cell_id_prefix	3005	1000	9	76	label_free_hvg
45	100	30	2.0	27	0.28488653640239336	0.5935508875824704	0.0420683628427612	0.2735779713633339	-0.22231543064117432	0.1902420949190855	Zeisel	datasets_original/zeisel.rds	baseline	Observed	42	45	cell_type1	cell_id_prefix	3005	1000	9	76	label_free_hvg
46	20	10	0.2	16	0.6537946212783744	0.6898385528958704	0.031046884108241805	0.22963611601098197	-0.27982428669929504	0.08314232109114528	Zeisel	datasets_original/zeisel.rds	baseline	Observed	42	46	cell_type1	cell_id_prefix	3005	1000	9	76	label_free_hvg
46	20	10	0.5	25	0.3887572782711063	0.6339720720813878	0.037982597565698224	0.2616179773271088	-0.27982428669929504	0.08308945898897946	Zeisel	datasets_original/zeisel.rds	baseline	Observed	42	46	cell_type1	cell_id_prefix	3005	1000	9	76	label_free_hvg
46	20	10	1.0	33	0.2680946264863262	0.6007129059855458	0.04256987585535243	0.2805796143683704	-0.27982428669929504	0.08322514686733484	Zeisel	datasets_original/zeisel.rds	baseline	Observed	42	46	cell_type1	cell_id_prefix	3005	1000	9	76	label_free_hvg
46	20	10	1.5	37	0.24155365873562282	0.5944439474640797	0.04507520405134738	0.29429807041468786	-0.27982428669929504	0.08220895915292203	Zeisel	datasets_original/zeisel.rds	baseline	Observed	42	46	cell_type1	cell_id_prefix	3005	1000	9	76	label_free_hvg
46	20	10	2.0	43	0.20607266676189714	0.5750093135187282	0.04550791432812102	0.30446883900750715	-0.27982428669929504	0.08316374802961946	Zeisel	datasets_original/zeisel.rds	baseline	Observed	42	46	cell_type1	cell_id_prefix	3005	1000	9	76	label_free_hvg
46	20	15	0.2	15	0.6615409671016819	0.6922225117676384	0.030832668806683096	0.22986376007471807	-0.27982428669929504	0.10585953178815544	Zeisel	datasets_original/zeisel.rds	baseline	Observed	42	46	cell_type1	cell_id_prefix	3005	1000	9	76	label_free_hvg
46	20	15	0.5	23	0.5957757200586369	0.6785648694142883	0.03367635681036547	0.2519989950981375	-0.27982428669929504	0.1059436600189656	Zeisel	datasets_original/zeisel.rds	baseline	Observed	42	46	cell_type1	cell_id_prefix	3005	1000	9	76	label_free_hvg
46	20	15	1.0	30	0.2999959704549286	0.6156968242835236	0.04264368116058722	0.27451643048541796	-0.27982428669929504	0.1063362539280206	Zeisel	datasets_original/zeisel.rds	baseline	Observed	42	46	cell_type1	cell_id_prefix	3005	1000	9	76	label_free_hvg
46	20	15	1.5	32	0.26327826730514486	0.6016161876010392	0.04378567556253056	0.279799448958056	-0.27982428669929504	0.10403288388624787	Zeisel	datasets_original/zeisel.rds	baseline	Observed	42	46	cell_type1	cell_id_prefix	3005	1000	9	76	label_free_hvg
46	20	15	2.0	36	0.23948337255244154	0.5904020839668217	0.043912535615586425	0.2913811771655843	-0.27982428669929504	0.10579968290403485	Zeisel	datasets_original/zeisel.rds	baseline	Observed	42	46	cell_type1	cell_id_prefix	3005	1000	9	76	label_free_hvg
46	20	30	0.2	11	0.6959366364455066	0.7006134602562949	0.03059862226194176	0.2169210472599418	-0.27982428669929504	0.17025494202971458	Zeisel	datasets_original/zeisel.rds	baseline	Observed	42	46	cell_type1	cell_id_prefix	3005	1000	9	76	label_free_hvg
46	20	30	0.5	16	0.6388441921626545	0.6949646599606792	0.0320138588928619	0.2332033011134888	-0.27982428669929504	0.16876990511082113	Zeisel	datasets_original/zeisel.rds	baseline	Observed	42	46	cell_type1	cell_id_prefix	3005	1000	9	76	label_free_hvg
46	20	30	1.0	21	0.44953676644128504	0.6620496440411802	0.03853210682116841	0.25365778057734584	-0.27982428669929504	0.16994190588593483	Zeisel	datasets_original/zeisel.rds	baseline	Observed	42	46	cell_type1	cell_id_prefix	3005	1000	9	76	label_free_hvg
46	20	30	1.5	28	0.29650892554238567	0.6140075899877613	0.0416522191754689	0.2718526013955103	-0.27982428669929504	0.16635409696027637	Zeisel	datasets_original/zeisel.rds	baseline	Observed	42	46	cell_type1	cell_id_prefix	3005	1000	9	76	label_free_hvg
46	20	30	2.0	29	0.2665531745974416	0.6052076191769662	0.04280692828848801	0.27507130841247446	-0.27982428669929504	0.16624309588223696	Zeisel	datasets_original/zeisel.rds	baseline	Observed	42	46	cell_type1	cell_id_prefix	3005	1000	9	76	label_free_hvg
46	50	10	0.2	17	0.6613436184619229	0.6789852834157077	0.030640008122481535	0.23545362247530383	-0.23899704217910767	0.09196359617635608	Zeisel	datasets_original/zeisel.rds	baseline	Observed	42	46	cell_type1	cell_id_prefix	3005	1000	9	76	label_free_hvg
46	50	10	0.5	24	0.37815196029520803	0.6134923963436187	0.03490296032100182	0.25451239624274447	-0.23899704217910767	0.09027626109309494	Zeisel	datasets_original/zeisel.rds	baseline	Observed	42	46	cell_type1	cell_id_prefix	3005	1000	9	76	label_free_hvg
46	50	10	1.0	29	0.26921204818547645	0.5808404785088299	0.04375654083425522	0.2793617000064563	-0.23899704217910767	0.08936604182235897	Zeisel	datasets_original/zeisel.rds	baseline	Observed	42	46	cell_type1	cell_id_prefix	3005	1000	9	76	label_free_hvg
46	50	10	1.5	36	0.2368106231351715	0.5760907380355563	0.045785464193078024	0.29209280347169125	-0.23899704217910767	0.0886676290538162	Zeisel	datasets_original/zeisel.rds	baseline	Observed	42	46	cell_type1	cell_id_prefix	3005	1000	9	76	label_free_hvg
46	50	10	2.0	43	0.20693427732123554	0.5654949474633182	0.045333827078723986	0.304550683235115	-0.23899704217910767	0.09027652395889163	Zeisel	datasets_original/zeisel.rds	baseline	Observed	42	46	cell_type1	cell_id_prefix	3005	1000	9	76	label_free_hvg
46	50	15	0.2	15	0.6734771766971592	0.6920528118950702	0.032021518582115396	0.23237994073785595	-0.23899704217910767	0.1435434459708631	Zeisel	datasets_original/zeisel.rds	baseline	Observed	42	46	cell_type1	cell_id_prefix	3005	1000	9	76	label_free_hvg
46	50	15	0.5	22	0.4379994107507295	0.6325822715418943	0.03330674254468953	0.24699118539340764	-0.23899704217910767	0.12934043584391475	Zeisel	datasets_original/zeisel.rds	baseline	Observed	42	46	cell_type1	cell_id_prefix	3005	1000	9	76	label_free_hvg
46	50	15	1.0	28	0.33786897846413944	0.6088047521385497	0.04266733834695412	0.27838835738169104	-0.23899704217910767	0.1115644620731473	Zeisel	datasets_original/zeisel.rds	baseline	Observed	42	46	cell_type1	cell_id_prefix	3005	1000	9	76	label_free_hvg
46	50	15	1.5	31	0.27389251882015975	0.5958513285407969	0.043744813330673746	0.2843148423673126	-0.23899704217910767	0.10967072588391602	Zeisel	datasets_original/zeisel.rds	baseline	Observed	42	46	cell_type1	cell_id_prefix	3005	1000	9	76	label_free_hvg
46	50	15	2.0	35	0.214156683172343	0.5766936598736706	0.045570588133138815	0.2901607213898428	-0.23899704217910767	0.10894660605117679	Zeisel	datasets_original/zeisel.rds	baseline	Observed	42	46	cell_type1	cell_id_prefix	3005	1000	9	76	label_free_hvg
46	50	30	0.2	10	0.7578975984469524	0.7400563097456108	0.031278701725213014	0.22378901369444942	-0.23899704217910767	0.177109032869339	Zeisel	datasets_original/zeisel.rds	baseline	Observed	42	46	cell_type1	cell_id_prefix	3005	1000	9	76	label_free_hvg
46	50	30	0.5	20	0.457127521334034	0.6427544889963158	0.03429607185267325	0.24541931440767228	-0.23899704217910767	0.17675496195442975	Zeisel	datasets_original/zeisel.rds	baseline	Observed	42	46	cell_type1	cell_id_prefix	3005	1000	9	76	label_free_hvg
46	50	30	1.0	21	0.4285841874605	0.6413033103283654	0.03542535111182705	0.250134147966758	-0.23899704217910767	0.1737536711152643	Zeisel	datasets_original/zeisel.rds	baseline	Observed	42	46	cell_type1	cell_id_prefix	3005	1000	9	76	label_free_hvg
46	50	30	1.5	26	0.29514878534727323	0.6025308386143029	0.04186035683998767	0.2724208987707238	-0.23899704217910767	0.1712144841440022	Zeisel	datasets_original/zeisel.rds	baseline	Observed	42	46	cell_type1	cell_id_prefix	3005	1000	9	76	label_free_hvg
46	50	30	2.0	30	0.27420073625625696	0.6006922026732103	0.04431035957213947	0.2839541885486033	-0.23899704217910767	0.17660017986781895	Zeisel	datasets_original/zeisel.rds	baseline	Observed	42	46	cell_type1	cell_id_prefix	3005	1000	9	76	label_free_hvg
46	100	10	0.2	15	0.6718801201689854	0.6711515666233101	0.030009829791534586	0.22850453871604304	-0.22295179963111877	0.09646731894463301	Zeisel	datasets_original/zeisel.rds	baseline	Observed	42	46	cell_type1	cell_id_prefix	3005	1000	9	76	label_free_hvg
46	100	10	0.5	24	0.43284740267814614	0.6277064994023486	0.033165972663746136	0.2527905095596286	-0.22295179963111877	0.09861249290406704	Zeisel	datasets_original/zeisel.rds	baseline	Observed	42	46	cell_type1	cell_id_prefix	3005	1000	9	76	label_free_hvg
46	100	10	1.0	28	0.3232667959033046	0.6003366727303748	0.03627560619741227	0.26523011172605493	-0.22295179963111877	0.095882911933586	Zeisel	datasets_original/zeisel.rds	baseline	Observed	42	46	cell_type1	cell_id_prefix	3005	1000	9	76	label_free_hvg
46	100	10	1.5	33	0.2537245354057726	0.5791940298083154	0.040947720282082614	0.27695126409647813	-0.22295179963111877	0.09516130504198372	Zeisel	datasets_original/zeisel.rds	baseline	Observed	42	46	cell_type1	cell_id_prefix	3005	1000	9	76	label_free_hvg
46	100	10	2.0	37	0.21901624458812527	0.5661673896813554	0.044842577268686186	0.2923037916270622	-0.22295179963111877	0.09587453794665635	Zeisel	datasets_original/zeisel.rds	baseline	Observed	42	46	cell_type1	cell_id_prefix	3005	1000	9	76	label_free_hvg
46	100	15	0.2	13	0.7039942239716055	0.6980520842625122	0.030746458496581072	0.22132824100389267	-0.22295179963111877	0.11506128287874162	Zeisel	datasets_original/zeisel.rds	baseline	Observed	42	46	cell_type1	cell_id_prefix	3005	1000	9	76	label_free_hvg
46	100	15	0.5	22	0.47507885771565384	0.6467584603281862	0.03294680473539506	0.24780560346123173	-0.22295179963111877	0.11703589395619929	Zeisel	datasets_original/zeisel.rds	baseline	Observed	42	46	cell_type1	cell_id_prefix	3005	1000	9	76	label_free_hvg
46	100	15	1.0	26	0.3581117039496876	0.6153574831185125	0.03787771343472372	0.26637075919476977	-0.22295179963111877	0.11605255608446896	Zeisel	datasets_original/zeisel.rds	baseline	Observed	42	46	cell_type1	cell_id_prefix	3005	1000	9	76	label_free_hvg
46	100	15	1.5	29	0.28348094143610114	0.5951450025072044	0.04112148240932598	0.2740505734185184	-0.22295179963111877	0.11475727381184697	Zeisel	datasets_original/zeisel.rds	baseline	Observed	42	46	cell_type1	cell_id_prefix	3005	1000	9	76	label_free_hvg
46	100	15	2.0	32	0.23971516812517074	0.5828798919047883	0.04309913184281504	0.285058624576719	-0.22295179963111877	0.11452386481687427	Zeisel	datasets_original/zeisel.rds	baseline	Observed	42	46	cell_type1	cell_id_prefix	3005	1000	9	76	label_free_hvg
46	100	30	0.2	9	0.7567928386695159	0.7373701989929368	0.030762431282282156	0.21482194627534376	-0.22295179963111877	0.19335611001588404	Zeisel	datasets_original/zeisel.rds	baseline	Observed	42	46	cell_type1	cell_id_prefix	3005	1000	9	76	label_free_hvg
46	100	30	0.5	17	0.6552829170020545	0.6800780737398681	0.03220390092455703	0.23809122194509905	-0.22295179963111877	0.20144969108514488	Zeisel	datasets_original/zeisel.rds	baseline	Observed	42	46	cell_type1	cell_id_prefix	3005	1000	9	76	label_free_hvg
46	100	30	1.0	20	0.45328480088008527	0.6469418536372088	0.03490615240460941	0.24545819886033754	-0.22295179963111877	0.2006984620820731	Zeisel	datasets_original/zeisel.rds	baseline	Observed	42	46	cell_type1	cell_id_prefix	3005	1000	9	76	label_free_hvg
46	100	30	1.5	23	0.34277725637205037	0.6141417805807563	0.03984221436269059	0.26167890014738476	-0.22295179963111877	0.20107908500358462	Zeisel	datasets_original/zeisel.rds	baseline	Observed	42	46	cell_type1	cell_id_prefix	3005	1000	9	76	label_free_hvg
46	100	30	2.0	26	0.3205161983562774	0.6027933315034114	0.04163835561171477	0.2725642126809404	-0.22295179963111877	0.19320136099122465	Zeisel	datasets_original/zeisel.rds	baseline	Observed	42	46	cell_type1	cell_id_prefix	3005	1000	9	76	label_free_hvg
42	20	10	0.2	16	0.5496603150639905	0.6470123474854471	0.032838579333796476	0.23045494716991088	-0.22932502627372742	0.08296224381774664	Zeisel	datasets_original/zeisel.rds	dca	DCA	42	42	cell_type1	cell_id_prefix	3005	1000	9	76	label_free_hvg
42	20	10	0.5	24	0.401080257933849	0.6197090595055346	0.03622968300370637	0.25300656815771755	-0.22932502627372742	0.08154887589626014	Zeisel	datasets_original/zeisel.rds	dca	DCA	42	42	cell_type1	cell_id_prefix	3005	1000	9	76	label_free_hvg
42	20	10	1.0	31	0.2777056239504578	0.5910285359181668	0.046209290133441064	0.28669941384700304	-0.22932502627372742	0.08060823893174529	Zeisel	datasets_original/zeisel.rds	dca	DCA	42	42	cell_type1	cell_id_prefix	3005	1000	9	76	label_free_hvg
42	20	10	1.5	42	0.20049350112425016	0.5686217211277514	0.050044799611118726	0.31090029149979576	-0.22932502627372742	0.08126112702302635	Zeisel	datasets_original/zeisel.rds	dca	DCA	42	42	cell_type1	cell_id_prefix	3005	1000	9	76	label_free_hvg
42	20	10	2.0	47	0.17404642404242626	0.5581766074122173	0.05043657384491361	0.3213389184089404	-0.22932502627372742	0.07933212397620082	Zeisel	datasets_original/zeisel.rds	dca	DCA	42	42	cell_type1	cell_id_prefix	3005	1000	9	76	label_free_hvg
42	20	15	0.2	12	0.5739086797059535	0.6376922749821851	0.03007531029989221	0.21567701277965284	-0.22932502627372742	0.1023339310195297	Zeisel	datasets_original/zeisel.rds	dca	DCA	42	42	cell_type1	cell_id_prefix	3005	1000	9	76	label_free_hvg
42	20	15	0.5	21	0.49145023313205377	0.6348892868412389	0.037184373349267	0.25435122684049205	-0.22932502627372742	0.10164078790694475	Zeisel	datasets_original/zeisel.rds	dca	DCA	42	42	cell_type1	cell_id_prefix	3005	1000	9	76	label_free_hvg
42	20	15	1.0	26	0.3205695987200234	0.6041244311628523	0.04407983156334777	0.2702291485265215	-0.22932502627372742	0.10226718080230057	Zeisel	datasets_original/zeisel.rds	dca	DCA	42	42	cell_type1	cell_id_prefix	3005	1000	9	76	label_free_hvg
42	20	15	1.5	34	0.25213316306971345	0.5835598996932454	0.04649718222289231	0.29334746812819074	-0.22932502627372742	0.10158289689570665	Zeisel	datasets_original/zeisel.rds	dca	DCA	42	42	cell_type1	cell_id_prefix	3005	1000	9	76	label_free_hvg
42	20	15	2.0	39	0.21226809750904654	0.5741152050563245	0.04930899643227278	0.30608191982220107	-0.22932502627372742	0.10195698402822018	Zeisel	datasets_original/zeisel.rds	dca	DCA	42	42	cell_type1	cell_id_prefix	3005	1000	9	76	label_free_hvg
42	20	30	0.2	8	0.6834351739538553	0.6782772139511003	0.028905172281358752	0.20080034032825572	-0.22932502627372742	0.1674068090505898	Zeisel	datasets_original/zeisel.rds	dca	DCA	42	42	cell_type1	cell_id_prefix	3005	1000	9	76	label_free_hvg
42	20	30	0.5	16	0.5166103486617111	0.6429872411263018	0.03576128903209219	0.24030210515078884	-0.22932502627372742	0.16776687814854085	Zeisel	datasets_original/zeisel.rds	dca	DCA	42	42	cell_type1	cell_id_prefix	3005	1000	9	76	label_free_hvg
42	20	30	1.0	22	0.3732298490622072	0.6117709339710163	0.03826771008450844	0.2536763862562057	-0.22932502627372742	0.1641913140192628	Zeisel	datasets_original/zeisel.rds	dca	DCA	42	42	cell_type1	cell_id_prefix	3005	1000	9	76	label_free_hvg
42	20	30	1.5	24	0.3338008253955108	0.6057060814704981	0.04109049779266163	0.2636992501306299	-0.22932502627372742	0.1670001510065049	Zeisel	datasets_original/zeisel.rds	dca	DCA	42	42	cell_type1	cell_id_prefix	3005	1000	9	76	label_free_hvg
42	20	30	2.0	28	0.24197411746804212	0.5792253103154011	0.04688055175481206	0.281477117085007	-0.22932502627372742	0.16591685498133302	Zeisel	datasets_original/zeisel.rds	dca	DCA	42	42	cell_type1	cell_id_prefix	3005	1000	9	76	label_free_hvg
42	50	10	0.2	16	0.5777264847934602	0.6461700668486545	0.03136576814583825	0.22857011859821527	-0.20670907199382782	0.08516634511761367	Zeisel	datasets_original/zeisel.rds	dca	DCA	42	42	cell_type1	cell_id_prefix	3005	1000	9	76	label_free_hvg
42	50	10	0.5	25	0.3779248413135036	0.6182023074056324	0.04035828203215248	0.2634647606447116	-0.20670907199382782	0.08366348198615015	Zeisel	datasets_original/zeisel.rds	dca	DCA	42	42	cell_type1	cell_id_prefix	3005	1000	9	76	label_free_hvg
42	50	10	1.0	33	0.2621789861885177	0.5912875126167229	0.04940773580534396	0.2947859506374979	-0.20670907199382782	0.08307755598798394	Zeisel	datasets_original/zeisel.rds	dca	DCA	42	42	cell_type1	cell_id_prefix	3005	1000	9	76	label_free_hvg
42	50	10	1.5	45	0.20493920033604568	0.5699740731488301	0.0522758978685414	0.32436964607537	-0.20670907199382782	0.08323211711831391	Zeisel	datasets_original/zeisel.rds	dca	DCA	42	42	cell_type1	cell_id_prefix	3005	1000	9	76	label_free_hvg
42	50	10	2.0	48	0.178402631052806	0.5606603141533796	0.05114382370373458	0.3241698414769192	-0.20670907199382782	0.08164530503563583	Zeisel	datasets_original/zeisel.rds	dca	DCA	42	42	cell_type1	cell_id_prefix	3005	1000	9	76	label_free_hvg
42	50	15	0.2	12	0.6200058595191656	0.6656844571638801	0.029743973871261212	0.21250190909091296	-0.20670907199382782	0.10311820707283914	Zeisel	datasets_original/zeisel.rds	dca	DCA	42	42	cell_type1	cell_id_prefix	3005	1000	9	76	label_free_hvg
42	50	15	0.5	22	0.49310420691640544	0.6381963147344653	0.038479068629120206	0.25841836109425126	-0.20670907199382782	0.10267914086580276	Zeisel	datasets_original/zeisel.rds	dca	DCA	42	42	cell_type1	cell_id_prefix	3005	1000	9	76	label_free_hvg
42	50	15	1.0	27	0.33243969225147574	0.6050910774638206	0.04670679039766939	0.27620249645931494	-0.20670907199382782	0.10101694404147565	Zeisel	datasets_original/zeisel.rds	dca	DCA	42	42	cell_type1	cell_id_prefix	3005	1000	9	76	label_free_hvg
42	50	15	1.5	37	0.2421067908549069	0.5760853100315464	0.047693223191544246	0.30462521195518283	-0.20670907199382782	0.10185568407177925	Zeisel	datasets_original/zeisel.rds	dca	DCA	42	42	cell_type1	cell_id_prefix	3005	1000	9	76	label_free_hvg
42	50	15	2.0	43	0.18866834736701812	0.5641628449913015	0.050622833192975634	0.31614855783818235	-0.20670907199382782	0.10120578808709979	Zeisel	datasets_original/zeisel.rds	dca	DCA	42	42	cell_type1	cell_id_prefix	3005	1000	9	76	label_free_hvg
42	50	30	0.2	8	0.6748633710364463	0.6816162464014626	0.02923754762519458	0.20240254790966214	-0.20670907199382782	0.17916186107322574	Zeisel	datasets_original/zeisel.rds	dca	DCA	42	42	cell_type1	cell_id_prefix	3005	1000	9	76	label_free_hvg
42	50	30	0.5	16	0.5635865887600406	0.6560166691599898	0.03336594909729134	0.23275822008250277	-0.20670907199382782	0.17206505103968084	Zeisel	datasets_original/zeisel.rds	dca	DCA	42	42	cell_type1	cell_id_prefix	3005	1000	9	76	label_free_hvg
42	50	30	1.0	21	0.37117001358883345	0.6093590280233674	0.03934804062238114	0.25208217056706433	-0.20670907199382782	0.1716398079879582	Zeisel	datasets_original/zeisel.rds	dca	DCA	42	42	cell_type1	cell_id_prefix	3005	1000	9	76	label_free_hvg
42	50	30	1.5	25	0.31825658519307165	0.6027192248085628	0.0448452888417863	0.27285937078828804	-0.20670907199382782	0.16546716610901058	Zeisel	datasets_original/zeisel.rds	dca	DCA	42	42	cell_type1	cell_id_prefix	3005	1000	9	76	label_free_hvg
42	50	30	2.0	28	0.2583876650826642	0.5829497385102589	0.04764196170673097	0.28372082265585014	-0.20670907199382782	0.16782580595463514	Zeisel	datasets_original/zeisel.rds	dca	DCA	42	42	cell_type1	cell_id_prefix	3005	1000	9	76	label_free_hvg
42	100	10	0.2	16	0.5788401392959164	0.655401877371022	0.031404806917600406	0.225675591456135	-0.20091727375984192	0.08528173598460853	Zeisel	datasets_original/zeisel.rds	dca	DCA	42	42	cell_type1	cell_id_prefix	3005	1000	9	76	label_free_hvg
42	100	10	0.5	23	0.48005567004296623	0.6289645831264581	0.03909826833587213	0.2634452223153966	-0.20091727375984192	0.0864496158901602	Zeisel	datasets_original/zeisel.rds	dca	DCA	42	42	cell_type1	cell_id_prefix	3005	1000	9	76	label_free_hvg
42	100	10	1.0	34	0.26226493440088516	0.5932752283785787	0.04671590631039675	0.2950304384154756	-0.20091727375984192	0.08524452988058329	Zeisel	datasets_original/zeisel.rds	dca	DCA	42	42	cell_type1	cell_id_prefix	3005	1000	9	76	label_free_hvg
42	100	10	1.5	44	0.21656593296009838	0.5758332327439312	0.05031016651635122	0.3202268435188858	-0.20091727375984192	0.08275638101622462	Zeisel	datasets_original/zeisel.rds	dca	DCA	42	42	cell_type1	cell_id_prefix	3005	1000	9	76	label_free_hvg
42	100	10	2.0	49	0.1782042065740518	0.5627971124690353	0.05325666735799638	0.3261601000803052	-0.20091727375984192	0.08301728614605963	Zeisel	datasets_original/zeisel.rds	dca	DCA	42	42	cell_type1	cell_id_prefix	3005	1000	9	76	label_free_hvg
42	100	15	0.2	14	0.5818386213819446	0.651362183988102	0.030819311128042776	0.217413097140309	-0.20091727375984192	0.10404700716026127	Zeisel	datasets_original/zeisel.rds	dca	DCA	42	42	cell_type1	cell_id_prefix	3005	1000	9	76	label_free_hvg
42	100	15	0.5	22	0.48986190118548534	0.6327008831395198	0.038486398087449504	0.25840922962745505	-0.20091727375984192	0.10372716700658202	Zeisel	datasets_original/zeisel.rds	dca	DCA	42	42	cell_type1	cell_id_prefix	3005	1000	9	76	label_free_hvg
42	100	15	1.0	27	0.33439386100899865	0.6070623737143851	0.04649819469296268	0.27737627630159384	-0.20091727375984192	0.10300614614970982	Zeisel	datasets_original/zeisel.rds	dca	DCA	42	42	cell_type1	cell_id_prefix	3005	1000	9	76	label_free_hvg
42	100	15	1.5	38	0.24774490221877513	0.5764539122514272	0.04969450388142954	0.3106278957842219	-0.20091727375984192	0.10375523194670677	Zeisel	datasets_original/zeisel.rds	dca	DCA	42	42	cell_type1	cell_id_prefix	3005	1000	9	76	label_free_hvg
42	100	15	2.0	40	0.2132432412237356	0.5669535332922804	0.051462920775738004	0.31541405000766787	-0.20091727375984192	0.1027472058776766	Zeisel	datasets_original/zeisel.rds	dca	DCA	42	42	cell_type1	cell_id_prefix	3005	1000	9	76	label_free_hvg
42	100	30	0.2	8	0.6406654515912089	0.6582288512262189	0.026830961480803633	0.19267431736469906	-0.20091727375984192	0.16383407800458372	Zeisel	datasets_original/zeisel.rds	dca	DCA	42	42	cell_type1	cell_id_prefix	3005	1000	9	76	label_free_hvg
42	100	30	0.5	15	0.5564294935207308	0.650986314945796	0.031902718163774706	0.22885015258436006	-0.20091727375984192	0.16601018491201103	Zeisel	datasets_original/zeisel.rds	dca	DCA	42	42	cell_type1	cell_id_prefix	3005	1000	9	76	label_free_hvg
42	100	30	1.0	22	0.385628766082261	0.6138747097727183	0.04044938412729771	0.2555483253283318	-0.20091727375984192	0.17227847082540393	Zeisel	datasets_original/zeisel.rds	dca	DCA	42	42	cell_type1	cell_id_prefix	3005	1000	9	76	label_free_hvg
42	100	30	1.5	25	0.3204950895617083	0.6039135171505347	0.04508437152406151	0.27372259869307647	-0.20091727375984192	0.172792152967304	Zeisel	datasets_original/zeisel.rds	dca	DCA	42	42	cell_type1	cell_id_prefix	3005	1000	9	76	label_free_hvg
42	100	30	2.0	27	0.2671698556927583	0.5864467183364535	0.04956770927930361	0.281081434268192	-0.20091727375984192	0.17208175105042756	Zeisel	datasets_original/zeisel.rds	dca	DCA	42	42	cell_type1	cell_id_prefix	3005	1000	9	76	label_free_hvg
43	20	10	0.2	17	0.5880195547357789	0.6458643960356472	0.03139455283570931	0.23137003736614506	-0.22932502627372742	0.08351316186599433	Zeisel	datasets_original/zeisel.rds	dca	DCA	42	43	cell_type1	cell_id_prefix	3005	1000	9	76	label_free_hvg
43	20	10	0.5	24	0.3835237878044188	0.6119515195844385	0.03704390695277159	0.25434281011847076	-0.22932502627372742	0.0816460398491472	Zeisel	datasets_original/zeisel.rds	dca	DCA	42	43	cell_type1	cell_id_prefix	3005	1000	9	76	label_free_hvg
43	20	10	1.0	32	0.2734827168316242	0.588893481703479	0.04650557296396646	0.289538035601871	-0.22932502627372742	0.08178936503827572	Zeisel	datasets_original/zeisel.rds	dca	DCA	42	43	cell_type1	cell_id_prefix	3005	1000	9	76	label_free_hvg
43	20	10	1.5	42	0.20450684490348536	0.569782141843585	0.05026453895842632	0.3123000835210115	-0.22932502627372742	0.08137090899981558	Zeisel	datasets_original/zeisel.rds	dca	DCA	42	43	cell_type1	cell_id_prefix	3005	1000	9	76	label_free_hvg
43	20	10	2.0	47	0.1800500796854405	0.5604930189487719	0.05151673360118302	0.32236814201156994	-0.22932502627372742	0.08128086500801146	Zeisel	datasets_original/zeisel.rds	dca	DCA	42	43	cell_type1	cell_id_prefix	3005	1000	9	76	label_free_hvg
43	20	15	0.2	13	0.6143771312447112	0.6643305663165484	0.02984920874050832	0.21659953884636896	-0.22932502627372742	0.10206845006905496	Zeisel	datasets_original/zeisel.rds	dca	DCA	42	43	cell_type1	cell_id_prefix	3005	1000	9	76	label_free_hvg
43	20	15	0.5	20	0.48875643170804367	0.6344413712632663	0.03732826408687183	0.2505097369141094	-0.22932502627372742	0.10388825903646648	Zeisel	datasets_original/zeisel.rds	dca	DCA	42	43	cell_type1	cell_id_prefix	3005	1000	9	76	label_free_hvg
43	20	15	1.0	26	0.32145486671609497	0.6037793743479652	0.044245969280024194	0.2705949236763101	-0.22932502627372742	0.10296833189204335	Zeisel	datasets_original/zeisel.rds	dca	DCA	42	43	cell_type1	cell_id_prefix	3005	1000	9	76	label_free_hvg
43	20	15	1.5	34	0.2603957987852331	0.5847747200135784	0.046761198528107076	0.29290932842787687	-0.22932502627372742	0.1038639061152935	Zeisel	datasets_original/zeisel.rds	dca	DCA	42	43	cell_type1	cell_id_prefix	3005	1000	9	76	label_free_hvg
43	20	15	2.0	40	0.20040129890000036	0.5692341583854463	0.052176819860335025	0.31151455202943334	-0.22932502627372742	0.10064020892605186	Zeisel	datasets_original/zeisel.rds	dca	DCA	42	43	cell_type1	cell_id_prefix	3005	1000	9	76	label_free_hvg
43	20	30	0.2	9	0.6537548053312954	0.6706468726123986	0.028694491941612905	0.20228154919460659	-0.22932502627372742	0.16631362680345774	Zeisel	datasets_original/zeisel.rds	dca	DCA	42	43	cell_type1	cell_id_prefix	3005	1000	9	76	label_free_hvg
43	20	30	0.5	16	0.5706248400969985	0.6559475440885908	0.03372928930682244	0.23214388077440737	-0.22932502627372742	0.17022818815894425	Zeisel	datasets_original/zeisel.rds	dca	DCA	42	43	cell_type1	cell_id_prefix	3005	1000	9	76	label_free_hvg
43	20	30	1.0	22	0.3741815695412835	0.6112030790756037	0.03861767673734025	0.2546938572016634	-0.22932502627372742	0.16852113790810108	Zeisel	datasets_original/zeisel.rds	dca	DCA	42	43	cell_type1	cell_id_prefix	3005	1000	9	76	label_free_hvg
43	20	30	1.5	24	0.33342774431029426	0.605504662367212	0.040962766606437113	0.2636688792204455	-0.22932502627372742	0.1693023880943656	Zeisel	datasets_original/zeisel.rds	dca	DCA	42	43	cell_type1	cell_id_prefix	3005	1000	9	76	label_free_hvg
43	20	30	2.0	27	0.2726187968891309	0.5874408786626368	0.045253840659455896	0.277026801006858	-0.22932502627372742	0.17284969706088305	Zeisel	datasets_original/zeisel.rds	dca	DCA	42	43	cell_type1	cell_id_prefix	3005	1000	9	76	label_free_hvg
43	50	10	0.2	17	0.5444655194850162	0.6448718532733062	0.03326035777580031	0.23464874917060058	-0.20670899748802185	0.08411854691803455	Zeisel	datasets_original/zeisel.rds	dca	DCA	42	43	cell_type1	cell_id_prefix	3005	1000	9	76	label_free_hvg
43	50	10	0.5	24	0.49112920181715275	0.6380389606174867	0.038884627140149085	0.26491189090981004	-0.20670899748802185	0.08321090415120125	Zeisel	datasets_original/zeisel.rds	dca	DCA	42	43	cell_type1	cell_id_prefix	3005	1000	9	76	label_free_hvg
43	50	10	1.0	33	0.2596702319948351	0.5865762183047097	0.04940770974019437	0.29341024066157934	-0.20670899748802185	0.08310617599636316	Zeisel	datasets_original/zeisel.rds	dca	DCA	42	43	cell_type1	cell_id_prefix	3005	1000	9	76	label_free_hvg
43	50	10	1.5	45	0.2018566429599235	0.5660719905762702	0.050808567113534736	0.32109232153261563	-0.20670899748802185	0.08067284314893186	Zeisel	datasets_original/zeisel.rds	dca	DCA	42	43	cell_type1	cell_id_prefix	3005	1000	9	76	label_free_hvg
43	50	10	2.0	48	0.18352020933692353	0.561037087979279	0.05170820168200162	0.3248190907641586	-0.20670899748802185	0.08178230305202305	Zeisel	datasets_original/zeisel.rds	dca	DCA	42	43	cell_type1	cell_id_prefix	3005	1000	9	76	label_free_hvg
43	50	15	0.2	12	0.6207598122086395	0.6655582702448567	0.029740513221021843	0.21238928284212527	-0.20670899748802185	0.1021549969445914	Zeisel	datasets_original/zeisel.rds	dca	DCA	42	43	cell_type1	cell_id_prefix	3005	1000	9	76	label_free_hvg
43	50	15	0.5	22	0.4995755811448751	0.6413173190056861	0.039272022887609996	0.2624249851877748	-0.20670899748802185	0.10272191115655005	Zeisel	datasets_original/zeisel.rds	dca	DCA	42	43	cell_type1	cell_id_prefix	3005	1000	9	76	label_free_hvg
43	50	15	1.0	27	0.33142064096611074	0.6039726165628887	0.0479091503246444	0.28136039972261045	-0.20670899748802185	0.10323405917733908	Zeisel	datasets_original/zeisel.rds	dca	DCA	42	43	cell_type1	cell_id_prefix	3005	1000	9	76	label_free_hvg
43	50	15	1.5	38	0.21514456442193888	0.5688056048292953	0.04817134340609106	0.30434118181230596	-0.20670899748802185	0.10038620489649475	Zeisel	datasets_original/zeisel.rds	dca	DCA	42	43	cell_type1	cell_id_prefix	3005	1000	9	76	label_free_hvg
43	50	15	2.0	43	0.18814825808193283	0.5640468650813014	0.04966971708362244	0.31351371597453276	-0.20670899748802185	0.10056430194526911	Zeisel	datasets_original/zeisel.rds	dca	DCA	42	43	cell_type1	cell_id_prefix	3005	1000	9	76	label_free_hvg
43	50	30	0.2	8	0.658134986527966	0.67084568600901	0.026791908142933765	0.19334962196528815	-0.20670899748802185	0.17019835277460515	Zeisel	datasets_original/zeisel.rds	dca	DCA	42	43	cell_type1	cell_id_prefix	3005	1000	9	76	label_free_hvg
43	50	30	0.5	16	0.5430503710553136	0.645146376019241	0.03509745884107733	0.24218304360008	-0.20670899748802185	0.16888752207159996	Zeisel	datasets_original/zeisel.rds	dca	DCA	42	43	cell_type1	cell_id_prefix	3005	1000	9	76	label_free_hvg
43	50	30	1.0	21	0.3712268447913218	0.6103717148407887	0.039488512900708005	0.25251863714657335	-0.20670899748802185	0.16864482196979225	Zeisel	datasets_original/zeisel.rds	dca	DCA	42	43	cell_type1	cell_id_prefix	3005	1000	9	76	label_free_hvg
43	50	30	1.5	25	0.31946819211006694	0.6046309956809376	0.044974339357174625	0.2734641379645478	-0.20670899748802185	0.1664503370411694	Zeisel	datasets_original/zeisel.rds	dca	DCA	42	43	cell_type1	cell_id_prefix	3005	1000	9	76	label_free_hvg
43	50	30	2.0	28	0.2652396238071615	0.5841643597678474	0.04879703112331333	0.28595498978270456	-0.20670899748802185	0.16815696097910404	Zeisel	datasets_original/zeisel.rds	dca	DCA	42	43	cell_type1	cell_id_prefix	3005	1000	9	76	label_free_hvg
43	100	10	0.2	15	0.5921971324214157	0.6603310654551352	0.03129641620062033	0.22087997184963568	-0.20093125104904175	0.08496080292388797	Zeisel	datasets_original/zeisel.rds	dca	DCA	42	43	cell_type1	cell_id_prefix	3005	1000	9	76	label_free_hvg
43	100	10	0.5	22	0.4865923083367864	0.6308871361113462	0.03799843239441469	0.25741918293401667	-0.20093125104904175	0.0842217628378421	Zeisel	datasets_original/zeisel.rds	dca	DCA	42	43	cell_type1	cell_id_prefix	3005	1000	9	76	label_free_hvg
43	100	10	1.0	34	0.2524307405663101	0.5865617390420664	0.04749580368479552	0.2964003849182048	-0.20093125104904175	0.08498259610496461	Zeisel	datasets_original/zeisel.rds	dca	DCA	42	43	cell_type1	cell_id_prefix	3005	1000	9	76	label_free_hvg
43	100	10	1.5	43	0.21819917003014103	0.5780605476774248	0.047813698251673045	0.3126558977635841	-0.20093125104904175	0.0836085258051753	Zeisel	datasets_original/zeisel.rds	dca	DCA	42	43	cell_type1	cell_id_prefix	3005	1000	9	76	label_free_hvg
43	100	10	2.0	47	0.1974286150849976	0.5661556248157574	0.05214079654403933	0.3260492682787695	-0.20093125104904175	0.08451591478660703	Zeisel	datasets_original/zeisel.rds	dca	DCA	42	43	cell_type1	cell_id_prefix	3005	1000	9	76	label_free_hvg
43	100	15	0.2	13	0.6240062696241927	0.6692209373141066	0.029807129644881743	0.21506478366671594	-0.20093125104904175	0.10238478193059564	Zeisel	datasets_original/zeisel.rds	dca	DCA	42	43	cell_type1	cell_id_prefix	3005	1000	9	76	label_free_hvg
43	100	15	0.5	23	0.5109042550582518	0.6376739701056121	0.03656633871393725	0.25654737158321517	-0.20093125104904175	0.10245133191347122	Zeisel	datasets_original/zeisel.rds	dca	DCA	42	43	cell_type1	cell_id_prefix	3005	1000	9	76	label_free_hvg
43	100	15	1.0	26	0.33451852920721914	0.6072218778945839	0.0463888387160787	0.2750907360988589	-0.20093125104904175	0.1007335961330682	Zeisel	datasets_original/zeisel.rds	dca	DCA	42	43	cell_type1	cell_id_prefix	3005	1000	9	76	label_free_hvg
43	100	15	1.5	38	0.24076467509551583	0.5789446199635825	0.04888287439995597	0.3090129135628775	-0.20093125104904175	0.0995117612183094	Zeisel	datasets_original/zeisel.rds	dca	DCA	42	43	cell_type1	cell_id_prefix	3005	1000	9	76	label_free_hvg
43	100	15	2.0	41	0.19159237354954123	0.5610759097122462	0.05064699450864635	0.3139276611478604	-0.20093125104904175	0.10117597808130085	Zeisel	datasets_original/zeisel.rds	dca	DCA	42	43	cell_type1	cell_id_prefix	3005	1000	9	76	label_free_hvg
43	100	30	0.2	8	0.651230533092971	0.6711611731922077	0.027073684091664187	0.1939349763402703	-0.20093125104904175	0.1689168969169259	Zeisel	datasets_original/zeisel.rds	dca	DCA	42	43	cell_type1	cell_id_prefix	3005	1000	9	76	label_free_hvg
43	100	30	0.5	15	0.5582656921054073	0.6511722387310585	0.031923311952933395	0.22869034857697842	-0.20093125104904175	0.17009433498606086	Zeisel	datasets_original/zeisel.rds	dca	DCA	42	43	cell_type1	cell_id_prefix	3005	1000	9	76	label_free_hvg
43	100	30	1.0	21	0.37228541920404434	0.611610615885674	0.04016820200016203	0.2536991491744758	-0.20093125104904175	0.17058567190542817	Zeisel	datasets_original/zeisel.rds	dca	DCA	42	43	cell_type1	cell_id_prefix	3005	1000	9	76	label_free_hvg
43	100	30	1.5	25	0.33154338207120226	0.6055661142152141	0.04542879183819756	0.27317927026232375	-0.20093125104904175	0.1697165621444583	Zeisel	datasets_original/zeisel.rds	dca	DCA	42	43	cell_type1	cell_id_prefix	3005	1000	9	76	label_free_hvg
43	100	30	2.0	28	0.26371973908911883	0.5848819699559218	0.04721594054001917	0.2835965141143767	-0.20093125104904175	0.17137321806512773	Zeisel	datasets_original/zeisel.rds	dca	DCA	42	43	cell_type1	cell_id_prefix	3005	1000	9	76	label_free_hvg
44	20	10	0.2	17	0.5100029807059971	0.6291512479349779	0.033456741083598085	0.2366553077323573	-0.22932502627372742	0.0857946458272636	Zeisel	datasets_original/zeisel.rds	dca	DCA	42	44	cell_type1	cell_id_prefix	3005	1000	9	76	label_free_hvg
44	20	10	0.5	25	0.3844009510830117	0.6150319767217947	0.037490687279798096	0.2557155534416455	-0.22932502627372742	0.08248333702795208	Zeisel	datasets_original/zeisel.rds	dca	DCA	42	44	cell_type1	cell_id_prefix	3005	1000	9	76	label_free_hvg
44	20	10	1.0	33	0.26772539250904986	0.5848820686531179	0.04790173541558381	0.29312263725504056	-0.22932502627372742	0.0829300309997052	Zeisel	datasets_original/zeisel.rds	dca	DCA	42	44	cell_type1	cell_id_prefix	3005	1000	9	76	label_free_hvg
44	20	10	1.5	42	0.20494764297622292	0.5697590079365732	0.05165360283382498	0.3148399733146099	-0.22932502627372742	0.0817634470295161	Zeisel	datasets_original/zeisel.rds	dca	DCA	42	44	cell_type1	cell_id_prefix	3005	1000	9	76	label_free_hvg
44	20	10	2.0	46	0.17785229242659364	0.5580297805408071	0.05159545119330461	0.3211563250698472	-0.22932502627372742	0.08141197101213038	Zeisel	datasets_original/zeisel.rds	dca	DCA	42	44	cell_type1	cell_id_prefix	3005	1000	9	76	label_free_hvg
44	20	15	0.2	13	0.6212525045148812	0.6659313439503172	0.029941052710533343	0.21713165034705437	-0.22932502627372742	0.1045308590400964	Zeisel	datasets_original/zeisel.rds	dca	DCA	42	44	cell_type1	cell_id_prefix	3005	1000	9	76	label_free_hvg
44	20	15	0.5	21	0.5149940799229067	0.6402745012202766	0.036636131411559754	0.2553174891966337	-0.22932502627372742	0.1028366640675813	Zeisel	datasets_original/zeisel.rds	dca	DCA	42	44	cell_type1	cell_id_prefix	3005	1000	9	76	label_free_hvg
44	20	15	1.0	25	0.3720125494005758	0.6187077234685969	0.03839406356131821	0.257228156172768	-0.22932502627372742	0.10275263409130275	Zeisel	datasets_original/zeisel.rds	dca	DCA	42	44	cell_type1	cell_id_prefix	3005	1000	9	76	label_free_hvg
44	20	15	1.5	34	0.2549589787138025	0.5834602435615776	0.04781827956774607	0.2958044729018887	-0.22932502627372742	0.1036924789659679	Zeisel	datasets_original/zeisel.rds	dca	DCA	42	44	cell_type1	cell_id_prefix	3005	1000	9	76	label_free_hvg
44	20	15	2.0	38	0.21905564966735824	0.5772217693786216	0.050168734865827846	0.30413672328998687	-0.22932502627372742	0.10234311013482511	Zeisel	datasets_original/zeisel.rds	dca	DCA	42	44	cell_type1	cell_id_prefix	3005	1000	9	76	label_free_hvg
44	20	30	0.2	8	0.6720344241665255	0.676441266881267	0.028865887239539634	0.20015864313075976	-0.22932502627372742	0.17291306611150503	Zeisel	datasets_original/zeisel.rds	dca	DCA	42	44	cell_type1	cell_id_prefix	3005	1000	9	76	label_free_hvg
44	20	30	0.5	15	0.556824274145565	0.6457237802503436	0.03212629668448234	0.22062873402842384	-0.22932502627372742	0.16973003302700818	Zeisel	datasets_original/zeisel.rds	dca	DCA	42	44	cell_type1	cell_id_prefix	3005	1000	9	76	label_free_hvg
44	20	30	1.0	22	0.38373667522726684	0.6130276373667514	0.036217657612459556	0.24987011820574206	-0.22932502627372742	0.17152095213532448	Zeisel	datasets_original/zeisel.rds	dca	DCA	42	44	cell_type1	cell_id_prefix	3005	1000	9	76	label_free_hvg
44	20	30	1.5	24	0.32776023482984123	0.5996636763420795	0.04164336455025188	0.26484796096829905	-0.22932502627372742	0.17140666604973376	Zeisel	datasets_original/zeisel.rds	dca	DCA	42	44	cell_type1	cell_id_prefix	3005	1000	9	76	label_free_hvg
44	20	30	2.0	27	0.2726484856968157	0.5881943898498849	0.04507937327063315	0.2767739037744618	-0.22932502627372742	0.17274192604236305	Zeisel	datasets_original/zeisel.rds	dca	DCA	42	44	cell_type1	cell_id_prefix	3005	1000	9	76	label_free_hvg
44	50	10	0.2	16	0.545230168862819	0.6419194853507096	0.03326698439735211	0.23194611299584625	-0.20670905709266663	0.08612412703223526	Zeisel	datasets_original/zeisel.rds	dca	DCA	42	44	cell_type1	cell_id_prefix	3005	1000	9	76	label_free_hvg
44	50	10	0.5	24	0.4958252009190246	0.6384828693670513	0.038149161205501714	0.26401780226866933	-0.20670905709266663	0.08360014902427793	Zeisel	datasets_original/zeisel.rds	dca	DCA	42	44	cell_type1	cell_id_prefix	3005	1000	9	76	label_free_hvg
44	50	10	1.0	33	0.26197643114431635	0.5890882117471914	0.05060672070701522	0.2951346809067258	-0.20670905709266663	0.0835580148268491	Zeisel	datasets_original/zeisel.rds	dca	DCA	42	44	cell_type1	cell_id_prefix	3005	1000	9	76	label_free_hvg
44	50	10	1.5	45	0.20024839547583623	0.5651126170234423	0.05240654613734328	0.32370871900684656	-0.20670905709266663	0.08396028005518019	Zeisel	datasets_original/zeisel.rds	dca	DCA	42	44	cell_type1	cell_id_prefix	3005	1000	9	76	label_free_hvg
44	50	10	2.0	48	0.1765172704215233	0.5572494784920335	0.05216896347979134	0.32577796506531526	-0.20670905709266663	0.08253703988157213	Zeisel	datasets_original/zeisel.rds	dca	DCA	42	44	cell_type1	cell_id_prefix	3005	1000	9	76	label_free_hvg
44	50	15	0.2	12	0.6226668883268566	0.667177769847495	0.02993787574879312	0.2129292335347284	-0.20670905709266663	0.10263084201142192	Zeisel	datasets_original/zeisel.rds	dca	DCA	42	44	cell_type1	cell_id_prefix	3005	1000	9	76	label_free_hvg
44	50	15	0.5	22	0.4872468978997405	0.6354304663866173	0.03781909510413455	0.2559719904625632	-0.20670905709266663	0.10329707502387464	Zeisel	datasets_original/zeisel.rds	dca	DCA	42	44	cell_type1	cell_id_prefix	3005	1000	9	76	label_free_hvg
44	50	15	1.0	28	0.33357450991141413	0.6065760001070499	0.04726341174880569	0.2818206154906755	-0.20670905709266663	0.10131500009447336	Zeisel	datasets_original/zeisel.rds	dca	DCA	42	44	cell_type1	cell_id_prefix	3005	1000	9	76	label_free_hvg
44	50	15	1.5	37	0.24046798940865505	0.5757401120605514	0.047606296227794595	0.3049379965639169	-0.20670905709266663	0.10211526905186474	Zeisel	datasets_original/zeisel.rds	dca	DCA	42	44	cell_type1	cell_id_prefix	3005	1000	9	76	label_free_hvg
44	50	15	2.0	43	0.1793159571752615	0.5598149578556332	0.05302230505819129	0.31935902761330726	-0.20670905709266663	0.10262932791374624	Zeisel	datasets_original/zeisel.rds	dca	DCA	42	44	cell_type1	cell_id_prefix	3005	1000	9	76	label_free_hvg
44	50	30	0.2	8	0.661237368489977	0.6724274574806992	0.02692975495081666	0.19369936514071034	-0.20670905709266663	0.17072647414170206	Zeisel	datasets_original/zeisel.rds	dca	DCA	42	44	cell_type1	cell_id_prefix	3005	1000	9	76	label_free_hvg
44	50	30	0.5	17	0.5601797962593209	0.6495141699569904	0.03339301188558436	0.2370100294944453	-0.20670905709266663	0.167491806903854	Zeisel	datasets_original/zeisel.rds	dca	DCA	42	44	cell_type1	cell_id_prefix	3005	1000	9	76	label_free_hvg
44	50	30	1.0	21	0.3725216972792309	0.6098695781462325	0.03973680927690519	0.2529782364127479	-0.20670905709266663	0.1662336748559028	Zeisel	datasets_original/zeisel.rds	dca	DCA	42	44	cell_type1	cell_id_prefix	3005	1000	9	76	label_free_hvg
44	50	30	1.5	25	0.3195491477653803	0.6028980514742495	0.04500080319289358	0.27342316803401706	-0.20670905709266663	0.17143958900123835	Zeisel	datasets_original/zeisel.rds	dca	DCA	42	44	cell_type1	cell_id_prefix	3005	1000	9	76	label_free_hvg
44	50	30	2.0	28	0.25848655143570787	0.5828733584310255	0.04760016351200298	0.2839171212936742	-0.20670905709266663	0.17245788499712944	Zeisel	datasets_original/zeisel.rds	dca	DCA	42	44	cell_type1	cell_id_prefix	3005	1000	9	76	label_free_hvg
44	100	10	0.2	15	0.5764547782690538	0.6580349460067196	0.032133901426970576	0.2248513106557374	-0.20091283321380615	0.08880892000161111	Zeisel	datasets_original/zeisel.rds	dca	DCA	42	44	cell_type1	cell_id_prefix	3005	1000	9	76	label_free_hvg
44	100	10	0.5	22	0.4926457203501176	0.6356461295293838	0.037907936774199714	0.2569063686108195	-0.20091283321380615	0.0871220191475004	Zeisel	datasets_original/zeisel.rds	dca	DCA	42	44	cell_type1	cell_id_prefix	3005	1000	9	76	label_free_hvg
44	100	10	1.0	35	0.25588737841160925	0.5889686490555844	0.04700453604675948	0.296223831010025	-0.20091283321380615	0.08527015708386898	Zeisel	datasets_original/zeisel.rds	dca	DCA	42	44	cell_type1	cell_id_prefix	3005	1000	9	76	label_free_hvg
44	100	10	1.5	44	0.20322999216649398	0.5732064222495172	0.050790117395750636	0.31713124687846433	-0.20091283321380615	0.08392594987526536	Zeisel	datasets_original/zeisel.rds	dca	DCA	42	44	cell_type1	cell_id_prefix	3005	1000	9	76	label_free_hvg
44	100	10	2.0	48	0.17989823517930792	0.5576059939998377	0.053462479864354005	0.32739683327601504	-0.20091283321380615	0.08434799895621836	Zeisel	datasets_original/zeisel.rds	dca	DCA	42	44	cell_type1	cell_id_prefix	3005	1000	9	76	label_free_hvg
44	100	15	0.2	13	0.5994180022585283	0.6611559470805988	0.030422228331758824	0.2112224569903238	-0.20091283321380615	0.10477333003655076	Zeisel	datasets_original/zeisel.rds	dca	DCA	42	44	cell_type1	cell_id_prefix	3005	1000	9	76	label_free_hvg
44	100	15	0.5	22	0.5080744739535882	0.6347260274709425	0.03663473677335259	0.25427836542531407	-0.20091283321380615	0.10425989702343941	Zeisel	datasets_original/zeisel.rds	dca	DCA	42	44	cell_type1	cell_id_prefix	3005	1000	9	76	label_free_hvg
44	100	15	1.0	27	0.32285708032631383	0.607141904899724	0.04609483413429648	0.27845271669527194	-0.20091283321380615	0.10308316210284829	Zeisel	datasets_original/zeisel.rds	dca	DCA	42	44	cell_type1	cell_id_prefix	3005	1000	9	76	label_free_hvg
44	100	15	1.5	37	0.2507904916993891	0.5804434415722617	0.04936095641181534	0.3055198715429367	-0.20091283321380615	0.10162527719512582	Zeisel	datasets_original/zeisel.rds	dca	DCA	42	44	cell_type1	cell_id_prefix	3005	1000	9	76	label_free_hvg
44	100	15	2.0	40	0.20470311672927408	0.5656005867353278	0.051796614900583876	0.31350035445927255	-0.20091283321380615	0.10232034395448864	Zeisel	datasets_original/zeisel.rds	dca	DCA	42	44	cell_type1	cell_id_prefix	3005	1000	9	76	label_free_hvg
44	100	30	0.2	9	0.6616719751188904	0.6797235661317655	0.029424204484255718	0.20577806764638512	-0.20091283321380615	0.16780197713524103	Zeisel	datasets_original/zeisel.rds	dca	DCA	42	44	cell_type1	cell_id_prefix	3005	1000	9	76	label_free_hvg
44	100	30	0.5	15	0.5598172082237921	0.6517000948283274	0.031931325408138256	0.22879329754969727	-0.20091283321380615	0.1669090238865465	Zeisel	datasets_original/zeisel.rds	dca	DCA	42	44	cell_type1	cell_id_prefix	3005	1000	9	76	label_free_hvg
44	100	30	1.0	22	0.4075136642950446	0.6199951204944796	0.03540561498140964	0.2468811108097351	-0.20091283321380615	0.16737896017730236	Zeisel	datasets_original/zeisel.rds	dca	DCA	42	44	cell_type1	cell_id_prefix	3005	1000	9	76	label_free_hvg
44	100	30	1.5	25	0.32316244200709227	0.6037061602539143	0.04428727603852023	0.27265069197070213	-0.20091283321380615	0.16460976214148104	Zeisel	datasets_original/zeisel.rds	dca	DCA	42	44	cell_type1	cell_id_prefix	3005	1000	9	76	label_free_hvg
44	100	30	2.0	28	0.26262328091282544	0.5848614727701489	0.04710062822293391	0.2822573639682099	-0.20091283321380615	0.1683811480179429	Zeisel	datasets_original/zeisel.rds	dca	DCA	42	44	cell_type1	cell_id_prefix	3005	1000	9	76	label_free_hvg
45	20	10	0.2	17	0.5419924297908416	0.6418165929143392	0.03303153689518526	0.23418341392941538	-0.22932498157024384	0.08342823199927807	Zeisel	datasets_original/zeisel.rds	dca	DCA	42	45	cell_type1	cell_id_prefix	3005	1000	9	76	label_free_hvg
45	20	10	0.5	24	0.4061992245983772	0.6211483564718074	0.036780906668267034	0.2561134441275906	-0.22932498157024384	0.08135090419091284	Zeisel	datasets_original/zeisel.rds	dca	DCA	42	45	cell_type1	cell_id_prefix	3005	1000	9	76	label_free_hvg
45	20	10	1.0	32	0.2739177776100866	0.5874631492083504	0.04837341964295616	0.2912632665895205	-0.22932498157024384	0.08112715720199049	Zeisel	datasets_original/zeisel.rds	dca	DCA	42	45	cell_type1	cell_id_prefix	3005	1000	9	76	label_free_hvg
45	20	10	1.5	42	0.2063425879069746	0.570255345168791	0.05170298179969506	0.3147057762804578	-0.22932498157024384	0.07971713389270008	Zeisel	datasets_original/zeisel.rds	dca	DCA	42	45	cell_type1	cell_id_prefix	3005	1000	9	76	label_free_hvg
45	20	10	2.0	46	0.1789562843569594	0.5585089047814773	0.05214369029525732	0.3217426980030019	-0.22932498157024384	0.08161428617313504	Zeisel	datasets_original/zeisel.rds	dca	DCA	42	45	cell_type1	cell_id_prefix	3005	1000	9	76	label_free_hvg
45	20	15	0.2	12	0.6043696110554007	0.6469237653094896	0.028904928866556365	0.20975674794817742	-0.22932498157024384	0.10414776089601219	Zeisel	datasets_original/zeisel.rds	dca	DCA	42	45	cell_type1	cell_id_prefix	3005	1000	9	76	label_free_hvg
45	20	15	0.5	22	0.3720304097318851	0.6116496174023666	0.03800033697904942	0.2518439203279157	-0.22932498157024384	0.10251627187244594	Zeisel	datasets_original/zeisel.rds	dca	DCA	42	45	cell_type1	cell_id_prefix	3005	1000	9	76	label_free_hvg
45	20	15	1.0	25	0.36610764109971644	0.6152096183038105	0.03908291657438469	0.2594595518542443	-0.22932498157024384	0.10326197487302125	Zeisel	datasets_original/zeisel.rds	dca	DCA	42	45	cell_type1	cell_id_prefix	3005	1000	9	76	label_free_hvg
45	20	15	1.5	34	0.2532942182908891	0.5823734094208805	0.04550593874735022	0.29152629879393965	-0.22932498157024384	0.10454380791634321	Zeisel	datasets_original/zeisel.rds	dca	DCA	42	45	cell_type1	cell_id_prefix	3005	1000	9	76	label_free_hvg
45	20	15	2.0	40	0.21236547619994864	0.5726215936750174	0.0494839458685383	0.30885744611021304	-0.22932498157024384	0.1039667020086199	Zeisel	datasets_original/zeisel.rds	dca	DCA	42	45	cell_type1	cell_id_prefix	3005	1000	9	76	label_free_hvg
45	20	30	0.2	9	0.6537548053312954	0.6706468726123986	0.028694491941612905	0.20228154919460659	-0.22932498157024384	0.16721015190705657	Zeisel	datasets_original/zeisel.rds	dca	DCA	42	45	cell_type1	cell_id_prefix	3005	1000	9	76	label_free_hvg
45	20	30	0.5	16	0.5192908198867744	0.6450751130531803	0.03561159388436761	0.23985222868040887	-0.22932498157024384	0.16942570405080914	Zeisel	datasets_original/zeisel.rds	dca	DCA	42	45	cell_type1	cell_id_prefix	3005	1000	9	76	label_free_hvg
45	20	30	1.0	21	0.3735577001621152	0.6122867568432407	0.038613202316139766	0.2531826554250241	-0.22932498157024384	0.1683459330815822	Zeisel	datasets_original/zeisel.rds	dca	DCA	42	45	cell_type1	cell_id_prefix	3005	1000	9	76	label_free_hvg
45	20	30	1.5	24	0.34479772837237876	0.6095900878902195	0.03788446450149608	0.2563145915836575	-0.22932498157024384	0.16861434886232018	Zeisel	datasets_original/zeisel.rds	dca	DCA	42	45	cell_type1	cell_id_prefix	3005	1000	9	76	label_free_hvg
45	20	30	2.0	27	0.27012801252019714	0.5846321404832427	0.04532594675568915	0.2768162230248028	-0.22932498157024384	0.1654169128742069	Zeisel	datasets_original/zeisel.rds	dca	DCA	42	45	cell_type1	cell_id_prefix	3005	1000	9	76	label_free_hvg
45	50	10	0.2	16	0.548191387432511	0.6383708549668666	0.032490594634941854	0.23141450292600682	-0.20670901238918304	0.08652212098240852	Zeisel	datasets_original/zeisel.rds	dca	DCA	42	45	cell_type1	cell_id_prefix	3005	1000	9	76	label_free_hvg
45	50	10	0.5	25	0.37500279712272194	0.6185289240961757	0.03959226938391924	0.2637619222534771	-0.20670901238918304	0.08408816996961832	Zeisel	datasets_original/zeisel.rds	dca	DCA	42	45	cell_type1	cell_id_prefix	3005	1000	9	76	label_free_hvg
45	50	10	1.0	33	0.26107698863381856	0.5885224410997595	0.04891319536569233	0.2936263945661189	-0.20670901238918304	0.08404261083342135	Zeisel	datasets_original/zeisel.rds	dca	DCA	42	45	cell_type1	cell_id_prefix	3005	1000	9	76	label_free_hvg
45	50	10	1.5	45	0.1967173181178989	0.5639812069726716	0.050729029514955906	0.31768532612246725	-0.20670901238918304	0.08264414314180613	Zeisel	datasets_original/zeisel.rds	dca	DCA	42	45	cell_type1	cell_id_prefix	3005	1000	9	76	label_free_hvg
45	50	10	2.0	49	0.16706573196760938	0.5558352000808601	0.05276026213189331	0.3265872293538851	-0.20670901238918304	0.0819423331413418	Zeisel	datasets_original/zeisel.rds	dca	DCA	42	45	cell_type1	cell_id_prefix	3005	1000	9	76	label_free_hvg
45	50	15	0.2	10	0.5769681057747166	0.6311215959455726	0.029663853263800867	0.20528736888090368	-0.20670901238918304	0.10228475509211421	Zeisel	datasets_original/zeisel.rds	dca	DCA	42	45	cell_type1	cell_id_prefix	3005	1000	9	76	label_free_hvg
45	50	15	0.5	22	0.4863113042268241	0.6347054096440966	0.038840504083044555	0.2594318319026797	-0.20670901238918304	0.10277436999604106	Zeisel	datasets_original/zeisel.rds	dca	DCA	42	45	cell_type1	cell_id_prefix	3005	1000	9	76	label_free_hvg
45	50	15	1.0	26	0.31832616561816396	0.6006157159941967	0.04579344599499904	0.27500606555078927	-0.20670901238918304	0.1045500619802624	Zeisel	datasets_original/zeisel.rds	dca	DCA	42	45	cell_type1	cell_id_prefix	3005	1000	9	76	label_free_hvg
45	50	15	1.5	37	0.246836867423059	0.5759253930091764	0.04973571182477314	0.30796523904398165	-0.20670901238918304	0.10391438193619251	Zeisel	datasets_original/zeisel.rds	dca	DCA	42	45	cell_type1	cell_id_prefix	3005	1000	9	76	label_free_hvg
45	50	15	2.0	43	0.18953749808766443	0.5642914463782782	0.05087209751917144	0.31671099620905285	-0.20670901238918304	0.10223447810858488	Zeisel	datasets_original/zeisel.rds	dca	DCA	42	45	cell_type1	cell_id_prefix	3005	1000	9	76	label_free_hvg
45	50	30	0.2	8	0.6607115215233593	0.6717767950233045	0.026921432230004975	0.1937158421915871	-0.20670901238918304	0.17214359599165618	Zeisel	datasets_original/zeisel.rds	dca	DCA	42	45	cell_type1	cell_id_prefix	3005	1000	9	76	label_free_hvg
45	50	30	0.5	16	0.5603535644621995	0.6549392663869024	0.03329895873908409	0.23234766504293952	-0.20670901238918304	0.16706862300634384	Zeisel	datasets_original/zeisel.rds	dca	DCA	42	45	cell_type1	cell_id_prefix	3005	1000	9	76	label_free_hvg
45	50	30	1.0	21	0.3698278329925095	0.6101224043388612	0.04004595193208568	0.25321930029677103	-0.20670901238918304	0.1732240270357579	Zeisel	datasets_original/zeisel.rds	dca	DCA	42	45	cell_type1	cell_id_prefix	3005	1000	9	76	label_free_hvg
45	50	30	1.5	25	0.31883154709733846	0.6040280257069885	0.04404327578989884	0.27163116863308845	-0.20670901238918304	0.17401752900332212	Zeisel	datasets_original/zeisel.rds	dca	DCA	42	45	cell_type1	cell_id_prefix	3005	1000	9	76	label_free_hvg
45	50	30	2.0	28	0.2575048002365771	0.5825899246598938	0.04781947668233646	0.28449712533333826	-0.20670901238918304	0.1721710569690913	Zeisel	datasets_original/zeisel.rds	dca	DCA	42	45	cell_type1	cell_id_prefix	3005	1000	9	76	label_free_hvg
45	100	10	0.2	15	0.5709591276254009	0.6550733272208442	0.032496549179442044	0.224811609759275	-0.20086155831813812	0.08584948093630373	Zeisel	datasets_original/zeisel.rds	dca	DCA	42	45	cell_type1	cell_id_prefix	3005	1000	9	76	label_free_hvg
45	100	10	0.5	23	0.4953746495580855	0.6349950607326905	0.038504659683337376	0.26109014519182056	-0.20086155831813812	0.08595658815465868	Zeisel	datasets_original/zeisel.rds	dca	DCA	42	45	cell_type1	cell_id_prefix	3005	1000	9	76	label_free_hvg
45	100	10	1.0	34	0.2594075752771332	0.5916110563742671	0.04720403425947504	0.2947341097039134	-0.20086155831813812	0.0839900029823184	Zeisel	datasets_original/zeisel.rds	dca	DCA	42	45	cell_type1	cell_id_prefix	3005	1000	9	76	label_free_hvg
45	100	10	1.5	43	0.2081178329920146	0.5736437241150532	0.04982014562335969	0.3158132704998834	-0.20086155831813812	0.08294772007502615	Zeisel	datasets_original/zeisel.rds	dca	DCA	42	45	cell_type1	cell_id_prefix	3005	1000	9	76	label_free_hvg
45	100	10	2.0	47	0.2034704782941432	0.5677864110752332	0.049675102021915954	0.3204987090205952	-0.20086155831813812	0.08449639403261244	Zeisel	datasets_original/zeisel.rds	dca	DCA	42	45	cell_type1	cell_id_prefix	3005	1000	9	76	label_free_hvg
45	100	15	0.2	13	0.6135263086792225	0.6659063956615204	0.030461904979772646	0.21560476219304578	-0.20086155831813812	0.10349844791926444	Zeisel	datasets_original/zeisel.rds	dca	DCA	42	45	cell_type1	cell_id_prefix	3005	1000	9	76	label_free_hvg
45	100	15	0.5	22	0.5117183002382713	0.6356870825471589	0.036401957122376725	0.25357192150788843	-0.20086155831813812	0.10318558290600777	Zeisel	datasets_original/zeisel.rds	dca	DCA	42	45	cell_type1	cell_id_prefix	3005	1000	9	76	label_free_hvg
45	100	15	1.0	27	0.32223444710279187	0.6058332490639833	0.04594466926594272	0.27850336945805576	-0.20086155831813812	0.1021544907707721	Zeisel	datasets_original/zeisel.rds	dca	DCA	42	45	cell_type1	cell_id_prefix	3005	1000	9	76	label_free_hvg
45	100	15	1.5	38	0.2436513133353948	0.5756835275549055	0.04808651581057114	0.3068260960151039	-0.20086155831813812	0.10140790208242834	Zeisel	datasets_original/zeisel.rds	dca	DCA	42	45	cell_type1	cell_id_prefix	3005	1000	9	76	label_free_hvg
45	100	15	2.0	41	0.2005965050387374	0.5627400643057775	0.05263667697698552	0.31540556903873224	-0.20086155831813812	0.10033043893054128	Zeisel	datasets_original/zeisel.rds	dca	DCA	42	45	cell_type1	cell_id_prefix	3005	1000	9	76	label_free_hvg
45	100	30	0.2	9	0.661778088931525	0.6794720999033206	0.029319173909345075	0.2052370574512482	-0.20086155831813812	0.17814114387147129	Zeisel	datasets_original/zeisel.rds	dca	DCA	42	45	cell_type1	cell_id_prefix	3005	1000	9	76	label_free_hvg
45	100	30	0.5	15	0.5604396676911074	0.6518915557427598	0.03186581073752075	0.22800974540023086	-0.20086155831813812	0.17707858397625387	Zeisel	datasets_original/zeisel.rds	dca	DCA	42	45	cell_type1	cell_id_prefix	3005	1000	9	76	label_free_hvg
45	100	30	1.0	21	0.37658289693505587	0.6105830132205657	0.03934137451957239	0.25244604393600967	-0.20086155831813812	0.17877174983732402	Zeisel	datasets_original/zeisel.rds	dca	DCA	42	45	cell_type1	cell_id_prefix	3005	1000	9	76	label_free_hvg
45	100	30	1.5	25	0.31911285310564713	0.6029993451622748	0.045182633997782225	0.2735331185139584	-0.20086155831813812	0.1807901409920305	Zeisel	datasets_original/zeisel.rds	dca	DCA	42	45	cell_type1	cell_id_prefix	3005	1000	9	76	label_free_hvg
45	100	30	2.0	27	0.2733102805463144	0.5887939165163432	0.045888198818353425	0.2767632491093871	-0.20086155831813812	0.17846641200594604	Zeisel	datasets_original/zeisel.rds	dca	DCA	42	45	cell_type1	cell_id_prefix	3005	1000	9	76	label_free_hvg
46	20	10	0.2	15	0.5695248045667856	0.6490887621559532	0.03160000783701137	0.22602030230709183	-0.22932498157024384	0.08402236993424594	Zeisel	datasets_original/zeisel.rds	dca	DCA	42	46	cell_type1	cell_id_prefix	3005	1000	9	76	label_free_hvg
46	20	10	0.5	24	0.4090317278951259	0.6224837904492313	0.03624513069177801	0.2541692085079486	-0.22932498157024384	0.08149746409617364	Zeisel	datasets_original/zeisel.rds	dca	DCA	42	46	cell_type1	cell_id_prefix	3005	1000	9	76	label_free_hvg
46	20	10	1.0	33	0.26520801305419206	0.5857189455224182	0.05051552887749278	0.2958481390241874	-0.22932498157024384	0.08183559379540384	Zeisel	datasets_original/zeisel.rds	dca	DCA	42	46	cell_type1	cell_id_prefix	3005	1000	9	76	label_free_hvg
46	20	10	1.5	42	0.21435708051880317	0.5704233673105403	0.04932124335263871	0.31153080165373415	-0.22932498157024384	0.08222451899200678	Zeisel	datasets_original/zeisel.rds	dca	DCA	42	46	cell_type1	cell_id_prefix	3005	1000	9	76	label_free_hvg
46	20	10	2.0	46	0.18047870936348784	0.5591423055443977	0.05033029981776492	0.3186717335830841	-0.22932498157024384	0.0812771578785032	Zeisel	datasets_original/zeisel.rds	dca	DCA	42	46	cell_type1	cell_id_prefix	3005	1000	9	76	label_free_hvg
46	20	15	0.2	13	0.5960208133989175	0.6657781682818731	0.031214142047202385	0.22172792020985765	-0.22932498157024384	0.10232673189602792	Zeisel	datasets_original/zeisel.rds	dca	DCA	42	46	cell_type1	cell_id_prefix	3005	1000	9	76	label_free_hvg
46	20	15	0.5	22	0.39975822218446616	0.6161413951883472	0.0380693811059272	0.2533287415253429	-0.22932498157024384	0.101596127031371	Zeisel	datasets_original/zeisel.rds	dca	DCA	42	46	cell_type1	cell_id_prefix	3005	1000	9	76	label_free_hvg
46	20	15	1.0	25	0.3750975093778745	0.6160755579550466	0.03965114390943619	0.2592537863459924	-0.22932498157024384	0.10220983088947833	Zeisel	datasets_original/zeisel.rds	dca	DCA	42	46	cell_type1	cell_id_prefix	3005	1000	9	76	label_free_hvg
46	20	15	1.5	34	0.2643766530336001	0.5874228094208532	0.047205331395503265	0.2945082774552748	-0.22932498157024384	0.10393552179448307	Zeisel	datasets_original/zeisel.rds	dca	DCA	42	46	cell_type1	cell_id_prefix	3005	1000	9	76	label_free_hvg
46	20	15	2.0	40	0.20722720100514688	0.5726306287861077	0.05196452378971562	0.3119016997301662	-0.22932498157024384	0.10136767406947911	Zeisel	datasets_original/zeisel.rds	dca	DCA	42	46	cell_type1	cell_id_prefix	3005	1000	9	76	label_free_hvg
46	20	30	0.2	8	0.6716483397746349	0.6749938644612352	0.028880271555641927	0.20050885894811016	-0.22932498157024384	0.1641406228300184	Zeisel	datasets_original/zeisel.rds	dca	DCA	42	46	cell_type1	cell_id_prefix	3005	1000	9	76	label_free_hvg
46	20	30	0.5	15	0.5674052426301317	0.6518134950706301	0.03325061036431953	0.22404951238592805	-0.22932498157024384	0.16579103516414762	Zeisel	datasets_original/zeisel.rds	dca	DCA	42	46	cell_type1	cell_id_prefix	3005	1000	9	76	label_free_hvg
46	20	30	1.0	21	0.3816050468419238	0.6096208028341321	0.03637830930851581	0.24751519184935888	-0.22932498157024384	0.16189274098724127	Zeisel	datasets_original/zeisel.rds	dca	DCA	42	46	cell_type1	cell_id_prefix	3005	1000	9	76	label_free_hvg
46	20	30	1.5	24	0.34269983241614016	0.6091149741673526	0.03772773325002848	0.25621494919516535	-0.22932498157024384	0.16466936585493386	Zeisel	datasets_original/zeisel.rds	dca	DCA	42	46	cell_type1	cell_id_prefix	3005	1000	9	76	label_free_hvg
46	20	30	2.0	28	0.2415238302526605	0.5796125824812022	0.04721203572173388	0.2816853951992585	-0.22932498157024384	0.16968810791149735	Zeisel	datasets_original/zeisel.rds	dca	DCA	42	46	cell_type1	cell_id_prefix	3005	1000	9	76	label_free_hvg
46	50	10	0.2	15	0.5503215347069094	0.6472412477602285	0.03256460982142468	0.22587516725566967	-0.20670916140079498	0.08643896388821304	Zeisel	datasets_original/zeisel.rds	dca	DCA	42	46	cell_type1	cell_id_prefix	3005	1000	9	76	label_free_hvg
46	50	10	0.5	24	0.5219993384363516	0.6422701132701796	0.03568037029522506	0.2574630029023936	-0.20670916140079498	0.08384536602534354	Zeisel	datasets_original/zeisel.rds	dca	DCA	42	46	cell_type1	cell_id_prefix	3005	1000	9	76	label_free_hvg
46	50	10	1.0	31	0.3017438597312625	0.5973539974155024	0.046651895061228285	0.286486705431764	-0.20670916140079498	0.08282554592005908	Zeisel	datasets_original/zeisel.rds	dca	DCA	42	46	cell_type1	cell_id_prefix	3005	1000	9	76	label_free_hvg
46	50	10	1.5	45	0.19797678939126961	0.5661032496748274	0.052648029898444304	0.32282202670950444	-0.20670916140079498	0.08187619992531836	Zeisel	datasets_original/zeisel.rds	dca	DCA	42	46	cell_type1	cell_id_prefix	3005	1000	9	76	label_free_hvg
46	50	10	2.0	47	0.18866440865656245	0.5648355021198436	0.05284408503540851	0.3242117910535149	-0.20670916140079498	0.083268673857674	Zeisel	datasets_original/zeisel.rds	dca	DCA	42	46	cell_type1	cell_id_prefix	3005	1000	9	76	label_free_hvg
46	50	15	0.2	12	0.6200058595191656	0.6656844571638801	0.029743973871261212	0.21250190909091296	-0.20670916140079498	0.10401789005845785	Zeisel	datasets_original/zeisel.rds	dca	DCA	42	46	cell_type1	cell_id_prefix	3005	1000	9	76	label_free_hvg
46	50	15	0.5	22	0.48892936596746356	0.6368432703259307	0.03872607505261727	0.25919144163788815	-0.20670916140079498	0.10371443908661604	Zeisel	datasets_original/zeisel.rds	dca	DCA	42	46	cell_type1	cell_id_prefix	3005	1000	9	76	label_free_hvg
46	50	15	1.0	27	0.31902782928648415	0.6037758776416499	0.04546314077138499	0.27562726548019195	-0.20670916140079498	0.10391300497576594	Zeisel	datasets_original/zeisel.rds	dca	DCA	42	46	cell_type1	cell_id_prefix	3005	1000	9	76	label_free_hvg
46	50	15	1.5	37	0.24346396626741262	0.5780680420743393	0.047278324922913895	0.3043344836966443	-0.20670916140079498	0.10229377006180584	Zeisel	datasets_original/zeisel.rds	dca	DCA	42	46	cell_type1	cell_id_prefix	3005	1000	9	76	label_free_hvg
46	50	15	2.0	41	0.20759804237521168	0.5694079994693749	0.05251410762276325	0.31660086214981614	-0.20670916140079498	0.10390914720483124	Zeisel	datasets_original/zeisel.rds	dca	DCA	42	46	cell_type1	cell_id_prefix	3005	1000	9	76	label_free_hvg
46	50	30	0.2	9	0.620721041843362	0.6507592967020694	0.028668429832428833	0.2016556201290858	-0.20670916140079498	0.16583134699612856	Zeisel	datasets_original/zeisel.rds	dca	DCA	42	46	cell_type1	cell_id_prefix	3005	1000	9	76	label_free_hvg
46	50	30	0.5	16	0.5128804899425066	0.6425094057678155	0.03650677027273513	0.24194778656991106	-0.20670916140079498	0.16270516510121524	Zeisel	datasets_original/zeisel.rds	dca	DCA	42	46	cell_type1	cell_id_prefix	3005	1000	9	76	label_free_hvg
46	50	30	1.0	21	0.3718768791010767	0.6099340027861664	0.04013037585077138	0.2533526691508321	-0.20670916140079498	0.1636946890503168	Zeisel	datasets_original/zeisel.rds	dca	DCA	42	46	cell_type1	cell_id_prefix	3005	1000	9	76	label_free_hvg
46	50	30	1.5	25	0.33017109758425617	0.6055906398930176	0.04508582173856963	0.27277850583672253	-0.20670916140079498	0.1647323181387037	Zeisel	datasets_original/zeisel.rds	dca	DCA	42	46	cell_type1	cell_id_prefix	3005	1000	9	76	label_free_hvg
46	50	30	2.0	28	0.2582144220083245	0.5823685618869636	0.0479495581313464	0.2847491638031248	-0.20670916140079498	0.16609142208471894	Zeisel	datasets_original/zeisel.rds	dca	DCA	42	46	cell_type1	cell_id_prefix	3005	1000	9	76	label_free_hvg
46	100	10	0.2	16	0.5518677644211597	0.6467394061916817	0.03276093860535756	0.2299471766774985	-0.20089177787303925	0.08669886109419167	Zeisel	datasets_original/zeisel.rds	dca	DCA	42	46	cell_type1	cell_id_prefix	3005	1000	9	76	label_free_hvg
46	100	10	0.5	23	0.5156133329931141	0.6369488992580614	0.03616966042290827	0.25638436908339174	-0.20089177787303925	0.08537123189307749	Zeisel	datasets_original/zeisel.rds	dca	DCA	42	46	cell_type1	cell_id_prefix	3005	1000	9	76	label_free_hvg
46	100	10	1.0	33	0.30544950011413396	0.602794669408288	0.04463700477681265	0.2919307445031794	-0.20089177787303925	0.08439550409093499	Zeisel	datasets_original/zeisel.rds	dca	DCA	42	46	cell_type1	cell_id_prefix	3005	1000	9	76	label_free_hvg
46	100	10	1.5	43	0.23240936254391326	0.5816179169235965	0.05033951634807137	0.3164283580851063	-0.20089177787303925	0.08508971007540822	Zeisel	datasets_original/zeisel.rds	dca	DCA	42	46	cell_type1	cell_id_prefix	3005	1000	9	76	label_free_hvg
46	100	10	2.0	47	0.18305645574810497	0.5642597971915285	0.05103915712760214	0.32170757000345246	-0.20089177787303925	0.08491653297096491	Zeisel	datasets_original/zeisel.rds	dca	DCA	42	46	cell_type1	cell_id_prefix	3005	1000	9	76	label_free_hvg
46	100	15	0.2	13	0.6228441562825893	0.6683325313131834	0.029861965997327277	0.21523297201223315	-0.20089177787303925	0.10578724183142185	Zeisel	datasets_original/zeisel.rds	dca	DCA	42	46	cell_type1	cell_id_prefix	3005	1000	9	76	label_free_hvg
46	100	15	0.5	22	0.48946105369272536	0.632179283611089	0.038539335007582075	0.2574296400964777	-0.20089177787303925	0.10520766815170646	Zeisel	datasets_original/zeisel.rds	dca	DCA	42	46	cell_type1	cell_id_prefix	3005	1000	9	76	label_free_hvg
46	100	15	1.0	27	0.3265597707206371	0.6071925049654591	0.04610656935092371	0.2788830117125616	-0.20089177787303925	0.10269091301597655	Zeisel	datasets_original/zeisel.rds	dca	DCA	42	46	cell_type1	cell_id_prefix	3005	1000	9	76	label_free_hvg
46	100	15	1.5	38	0.23136773533377375	0.5713400819632352	0.050342722276654935	0.31086459103431036	-0.20089177787303925	0.10571670206263661	Zeisel	datasets_original/zeisel.rds	dca	DCA	42	46	cell_type1	cell_id_prefix	3005	1000	9	76	label_free_hvg
46	100	15	2.0	40	0.2109561027500736	0.569510176184048	0.051985925618571675	0.3142609179108473	-0.20089177787303925	0.1033649081364274	Zeisel	datasets_original/zeisel.rds	dca	DCA	42	46	cell_type1	cell_id_prefix	3005	1000	9	76	label_free_hvg
46	100	30	0.2	9	0.6601836040554018	0.6777641240603675	0.029287428386172758	0.20526323545372835	-0.20089177787303925	0.16683119907975197	Zeisel	datasets_original/zeisel.rds	dca	DCA	42	46	cell_type1	cell_id_prefix	3005	1000	9	76	label_free_hvg
46	100	30	0.5	15	0.5520366037456672	0.64999178756975	0.03241603797313568	0.23037974422833368	-0.20089177787303925	0.16570157604292035	Zeisel	datasets_original/zeisel.rds	dca	DCA	42	46	cell_type1	cell_id_prefix	3005	1000	9	76	label_free_hvg
46	100	30	1.0	21	0.37445774485453087	0.6115241335673716	0.04007876888345204	0.25376457132687946	-0.20089177787303925	0.16816177312284708	Zeisel	datasets_original/zeisel.rds	dca	DCA	42	46	cell_type1	cell_id_prefix	3005	1000	9	76	label_free_hvg
46	100	30	1.5	25	0.32063763455565636	0.6040156610512395	0.04526644946125096	0.27425258100298866	-0.20089177787303925	0.16750854603014886	Zeisel	datasets_original/zeisel.rds	dca	DCA	42	46	cell_type1	cell_id_prefix	3005	1000	9	76	label_free_hvg
46	100	30	2.0	27	0.2733390320392465	0.5901789935799168	0.04799300004110187	0.28073672902418356	-0.20089177787303925	0.16874530189670622	Zeisel	datasets_original/zeisel.rds	dca	DCA	42	46	cell_type1	cell_id_prefix	3005	1000	9	76	label_free_hvg
42	20	10	0.2	17	0.54836636348311	0.6237076552236303	0.032656751006738406	0.2396636481460863	-0.24471445381641388	0.08398892497643828	Zeisel	datasets_original/zeisel.rds	scvi	scVI	42	42	cell_type1	cell_id_prefix	3005	1000	9	76	label_free_hvg
42	20	10	0.5	24	0.3836432029580246	0.6095000281204996	0.037104931211976014	0.2571796136815001	-0.24471445381641388	0.08269320405088365	Zeisel	datasets_original/zeisel.rds	scvi	scVI	42	42	cell_type1	cell_id_prefix	3005	1000	9	76	label_free_hvg
42	20	10	1.0	34	0.2559603064218467	0.5731739835596318	0.04458413895375153	0.2884242494531321	-0.24471445381641388	0.08151106699369848	Zeisel	datasets_original/zeisel.rds	scvi	scVI	42	42	cell_type1	cell_id_prefix	3005	1000	9	76	label_free_hvg
42	20	10	1.5	44	0.22081525560139695	0.5633192639312032	0.04851139830481189	0.31385153821171463	-0.24471445381641388	0.08125460799783468	Zeisel	datasets_original/zeisel.rds	scvi	scVI	42	42	cell_type1	cell_id_prefix	3005	1000	9	76	label_free_hvg
42	20	10	2.0	49	0.1991824830662674	0.5620040457957607	0.047297445069077015	0.32061076013865986	-0.24471445381641388	0.08203177712857723	Zeisel	datasets_original/zeisel.rds	scvi	scVI	42	42	cell_type1	cell_id_prefix	3005	1000	9	76	label_free_hvg
42	20	15	0.2	14	0.6021327727759143	0.6520760916220544	0.0316244185316827	0.222625721936184	-0.24471445381641388	0.10065566003322601	Zeisel	datasets_original/zeisel.rds	scvi	scVI	42	42	cell_type1	cell_id_prefix	3005	1000	9	76	label_free_hvg
42	20	15	0.5	24	0.40258254940357846	0.6168506666787762	0.0354197909811324	0.2534451913921187	-0.24471445381641388	0.09928498603403568	Zeisel	datasets_original/zeisel.rds	scvi	scVI	42	42	cell_type1	cell_id_prefix	3005	1000	9	76	label_free_hvg
42	20	15	1.0	29	0.31938903980021016	0.595785299208236	0.04433625208584475	0.2854120871596749	-0.24471445381641388	0.09900382300838828	Zeisel	datasets_original/zeisel.rds	scvi	scVI	42	42	cell_type1	cell_id_prefix	3005	1000	9	76	label_free_hvg
42	20	15	1.5	34	0.26066838158964406	0.5792587381286582	0.04290131358718477	0.29209076693420444	-0.24471445381641388	0.09829130512662232	Zeisel	datasets_original/zeisel.rds	scvi	scVI	42	42	cell_type1	cell_id_prefix	3005	1000	9	76	label_free_hvg
42	20	15	2.0	39	0.20622345149147453	0.5622624760604915	0.0476667648909563	0.3058771218436456	-0.24471445381641388	0.09875785303302109	Zeisel	datasets_original/zeisel.rds	scvi	scVI	42	42	cell_type1	cell_id_prefix	3005	1000	9	76	label_free_hvg
42	20	30	0.2	12	0.6054960053793249	0.6515020273381477	0.027807288954844567	0.20841993358604968	-0.24471445381641388	0.16815809183754027	Zeisel	datasets_original/zeisel.rds	scvi	scVI	42	42	cell_type1	cell_id_prefix	3005	1000	9	76	label_free_hvg
42	20	30	0.5	20	0.38946934840841346	0.6119873988391549	0.03435188262313774	0.24188903291765818	-0.24471445381641388	0.16544524393975735	Zeisel	datasets_original/zeisel.rds	scvi	scVI	42	42	cell_type1	cell_id_prefix	3005	1000	9	76	label_free_hvg
42	20	30	1.0	23	0.37810630108770743	0.6140455507814947	0.03848410234604672	0.25459080594550737	-0.24471445381641388	0.16789027606137097	Zeisel	datasets_original/zeisel.rds	scvi	scVI	42	42	cell_type1	cell_id_prefix	3005	1000	9	76	label_free_hvg
42	20	30	1.5	28	0.2802803065016633	0.5918674076175178	0.043302003513160894	0.2773653661434718	-0.24471445381641388	0.16610220912843943	Zeisel	datasets_original/zeisel.rds	scvi	scVI	42	42	cell_type1	cell_id_prefix	3005	1000	9	76	label_free_hvg
42	20	30	2.0	30	0.2679435843005593	0.5855055064546285	0.04421482939000972	0.28280484380257176	-0.24471445381641388	0.16658863704651594	Zeisel	datasets_original/zeisel.rds	scvi	scVI	42	42	cell_type1	cell_id_prefix	3005	1000	9	76	label_free_hvg
42	50	10	0.2	17	0.5929858348174413	0.6442515113995344	0.03279508962319421	0.23956574134549347	-0.2110198438167572	0.08722490211948752	Zeisel	datasets_original/zeisel.rds	scvi	scVI	42	42	cell_type1	cell_id_prefix	3005	1000	9	76	label_free_hvg
42	50	10	0.5	28	0.4550167552049163	0.6112632294025045	0.04165134728441091	0.28895912040758664	-0.2110198438167572	0.08197274408303201	Zeisel	datasets_original/zeisel.rds	scvi	scVI	42	42	cell_type1	cell_id_prefix	3005	1000	9	76	label_free_hvg
42	50	10	1.0	34	0.28698354870797527	0.5742652042776041	0.04680672432832731	0.3018688010233743	-0.2110198438167572	0.08155518816784024	Zeisel	datasets_original/zeisel.rds	scvi	scVI	42	42	cell_type1	cell_id_prefix	3005	1000	9	76	label_free_hvg
42	50	10	1.5	43	0.20499408880984826	0.5533976914836019	0.04915274908341528	0.3192684213699679	-0.2110198438167572	0.08169371890835464	Zeisel	datasets_original/zeisel.rds	scvi	scVI	42	42	cell_type1	cell_id_prefix	3005	1000	9	76	label_free_hvg
42	50	10	2.0	49	0.18515811171794827	0.5465232706168464	0.05238994961768148	0.33165686100076963	-0.2110198438167572	0.08232645597308874	Zeisel	datasets_original/zeisel.rds	scvi	scVI	42	42	cell_type1	cell_id_prefix	3005	1000	9	76	label_free_hvg
42	50	15	0.2	15	0.6096439255245912	0.6459230923791387	0.03163114232911159	0.23012485028863874	-0.2110198438167572	0.10257159103639424	Zeisel	datasets_original/zeisel.rds	scvi	scVI	42	42	cell_type1	cell_id_prefix	3005	1000	9	76	label_free_hvg
42	50	15	0.5	22	0.4966646976048954	0.6246455475166782	0.03709134074971075	0.25982134527905903	-0.2110198438167572	0.10039284802041948	Zeisel	datasets_original/zeisel.rds	scvi	scVI	42	42	cell_type1	cell_id_prefix	3005	1000	9	76	label_free_hvg
42	50	15	1.0	30	0.29847153857344816	0.5825745099610904	0.0448723140523446	0.2912740656706	-0.2110198438167572	0.101618607994169	Zeisel	datasets_original/zeisel.rds	scvi	scVI	42	42	cell_type1	cell_id_prefix	3005	1000	9	76	label_free_hvg
42	50	15	1.5	36	0.24177616037749697	0.5678868818531588	0.046968493536763876	0.306672505852315	-0.2110198438167572	0.12987919198349118	Zeisel	datasets_original/zeisel.rds	scvi	scVI	42	42	cell_type1	cell_id_prefix	3005	1000	9	76	label_free_hvg
42	50	15	2.0	41	0.20356871034478904	0.557164809537923	0.05001834652862824	0.31941796514135395	-0.2110198438167572	0.10503873089328408	Zeisel	datasets_original/zeisel.rds	scvi	scVI	42	42	cell_type1	cell_id_prefix	3005	1000	9	76	label_free_hvg
42	50	30	0.2	12	0.6538831293156697	0.6745660740855248	0.029765208397222347	0.2172133856437204	-0.2110198438167572	0.16823641397058964	Zeisel	datasets_original/zeisel.rds	scvi	scVI	42	42	cell_type1	cell_id_prefix	3005	1000	9	76	label_free_hvg
42	50	30	0.5	18	0.5687242595483584	0.6475591326862449	0.03252519640387694	0.2412437065739165	-0.2110198438167572	0.1666691298596561	Zeisel	datasets_original/zeisel.rds	scvi	scVI	42	42	cell_type1	cell_id_prefix	3005	1000	9	76	label_free_hvg
42	50	30	1.0	22	0.38058453822029514	0.6154981489691507	0.03782588352789658	0.25399818895039045	-0.2110198438167572	0.16274622385390103	Zeisel	datasets_original/zeisel.rds	scvi	scVI	42	42	cell_type1	cell_id_prefix	3005	1000	9	76	label_free_hvg
42	50	30	1.5	29	0.3083793538959448	0.5961394487693664	0.0462603842612639	0.28684932019495873	-0.2110198438167572	0.1651898620184511	Zeisel	datasets_original/zeisel.rds	scvi	scVI	42	42	cell_type1	cell_id_prefix	3005	1000	9	76	label_free_hvg
42	50	30	2.0	32	0.2513942288228739	0.5805108063805066	0.049495294937941886	0.29971107332730174	-0.2110198438167572	0.1640106539707631	Zeisel	datasets_original/zeisel.rds	scvi	scVI	42	42	cell_type1	cell_id_prefix	3005	1000	9	76	label_free_hvg
42	100	10	0.2	17	0.5942853794753125	0.642428684766126	0.03425260035157919	0.24410921598538476	-0.20151396095752716	0.08516674512065947	Zeisel	datasets_original/zeisel.rds	scvi	scVI	42	42	cell_type1	cell_id_prefix	3005	1000	9	76	label_free_hvg
42	100	10	0.5	23	0.4909516906011382	0.6140001290399203	0.0379477859481338	0.26732080382725104	-0.20151396095752716	0.08443042705766857	Zeisel	datasets_original/zeisel.rds	scvi	scVI	42	42	cell_type1	cell_id_prefix	3005	1000	9	76	label_free_hvg
42	100	10	1.0	35	0.24194764102220304	0.5622759910647085	0.05048261087172137	0.30614542546484586	-0.20151396095752716	0.08321251883171499	Zeisel	datasets_original/zeisel.rds	scvi	scVI	42	42	cell_type1	cell_id_prefix	3005	1000	9	76	label_free_hvg
42	100	10	1.5	42	0.20883046963892235	0.5566755872682813	0.0492950941186658	0.3179434495814461	-0.20151396095752716	0.08246469288133085	Zeisel	datasets_original/zeisel.rds	scvi	scVI	42	42	cell_type1	cell_id_prefix	3005	1000	9	76	label_free_hvg
42	100	10	2.0	48	0.18738429805188067	0.5441986153043137	0.05106112648295096	0.32978987379189245	-0.20151396095752716	0.08236419502645731	Zeisel	datasets_original/zeisel.rds	scvi	scVI	42	42	cell_type1	cell_id_prefix	3005	1000	9	76	label_free_hvg
42	100	15	0.2	15	0.6087009435613834	0.645670378497246	0.03161422534651571	0.23013363169765502	-0.20151396095752716	0.10511134518310428	Zeisel	datasets_original/zeisel.rds	scvi	scVI	42	42	cell_type1	cell_id_prefix	3005	1000	9	76	label_free_hvg
42	100	15	0.5	21	0.5256174379794243	0.628107975900944	0.03463707401464571	0.25398183190891804	-0.20151396095752716	0.10378509294241667	Zeisel	datasets_original/zeisel.rds	scvi	scVI	42	42	cell_type1	cell_id_prefix	3005	1000	9	76	label_free_hvg
42	100	15	1.0	30	0.33149198299190336	0.5900117850978964	0.041647763877742924	0.28544293515503444	-0.20151396095752716	0.10366028104908764	Zeisel	datasets_original/zeisel.rds	scvi	scVI	42	42	cell_type1	cell_id_prefix	3005	1000	9	76	label_free_hvg
42	100	15	1.5	34	0.29144099573344434	0.5830826344828973	0.04691438341729465	0.3074553515922633	-0.20151396095752716	0.10249122488312423	Zeisel	datasets_original/zeisel.rds	scvi	scVI	42	42	cell_type1	cell_id_prefix	3005	1000	9	76	label_free_hvg
42	100	15	2.0	38	0.21649237519416217	0.5626990154252158	0.049789512630584946	0.31388825165465517	-0.20151396095752716	0.10238348506391048	Zeisel	datasets_original/zeisel.rds	scvi	scVI	42	42	cell_type1	cell_id_prefix	3005	1000	9	76	label_free_hvg
42	100	30	0.2	11	0.661574615429883	0.6817939378463665	0.02961920440878426	0.21300279936877972	-0.20151396095752716	0.17100046994164586	Zeisel	datasets_original/zeisel.rds	scvi	scVI	42	42	cell_type1	cell_id_prefix	3005	1000	9	76	label_free_hvg
42	100	30	0.5	18	0.5644924412634615	0.6374589949982996	0.03250740950752929	0.2408847667830067	-0.20151396095752716	0.17278687399812043	Zeisel	datasets_original/zeisel.rds	scvi	scVI	42	42	cell_type1	cell_id_prefix	3005	1000	9	76	label_free_hvg
42	100	30	1.0	23	0.37982466422540434	0.6154116186356762	0.037507303816178054	0.25611174297440914	-0.20151396095752716	0.1728048399090767	Zeisel	datasets_original/zeisel.rds	scvi	scVI	42	42	cell_type1	cell_id_prefix	3005	1000	9	76	label_free_hvg
42	100	30	1.5	27	0.3299001768524576	0.6024667111622153	0.045332498904369044	0.2810827713355285	-0.20151396095752716	0.16924637998454273	Zeisel	datasets_original/zeisel.rds	scvi	scVI	42	42	cell_type1	cell_id_prefix	3005	1000	9	76	label_free_hvg
42	100	30	2.0	31	0.25420711215729697	0.5796141803126564	0.047794280083765364	0.2955007892952421	-0.20151396095752716	0.17057540197856724	Zeisel	datasets_original/zeisel.rds	scvi	scVI	42	42	cell_type1	cell_id_prefix	3005	1000	9	76	label_free_hvg
43	20	10	0.2	17	0.5749117298042378	0.6439635390976182	0.03371100338186503	0.2451428763382125	-0.23941262066364288	0.08322047092951834	Zeisel	datasets_original/zeisel.rds	scvi	scVI	43	43	cell_type1	cell_id_prefix	3005	1000	9	76	label_free_hvg
43	20	10	0.5	23	0.40303675927842664	0.6163556658373686	0.035392589801231035	0.255146336361521	-0.23941262066364288	0.0808399731758982	Zeisel	datasets_original/zeisel.rds	scvi	scVI	43	43	cell_type1	cell_id_prefix	3005	1000	9	76	label_free_hvg
43	20	10	1.0	35	0.2853013286142146	0.5830928378515459	0.04436521731393225	0.2975506877863524	-0.23941262066364288	0.08068792708218098	Zeisel	datasets_original/zeisel.rds	scvi	scVI	43	43	cell_type1	cell_id_prefix	3005	1000	9	76	label_free_hvg
43	20	10	1.5	44	0.17695328004983707	0.5555960119877168	0.048876353013832245	0.3128301054876896	-0.23941262066364288	0.08100348897278309	Zeisel	datasets_original/zeisel.rds	scvi	scVI	43	43	cell_type1	cell_id_prefix	3005	1000	9	76	label_free_hvg
43	20	10	2.0	52	0.15144114225759842	0.5491052843479735	0.04874806375200122	0.3253567924151869	-0.23941262066364288	0.08007916994392872	Zeisel	datasets_original/zeisel.rds	scvi	scVI	43	43	cell_type1	cell_id_prefix	3005	1000	9	76	label_free_hvg
43	20	15	0.2	15	0.5976424407953692	0.6412548985595109	0.03074872837439635	0.2289753826684171	-0.23941262066364288	0.10195860592648387	Zeisel	datasets_original/zeisel.rds	scvi	scVI	43	43	cell_type1	cell_id_prefix	3005	1000	9	76	label_free_hvg
43	20	15	0.5	23	0.40726414446619724	0.6271740587051585	0.03569864389610532	0.255291001209923	-0.23941262066364288	0.09995237202383578	Zeisel	datasets_original/zeisel.rds	scvi	scVI	43	43	cell_type1	cell_id_prefix	3005	1000	9	76	label_free_hvg
43	20	15	1.0	29	0.28691464052354065	0.5914581247221329	0.04352236852960423	0.27886719165964763	-0.23941262066364288	0.10062116710469127	Zeisel	datasets_original/zeisel.rds	scvi	scVI	43	43	cell_type1	cell_id_prefix	3005	1000	9	76	label_free_hvg
43	20	15	1.5	31	0.2668474925551875	0.5841581384822497	0.04504727303809854	0.28559870129038406	-0.23941262066364288	0.10007196199148893	Zeisel	datasets_original/zeisel.rds	scvi	scVI	43	43	cell_type1	cell_id_prefix	3005	1000	9	76	label_free_hvg
43	20	15	2.0	37	0.20692702665337073	0.563099748736515	0.04699261837738972	0.2980427737149951	-0.23941262066364288	0.1002137609757483	Zeisel	datasets_original/zeisel.rds	scvi	scVI	43	43	cell_type1	cell_id_prefix	3005	1000	9	76	label_free_hvg
43	20	30	0.2	12	0.6424764266544452	0.6612724250085532	0.029304097660799954	0.21907493426627317	-0.23941262066364288	0.1657157400622964	Zeisel	datasets_original/zeisel.rds	scvi	scVI	43	43	cell_type1	cell_id_prefix	3005	1000	9	76	label_free_hvg
43	20	30	0.5	16	0.5520710255488882	0.6370181168261346	0.031657314782319736	0.22573203576467415	-0.23941262066364288	0.1689299789723009	Zeisel	datasets_original/zeisel.rds	scvi	scVI	43	43	cell_type1	cell_id_prefix	3005	1000	9	76	label_free_hvg
43	20	30	1.0	24	0.3930595812083895	0.6185625731375244	0.03513391343519031	0.25542463296099455	-0.23941262066364288	0.1628075719345361	Zeisel	datasets_original/zeisel.rds	scvi	scVI	43	43	cell_type1	cell_id_prefix	3005	1000	9	76	label_free_hvg
43	20	30	1.5	26	0.30991910169955267	0.5974375783638869	0.042207659959526675	0.271308454998935	-0.23941262066364288	0.1660877880640328	Zeisel	datasets_original/zeisel.rds	scvi	scVI	43	43	cell_type1	cell_id_prefix	3005	1000	9	76	label_free_hvg
43	20	30	2.0	29	0.27067017872853627	0.5844667050427091	0.046229198851397174	0.28273379943361104	-0.23941262066364288	0.1623036889359355	Zeisel	datasets_original/zeisel.rds	scvi	scVI	43	43	cell_type1	cell_id_prefix	3005	1000	9	76	label_free_hvg
43	50	10	0.2	18	0.5626565458988966	0.6339843067917721	0.033464029807966075	0.2447547619015929	-0.20727324485778809	0.08305510110221803	Zeisel	datasets_original/zeisel.rds	scvi	scVI	43	43	cell_type1	cell_id_prefix	3005	1000	9	76	label_free_hvg
43	50	10	0.5	26	0.38241690796521843	0.6114230977584778	0.03721535542971433	0.2650720846544568	-0.20727324485778809	0.08164878701791167	Zeisel	datasets_original/zeisel.rds	scvi	scVI	43	43	cell_type1	cell_id_prefix	3005	1000	9	76	label_free_hvg
43	50	10	1.0	33	0.2891514718129822	0.5767452137908828	0.046538996431839376	0.30175641808628784	-0.20727324485778809	0.08133829990401864	Zeisel	datasets_original/zeisel.rds	scvi	scVI	43	43	cell_type1	cell_id_prefix	3005	1000	9	76	label_free_hvg
43	50	10	1.5	42	0.25038733262505625	0.5687940265288072	0.045941165644418504	0.313628407149678	-0.20727324485778809	0.08215754712000489	Zeisel	datasets_original/zeisel.rds	scvi	scVI	43	43	cell_type1	cell_id_prefix	3005	1000	9	76	label_free_hvg
43	50	10	2.0	50	0.2090962113770846	0.5608434170042782	0.04852919893002833	0.32434732726942195	-0.20727324485778809	0.08158698491752148	Zeisel	datasets_original/zeisel.rds	scvi	scVI	43	43	cell_type1	cell_id_prefix	3005	1000	9	76	label_free_hvg
43	50	15	0.2	16	0.5847760372672862	0.6265892895380131	0.030823479461796564	0.22908478100293422	-0.20727324485778809	0.10247059003449976	Zeisel	datasets_original/zeisel.rds	scvi	scVI	43	43	cell_type1	cell_id_prefix	3005	1000	9	76	label_free_hvg
43	50	15	0.5	21	0.3850872312165176	0.6055878416632902	0.036885769342306786	0.2552350155951041	-0.20727324485778809	0.10158682009205222	Zeisel	datasets_original/zeisel.rds	scvi	scVI	43	43	cell_type1	cell_id_prefix	3005	1000	9	76	label_free_hvg
43	50	15	1.0	32	0.3113293498923798	0.5915260154820794	0.04322630153472219	0.29309163725069265	-0.20727324485778809	0.10065039107576013	Zeisel	datasets_original/zeisel.rds	scvi	scVI	43	43	cell_type1	cell_id_prefix	3005	1000	9	76	label_free_hvg
43	50	15	1.5	35	0.2496593087018257	0.5711490137150862	0.04525585163913725	0.2973023933771418	-0.20727324485778809	0.09957656101323664	Zeisel	datasets_original/zeisel.rds	scvi	scVI	43	43	cell_type1	cell_id_prefix	3005	1000	9	76	label_free_hvg
43	50	15	2.0	41	0.22827105619323837	0.5600680265966276	0.04627279587032999	0.31221937859332977	-0.20727324485778809	0.10267841094173491	Zeisel	datasets_original/zeisel.rds	scvi	scVI	43	43	cell_type1	cell_id_prefix	3005	1000	9	76	label_free_hvg
43	50	30	0.2	11	0.6583470278902412	0.6755592603524624	0.030101470614780714	0.21526496703218873	-0.20727324485778809	0.17434969590976834	Zeisel	datasets_original/zeisel.rds	scvi	scVI	43	43	cell_type1	cell_id_prefix	3005	1000	9	76	label_free_hvg
43	50	30	0.5	18	0.5771200223319006	0.6457919155421169	0.03326678429211501	0.245851458679617	-0.20727324485778809	0.17187837604433298	Zeisel	datasets_original/zeisel.rds	scvi	scVI	43	43	cell_type1	cell_id_prefix	3005	1000	9	76	label_free_hvg
43	50	30	1.0	23	0.4051000266299707	0.6234491805317786	0.036944603849320516	0.25758384786340105	-0.20727324485778809	0.16391628398559988	Zeisel	datasets_original/zeisel.rds	scvi	scVI	43	43	cell_type1	cell_id_prefix	3005	1000	9	76	label_free_hvg
43	50	30	1.5	28	0.3216366615822603	0.5954410646755363	0.04334905150185267	0.2821692890897948	-0.20727324485778809	0.16433851816691458	Zeisel	datasets_original/zeisel.rds	scvi	scVI	43	43	cell_type1	cell_id_prefix	3005	1000	9	76	label_free_hvg
43	50	30	2.0	29	0.28894997989218935	0.5868650933771384	0.04833642809778269	0.29298782083765895	-0.20727324485778809	0.16595206689089537	Zeisel	datasets_original/zeisel.rds	scvi	scVI	43	43	cell_type1	cell_id_prefix	3005	1000	9	76	label_free_hvg
43	100	10	0.2	17	0.6270945514930562	0.6516981753733903	0.03161501019070873	0.24308184639824001	-0.1981622874736786	0.08592841099016368	Zeisel	datasets_original/zeisel.rds	scvi	scVI	43	43	cell_type1	cell_id_prefix	3005	1000	9	76	label_free_hvg
43	100	10	0.5	25	0.41020569835775966	0.6200323787749271	0.03602543418116089	0.26482041522214794	-0.1981622874736786	0.08297455590218306	Zeisel	datasets_original/zeisel.rds	scvi	scVI	43	43	cell_type1	cell_id_prefix	3005	1000	9	76	label_free_hvg
43	100	10	1.0	36	0.286527097559601	0.5806114667960403	0.04604872131995438	0.3034578731067672	-0.1981622874736786	0.08269925299100578	Zeisel	datasets_original/zeisel.rds	scvi	scVI	43	43	cell_type1	cell_id_prefix	3005	1000	9	76	label_free_hvg
43	100	10	1.5	44	0.23727508126053407	0.5670391637593578	0.04657711263507237	0.3149383874843434	-0.1981622874736786	0.0827544629573822	Zeisel	datasets_original/zeisel.rds	scvi	scVI	43	43	cell_type1	cell_id_prefix	3005	1000	9	76	label_free_hvg
43	100	10	2.0	53	0.17196501174964696	0.5493388752577417	0.04686227797531301	0.3237471914039718	-0.1981622874736786	0.08211736800149083	Zeisel	datasets_original/zeisel.rds	scvi	scVI	43	43	cell_type1	cell_id_prefix	3005	1000	9	76	label_free_hvg
43	100	15	0.2	13	0.60307851412805	0.6383229999215309	0.03178231893474412	0.22157958110452144	-0.1981622874736786	0.10196279687806964	Zeisel	datasets_original/zeisel.rds	scvi	scVI	43	43	cell_type1	cell_id_prefix	3005	1000	9	76	label_free_hvg
43	100	15	0.5	22	0.5512797472967566	0.6465669473916928	0.03496084099235537	0.2562722860519637	-0.1981622874736786	0.10164326103404164	Zeisel	datasets_original/zeisel.rds	scvi	scVI	43	43	cell_type1	cell_id_prefix	3005	1000	9	76	label_free_hvg
43	100	15	1.0	31	0.3011925264440533	0.5897059173000097	0.04380398777130367	0.2898470146227774	-0.1981622874736786	0.10192461498081684	Zeisel	datasets_original/zeisel.rds	scvi	scVI	43	43	cell_type1	cell_id_prefix	3005	1000	9	76	label_free_hvg
43	100	15	1.5	34	0.28300853805205234	0.5879378423996318	0.046123546625777584	0.29960331292560755	-0.1981622874736786	0.10048588598147035	Zeisel	datasets_original/zeisel.rds	scvi	scVI	43	43	cell_type1	cell_id_prefix	3005	1000	9	76	label_free_hvg
43	100	15	2.0	39	0.24765659181006194	0.5710615294343272	0.04765323456069634	0.3116361031563644	-0.1981622874736786	0.1020803798455745	Zeisel	datasets_original/zeisel.rds	scvi	scVI	43	43	cell_type1	cell_id_prefix	3005	1000	9	76	label_free_hvg
43	100	30	0.2	10	0.6499953536617272	0.6748228607609091	0.030171122189319156	0.21259225107440846	-0.1981622874736786	0.17907481803558767	Zeisel	datasets_original/zeisel.rds	scvi	scVI	43	43	cell_type1	cell_id_prefix	3005	1000	9	76	label_free_hvg
43	100	30	0.5	16	0.5861481980110805	0.6537014717203167	0.032517643296696735	0.23600789697713143	-0.1981622874736786	0.17511713597923517	Zeisel	datasets_original/zeisel.rds	scvi	scVI	43	43	cell_type1	cell_id_prefix	3005	1000	9	76	label_free_hvg
43	100	30	1.0	22	0.4128978585361008	0.6255612690362209	0.03591708656256699	0.25373638419311784	-0.1981622874736786	0.16436878289096057	Zeisel	datasets_original/zeisel.rds	scvi	scVI	43	43	cell_type1	cell_id_prefix	3005	1000	9	76	label_free_hvg
43	100	30	1.5	27	0.32319285652904856	0.595210683016039	0.04292069374124928	0.2778157252960385	-0.1981622874736786	0.16646732785739005	Zeisel	datasets_original/zeisel.rds	scvi	scVI	43	43	cell_type1	cell_id_prefix	3005	1000	9	76	label_free_hvg
43	100	30	2.0	29	0.3058863935511574	0.5891317821615073	0.044829865313766266	0.2889574891385759	-0.1981622874736786	0.1719969550613314	Zeisel	datasets_original/zeisel.rds	scvi	scVI	43	43	cell_type1	cell_id_prefix	3005	1000	9	76	label_free_hvg
44	20	10	0.2	15	0.5818396222989741	0.6522175479400979	0.03326171840409644	0.23274111151553503	-0.24090838432312012	0.0841096150688827	Zeisel	datasets_original/zeisel.rds	scvi	scVI	44	44	cell_type1	cell_id_prefix	3005	1000	9	76	label_free_hvg
44	20	10	0.5	24	0.3552214136846008	0.6113312027264415	0.04071648551139995	0.26281577127523587	-0.24090838432312012	0.08095938386395574	Zeisel	datasets_original/zeisel.rds	scvi	scVI	44	44	cell_type1	cell_id_prefix	3005	1000	9	76	label_free_hvg
44	20	10	1.0	33	0.29319821305186583	0.5833073382300193	0.04658429135068813	0.2962969470209904	-0.24090838432312012	0.08054785314016044	Zeisel	datasets_original/zeisel.rds	scvi	scVI	44	44	cell_type1	cell_id_prefix	3005	1000	9	76	label_free_hvg
44	20	10	1.5	42	0.206295522164642	0.5632221185698063	0.05253441385253833	0.32093599426824504	-0.24090838432312012	0.08152902312576771	Zeisel	datasets_original/zeisel.rds	scvi	scVI	44	44	cell_type1	cell_id_prefix	3005	1000	9	76	label_free_hvg
44	20	10	2.0	45	0.1796451021522412	0.5513211271246994	0.05212544994596674	0.3230357352518389	-0.24090838432312012	0.08107007900252938	Zeisel	datasets_original/zeisel.rds	scvi	scVI	44	44	cell_type1	cell_id_prefix	3005	1000	9	76	label_free_hvg
44	20	15	0.2	12	0.6472832371372572	0.6616764876949043	0.02984548285286515	0.21696679960708537	-0.24090838432312012	0.10921940091066062	Zeisel	datasets_original/zeisel.rds	scvi	scVI	44	44	cell_type1	cell_id_prefix	3005	1000	9	76	label_free_hvg
44	20	15	0.5	22	0.3773215618351571	0.6182433451064342	0.03829679578138436	0.2545560989590852	-0.24090838432312012	0.10223105712793767	Zeisel	datasets_original/zeisel.rds	scvi	scVI	44	44	cell_type1	cell_id_prefix	3005	1000	9	76	label_free_hvg
44	20	15	1.0	28	0.30781671315533327	0.5968257155279783	0.04427275476542746	0.28063921420928073	-0.24090838432312012	0.10371411289088428	Zeisel	datasets_original/zeisel.rds	scvi	scVI	44	44	cell_type1	cell_id_prefix	3005	1000	9	76	label_free_hvg
44	20	15	1.5	33	0.2533547240178687	0.5765671143617569	0.04778974827534162	0.29551047164870964	-0.24090838432312012	0.1009722868911922	Zeisel	datasets_original/zeisel.rds	scvi	scVI	44	44	cell_type1	cell_id_prefix	3005	1000	9	76	label_free_hvg
44	20	15	2.0	39	0.20311400044489555	0.5628879298871621	0.05180447230552463	0.311084312833482	-0.24090838432312012	0.10119844414293766	Zeisel	datasets_original/zeisel.rds	scvi	scVI	44	44	cell_type1	cell_id_prefix	3005	1000	9	76	label_free_hvg
44	20	30	0.2	10	0.6555196851041631	0.6744536076500248	0.029746229291815397	0.2099206508006449	-0.24090838432312012	0.1723960437811911	Zeisel	datasets_original/zeisel.rds	scvi	scVI	44	44	cell_type1	cell_id_prefix	3005	1000	9	76	label_free_hvg
44	20	30	0.5	19	0.5302156000419418	0.6360227514037144	0.03366465113077712	0.24440081619279147	-0.24090838432312012	0.17160718003287911	Zeisel	datasets_original/zeisel.rds	scvi	scVI	44	44	cell_type1	cell_id_prefix	3005	1000	9	76	label_free_hvg
44	20	30	1.0	23	0.38303874587115866	0.6183264486705596	0.037219921412502646	0.25669947404350696	-0.24090838432312012	0.16787658701650798	Zeisel	datasets_original/zeisel.rds	scvi	scVI	44	44	cell_type1	cell_id_prefix	3005	1000	9	76	label_free_hvg
44	20	30	1.5	26	0.2922222101858592	0.5972638893703784	0.0462685752587217	0.27964030541432966	-0.24090838432312012	0.16784023796208203	Zeisel	datasets_original/zeisel.rds	scvi	scVI	44	44	cell_type1	cell_id_prefix	3005	1000	9	76	label_free_hvg
44	20	30	2.0	29	0.2463255910019643	0.5785598364096995	0.0511894972885611	0.2934397617967175	-0.24090838432312012	0.16769626690074801	Zeisel	datasets_original/zeisel.rds	scvi	scVI	44	44	cell_type1	cell_id_prefix	3005	1000	9	76	label_free_hvg
44	50	10	0.2	16	0.5762604120709929	0.633951875975252	0.03382015878033388	0.24034196956747275	-0.20499290525913239	0.08496644091792405	Zeisel	datasets_original/zeisel.rds	scvi	scVI	44	44	cell_type1	cell_id_prefix	3005	1000	9	76	label_free_hvg
44	50	10	0.5	26	0.35078741557625825	0.6015921706105173	0.041947872032408025	0.2725277077656332	-0.20499290525913239	0.08266602689400315	Zeisel	datasets_original/zeisel.rds	scvi	scVI	44	44	cell_type1	cell_id_prefix	3005	1000	9	76	label_free_hvg
44	50	10	1.0	38	0.2596565803526939	0.5709566217756181	0.04877799216305337	0.30970780530325986	-0.20499290525913239	0.08331677503883839	Zeisel	datasets_original/zeisel.rds	scvi	scVI	44	44	cell_type1	cell_id_prefix	3005	1000	9	76	label_free_hvg
44	50	10	1.5	45	0.21021649029360062	0.5579805825240368	0.052236458975792856	0.3254159207870628	-0.20499290525913239	0.08240405307151377	Zeisel	datasets_original/zeisel.rds	scvi	scVI	44	44	cell_type1	cell_id_prefix	3005	1000	9	76	label_free_hvg
44	50	10	2.0	52	0.17440778952277286	0.5453218790443537	0.055094462298001155	0.33706233002080876	-0.20499290525913239	0.08324545295909047	Zeisel	datasets_original/zeisel.rds	scvi	scVI	44	44	cell_type1	cell_id_prefix	3005	1000	9	76	label_free_hvg
44	50	15	0.2	14	0.5795688098086385	0.6391317197618769	0.03234356215090575	0.22798106581177383	-0.20499290525913239	0.1033626589924097	Zeisel	datasets_original/zeisel.rds	scvi	scVI	44	44	cell_type1	cell_id_prefix	3005	1000	9	76	label_free_hvg
44	50	15	0.5	23	0.33839505119510305	0.602920812355595	0.04517737157484364	0.2738260599109825	-0.20499290525913239	0.10216743592172861	Zeisel	datasets_original/zeisel.rds	scvi	scVI	44	44	cell_type1	cell_id_prefix	3005	1000	9	76	label_free_hvg
44	50	15	1.0	30	0.2940982253159712	0.586693742635942	0.04994550018846461	0.29880996860426307	-0.20499290525913239	0.101181446807459	Zeisel	datasets_original/zeisel.rds	scvi	scVI	44	44	cell_type1	cell_id_prefix	3005	1000	9	76	label_free_hvg
44	50	15	1.5	36	0.22758193223953066	0.5622647438254997	0.05006309166992797	0.3069164440120189	-0.20499290525913239	0.09994775801897049	Zeisel	datasets_original/zeisel.rds	scvi	scVI	44	44	cell_type1	cell_id_prefix	3005	1000	9	76	label_free_hvg
44	50	15	2.0	40	0.2093339643662911	0.5556117722548484	0.050315891284524634	0.31306548268355344	-0.20499290525913239	0.09992559417150915	Zeisel	datasets_original/zeisel.rds	scvi	scVI	44	44	cell_type1	cell_id_prefix	3005	1000	9	76	label_free_hvg
44	50	30	0.2	10	0.6493760283897987	0.6765028504769827	0.02958339370668944	0.2094153489859357	-0.20499290525913239	0.16079427604563534	Zeisel	datasets_original/zeisel.rds	scvi	scVI	44	44	cell_type1	cell_id_prefix	3005	1000	9	76	label_free_hvg
44	50	30	0.5	18	0.5471995511537135	0.647625685009529	0.033700240318423766	0.2404762901520466	-0.20499290525913239	0.16001660097390413	Zeisel	datasets_original/zeisel.rds	scvi	scVI	44	44	cell_type1	cell_id_prefix	3005	1000	9	76	label_free_hvg
44	50	30	1.0	23	0.39342204446499063	0.620294341721505	0.03646664048756486	0.25474014641488874	-0.20499290525913239	0.1602018461562693	Zeisel	datasets_original/zeisel.rds	scvi	scVI	44	44	cell_type1	cell_id_prefix	3005	1000	9	76	label_free_hvg
44	50	30	1.5	27	0.3074852835095712	0.5924038551244577	0.04587951369267927	0.28565671155134725	-0.20499290525913239	0.16330894897691905	Zeisel	datasets_original/zeisel.rds	scvi	scVI	44	44	cell_type1	cell_id_prefix	3005	1000	9	76	label_free_hvg
44	50	30	2.0	30	0.29040215547138193	0.5822846300206903	0.0459548995310454	0.29279462461647016	-0.20499290525913239	0.16077761608175933	Zeisel	datasets_original/zeisel.rds	scvi	scVI	44	44	cell_type1	cell_id_prefix	3005	1000	9	76	label_free_hvg
44	100	10	0.2	14	0.5414686069907887	0.6176159801096633	0.03270817685826892	0.2326008500531061	-0.19596660137176514	0.0922139820177108	Zeisel	datasets_original/zeisel.rds	scvi	scVI	44	44	cell_type1	cell_id_prefix	3005	1000	9	76	label_free_hvg
44	100	10	0.5	26	0.3665422485104804	0.6075638374990979	0.03975120228305949	0.2729175094589893	-0.19596660137176514	0.09682605904527009	Zeisel	datasets_original/zeisel.rds	scvi	scVI	44	44	cell_type1	cell_id_prefix	3005	1000	9	76	label_free_hvg
44	100	10	1.0	36	0.2700405046162848	0.5758867937343767	0.0496709811139738	0.3117250694139808	-0.19596660137176514	0.09508034493774176	Zeisel	datasets_original/zeisel.rds	scvi	scVI	44	44	cell_type1	cell_id_prefix	3005	1000	9	76	label_free_hvg
44	100	10	1.5	42	0.20124382763155152	0.5542296624258435	0.05636600400350561	0.3262664826202995	-0.19596660137176514	0.08840359305031598	Zeisel	datasets_original/zeisel.rds	scvi	scVI	44	44	cell_type1	cell_id_prefix	3005	1000	9	76	label_free_hvg
44	100	10	2.0	50	0.18000884518318502	0.5453663319152929	0.05265650526398202	0.3332599339183456	-0.19596660137176514	0.0835275580175221	Zeisel	datasets_original/zeisel.rds	scvi	scVI	44	44	cell_type1	cell_id_prefix	3005	1000	9	76	label_free_hvg
44	100	15	0.2	14	0.5904767606738113	0.6412734964582378	0.03244290215463234	0.23260019870956788	-0.19596660137176514	0.10460503795184195	Zeisel	datasets_original/zeisel.rds	scvi	scVI	44	44	cell_type1	cell_id_prefix	3005	1000	9	76	label_free_hvg
44	100	15	0.5	22	0.5652324139476774	0.654640500263218	0.03644252717837223	0.2617047721392256	-0.19596660137176514	0.10400779405608773	Zeisel	datasets_original/zeisel.rds	scvi	scVI	44	44	cell_type1	cell_id_prefix	3005	1000	9	76	label_free_hvg
44	100	15	1.0	31	0.29236122470258913	0.5865678527622948	0.04969143314322228	0.3008033787985735	-0.19596660137176514	0.10324256704188883	Zeisel	datasets_original/zeisel.rds	scvi	scVI	44	44	cell_type1	cell_id_prefix	3005	1000	9	76	label_free_hvg
44	100	15	1.5	37	0.26673930294113557	0.5744901023929408	0.04988789365733077	0.31786383086006903	-0.19596660137176514	0.10255835996940732	Zeisel	datasets_original/zeisel.rds	scvi	scVI	44	44	cell_type1	cell_id_prefix	3005	1000	9	76	label_free_hvg
44	100	15	2.0	41	0.20063801863540673	0.5588707555204532	0.05584206734523606	0.32527296387939775	-0.19596660137176514	0.10090587008744478	Zeisel	datasets_original/zeisel.rds	scvi	scVI	44	44	cell_type1	cell_id_prefix	3005	1000	9	76	label_free_hvg
44	100	30	0.2	10	0.6488083519266297	0.6742002459946262	0.029842328238561595	0.2110864721016742	-0.19596660137176514	0.16874626209028065	Zeisel	datasets_original/zeisel.rds	scvi	scVI	44	44	cell_type1	cell_id_prefix	3005	1000	9	76	label_free_hvg
44	100	30	0.5	16	0.5909521038310044	0.6570735195292411	0.032254609006197914	0.23382740259901696	-0.19596660137176514	0.16633238783106208	Zeisel	datasets_original/zeisel.rds	scvi	scVI	44	44	cell_type1	cell_id_prefix	3005	1000	9	76	label_free_hvg
44	100	30	1.0	23	0.36634232990267623	0.6139041590606504	0.03839678574613571	0.2611640209823074	-0.19596660137176514	0.16598515585064888	Zeisel	datasets_original/zeisel.rds	scvi	scVI	44	44	cell_type1	cell_id_prefix	3005	1000	9	76	label_free_hvg
44	100	30	1.5	26	0.31226333532629885	0.5934048140890429	0.04512559422650729	0.28172042327228014	-0.19596660137176514	0.16398744098842144	Zeisel	datasets_original/zeisel.rds	scvi	scVI	44	44	cell_type1	cell_id_prefix	3005	1000	9	76	label_free_hvg
44	100	30	2.0	28	0.2942052213795894	0.5852199480565998	0.046342012705602925	0.28726319504447306	-0.19596660137176514	0.16673535201698542	Zeisel	datasets_original/zeisel.rds	scvi	scVI	44	44	cell_type1	cell_id_prefix	3005	1000	9	76	label_free_hvg
45	20	10	0.2	16	0.5812953681357641	0.6500062521759056	0.03274860306718965	0.23121480161082572	-0.2503640055656433	0.0834981151856482	Zeisel	datasets_original/zeisel.rds	scvi	scVI	45	45	cell_type1	cell_id_prefix	3005	1000	9	76	label_free_hvg
45	20	10	0.5	26	0.3719543660803292	0.6148357844624768	0.03912357903322434	0.26778243872274066	-0.2503640055656433	0.0835126698948443	Zeisel	datasets_original/zeisel.rds	scvi	scVI	45	45	cell_type1	cell_id_prefix	3005	1000	9	76	label_free_hvg
45	20	10	1.0	32	0.27319401550174455	0.58898990190724	0.04360654711032326	0.2825075055365497	-0.2503640055656433	0.08204321190714836	Zeisel	datasets_original/zeisel.rds	scvi	scVI	45	45	cell_type1	cell_id_prefix	3005	1000	9	76	label_free_hvg
45	20	10	1.5	41	0.18718796820391653	0.5598096806498332	0.046543647639833374	0.3039712773573288	-0.2503640055656433	0.08215983491390944	Zeisel	datasets_original/zeisel.rds	scvi	scVI	45	45	cell_type1	cell_id_prefix	3005	1000	9	76	label_free_hvg
45	20	10	2.0	45	0.171774539143983	0.5520713083954906	0.04522833649805532	0.30884379282013197	-0.2503640055656433	0.08170439209789038	Zeisel	datasets_original/zeisel.rds	scvi	scVI	45	45	cell_type1	cell_id_prefix	3005	1000	9	76	label_free_hvg
45	20	15	0.2	14	0.5954180380687235	0.654008293316694	0.03036717812268946	0.2201509757304499	-0.2503640055656433	0.1033751810900867	Zeisel	datasets_original/zeisel.rds	scvi	scVI	45	45	cell_type1	cell_id_prefix	3005	1000	9	76	label_free_hvg
45	20	15	0.5	21	0.3608705691568274	0.6128103450754873	0.04276969991894228	0.26436652024142976	-0.2503640055656433	0.10239723604172468	Zeisel	datasets_original/zeisel.rds	scvi	scVI	45	45	cell_type1	cell_id_prefix	3005	1000	9	76	label_free_hvg
45	20	15	1.0	29	0.30900424806133536	0.5997519782984468	0.042553478930849487	0.28202186826026443	-0.2503640055656433	0.10384822986088693	Zeisel	datasets_original/zeisel.rds	scvi	scVI	45	45	cell_type1	cell_id_prefix	3005	1000	9	76	label_free_hvg
45	20	15	1.5	33	0.2620578528649667	0.5851916055640286	0.04515169354108268	0.2893089544974854	-0.2503640055656433	0.10170313413254917	Zeisel	datasets_original/zeisel.rds	scvi	scVI	45	45	cell_type1	cell_id_prefix	3005	1000	9	76	label_free_hvg
45	20	15	2.0	39	0.20039301791202518	0.5636421157685348	0.04719771533154169	0.2993218826874433	-0.2503640055656433	0.10244517005048692	Zeisel	datasets_original/zeisel.rds	scvi	scVI	45	45	cell_type1	cell_id_prefix	3005	1000	9	76	label_free_hvg
45	20	30	0.2	11	0.6381988566490624	0.6588995544610531	0.027024477703793716	0.20477965824826594	-0.2503640055656433	0.1701704729348421	Zeisel	datasets_original/zeisel.rds	scvi	scVI	45	45	cell_type1	cell_id_prefix	3005	1000	9	76	label_free_hvg
45	20	30	0.5	16	0.5505443491786197	0.6506255895485249	0.03440811320571008	0.235978869106922	-0.2503640055656433	0.17176095000468194	Zeisel	datasets_original/zeisel.rds	scvi	scVI	45	45	cell_type1	cell_id_prefix	3005	1000	9	76	label_free_hvg
45	20	30	1.0	23	0.3765184350153617	0.6204578638563675	0.04112782263664762	0.2670490964613392	-0.2503640055656433	0.17031032289378345	Zeisel	datasets_original/zeisel.rds	scvi	scVI	45	45	cell_type1	cell_id_prefix	3005	1000	9	76	label_free_hvg
45	20	30	1.5	27	0.2907983367261548	0.5983901213950594	0.0443002737785462	0.27752431656108706	-0.2503640055656433	0.16417590016499162	Zeisel	datasets_original/zeisel.rds	scvi	scVI	45	45	cell_type1	cell_id_prefix	3005	1000	9	76	label_free_hvg
45	20	30	2.0	30	0.23709563261435634	0.5795080089133958	0.04409915414374396	0.28139893724744736	-0.2503640055656433	0.15900956303812563	Zeisel	datasets_original/zeisel.rds	scvi	scVI	45	45	cell_type1	cell_id_prefix	3005	1000	9	76	label_free_hvg
45	50	10	0.2	16	0.5851345159404003	0.6402241025363802	0.031854653937073575	0.23161321471909035	-0.2169593870639801	0.08331180294044316	Zeisel	datasets_original/zeisel.rds	scvi	scVI	45	45	cell_type1	cell_id_prefix	3005	1000	9	76	label_free_hvg
45	50	10	0.5	28	0.33078026789929527	0.5986175213540231	0.043225490806696625	0.27869198485285435	-0.2169593870639801	0.08178291586227715	Zeisel	datasets_original/zeisel.rds	scvi	scVI	45	45	cell_type1	cell_id_prefix	3005	1000	9	76	label_free_hvg
45	50	10	1.0	33	0.31268259721570324	0.5904119990940273	0.043030499582954046	0.29062762038650863	-0.2169593870639801	0.08280814089812338	Zeisel	datasets_original/zeisel.rds	scvi	scVI	45	45	cell_type1	cell_id_prefix	3005	1000	9	76	label_free_hvg
45	50	10	1.5	42	0.190682262637807	0.5542430713260458	0.04594238138010005	0.30802364595101844	-0.2169593870639801	0.08274152386002243	Zeisel	datasets_original/zeisel.rds	scvi	scVI	45	45	cell_type1	cell_id_prefix	3005	1000	9	76	label_free_hvg
45	50	10	2.0	46	0.18019988412438268	0.5521020740334921	0.04714553470045411	0.31486419141835476	-0.2169593870639801	0.08306602691300213	Zeisel	datasets_original/zeisel.rds	scvi	scVI	45	45	cell_type1	cell_id_prefix	3005	1000	9	76	label_free_hvg
45	50	15	0.2	13	0.5930658423575901	0.6470853674407742	0.031875288803714937	0.22642832287235717	-0.2169593870639801	0.10185134899802506	Zeisel	datasets_original/zeisel.rds	scvi	scVI	45	45	cell_type1	cell_id_prefix	3005	1000	9	76	label_free_hvg
45	50	15	0.5	22	0.3616242132834867	0.6028899581566046	0.039072499649945774	0.26065063985494613	-0.2169593870639801	0.1008110239636153	Zeisel	datasets_original/zeisel.rds	scvi	scVI	45	45	cell_type1	cell_id_prefix	3005	1000	9	76	label_free_hvg
45	50	15	1.0	32	0.2849990075529783	0.5878328731335314	0.04328135700084171	0.2850518111114278	-0.2169593870639801	0.10878937202505767	Zeisel	datasets_original/zeisel.rds	scvi	scVI	45	45	cell_type1	cell_id_prefix	3005	1000	9	76	label_free_hvg
45	50	15	1.5	38	0.21155561456653899	0.5614788406667465	0.04628696190257659	0.3041589599792546	-0.2169593870639801	0.10004578297957778	Zeisel	datasets_original/zeisel.rds	scvi	scVI	45	45	cell_type1	cell_id_prefix	3005	1000	9	76	label_free_hvg
45	50	15	2.0	43	0.18731108785991782	0.5535563650514344	0.04711348285734868	0.31261753647620494	-0.2169593870639801	0.10087771201506257	Zeisel	datasets_original/zeisel.rds	scvi	scVI	45	45	cell_type1	cell_id_prefix	3005	1000	9	76	label_free_hvg
45	50	30	0.2	10	0.654725873070839	0.6761335039886591	0.02936813474723877	0.20891138581199303	-0.2169593870639801	0.16496877488680184	Zeisel	datasets_original/zeisel.rds	scvi	scVI	45	45	cell_type1	cell_id_prefix	3005	1000	9	76	label_free_hvg
45	50	30	0.5	18	0.5468488118572482	0.6414368345855004	0.03477550682401723	0.25040114293638127	-0.2169593870639801	0.16548232990317047	Zeisel	datasets_original/zeisel.rds	scvi	scVI	45	45	cell_type1	cell_id_prefix	3005	1000	9	76	label_free_hvg
45	50	30	1.0	23	0.3757931648035966	0.6164645668157842	0.040592218491661426	0.26661488196376293	-0.2169593870639801	0.1716533040162176	Zeisel	datasets_original/zeisel.rds	scvi	scVI	45	45	cell_type1	cell_id_prefix	3005	1000	9	76	label_free_hvg
45	50	30	1.5	28	0.28552760747819916	0.5905121385646306	0.04411112762058733	0.2797734118473459	-0.2169593870639801	0.1643950140569359	Zeisel	datasets_original/zeisel.rds	scvi	scVI	45	45	cell_type1	cell_id_prefix	3005	1000	9	76	label_free_hvg
45	50	30	2.0	30	0.26958338581587044	0.5825743948606061	0.04529251167057734	0.2847531204232837	-0.2169593870639801	0.16790237510576844	Zeisel	datasets_original/zeisel.rds	scvi	scVI	45	45	cell_type1	cell_id_prefix	3005	1000	9	76	label_free_hvg
45	100	10	0.2	14	0.59429374414061	0.6487468270095416	0.031240134759414128	0.22569931302412222	-0.20707471668720245	0.08966727484948933	Zeisel	datasets_original/zeisel.rds	scvi	scVI	45	45	cell_type1	cell_id_prefix	3005	1000	9	76	label_free_hvg
45	100	10	0.5	27	0.40348900983609964	0.6186863620617604	0.03701969109168345	0.26834635817026764	-0.20707471668720245	0.08575697103515267	Zeisel	datasets_original/zeisel.rds	scvi	scVI	45	45	cell_type1	cell_id_prefix	3005	1000	9	76	label_free_hvg
45	100	10	1.0	35	0.2724524852749696	0.5826938785477085	0.04368999058598036	0.2870842650620764	-0.20707471668720245	0.08673979318700731	Zeisel	datasets_original/zeisel.rds	scvi	scVI	45	45	cell_type1	cell_id_prefix	3005	1000	9	76	label_free_hvg
45	100	10	1.5	41	0.2049555615183834	0.5562560634483056	0.04608394648946086	0.3028180942868287	-0.20707471668720245	0.08596955612301826	Zeisel	datasets_original/zeisel.rds	scvi	scVI	45	45	cell_type1	cell_id_prefix	3005	1000	9	76	label_free_hvg
45	100	10	2.0	48	0.17056063401892563	0.5447057265632489	0.04951411603957749	0.31752020440472417	-0.20707471668720245	0.08400155999697745	Zeisel	datasets_original/zeisel.rds	scvi	scVI	45	45	cell_type1	cell_id_prefix	3005	1000	9	76	label_free_hvg
45	100	15	0.2	13	0.5956713775716799	0.6480924771786857	0.03214560801429496	0.22743751246803043	-0.20707471668720245	0.10622371593490243	Zeisel	datasets_original/zeisel.rds	scvi	scVI	45	45	cell_type1	cell_id_prefix	3005	1000	9	76	label_free_hvg
45	100	15	0.5	20	0.4990822557082548	0.6273695011913957	0.03707584209502479	0.25647710615409675	-0.20707471668720245	0.10556833492591977	Zeisel	datasets_original/zeisel.rds	scvi	scVI	45	45	cell_type1	cell_id_prefix	3005	1000	9	76	label_free_hvg
45	100	15	1.0	30	0.3158247748608829	0.5935317639531056	0.04144538065946468	0.2783743172143713	-0.20707471668720245	0.10499392705969512	Zeisel	datasets_original/zeisel.rds	scvi	scVI	45	45	cell_type1	cell_id_prefix	3005	1000	9	76	label_free_hvg
45	100	15	1.5	36	0.25884499409446726	0.5705881367769633	0.043514148566557435	0.29658885970434545	-0.20707471668720245	0.10616598604246974	Zeisel	datasets_original/zeisel.rds	scvi	scVI	45	45	cell_type1	cell_id_prefix	3005	1000	9	76	label_free_hvg
45	100	15	2.0	42	0.17647333534814005	0.5493857126654724	0.047635131196374	0.31255388303060544	-0.20707471668720245	0.10444748098962009	Zeisel	datasets_original/zeisel.rds	scvi	scVI	45	45	cell_type1	cell_id_prefix	3005	1000	9	76	label_free_hvg
45	100	30	0.2	10	0.6554890412998156	0.6798159730650296	0.029404957330817962	0.2090738567956575	-0.20707471668720245	0.16973259998485446	Zeisel	datasets_original/zeisel.rds	scvi	scVI	45	45	cell_type1	cell_id_prefix	3005	1000	9	76	label_free_hvg
45	100	30	0.5	16	0.5564547199163246	0.6521651689624801	0.0352921575269455	0.24356258770902542	-0.20707471668720245	0.16548754111863673	Zeisel	datasets_original/zeisel.rds	scvi	scVI	45	45	cell_type1	cell_id_prefix	3005	1000	9	76	label_free_hvg
45	100	30	1.0	22	0.3869500407772567	0.6230108188779404	0.03880277450330634	0.2597917578918444	-0.20707471668720245	0.16882553603500128	Zeisel	datasets_original/zeisel.rds	scvi	scVI	45	45	cell_type1	cell_id_prefix	3005	1000	9	76	label_free_hvg
45	100	30	1.5	26	0.3283432736330479	0.6025292492223869	0.04303427902195809	0.2780738487441702	-0.20707471668720245	0.1688223360106349	Zeisel	datasets_original/zeisel.rds	scvi	scVI	45	45	cell_type1	cell_id_prefix	3005	1000	9	76	label_free_hvg
45	100	30	2.0	31	0.29373624775363494	0.5852127916718572	0.04529121371520917	0.2942222125020455	-0.20707471668720245	0.1673601760994643	Zeisel	datasets_original/zeisel.rds	scvi	scVI	45	45	cell_type1	cell_id_prefix	3005	1000	9	76	label_free_hvg
46	20	10	0.2	17	0.5570681032023285	0.6479317676200076	0.034444402474493555	0.24380994541313783	-0.2447299212217331	0.08272658288478851	Zeisel	datasets_original/zeisel.rds	scvi	scVI	46	46	cell_type1	cell_id_prefix	3005	1000	9	76	label_free_hvg
46	20	10	0.5	25	0.34989503225407265	0.6038355106243225	0.04018511123742869	0.2623908045148093	-0.2447299212217331	0.08188359695486724	Zeisel	datasets_original/zeisel.rds	scvi	scVI	46	46	cell_type1	cell_id_prefix	3005	1000	9	76	label_free_hvg
46	20	10	1.0	35	0.29108169489741187	0.5911741793814076	0.04607988014706843	0.2984091935260945	-0.2447299212217331	0.0816424610093236	Zeisel	datasets_original/zeisel.rds	scvi	scVI	46	46	cell_type1	cell_id_prefix	3005	1000	9	76	label_free_hvg
46	20	10	1.5	42	0.2070037845882409	0.5663989791555449	0.04858755507172427	0.3090548182885033	-0.2447299212217331	0.0801805630326271	Zeisel	datasets_original/zeisel.rds	scvi	scVI	46	46	cell_type1	cell_id_prefix	3005	1000	9	76	label_free_hvg
46	20	10	2.0	49	0.17894177859152477	0.5576409350229162	0.051509426917233925	0.3247842913111163	-0.2447299212217331	0.08122409111820161	Zeisel	datasets_original/zeisel.rds	scvi	scVI	46	46	cell_type1	cell_id_prefix	3005	1000	9	76	label_free_hvg
46	20	15	0.2	18	0.5583769218531583	0.6506637860209931	0.035252033456296517	0.24969784652057375	-0.2447299212217331	0.10577271203510463	Zeisel	datasets_original/zeisel.rds	scvi	scVI	46	46	cell_type1	cell_id_prefix	3005	1000	9	76	label_free_hvg
46	20	15	0.5	23	0.3615646477366171	0.6168628003440516	0.04312820773617757	0.26775766013738656	-0.2447299212217331	0.10230128280818462	Zeisel	datasets_original/zeisel.rds	scvi	scVI	46	46	cell_type1	cell_id_prefix	3005	1000	9	76	label_free_hvg
46	20	15	1.0	29	0.3088000271096373	0.5985771261538139	0.04801465105535113	0.2863619826891991	-0.2447299212217331	0.10377225186675787	Zeisel	datasets_original/zeisel.rds	scvi	scVI	46	46	cell_type1	cell_id_prefix	3005	1000	9	76	label_free_hvg
46	20	15	1.5	35	0.25301824329464473	0.5792638243657625	0.04738133069096873	0.29597164425200745	-0.2447299212217331	0.10305548110045493	Zeisel	datasets_original/zeisel.rds	scvi	scVI	46	46	cell_type1	cell_id_prefix	3005	1000	9	76	label_free_hvg
46	20	15	2.0	40	0.22210242125863372	0.5733943298571202	0.05035441532595209	0.30920973204123275	-0.2447299212217331	0.1046611110214144	Zeisel	datasets_original/zeisel.rds	scvi	scVI	46	46	cell_type1	cell_id_prefix	3005	1000	9	76	label_free_hvg
46	20	30	0.2	9	0.6258648559592896	0.6687107763284411	0.031378642759102474	0.21372800595360325	-0.2447299212217331	0.16820251615718007	Zeisel	datasets_original/zeisel.rds	scvi	scVI	46	46	cell_type1	cell_id_prefix	3005	1000	9	76	label_free_hvg
46	20	30	0.5	18	0.5059807186063607	0.6320025130123518	0.03634064833872841	0.24591672728067748	-0.2447299212217331	0.16864853305742145	Zeisel	datasets_original/zeisel.rds	scvi	scVI	46	46	cell_type1	cell_id_prefix	3005	1000	9	76	label_free_hvg
46	20	30	1.0	25	0.3357818468075997	0.6103286975375583	0.044710393926499975	0.27082947558044873	-0.2447299212217331	0.1683062941301614	Zeisel	datasets_original/zeisel.rds	scvi	scVI	46	46	cell_type1	cell_id_prefix	3005	1000	9	76	label_free_hvg
46	20	30	1.5	26	0.31903413026717303	0.6032377541270693	0.04721665816377735	0.2795540597838511	-0.2447299212217331	0.167447297135368	Zeisel	datasets_original/zeisel.rds	scvi	scVI	46	46	cell_type1	cell_id_prefix	3005	1000	9	76	label_free_hvg
46	20	30	2.0	32	0.21784079268180365	0.5700204474430989	0.05204962401437777	0.2947344169536101	-0.2447299212217331	0.16290327906608582	Zeisel	datasets_original/zeisel.rds	scvi	scVI	46	46	cell_type1	cell_id_prefix	3005	1000	9	76	label_free_hvg
46	50	10	0.2	17	0.5695837448395704	0.6481821417089058	0.033630108304028496	0.23772288377552367	-0.21314737200737	0.08563672192394733	Zeisel	datasets_original/zeisel.rds	scvi	scVI	46	46	cell_type1	cell_id_prefix	3005	1000	9	76	label_free_hvg
46	50	10	0.5	26	0.48706329582183655	0.6287187242780262	0.040664695944277955	0.281713273677862	-0.21314737200737	0.08327441103756428	Zeisel	datasets_original/zeisel.rds	scvi	scVI	46	46	cell_type1	cell_id_prefix	3005	1000	9	76	label_free_hvg
46	50	10	1.0	37	0.2968991641424952	0.5863171254436434	0.05004740558625853	0.31472611162428926	-0.21314737200737	0.08186564198695123	Zeisel	datasets_original/zeisel.rds	scvi	scVI	46	46	cell_type1	cell_id_prefix	3005	1000	9	76	label_free_hvg
46	50	10	1.5	40	0.22920495028280172	0.5727413485428646	0.053892280933702554	0.3218875232300873	-0.21314737200737	0.0829083698336035	Zeisel	datasets_original/zeisel.rds	scvi	scVI	46	46	cell_type1	cell_id_prefix	3005	1000	9	76	label_free_hvg
46	50	10	2.0	47	0.17422478090935006	0.5547597803576663	0.054018932265866855	0.32710681033787276	-0.21314737200737	0.08219429198652506	Zeisel	datasets_original/zeisel.rds	scvi	scVI	46	46	cell_type1	cell_id_prefix	3005	1000	9	76	label_free_hvg
46	50	15	0.2	15	0.5623588088618436	0.6373035503527356	0.033689710202556275	0.2315906478253679	-0.21314737200737	0.1024099679198116	Zeisel	datasets_original/zeisel.rds	scvi	scVI	46	46	cell_type1	cell_id_prefix	3005	1000	9	76	label_free_hvg
46	50	15	0.5	21	0.5189987877507959	0.6386319878627893	0.03815312210333396	0.25893050259068007	-0.21314737200737	0.1019996760878712	Zeisel	datasets_original/zeisel.rds	scvi	scVI	46	46	cell_type1	cell_id_prefix	3005	1000	9	76	label_free_hvg
46	50	15	1.0	33	0.30773050658839307	0.5959187773669857	0.046360890376650817	0.2971981685575807	-0.21314737200737	0.10186370695009828	Zeisel	datasets_original/zeisel.rds	scvi	scVI	46	46	cell_type1	cell_id_prefix	3005	1000	9	76	label_free_hvg
46	50	15	1.5	36	0.26533865305190774	0.5852568183454963	0.04744856508055081	0.3012306336243532	-0.21314737200737	0.10167086403816938	Zeisel	datasets_original/zeisel.rds	scvi	scVI	46	46	cell_type1	cell_id_prefix	3005	1000	9	76	label_free_hvg
46	50	15	2.0	40	0.20921660431377548	0.5651980877008219	0.049314591561330695	0.3128923078695724	-0.21314737200737	0.102400773903355	Zeisel	datasets_original/zeisel.rds	scvi	scVI	46	46	cell_type1	cell_id_prefix	3005	1000	9	76	label_free_hvg
46	50	30	0.2	9	0.625934633920313	0.6676647506807623	0.031546996855902364	0.21487418392095559	-0.21314737200737	0.17206683801487088	Zeisel	datasets_original/zeisel.rds	scvi	scVI	46	46	cell_type1	cell_id_prefix	3005	1000	9	76	label_free_hvg
46	50	30	0.5	18	0.5386388446235397	0.6448009430316604	0.035209537714235586	0.24687973926034382	-0.21314737200737	0.17635232815518975	Zeisel	datasets_original/zeisel.rds	scvi	scVI	46	46	cell_type1	cell_id_prefix	3005	1000	9	76	label_free_hvg
46	50	30	1.0	23	0.36102188842513044	0.6215931699577595	0.041485276363105957	0.26361836665691757	-0.21314737200737	0.16754863015376031	Zeisel	datasets_original/zeisel.rds	scvi	scVI	46	46	cell_type1	cell_id_prefix	3005	1000	9	76	label_free_hvg
46	50	30	1.5	28	0.3140848017955793	0.6002886853120957	0.046488587992587045	0.28525179363908276	-0.21314737200737	0.16626820992678404	Zeisel	datasets_original/zeisel.rds	scvi	scVI	46	46	cell_type1	cell_id_prefix	3005	1000	9	76	label_free_hvg
46	50	30	2.0	29	0.3056590171193612	0.5959447911714648	0.04674633009339927	0.28963064228266	-0.21314737200737	0.16583630093373358	Zeisel	datasets_original/zeisel.rds	scvi	scVI	46	46	cell_type1	cell_id_prefix	3005	1000	9	76	label_free_hvg
46	100	10	0.2	17	0.5642901847125983	0.653634014972065	0.0354205758676308	0.24495464625686073	-0.2039591372013092	0.08501867298036814	Zeisel	datasets_original/zeisel.rds	scvi	scVI	46	46	cell_type1	cell_id_prefix	3005	1000	9	76	label_free_hvg
46	100	10	0.5	25	0.4890296277552003	0.6363272689087817	0.04081585983155836	0.2806930708278466	-0.2039591372013092	0.08461600006558001	Zeisel	datasets_original/zeisel.rds	scvi	scVI	46	46	cell_type1	cell_id_prefix	3005	1000	9	76	label_free_hvg
46	100	10	1.0	35	0.313025680152092	0.5946504259516796	0.04867792432944835	0.3088621515431573	-0.2039591372013092	0.08384151197969913	Zeisel	datasets_original/zeisel.rds	scvi	scVI	46	46	cell_type1	cell_id_prefix	3005	1000	9	76	label_free_hvg
46	100	10	1.5	42	0.2074471988938398	0.5675513599156783	0.05122043183767858	0.3175163803241686	-0.2039591372013092	0.08232547505758703	Zeisel	datasets_original/zeisel.rds	scvi	scVI	46	46	cell_type1	cell_id_prefix	3005	1000	9	76	label_free_hvg
46	100	10	2.0	48	0.17376874674912157	0.5562627992198604	0.05302117388294036	0.3289042371304004	-0.2039591372013092	0.08201944408938289	Zeisel	datasets_original/zeisel.rds	scvi	scVI	46	46	cell_type1	cell_id_prefix	3005	1000	9	76	label_free_hvg
46	100	15	0.2	14	0.6114795408222176	0.6560046423138873	0.0329286366505015	0.2308472740836319	-0.2039591372013092	0.10263407602906227	Zeisel	datasets_original/zeisel.rds	scvi	scVI	46	46	cell_type1	cell_id_prefix	3005	1000	9	76	label_free_hvg
46	100	15	0.5	22	0.48646769750895136	0.6223096146735392	0.041232879184670924	0.2704923350470742	-0.2039591372013092	0.10126247606240213	Zeisel	datasets_original/zeisel.rds	scvi	scVI	46	46	cell_type1	cell_id_prefix	3005	1000	9	76	label_free_hvg
46	100	15	1.0	32	0.311153241582056	0.5896682804558676	0.048301971110564126	0.2997226433629146	-0.2039591372013092	0.10154225490987301	Zeisel	datasets_original/zeisel.rds	scvi	scVI	46	46	cell_type1	cell_id_prefix	3005	1000	9	76	label_free_hvg
46	100	15	1.5	37	0.2584316809763915	0.5768427531456258	0.05022185333669085	0.3094924031994169	-0.2039591372013092	0.1020656970795244	Zeisel	datasets_original/zeisel.rds	scvi	scVI	46	46	cell_type1	cell_id_prefix	3005	1000	9	76	label_free_hvg
46	100	15	2.0	40	0.20473324765708759	0.5636684965484542	0.0517893931756053	0.31443213226096045	-0.2039591372013092	0.10030502802692354	Zeisel	datasets_original/zeisel.rds	scvi	scVI	46	46	cell_type1	cell_id_prefix	3005	1000	9	76	label_free_hvg
46	100	30	0.2	9	0.6265491249650896	0.6687919015140419	0.03139606273460709	0.21370409918689667	-0.2039591372013092	0.17408781917765737	Zeisel	datasets_original/zeisel.rds	scvi	scVI	46	46	cell_type1	cell_id_prefix	3005	1000	9	76	label_free_hvg
46	100	30	0.5	17	0.5481877018331391	0.648190428178719	0.03486492715874737	0.24175715344150192	-0.2039591372013092	0.17790527595207095	Zeisel	datasets_original/zeisel.rds	scvi	scVI	46	46	cell_type1	cell_id_prefix	3005	1000	9	76	label_free_hvg
46	100	30	1.0	21	0.3932014595392926	0.6218008302428794	0.037835642157946	0.2526274936901747	-0.2039591372013092	0.17583084991201758	Zeisel	datasets_original/zeisel.rds	scvi	scVI	46	46	cell_type1	cell_id_prefix	3005	1000	9	76	label_free_hvg
46	100	30	1.5	27	0.3225448021294113	0.5983077126266609	0.04634022466638863	0.2819284207431814	-0.2039591372013092	0.17242436902597547	Zeisel	datasets_original/zeisel.rds	scvi	scVI	46	46	cell_type1	cell_id_prefix	3005	1000	9	76	label_free_hvg
46	100	30	2.0	30	0.2642562421879255	0.5803420282761544	0.04841372618835769	0.2892588472627719	-0.2039591372013092	0.17329593794420362	Zeisel	datasets_original/zeisel.rds	scvi	scVI	46	46	cell_type1	cell_id_prefix	3005	1000	9	76	label_free_hvg
42	20	10	0.2	19	0.4512559044114262	0.6403024764822178	0.035852487320198585	0.24530623970076057	-0.28109437227249146	0.07850979408249259	Zeisel	datasets_original/zeisel.rds	alra	ALRA	42	42	cell_type1	cell_id_prefix	3005	1000	9	76	label_free_hvg
42	20	10	0.5	26	0.37787770196430204	0.623585245328495	0.03848335034102348	0.26522379556594744	-0.28109437227249146	0.07708702702075243	Zeisel	datasets_original/zeisel.rds	alra	ALRA	42	42	cell_type1	cell_id_prefix	3005	1000	9	76	label_free_hvg
42	20	10	1.0	37	0.242309993158441	0.5944914758811438	0.04693729547416014	0.2942549769943855	-0.28109437227249146	0.07796638505533338	Zeisel	datasets_original/zeisel.rds	alra	ALRA	42	42	cell_type1	cell_id_prefix	3005	1000	9	76	label_free_hvg
42	20	10	1.5	45	0.1887515480217505	0.5740957073628195	0.0479173946172912	0.3078062658208201	-0.28109437227249146	0.07640153984539211	Zeisel	datasets_original/zeisel.rds	alra	ALRA	42	42	cell_type1	cell_id_prefix	3005	1000	9	76	label_free_hvg
42	20	10	2.0	49	0.16437901163409052	0.561608229917646	0.047362156216806124	0.31414786039659676	-0.28109437227249146	0.07617875887081027	Zeisel	datasets_original/zeisel.rds	alra	ALRA	42	42	cell_type1	cell_id_prefix	3005	1000	9	76	label_free_hvg
42	20	15	0.2	16	0.5563711951938508	0.657598534712225	0.03313412682944724	0.23689551702930614	-0.28109437227249146	0.09760769200511277	Zeisel	datasets_original/zeisel.rds	alra	ALRA	42	42	cell_type1	cell_id_prefix	3005	1000	9	76	label_free_hvg
42	20	15	0.5	25	0.3846029864803054	0.6263939448030966	0.03816690965742871	0.2622510455052654	-0.28109437227249146	0.09722375986166298	Zeisel	datasets_original/zeisel.rds	alra	ALRA	42	42	cell_type1	cell_id_prefix	3005	1000	9	76	label_free_hvg
42	20	15	1.0	31	0.2710825275204571	0.6019744860320536	0.04580083524182969	0.2838049060975369	-0.28109437227249146	0.09759244206361473	Zeisel	datasets_original/zeisel.rds	alra	ALRA	42	42	cell_type1	cell_id_prefix	3005	1000	9	76	label_free_hvg
42	20	15	1.5	35	0.22904706177873357	0.5880157812333057	0.04918406619265819	0.29440625218951405	-0.28109437227249146	0.09686640393920243	Zeisel	datasets_original/zeisel.rds	alra	ALRA	42	42	cell_type1	cell_id_prefix	3005	1000	9	76	label_free_hvg
42	20	15	2.0	40	0.18545663667149223	0.5700774434327973	0.04797814652473384	0.3022969959350093	-0.28109437227249146	0.096404047915712	Zeisel	datasets_original/zeisel.rds	alra	ALRA	42	42	cell_type1	cell_id_prefix	3005	1000	9	76	label_free_hvg
42	20	30	0.2	11	0.6231376494776627	0.6812311867667429	0.02935010365866906	0.21405499559611468	-0.28109437227249146	0.16209147009067237	Zeisel	datasets_original/zeisel.rds	alra	ALRA	42	42	cell_type1	cell_id_prefix	3005	1000	9	76	label_free_hvg
42	20	30	0.5	18	0.47646767439515336	0.6504738810415297	0.033950384537391576	0.2387512430295648	-0.28109437227249146	0.15995273320004344	Zeisel	datasets_original/zeisel.rds	alra	ALRA	42	42	cell_type1	cell_id_prefix	3005	1000	9	76	label_free_hvg
42	20	30	1.0	24	0.31131703031349345	0.6105104476579168	0.03927431504793762	0.2524573152307335	-0.28109437227249146	0.1635625190101564	Zeisel	datasets_original/zeisel.rds	alra	ALRA	42	42	cell_type1	cell_id_prefix	3005	1000	9	76	label_free_hvg
42	20	30	1.5	27	0.29159106063184365	0.6058277788100813	0.04318968012657706	0.26928837362603053	-0.28109437227249146	0.16370735107921064	Zeisel	datasets_original/zeisel.rds	alra	ALRA	42	42	cell_type1	cell_id_prefix	3005	1000	9	76	label_free_hvg
42	20	30	2.0	30	0.25710888122968284	0.6031536508328674	0.043908892371137064	0.27522734234753726	-0.28109437227249146	0.16606424702331424	Zeisel	datasets_original/zeisel.rds	alra	ALRA	42	42	cell_type1	cell_id_prefix	3005	1000	9	76	label_free_hvg
42	50	10	0.2	23	0.3776832739299654	0.6192744431572668	0.03664880896184055	0.25128032043568826	-0.2704324722290039	0.07870819000527263	Zeisel	datasets_original/zeisel.rds	alra	ALRA	42	42	cell_type1	cell_id_prefix	3005	1000	9	76	label_free_hvg
42	50	10	0.5	28	0.3442381459161087	0.6138410526328136	0.03815187973322806	0.2628253937231137	-0.2704324722290039	0.0778628601692617	Zeisel	datasets_original/zeisel.rds	alra	ALRA	42	42	cell_type1	cell_id_prefix	3005	1000	9	76	label_free_hvg
42	50	10	1.0	38	0.22639695931815762	0.5807783625941358	0.04426626147349921	0.2948512380415983	-0.2704324722290039	0.07740233303047717	Zeisel	datasets_original/zeisel.rds	alra	ALRA	42	42	cell_type1	cell_id_prefix	3005	1000	9	76	label_free_hvg
42	50	10	1.5	47	0.16644596306353424	0.5630199339616409	0.04793748749294197	0.31038031039353703	-0.2704324722290039	0.07703712093643844	Zeisel	datasets_original/zeisel.rds	alra	ALRA	42	42	cell_type1	cell_id_prefix	3005	1000	9	76	label_free_hvg
42	50	10	2.0	48	0.16789468447747383	0.5619764243979545	0.04693091462742325	0.31126969876943417	-0.2704324722290039	0.07824257202446461	Zeisel	datasets_original/zeisel.rds	alra	ALRA	42	42	cell_type1	cell_id_prefix	3005	1000	9	76	label_free_hvg
42	50	15	0.2	16	0.4968289495227181	0.6497098303782367	0.03459200253670998	0.23483614134212782	-0.2704324722290039	0.09958029189147055	Zeisel	datasets_original/zeisel.rds	alra	ALRA	42	42	cell_type1	cell_id_prefix	3005	1000	9	76	label_free_hvg
42	50	15	0.5	24	0.36596016510914675	0.6187851497136492	0.03605015038602808	0.2539895278217129	-0.2704324722290039	0.09963423409499228	Zeisel	datasets_original/zeisel.rds	alra	ALRA	42	42	cell_type1	cell_id_prefix	3005	1000	9	76	label_free_hvg
42	50	15	1.0	31	0.2615035796087054	0.5958585770084482	0.043604287202605445	0.27823681085282886	-0.2704324722290039	0.09938865597359836	Zeisel	datasets_original/zeisel.rds	alra	ALRA	42	42	cell_type1	cell_id_prefix	3005	1000	9	76	label_free_hvg
42	50	15	1.5	37	0.2233796585702638	0.5840286056915703	0.042017879899077806	0.2865847052268197	-0.2704324722290039	0.09783766907639802	Zeisel	datasets_original/zeisel.rds	alra	ALRA	42	42	cell_type1	cell_id_prefix	3005	1000	9	76	label_free_hvg
42	50	15	2.0	39	0.19609126896074394	0.5742556115569596	0.04385221336661169	0.2929235631697519	-0.2704324722290039	0.09766976605169475	Zeisel	datasets_original/zeisel.rds	alra	ALRA	42	42	cell_type1	cell_id_prefix	3005	1000	9	76	label_free_hvg
42	50	30	0.2	11	0.5865868198339607	0.6727018763906151	0.030503783382038012	0.21565736232865135	-0.2704324722290039	0.16155102383345366	Zeisel	datasets_original/zeisel.rds	alra	ALRA	42	42	cell_type1	cell_id_prefix	3005	1000	9	76	label_free_hvg
42	50	30	0.5	19	0.46841942502199424	0.6431563899248237	0.03330755671898833	0.24100899495026162	-0.2704324722290039	0.16024253494106233	Zeisel	datasets_original/zeisel.rds	alra	ALRA	42	42	cell_type1	cell_id_prefix	3005	1000	9	76	label_free_hvg
42	50	30	1.0	24	0.37355982132148174	0.6265516157495096	0.037511306784741176	0.25560087223379147	-0.2704324722290039	0.15964592806994915	Zeisel	datasets_original/zeisel.rds	alra	ALRA	42	42	cell_type1	cell_id_prefix	3005	1000	9	76	label_free_hvg
42	50	30	1.5	28	0.2752846143060304	0.6031157674739454	0.042751292530751196	0.2707508320589217	-0.2704324722290039	0.1614502239972353	Zeisel	datasets_original/zeisel.rds	alra	ALRA	42	42	cell_type1	cell_id_prefix	3005	1000	9	76	label_free_hvg
42	50	30	2.0	30	0.2566015164288576	0.600993257919474	0.04431595920669574	0.276420400513925	-0.2704324722290039	0.1640534100588411	Zeisel	datasets_original/zeisel.rds	alra	ALRA	42	42	cell_type1	cell_id_prefix	3005	1000	9	76	label_free_hvg
42	100	10	0.2	20	0.494108492899709	0.6519738994726676	0.03539957694215044	0.2487309189760661	-0.26640474796295166	0.07886395882815123	Zeisel	datasets_original/zeisel.rds	alra	ALRA	42	42	cell_type1	cell_id_prefix	3005	1000	9	76	label_free_hvg
42	100	10	0.5	29	0.34603638337105613	0.612848899204025	0.037698993341086125	0.2626651633413129	-0.26640474796295166	0.0776139257941395	Zeisel	datasets_original/zeisel.rds	alra	ALRA	42	42	cell_type1	cell_id_prefix	3005	1000	9	76	label_free_hvg
42	100	10	1.0	39	0.23744609588902268	0.5833635432914268	0.0417028424618999	0.29141352253779135	-0.26640474796295166	0.07755867205560207	Zeisel	datasets_original/zeisel.rds	alra	ALRA	42	42	cell_type1	cell_id_prefix	3005	1000	9	76	label_free_hvg
42	100	10	1.5	45	0.17959229459031276	0.5674313858569743	0.04695046444885579	0.30534015708033296	-0.26640474796295166	0.07807844807393849	Zeisel	datasets_original/zeisel.rds	alra	ALRA	42	42	cell_type1	cell_id_prefix	3005	1000	9	76	label_free_hvg
42	100	10	2.0	46	0.18450642479451743	0.5706973342323418	0.04469381990127198	0.30423921874566	-0.26640474796295166	0.07615655986592174	Zeisel	datasets_original/zeisel.rds	alra	ALRA	42	42	cell_type1	cell_id_prefix	3005	1000	9	76	label_free_hvg
42	100	15	0.2	17	0.47867112673618495	0.633715455586344	0.033628297418676616	0.23670466822068342	-0.26640474796295166	0.09772399510256946	Zeisel	datasets_original/zeisel.rds	alra	ALRA	42	42	cell_type1	cell_id_prefix	3005	1000	9	76	label_free_hvg
42	100	15	0.5	26	0.35374516632605363	0.6179182692735641	0.03741327649861469	0.2567348753487929	-0.26640474796295166	0.09600901510566473	Zeisel	datasets_original/zeisel.rds	alra	ALRA	42	42	cell_type1	cell_id_prefix	3005	1000	9	76	label_free_hvg
42	100	15	1.0	31	0.3263561805692924	0.6076380043114342	0.04020645719784143	0.2741107845918951	-0.26640474796295166	0.09740100894123316	Zeisel	datasets_original/zeisel.rds	alra	ALRA	42	42	cell_type1	cell_id_prefix	3005	1000	9	76	label_free_hvg
42	100	15	1.5	37	0.221139589539039	0.5818188796264642	0.04252650826345413	0.28650811805557014	-0.26640474796295166	0.09845785517245531	Zeisel	datasets_original/zeisel.rds	alra	ALRA	42	42	cell_type1	cell_id_prefix	3005	1000	9	76	label_free_hvg
42	100	15	2.0	44	0.18325318852090472	0.5668029120037451	0.046519214114029095	0.3065242897540229	-0.26640474796295166	0.09855567687191069	Zeisel	datasets_original/zeisel.rds	alra	ALRA	42	42	cell_type1	cell_id_prefix	3005	1000	9	76	label_free_hvg
42	100	30	0.2	12	0.5913131569239365	0.6767299719376001	0.030755095162038545	0.21846534269766657	-0.26640474796295166	0.15813934803009033	Zeisel	datasets_original/zeisel.rds	alra	ALRA	42	42	cell_type1	cell_id_prefix	3005	1000	9	76	label_free_hvg
42	100	30	0.5	19	0.4670319337559473	0.6421920074113854	0.03327465929971991	0.23777659804426815	-0.26640474796295166	0.15882562496699393	Zeisel	datasets_original/zeisel.rds	alra	ALRA	42	42	cell_type1	cell_id_prefix	3005	1000	9	76	label_free_hvg
42	100	30	1.0	24	0.3862815658803387	0.6295924111470922	0.03711411014296975	0.2540261188420948	-0.26640474796295166	0.15986294206231833	Zeisel	datasets_original/zeisel.rds	alra	ALRA	42	42	cell_type1	cell_id_prefix	3005	1000	9	76	label_free_hvg
42	100	30	1.5	27	0.28338894950683985	0.6057448822274814	0.041403730243277405	0.2645276815745431	-0.26640474796295166	0.1616124538704753	Zeisel	datasets_original/zeisel.rds	alra	ALRA	42	42	cell_type1	cell_id_prefix	3005	1000	9	76	label_free_hvg
42	100	30	2.0	30	0.26013371424210185	0.6034393592628404	0.04381044693359644	0.27530779630525465	-0.26640474796295166	0.16141797811724246	Zeisel	datasets_original/zeisel.rds	alra	ALRA	42	42	cell_type1	cell_id_prefix	3005	1000	9	76	label_free_hvg
43	20	10	0.2	18	0.4614531165637159	0.646548236126446	0.038008952815556496	0.24929962595818494	-0.28109437227249146	0.08136700396426022	Zeisel	datasets_original/zeisel.rds	alra	ALRA	43	43	cell_type1	cell_id_prefix	3005	1000	9	76	label_free_hvg
43	20	10	0.5	26	0.3562131233395377	0.623414769046505	0.038186114686108545	0.26071499617147487	-0.28109437227249146	0.07892025588080287	Zeisel	datasets_original/zeisel.rds	alra	ALRA	43	43	cell_type1	cell_id_prefix	3005	1000	9	76	label_free_hvg
43	20	10	1.0	35	0.24555097248758118	0.5929672707808794	0.04419663815296308	0.2864348686112824	-0.28109437227249146	0.07811924489215016	Zeisel	datasets_original/zeisel.rds	alra	ALRA	43	43	cell_type1	cell_id_prefix	3005	1000	9	76	label_free_hvg
43	20	10	1.5	44	0.19727284547210017	0.5773349309722572	0.04875902003121903	0.30786227096355206	-0.28109437227249146	0.07694485201500356	Zeisel	datasets_original/zeisel.rds	alra	ALRA	43	43	cell_type1	cell_id_prefix	3005	1000	9	76	label_free_hvg
43	20	10	2.0	49	0.16421665475858518	0.5618804297770291	0.05180956526188583	0.3195554565519827	-0.28109437227249146	0.07706399401649833	Zeisel	datasets_original/zeisel.rds	alra	ALRA	43	43	cell_type1	cell_id_prefix	3005	1000	9	76	label_free_hvg
43	20	15	0.2	15	0.5585833856597812	0.6638817142220547	0.03399848713215857	0.23723950713776007	-0.28109437227249146	0.09767522709444165	Zeisel	datasets_original/zeisel.rds	alra	ALRA	43	43	cell_type1	cell_id_prefix	3005	1000	9	76	label_free_hvg
43	20	15	0.5	25	0.35598613523161776	0.6212816696338042	0.03752709228484302	0.25861752185712655	-0.28109437227249146	0.09705842402763665	Zeisel	datasets_original/zeisel.rds	alra	ALRA	43	43	cell_type1	cell_id_prefix	3005	1000	9	76	label_free_hvg
43	20	15	1.0	31	0.2649941112453565	0.6021707570185837	0.04515041727889286	0.28148356664372676	-0.28109437227249146	0.09635222307406366	Zeisel	datasets_original/zeisel.rds	alra	ALRA	43	43	cell_type1	cell_id_prefix	3005	1000	9	76	label_free_hvg
43	20	15	1.5	36	0.2268609035421318	0.5860843218883539	0.04565107923136213	0.2916660077126534	-0.28109437227249146	0.09718604991212487	Zeisel	datasets_original/zeisel.rds	alra	ALRA	43	43	cell_type1	cell_id_prefix	3005	1000	9	76	label_free_hvg
43	20	15	2.0	42	0.18498962537329663	0.571253973075973	0.04905509190363638	0.3054221647441726	-0.28109437227249146	0.09883379703387618	Zeisel	datasets_original/zeisel.rds	alra	ALRA	43	43	cell_type1	cell_id_prefix	3005	1000	9	76	label_free_hvg
43	20	30	0.2	11	0.6252500215729518	0.6815707175804656	0.029437232895285492	0.2144640375161173	-0.28109437227249146	0.1620265960227698	Zeisel	datasets_original/zeisel.rds	alra	ALRA	43	43	cell_type1	cell_id_prefix	3005	1000	9	76	label_free_hvg
43	20	30	0.5	18	0.4773361156468359	0.6507519322995035	0.03392041306693263	0.2386712862637802	-0.28109437227249146	0.16101464093662798	Zeisel	datasets_original/zeisel.rds	alra	ALRA	43	43	cell_type1	cell_id_prefix	3005	1000	9	76	label_free_hvg
43	20	30	1.0	24	0.3447222369045229	0.6217032503624875	0.03929801943414099	0.25556470591821767	-0.28109437227249146	0.16453985101543367	Zeisel	datasets_original/zeisel.rds	alra	ALRA	43	43	cell_type1	cell_id_prefix	3005	1000	9	76	label_free_hvg
43	20	30	1.5	26	0.305542854867991	0.6115820780960991	0.04163609591710682	0.26317587753874583	-0.28109437227249146	0.1597815880086273	Zeisel	datasets_original/zeisel.rds	alra	ALRA	43	43	cell_type1	cell_id_prefix	3005	1000	9	76	label_free_hvg
43	20	30	2.0	30	0.2505818800795326	0.5981547819748312	0.04453784493986761	0.2767475929146742	-0.28109437227249146	0.16637845616787672	Zeisel	datasets_original/zeisel.rds	alra	ALRA	43	43	cell_type1	cell_id_prefix	3005	1000	9	76	label_free_hvg
43	50	10	0.2	23	0.37389147744019213	0.6178950792635642	0.03664600045115655	0.25170935775527503	-0.27043262124061584	0.08234961796551943	Zeisel	datasets_original/zeisel.rds	alra	ALRA	43	43	cell_type1	cell_id_prefix	3005	1000	9	76	label_free_hvg
43	50	10	0.5	28	0.3412661770391178	0.6133234308161861	0.0381373657320086	0.2625997464268054	-0.27043262124061584	0.08062121993862092	Zeisel	datasets_original/zeisel.rds	alra	ALRA	43	43	cell_type1	cell_id_prefix	3005	1000	9	76	label_free_hvg
43	50	10	1.0	37	0.2523742930872776	0.590438189292781	0.04093484625879766	0.28732193628586583	-0.27043262124061584	0.07985126203857362	Zeisel	datasets_original/zeisel.rds	alra	ALRA	43	43	cell_type1	cell_id_prefix	3005	1000	9	76	label_free_hvg
43	50	10	1.5	46	0.18288292094816821	0.568251784736831	0.04472854914509043	0.3036079330346012	-0.27043262124061584	0.0769609420094639	Zeisel	datasets_original/zeisel.rds	alra	ALRA	43	43	cell_type1	cell_id_prefix	3005	1000	9	76	label_free_hvg
43	50	10	2.0	48	0.1719992517064521	0.5633706275403061	0.04389986727831945	0.3069125414329363	-0.27043262124061584	0.07736907596699893	Zeisel	datasets_original/zeisel.rds	alra	ALRA	43	43	cell_type1	cell_id_prefix	3005	1000	9	76	label_free_hvg
43	50	15	0.2	15	0.5005265452379334	0.6495309079675687	0.03525132686256481	0.2357232131938916	-0.27043262124061584	0.09905577194876969	Zeisel	datasets_original/zeisel.rds	alra	ALRA	43	43	cell_type1	cell_id_prefix	3005	1000	9	76	label_free_hvg
43	50	15	0.5	24	0.3648926437144323	0.6184657236055469	0.03619629607688308	0.2543220361807444	-0.27043262124061584	0.09766800096258521	Zeisel	datasets_original/zeisel.rds	alra	ALRA	43	43	cell_type1	cell_id_prefix	3005	1000	9	76	label_free_hvg
43	50	15	1.0	31	0.27991658018879456	0.5982791719195746	0.04286804532275248	0.2764632462609293	-0.27043262124061584	0.09741689404472709	Zeisel	datasets_original/zeisel.rds	alra	ALRA	43	43	cell_type1	cell_id_prefix	3005	1000	9	76	label_free_hvg
43	50	15	1.5	37	0.22544899529818732	0.5825902806197283	0.04243666016216654	0.2889555140085868	-0.27043262124061584	0.0961229579988867	Zeisel	datasets_original/zeisel.rds	alra	ALRA	43	43	cell_type1	cell_id_prefix	3005	1000	9	76	label_free_hvg
43	50	15	2.0	40	0.18839052576816487	0.57021999172842	0.043481432917333855	0.2944250963898217	-0.27043262124061584	0.09759272704832256	Zeisel	datasets_original/zeisel.rds	alra	ALRA	43	43	cell_type1	cell_id_prefix	3005	1000	9	76	label_free_hvg
43	50	30	0.2	11	0.5876582906877189	0.6732366837906294	0.030453765624837065	0.21562089315381774	-0.27043262124061584	0.15854551899246871	Zeisel	datasets_original/zeisel.rds	alra	ALRA	43	43	cell_type1	cell_id_prefix	3005	1000	9	76	label_free_hvg
43	50	30	0.5	19	0.465094900421351	0.6419050731414035	0.033446310920129535	0.24113137694829914	-0.27043262124061584	0.15787869901396334	Zeisel	datasets_original/zeisel.rds	alra	ALRA	43	43	cell_type1	cell_id_prefix	3005	1000	9	76	label_free_hvg
43	50	30	1.0	24	0.3817366786549998	0.6283152369089615	0.037123525082462416	0.2548958547819705	-0.27043262124061584	0.15833195089362562	Zeisel	datasets_original/zeisel.rds	alra	ALRA	43	43	cell_type1	cell_id_prefix	3005	1000	9	76	label_free_hvg
43	50	30	1.5	29	0.2596592652065822	0.5972597952375421	0.04412430316904473	0.2758829469575933	-0.27043262124061584	0.15868261083960533	Zeisel	datasets_original/zeisel.rds	alra	ALRA	43	43	cell_type1	cell_id_prefix	3005	1000	9	76	label_free_hvg
43	50	30	2.0	30	0.25981937352353135	0.6015627756535207	0.04404506196480961	0.2765394793089436	-0.27043262124061584	0.1580380299128592	Zeisel	datasets_original/zeisel.rds	alra	ALRA	43	43	cell_type1	cell_id_prefix	3005	1000	9	76	label_free_hvg
43	100	10	0.2	21	0.4132043312371153	0.6166348483988222	0.03714364888062831	0.25067554141014137	-0.2663874924182892	0.08038206002674997	Zeisel	datasets_original/zeisel.rds	alra	ALRA	43	43	cell_type1	cell_id_prefix	3005	1000	9	76	label_free_hvg
43	100	10	0.5	30	0.33802983948057286	0.6096300476070532	0.03855999007251339	0.2664940182657641	-0.2663874924182892	0.07859709486365318	Zeisel	datasets_original/zeisel.rds	alra	ALRA	43	43	cell_type1	cell_id_prefix	3005	1000	9	76	label_free_hvg
43	100	10	1.0	38	0.24116192421555255	0.5843475547210817	0.04046652142182993	0.2850740983035477	-0.2663874924182892	0.07893669907934964	Zeisel	datasets_original/zeisel.rds	alra	ALRA	43	43	cell_type1	cell_id_prefix	3005	1000	9	76	label_free_hvg
43	100	10	1.5	46	0.1880119236773187	0.5710312650407326	0.04560419575812518	0.3052907317261051	-0.2663874924182892	0.07809925312176347	Zeisel	datasets_original/zeisel.rds	alra	ALRA	43	43	cell_type1	cell_id_prefix	3005	1000	9	76	label_free_hvg
43	100	10	2.0	48	0.16928783945552683	0.5637585004789207	0.045910356279323467	0.3093818943746533	-0.2663874924182892	0.07810367411002517	Zeisel	datasets_original/zeisel.rds	alra	ALRA	43	43	cell_type1	cell_id_prefix	3005	1000	9	76	label_free_hvg
43	100	15	0.2	17	0.4887361512547851	0.6443416809151266	0.03393481326702029	0.23761788226263378	-0.2663874924182892	0.09843003679998219	Zeisel	datasets_original/zeisel.rds	alra	ALRA	43	43	cell_type1	cell_id_prefix	3005	1000	9	76	label_free_hvg
43	100	15	0.5	25	0.3478711416222302	0.6125437020698565	0.036730078833788427	0.2545133712739502	-0.2663874924182892	0.09832531912252307	Zeisel	datasets_original/zeisel.rds	alra	ALRA	43	43	cell_type1	cell_id_prefix	3005	1000	9	76	label_free_hvg
43	100	15	1.0	32	0.31980951814713016	0.6036239231154944	0.039736051063893524	0.2754230595798764	-0.2663874924182892	0.0988392811268568	Zeisel	datasets_original/zeisel.rds	alra	ALRA	43	43	cell_type1	cell_id_prefix	3005	1000	9	76	label_free_hvg
43	100	15	1.5	37	0.2209639627553583	0.5822158191740358	0.04218318630364372	0.2861624032276136	-0.2663874924182892	0.09725281479768455	Zeisel	datasets_original/zeisel.rds	alra	ALRA	43	43	cell_type1	cell_id_prefix	3005	1000	9	76	label_free_hvg
43	100	15	2.0	42	0.19456604028868374	0.5719452504400753	0.04363482734242193	0.2977226693552461	-0.2663874924182892	0.09794806712307036	Zeisel	datasets_original/zeisel.rds	alra	ALRA	43	43	cell_type1	cell_id_prefix	3005	1000	9	76	label_free_hvg
43	100	30	0.2	10	0.6049394208714279	0.6786507786394849	0.03051270612250903	0.21317989293956893	-0.2663874924182892	0.15921163000166416	Zeisel	datasets_original/zeisel.rds	alra	ALRA	43	43	cell_type1	cell_id_prefix	3005	1000	9	76	label_free_hvg
43	100	30	0.5	19	0.4648778010021719	0.6415117482244517	0.0333011556285259	0.23761108752873378	-0.2663874924182892	0.15896066394634545	Zeisel	datasets_original/zeisel.rds	alra	ALRA	43	43	cell_type1	cell_id_prefix	3005	1000	9	76	label_free_hvg
43	100	30	1.0	24	0.38241561481579506	0.6291041201845624	0.03674009397066647	0.2535499772761092	-0.2663874924182892	0.15757630905136466	Zeisel	datasets_original/zeisel.rds	alra	ALRA	43	43	cell_type1	cell_id_prefix	3005	1000	9	76	label_free_hvg
43	100	30	1.5	27	0.28556073029833823	0.6072974448006976	0.04166242757511264	0.2651899989064021	-0.2663874924182892	0.16068230802193284	Zeisel	datasets_original/zeisel.rds	alra	ALRA	43	43	cell_type1	cell_id_prefix	3005	1000	9	76	label_free_hvg
43	100	30	2.0	30	0.25895550008560214	0.6028310135146377	0.043904996310554875	0.27513700855646883	-0.2663874924182892	0.1595708269160241	Zeisel	datasets_original/zeisel.rds	alra	ALRA	43	43	cell_type1	cell_id_prefix	3005	1000	9	76	label_free_hvg
44	20	10	0.2	20	0.4609970766531814	0.646721532362549	0.03576246965396211	0.24762010146564625	-0.2810942828655243	0.07854239013977349	Zeisel	datasets_original/zeisel.rds	alra	ALRA	44	44	cell_type1	cell_id_prefix	3005	1000	9	76	label_free_hvg
44	20	10	0.5	27	0.3305471295427684	0.6133163634385468	0.039709738159847525	0.2659577825398843	-0.2810942828655243	0.07719967979937792	Zeisel	datasets_original/zeisel.rds	alra	ALRA	44	44	cell_type1	cell_id_prefix	3005	1000	9	76	label_free_hvg
44	20	10	1.0	35	0.251440603551877	0.5961788790255077	0.04757966568828029	0.29263317745600526	-0.2810942828655243	0.07773438701406121	Zeisel	datasets_original/zeisel.rds	alra	ALRA	44	44	cell_type1	cell_id_prefix	3005	1000	9	76	label_free_hvg
44	20	10	1.5	46	0.17521519660959897	0.568632747293935	0.05013601600933369	0.3126122048188401	-0.2810942828655243	0.07532644108869135	Zeisel	datasets_original/zeisel.rds	alra	ALRA	44	44	cell_type1	cell_id_prefix	3005	1000	9	76	label_free_hvg
44	20	10	2.0	51	0.15799980601891517	0.558987693433975	0.05046221594629321	0.3218761930757584	-0.2810942828655243	0.07715377490967512	Zeisel	datasets_original/zeisel.rds	alra	ALRA	44	44	cell_type1	cell_id_prefix	3005	1000	9	76	label_free_hvg
44	20	15	0.2	15	0.5293399518405596	0.6616726351002787	0.034968659235659214	0.2369388240771081	-0.2810942828655243	0.09758775099180639	Zeisel	datasets_original/zeisel.rds	alra	ALRA	44	44	cell_type1	cell_id_prefix	3005	1000	9	76	label_free_hvg
44	20	15	0.5	25	0.3592543516221044	0.6230102194738077	0.03760530937513045	0.26025401548472626	-0.2810942828655243	0.09597601508721709	Zeisel	datasets_original/zeisel.rds	alra	ALRA	44	44	cell_type1	cell_id_prefix	3005	1000	9	76	label_free_hvg
44	20	15	1.0	32	0.25492236222949755	0.5989166495953444	0.04606697577621483	0.2842543252974697	-0.2810942828655243	0.0939510460011661	Zeisel	datasets_original/zeisel.rds	alra	ALRA	44	44	cell_type1	cell_id_prefix	3005	1000	9	76	label_free_hvg
44	20	15	1.5	37	0.21841835031362408	0.5838610026951422	0.04656056759561689	0.29396764973081907	-0.2810942828655243	0.09514049696736038	Zeisel	datasets_original/zeisel.rds	alra	ALRA	44	44	cell_type1	cell_id_prefix	3005	1000	9	76	label_free_hvg
44	20	15	2.0	40	0.19148516603488594	0.5711870626939782	0.04771492933879921	0.3002504173163632	-0.2810942828655243	0.09492094907909632	Zeisel	datasets_original/zeisel.rds	alra	ALRA	44	44	cell_type1	cell_id_prefix	3005	1000	9	76	label_free_hvg
44	20	30	0.2	12	0.6256952605427178	0.6838033862839236	0.02959356005796125	0.21692954531776845	-0.2810942828655243	0.16423677606508136	Zeisel	datasets_original/zeisel.rds	alra	ALRA	44	44	cell_type1	cell_id_prefix	3005	1000	9	76	label_free_hvg
44	20	30	0.5	18	0.4760844670861358	0.649823264669077	0.033816624709145066	0.23741911368931118	-0.2810942828655243	0.16491059586405754	Zeisel	datasets_original/zeisel.rds	alra	ALRA	44	44	cell_type1	cell_id_prefix	3005	1000	9	76	label_free_hvg
44	20	30	1.0	24	0.3412438583599638	0.621440699233778	0.03914756254600034	0.25487047477648495	-0.2810942828655243	0.1696677738800645	Zeisel	datasets_original/zeisel.rds	alra	ALRA	44	44	cell_type1	cell_id_prefix	3005	1000	9	76	label_free_hvg
44	20	30	1.5	26	0.31080214655047295	0.6120185242937104	0.041294644892767976	0.2636152274274411	-0.2810942828655243	0.1669126651249826	Zeisel	datasets_original/zeisel.rds	alra	ALRA	44	44	cell_type1	cell_id_prefix	3005	1000	9	76	label_free_hvg
44	20	30	2.0	30	0.25631664099897633	0.5986230088970852	0.04608836329364316	0.2820757766876941	-0.2810942828655243	0.1677786218933761	Zeisel	datasets_original/zeisel.rds	alra	ALRA	44	44	cell_type1	cell_id_prefix	3005	1000	9	76	label_free_hvg
44	50	10	0.2	22	0.42973485754119206	0.6303915282118281	0.03647087024513669	0.25180469326610017	-0.2704309821128845	0.07965414295904338	Zeisel	datasets_original/zeisel.rds	alra	ALRA	44	44	cell_type1	cell_id_prefix	3005	1000	9	76	label_free_hvg
44	50	10	0.5	28	0.34263791734340243	0.6124817850987014	0.03829263150467051	0.2631056782238937	-0.2704309821128845	0.0774781231302768	Zeisel	datasets_original/zeisel.rds	alra	ALRA	44	44	cell_type1	cell_id_prefix	3005	1000	9	76	label_free_hvg
44	50	10	1.0	37	0.23833469675580626	0.5826592863191593	0.04031092012641376	0.286313627735612	-0.2704309821128845	0.07840100396424532	Zeisel	datasets_original/zeisel.rds	alra	ALRA	44	44	cell_type1	cell_id_prefix	3005	1000	9	76	label_free_hvg
44	50	10	1.5	46	0.17433392013227372	0.5658924987456764	0.046585862366212254	0.308036450563447	-0.2704309821128845	0.07686502113938332	Zeisel	datasets_original/zeisel.rds	alra	ALRA	44	44	cell_type1	cell_id_prefix	3005	1000	9	76	label_free_hvg
44	50	10	2.0	49	0.15455742789988375	0.5569107672992921	0.048001895201184926	0.31359035384842165	-0.2704309821128845	0.07595013594254851	Zeisel	datasets_original/zeisel.rds	alra	ALRA	44	44	cell_type1	cell_id_prefix	3005	1000	9	76	label_free_hvg
44	50	15	0.2	15	0.5163772534093853	0.6545567249592007	0.03430482810803911	0.23409056846544124	-0.2704309821128845	0.09879338787868619	Zeisel	datasets_original/zeisel.rds	alra	ALRA	44	44	cell_type1	cell_id_prefix	3005	1000	9	76	label_free_hvg
44	50	15	0.5	24	0.3619225117174538	0.6166973491065111	0.037008148457272384	0.25469076208470576	-0.2704309821128845	0.09806540003046393	Zeisel	datasets_original/zeisel.rds	alra	ALRA	44	44	cell_type1	cell_id_prefix	3005	1000	9	76	label_free_hvg
44	50	15	1.0	31	0.293571947292294	0.6024448252117474	0.042478286911411325	0.2766128768473943	-0.2704309821128845	0.0969196769874543	Zeisel	datasets_original/zeisel.rds	alra	ALRA	44	44	cell_type1	cell_id_prefix	3005	1000	9	76	label_free_hvg
44	50	15	1.5	38	0.22904173819296922	0.5851635847694162	0.04330284789460869	0.29270368860519613	-0.2704309821128845	0.09662102279253304	Zeisel	datasets_original/zeisel.rds	alra	ALRA	44	44	cell_type1	cell_id_prefix	3005	1000	9	76	label_free_hvg
44	50	15	2.0	42	0.1834720519030007	0.5683765655436047	0.04440218982839176	0.2984481206102745	-0.2704309821128845	0.09699402889236808	Zeisel	datasets_original/zeisel.rds	alra	ALRA	44	44	cell_type1	cell_id_prefix	3005	1000	9	76	label_free_hvg
44	50	30	0.2	11	0.5861704672694196	0.6719685256228813	0.03050143743011725	0.21563381473962814	-0.2704309821128845	0.16255991719663143	Zeisel	datasets_original/zeisel.rds	alra	ALRA	44	44	cell_type1	cell_id_prefix	3005	1000	9	76	label_free_hvg
44	50	30	0.5	19	0.4662584555162568	0.642122065180455	0.033446678639675556	0.24125311585175294	-0.2704309821128845	0.1617905341554433	Zeisel	datasets_original/zeisel.rds	alra	ALRA	44	44	cell_type1	cell_id_prefix	3005	1000	9	76	label_free_hvg
44	50	30	1.0	24	0.38033740352163503	0.6277029391248548	0.03700962465440085	0.2541661408449748	-0.2704309821128845	0.16674598678946495	Zeisel	datasets_original/zeisel.rds	alra	ALRA	44	44	cell_type1	cell_id_prefix	3005	1000	9	76	label_free_hvg
44	50	30	1.5	28	0.2755930748529413	0.6023128816618203	0.0418262475392776	0.2687459786406178	-0.2704309821128845	0.16294026118703187	Zeisel	datasets_original/zeisel.rds	alra	ALRA	44	44	cell_type1	cell_id_prefix	3005	1000	9	76	label_free_hvg
44	50	30	2.0	30	0.25603065087714766	0.5989555607178519	0.04415869528570361	0.2766749399959209	-0.2704309821128845	0.15837055281735957	Zeisel	datasets_original/zeisel.rds	alra	ALRA	44	44	cell_type1	cell_id_prefix	3005	1000	9	76	label_free_hvg
44	100	10	0.2	21	0.46619533733777285	0.6453050556498852	0.03531056045944225	0.24899964067057329	-0.2664048671722412	0.07969839498400688	Zeisel	datasets_original/zeisel.rds	alra	ALRA	44	44	cell_type1	cell_id_prefix	3005	1000	9	76	label_free_hvg
44	100	10	0.5	29	0.34242103009374447	0.6075666226972798	0.037795950436203374	0.26351633174162525	-0.2664048671722412	0.07857662695460021	Zeisel	datasets_original/zeisel.rds	alra	ALRA	44	44	cell_type1	cell_id_prefix	3005	1000	9	76	label_free_hvg
44	100	10	1.0	39	0.21839815681331493	0.5816893146678295	0.04312136866461215	0.29042400163918747	-0.2664048671722412	0.07816173299215734	Zeisel	datasets_original/zeisel.rds	alra	ALRA	44	44	cell_type1	cell_id_prefix	3005	1000	9	76	label_free_hvg
44	100	10	1.5	46	0.18250278180906698	0.5704760764986693	0.04563972444373974	0.3046291263537666	-0.2664048671722412	0.07809194317087531	Zeisel	datasets_original/zeisel.rds	alra	ALRA	44	44	cell_type1	cell_id_prefix	3005	1000	9	76	label_free_hvg
44	100	10	2.0	49	0.15791018611652	0.5582652885888018	0.046093888995437315	0.31233462643548077	-0.2664048671722412	0.077344608027488	Zeisel	datasets_original/zeisel.rds	alra	ALRA	44	44	cell_type1	cell_id_prefix	3005	1000	9	76	label_free_hvg
44	100	15	0.2	17	0.5061761951397465	0.6476443677801521	0.0322777040176089	0.23190106865144455	-0.2664048671722412	0.09924920904450119	Zeisel	datasets_original/zeisel.rds	alra	ALRA	44	44	cell_type1	cell_id_prefix	3005	1000	9	76	label_free_hvg
44	100	15	0.5	26	0.35206539694014105	0.6179985808442392	0.036864127042766995	0.2565304435183587	-0.2664048671722412	0.09763779491186142	Zeisel	datasets_original/zeisel.rds	alra	ALRA	44	44	cell_type1	cell_id_prefix	3005	1000	9	76	label_free_hvg
44	100	15	1.0	32	0.32199433964529456	0.6046964672641733	0.03972240513220236	0.2762239644371352	-0.2664048671722412	0.09701899299398065	Zeisel	datasets_original/zeisel.rds	alra	ALRA	44	44	cell_type1	cell_id_prefix	3005	1000	9	76	label_free_hvg
44	100	15	1.5	37	0.22522322187308771	0.5851654912196873	0.042454643289836405	0.28736281752504117	-0.2664048671722412	0.09673476405441761	Zeisel	datasets_original/zeisel.rds	alra	ALRA	44	44	cell_type1	cell_id_prefix	3005	1000	9	76	label_free_hvg
44	100	15	2.0	40	0.19963696945185333	0.5760962507866536	0.044357599373975654	0.2958238753716049	-0.2664048671722412	0.09608552814461291	Zeisel	datasets_original/zeisel.rds	alra	ALRA	44	44	cell_type1	cell_id_prefix	3005	1000	9	76	label_free_hvg
44	100	30	0.2	11	0.5863294997309199	0.6730293951434669	0.030564213543517637	0.21589645058120824	-0.2664048671722412	0.16782817104831338	Zeisel	datasets_original/zeisel.rds	alra	ALRA	44	44	cell_type1	cell_id_prefix	3005	1000	9	76	label_free_hvg
44	100	30	0.5	20	0.40235158766731033	0.628109462393978	0.03387115019648211	0.24049535308305225	-0.2664048671722412	0.1672822730615735	Zeisel	datasets_original/zeisel.rds	alra	ALRA	44	44	cell_type1	cell_id_prefix	3005	1000	9	76	label_free_hvg
44	100	30	1.0	24	0.37917273365420673	0.6283839064553537	0.03702247544180327	0.25407303669000714	-0.2664048671722412	0.1654311940073967	Zeisel	datasets_original/zeisel.rds	alra	ALRA	44	44	cell_type1	cell_id_prefix	3005	1000	9	76	label_free_hvg
44	100	30	1.5	26	0.2887518769808978	0.6081986754504675	0.04016283065745601	0.2578941755234724	-0.2664048671722412	0.16529206302948296	Zeisel	datasets_original/zeisel.rds	alra	ALRA	44	44	cell_type1	cell_id_prefix	3005	1000	9	76	label_free_hvg
44	100	30	2.0	30	0.2560701452784963	0.6004369971888133	0.044095170601442975	0.27465911348864896	-0.2664048671722412	0.1673261660616845	Zeisel	datasets_original/zeisel.rds	alra	ALRA	44	44	cell_type1	cell_id_prefix	3005	1000	9	76	label_free_hvg
45	20	10	0.2	19	0.4522913548489839	0.6382863584879651	0.03554201036502532	0.24450097299220072	-0.28109440207481384	0.0794680758845061	Zeisel	datasets_original/zeisel.rds	alra	ALRA	45	45	cell_type1	cell_id_prefix	3005	1000	9	76	label_free_hvg
45	20	10	0.5	26	0.38799397822624526	0.6283062670624858	0.03788807482707859	0.26377546599415663	-0.28109440207481384	0.07766650686971843	Zeisel	datasets_original/zeisel.rds	alra	ALRA	45	45	cell_type1	cell_id_prefix	3005	1000	9	76	label_free_hvg
45	20	10	1.0	35	0.24237294478906754	0.5911563373419592	0.04794033024842891	0.29299004484433694	-0.28109440207481384	0.07679542899131775	Zeisel	datasets_original/zeisel.rds	alra	ALRA	45	45	cell_type1	cell_id_prefix	3005	1000	9	76	label_free_hvg
45	20	10	1.5	45	0.1811307805975309	0.5716676018866933	0.049969968409517763	0.31178596259572466	-0.28109440207481384	0.0768988209310919	Zeisel	datasets_original/zeisel.rds	alra	ALRA	45	45	cell_type1	cell_id_prefix	3005	1000	9	76	label_free_hvg
45	20	10	2.0	51	0.15788105898448435	0.5595852806452308	0.05180791828774848	0.3220536474320301	-0.28109440207481384	0.07640558201819658	Zeisel	datasets_original/zeisel.rds	alra	ALRA	45	45	cell_type1	cell_id_prefix	3005	1000	9	76	label_free_hvg
45	20	15	0.2	15	0.5714977047737085	0.668141339630523	0.0332962945801973	0.23580244272334955	-0.28109440207481384	0.11035131220705807	Zeisel	datasets_original/zeisel.rds	alra	ALRA	45	45	cell_type1	cell_id_prefix	3005	1000	9	76	label_free_hvg
45	20	15	0.5	25	0.34514417267770237	0.6204165725334161	0.0384647411557859	0.26089012826102376	-0.28109440207481384	0.10150240594521165	Zeisel	datasets_original/zeisel.rds	alra	ALRA	45	45	cell_type1	cell_id_prefix	3005	1000	9	76	label_free_hvg
45	20	15	1.0	31	0.27688241911052586	0.6053103732367457	0.04429583265813228	0.2790361077074153	-0.28109440207481384	0.09839182207360864	Zeisel	datasets_original/zeisel.rds	alra	ALRA	45	45	cell_type1	cell_id_prefix	3005	1000	9	76	label_free_hvg
45	20	15	1.5	35	0.21848194110860422	0.5854114385378595	0.047902817940042225	0.2905698536720479	-0.28109440207481384	0.09660190506838262	Zeisel	datasets_original/zeisel.rds	alra	ALRA	45	45	cell_type1	cell_id_prefix	3005	1000	9	76	label_free_hvg
45	20	15	2.0	42	0.1812480673963325	0.5671422871039372	0.048551804580333764	0.3044501440340302	-0.28109440207481384	0.09711644193157554	Zeisel	datasets_original/zeisel.rds	alra	ALRA	45	45	cell_type1	cell_id_prefix	3005	1000	9	76	label_free_hvg
45	20	30	0.2	12	0.572368918496053	0.6656197532342755	0.030291741295735284	0.2163982654404251	-0.28109440207481384	0.17879293393343687	Zeisel	datasets_original/zeisel.rds	alra	ALRA	45	45	cell_type1	cell_id_prefix	3005	1000	9	76	label_free_hvg
45	20	30	0.5	18	0.4769732564520472	0.6506225191004897	0.033961078721844486	0.2389385170991608	-0.28109440207481384	0.1631403909996152	Zeisel	datasets_original/zeisel.rds	alra	ALRA	45	45	cell_type1	cell_id_prefix	3005	1000	9	76	label_free_hvg
45	20	30	1.0	24	0.38022019119288686	0.6230938855026961	0.0371537997342848	0.25308470309039127	-0.28109440207481384	0.16467336611822248	Zeisel	datasets_original/zeisel.rds	alra	ALRA	45	45	cell_type1	cell_id_prefix	3005	1000	9	76	label_free_hvg
45	20	30	1.5	26	0.29963934037271805	0.6094280672371758	0.04111718468896305	0.2630639806090734	-0.28109440207481384	0.16372810606844723	Zeisel	datasets_original/zeisel.rds	alra	ALRA	45	45	cell_type1	cell_id_prefix	3005	1000	9	76	label_free_hvg
45	20	30	2.0	30	0.26118258692644214	0.6010904059580978	0.04601622183406913	0.2824809644685817	-0.28109440207481384	0.18151273601688445	Zeisel	datasets_original/zeisel.rds	alra	ALRA	45	45	cell_type1	cell_id_prefix	3005	1000	9	76	label_free_hvg
45	50	10	0.2	23	0.3713076885823677	0.6163009771554624	0.0367996053051337	0.2520438079242913	-0.2704327702522278	0.0792919050436467	Zeisel	datasets_original/zeisel.rds	alra	ALRA	45	45	cell_type1	cell_id_prefix	3005	1000	9	76	label_free_hvg
45	50	10	0.5	28	0.31894440927050594	0.6094157451190833	0.039158757172794656	0.2639804176319632	-0.2704327702522278	0.07847331487573683	Zeisel	datasets_original/zeisel.rds	alra	ALRA	45	45	cell_type1	cell_id_prefix	3005	1000	9	76	label_free_hvg
45	50	10	1.0	36	0.228927910011953	0.580318569499402	0.041755900629226066	0.28596568423375135	-0.2704327702522278	0.07859410904347897	Zeisel	datasets_original/zeisel.rds	alra	ALRA	45	45	cell_type1	cell_id_prefix	3005	1000	9	76	label_free_hvg
45	50	10	1.5	46	0.17887922540117399	0.5676801866821783	0.044346975906603255	0.3033765594446074	-0.2704327702522278	0.07835893705487251	Zeisel	datasets_original/zeisel.rds	alra	ALRA	45	45	cell_type1	cell_id_prefix	3005	1000	9	76	label_free_hvg
45	50	10	2.0	49	0.1583384584842803	0.5575686181324594	0.046161895860302234	0.3124455017185364	-0.2704327702522278	0.07780792401172221	Zeisel	datasets_original/zeisel.rds	alra	ALRA	45	45	cell_type1	cell_id_prefix	3005	1000	9	76	label_free_hvg
45	50	15	0.2	16	0.4853819419950723	0.643838355867146	0.03492528813896918	0.23571153015355695	-0.2704327702522278	0.09936752915382385	Zeisel	datasets_original/zeisel.rds	alra	ALRA	45	45	cell_type1	cell_id_prefix	3005	1000	9	76	label_free_hvg
45	50	15	0.5	24	0.3658479356657074	0.6187001010962101	0.03610303806418978	0.25399406081391274	-0.2704327702522278	0.09977261698804796	Zeisel	datasets_original/zeisel.rds	alra	ALRA	45	45	cell_type1	cell_id_prefix	3005	1000	9	76	label_free_hvg
45	50	15	1.0	31	0.27624149079439303	0.5982782290097919	0.04282863760088	0.2774892715899361	-0.2704327702522278	0.09755867905914783	Zeisel	datasets_original/zeisel.rds	alra	ALRA	45	45	cell_type1	cell_id_prefix	3005	1000	9	76	label_free_hvg
45	50	15	1.5	37	0.2290723186936354	0.5827517510250153	0.042571988958074236	0.2896519775592159	-0.2704327702522278	0.09917392418719828	Zeisel	datasets_original/zeisel.rds	alra	ALRA	45	45	cell_type1	cell_id_prefix	3005	1000	9	76	label_free_hvg
45	50	15	2.0	42	0.1799727626010868	0.5692246720871529	0.046964547351297785	0.303320395679042	-0.2704327702522278	0.09792328206822276	Zeisel	datasets_original/zeisel.rds	alra	ALRA	45	45	cell_type1	cell_id_prefix	3005	1000	9	76	label_free_hvg
45	50	30	0.2	11	0.5867921218600094	0.6723351344389	0.03044283517980726	0.21540412089282532	-0.2704327702522278	0.16134526813402772	Zeisel	datasets_original/zeisel.rds	alra	ALRA	45	45	cell_type1	cell_id_prefix	3005	1000	9	76	label_free_hvg
45	50	30	0.5	19	0.465094900421351	0.6419050731414035	0.033446310920129535	0.24113137694829914	-0.2704327702522278	0.16226538503542542	Zeisel	datasets_original/zeisel.rds	alra	ALRA	45	45	cell_type1	cell_id_prefix	3005	1000	9	76	label_free_hvg
45	50	30	1.0	24	0.37107019674074515	0.6193857009459462	0.03600816558292791	0.2509617770845595	-0.2704327702522278	0.16057178587652743	Zeisel	datasets_original/zeisel.rds	alra	ALRA	45	45	cell_type1	cell_id_prefix	3005	1000	9	76	label_free_hvg
45	50	30	1.5	29	0.26968571537530156	0.5980808040050376	0.043540723348002304	0.2768120244065007	-0.2704327702522278	0.15867128013633192	Zeisel	datasets_original/zeisel.rds	alra	ALRA	45	45	cell_type1	cell_id_prefix	3005	1000	9	76	label_free_hvg
45	50	30	2.0	30	0.2590372703739177	0.6026077074736658	0.04426816477640572	0.2764675627531501	-0.2704327702522278	0.16187379509210587	Zeisel	datasets_original/zeisel.rds	alra	ALRA	45	45	cell_type1	cell_id_prefix	3005	1000	9	76	label_free_hvg
45	100	10	0.2	20	0.446538526498495	0.6257384781554571	0.03690129971533916	0.24958946785889452	-0.26640409231185913	0.08023803494870663	Zeisel	datasets_original/zeisel.rds	alra	ALRA	45	45	cell_type1	cell_id_prefix	3005	1000	9	76	label_free_hvg
45	100	10	0.5	30	0.33539707098011373	0.6083968119667762	0.038779792866070896	0.2664000569973835	-0.26640409231185913	0.07858686707913876	Zeisel	datasets_original/zeisel.rds	alra	ALRA	45	45	cell_type1	cell_id_prefix	3005	1000	9	76	label_free_hvg
45	100	10	1.0	37	0.2667123502439996	0.5943516419912991	0.04013508077375771	0.284913422686667	-0.26640409231185913	0.0784505361225456	Zeisel	datasets_original/zeisel.rds	alra	ALRA	45	45	cell_type1	cell_id_prefix	3005	1000	9	76	label_free_hvg
45	100	10	1.5	45	0.19260888765851086	0.5739754250574937	0.04387961630952308	0.3005109466856223	-0.26640409231185913	0.07784084090963006	Zeisel	datasets_original/zeisel.rds	alra	ALRA	45	45	cell_type1	cell_id_prefix	3005	1000	9	76	label_free_hvg
45	100	10	2.0	48	0.16855079414781068	0.563982920476583	0.04834142903266853	0.3123027972922579	-0.26640409231185913	0.07744229189120233	Zeisel	datasets_original/zeisel.rds	alra	ALRA	45	45	cell_type1	cell_id_prefix	3005	1000	9	76	label_free_hvg
45	100	15	0.2	17	0.4963479438269339	0.6464443791794611	0.0336387879568838	0.23744162466872676	-0.26640409231185913	0.09902802715077996	Zeisel	datasets_original/zeisel.rds	alra	ALRA	45	45	cell_type1	cell_id_prefix	3005	1000	9	76	label_free_hvg
45	100	15	0.5	26	0.3470539870158775	0.6162189688622616	0.037624954690503504	0.2562605992943128	-0.26640409231185913	0.09908633911982179	Zeisel	datasets_original/zeisel.rds	alra	ALRA	45	45	cell_type1	cell_id_prefix	3005	1000	9	76	label_free_hvg
45	100	15	1.0	32	0.31908313254307497	0.6034491194216689	0.039777731877546865	0.27550646964028813	-0.26640409231185913	0.09910917188972235	Zeisel	datasets_original/zeisel.rds	alra	ALRA	45	45	cell_type1	cell_id_prefix	3005	1000	9	76	label_free_hvg
45	100	15	1.5	38	0.21735495828250803	0.5791490433890465	0.04293747503683184	0.2898842375098744	-0.26640409231185913	0.09712140588089824	Zeisel	datasets_original/zeisel.rds	alra	ALRA	45	45	cell_type1	cell_id_prefix	3005	1000	9	76	label_free_hvg
45	100	15	2.0	41	0.18615797257740818	0.5711306461733809	0.045118423504357553	0.297747426830818	-0.26640409231185913	0.0974786770530045	Zeisel	datasets_original/zeisel.rds	alra	ALRA	45	45	cell_type1	cell_id_prefix	3005	1000	9	76	label_free_hvg
45	100	30	0.2	11	0.5874244490585082	0.6732805712332585	0.030490550896331493	0.21559193395817855	-0.26640409231185913	0.16623671306297183	Zeisel	datasets_original/zeisel.rds	alra	ALRA	45	45	cell_type1	cell_id_prefix	3005	1000	9	76	label_free_hvg
45	100	30	0.5	19	0.46534464969458655	0.643707665892838	0.033523905458529964	0.24097362255893362	-0.26640409231185913	0.16597948595881462	Zeisel	datasets_original/zeisel.rds	alra	ALRA	45	45	cell_type1	cell_id_prefix	3005	1000	9	76	label_free_hvg
45	100	30	1.0	24	0.3392683185167889	0.6216959889866512	0.037962138446246	0.25190296734271084	-0.26640409231185913	0.16462009795941412	Zeisel	datasets_original/zeisel.rds	alra	ALRA	45	45	cell_type1	cell_id_prefix	3005	1000	9	76	label_free_hvg
45	100	30	1.5	27	0.3224919386749472	0.6132614668768896	0.03981044151488266	0.2656744452566536	-0.26640409231185913	0.16702040401287377	Zeisel	datasets_original/zeisel.rds	alra	ALRA	45	45	cell_type1	cell_id_prefix	3005	1000	9	76	label_free_hvg
45	100	30	2.0	30	0.2598130856915038	0.6033479524901073	0.043872296705892974	0.27579901782044264	-0.26640409231185913	0.1632204398047179	Zeisel	datasets_original/zeisel.rds	alra	ALRA	45	45	cell_type1	cell_id_prefix	3005	1000	9	76	label_free_hvg
46	20	10	0.2	19	0.4559630314581255	0.6432158711757545	0.03600275564480138	0.24575943312884754	-0.281093567609787	0.07897804700769484	Zeisel	datasets_original/zeisel.rds	alra	ALRA	46	46	cell_type1	cell_id_prefix	3005	1000	9	76	label_free_hvg
46	20	10	0.5	26	0.38115597300303117	0.6270652864099389	0.038563793955167854	0.2656264052592049	-0.281093567609787	0.07746417890302837	Zeisel	datasets_original/zeisel.rds	alra	ALRA	46	46	cell_type1	cell_id_prefix	3005	1000	9	76	label_free_hvg
46	20	10	1.0	36	0.24009665532700641	0.5921184084869778	0.04506907112708727	0.29146291360028653	-0.281093567609787	0.07775171287357807	Zeisel	datasets_original/zeisel.rds	alra	ALRA	46	46	cell_type1	cell_id_prefix	3005	1000	9	76	label_free_hvg
46	20	10	1.5	44	0.19324049721023234	0.5763160646556796	0.04914762091671811	0.30703227550844736	-0.281093567609787	0.07652992219664156	Zeisel	datasets_original/zeisel.rds	alra	ALRA	46	46	cell_type1	cell_id_prefix	3005	1000	9	76	label_free_hvg
46	20	10	2.0	49	0.16457469348863346	0.562316377124321	0.04823893036594396	0.31702221431089184	-0.281093567609787	0.07711407914757729	Zeisel	datasets_original/zeisel.rds	alra	ALRA	46	46	cell_type1	cell_id_prefix	3005	1000	9	76	label_free_hvg
46	20	15	0.2	15	0.5293399518405596	0.6616726351002787	0.034968659235659214	0.2369388240771081	-0.281093567609787	0.09789761179126799	Zeisel	datasets_original/zeisel.rds	alra	ALRA	46	46	cell_type1	cell_id_prefix	3005	1000	9	76	label_free_hvg
46	20	15	0.5	25	0.3769789214066157	0.6257520411412195	0.0376236533730478	0.26168314652273084	-0.281093567609787	0.09623468690551817	Zeisel	datasets_original/zeisel.rds	alra	ALRA	46	46	cell_type1	cell_id_prefix	3005	1000	9	76	label_free_hvg
46	20	15	1.0	32	0.25498841144235246	0.5984337109885617	0.04596434051514699	0.2846699622291937	-0.281093567609787	0.0969515428878367	Zeisel	datasets_original/zeisel.rds	alra	ALRA	46	46	cell_type1	cell_id_prefix	3005	1000	9	76	label_free_hvg
46	20	15	1.5	36	0.2227862090136922	0.5856668594546097	0.046787758702469755	0.29359850233571766	-0.281093567609787	0.09515565587207675	Zeisel	datasets_original/zeisel.rds	alra	ALRA	46	46	cell_type1	cell_id_prefix	3005	1000	9	76	label_free_hvg
46	20	15	2.0	40	0.18672354547961673	0.5695092854705655	0.05073445007876938	0.3042999651653091	-0.281093567609787	0.09490616107359529	Zeisel	datasets_original/zeisel.rds	alra	ALRA	46	46	cell_type1	cell_id_prefix	3005	1000	9	76	label_free_hvg
46	20	30	0.2	11	0.5922213837487353	0.6701461922034833	0.030344305695792027	0.21414797786095896	-0.281093567609787	0.16042164317332208	Zeisel	datasets_original/zeisel.rds	alra	ALRA	46	46	cell_type1	cell_id_prefix	3005	1000	9	76	label_free_hvg
46	20	30	0.5	18	0.44530482250813747	0.6454526318136568	0.03506139290461469	0.23958257821738574	-0.281093567609787	0.15901944506913424	Zeisel	datasets_original/zeisel.rds	alra	ALRA	46	46	cell_type1	cell_id_prefix	3005	1000	9	76	label_free_hvg
46	20	30	1.0	24	0.3178412991320927	0.6170167490609311	0.03992646116207676	0.25466534875294394	-0.281093567609787	0.15848049800843	Zeisel	datasets_original/zeisel.rds	alra	ALRA	46	46	cell_type1	cell_id_prefix	3005	1000	9	76	label_free_hvg
46	20	30	1.5	28	0.27434125792778374	0.6011828353893045	0.04460142969390715	0.27461073830316113	-0.281093567609787	0.16064616199582815	Zeisel	datasets_original/zeisel.rds	alra	ALRA	46	46	cell_type1	cell_id_prefix	3005	1000	9	76	label_free_hvg
46	20	30	2.0	29	0.2609721734929362	0.6019685150400802	0.04384264980837741	0.27620823573796155	-0.281093567609787	0.15771332406438887	Zeisel	datasets_original/zeisel.rds	alra	ALRA	46	46	cell_type1	cell_id_prefix	3005	1000	9	76	label_free_hvg
46	50	10	0.2	23	0.37671481511776833	0.6189322119792331	0.0370394558269385	0.2516716869062572	-0.27043265104293823	0.07955917809158564	Zeisel	datasets_original/zeisel.rds	alra	ALRA	46	46	cell_type1	cell_id_prefix	3005	1000	9	76	label_free_hvg
46	50	10	0.5	28	0.3384375829055343	0.6125994514990277	0.03865298987762062	0.26325382784611534	-0.27043265104293823	0.07795652793720365	Zeisel	datasets_original/zeisel.rds	alra	ALRA	46	46	cell_type1	cell_id_prefix	3005	1000	9	76	label_free_hvg
46	50	10	1.0	40	0.22745103111803208	0.5803245757294424	0.04248215529995724	0.2955047781497152	-0.27043265104293823	0.07837911788374186	Zeisel	datasets_original/zeisel.rds	alra	ALRA	46	46	cell_type1	cell_id_prefix	3005	1000	9	76	label_free_hvg
46	50	10	1.5	46	0.19278070270142092	0.5701929602094754	0.04373665087308763	0.30388236082782705	-0.27043265104293823	0.07763110101222992	Zeisel	datasets_original/zeisel.rds	alra	ALRA	46	46	cell_type1	cell_id_prefix	3005	1000	9	76	label_free_hvg
46	50	10	2.0	47	0.16246479783899317	0.5621822543790674	0.047232809645404265	0.31088013336746956	-0.27043265104293823	0.07621239311993122	Zeisel	datasets_original/zeisel.rds	alra	ALRA	46	46	cell_type1	cell_id_prefix	3005	1000	9	76	label_free_hvg
46	50	15	0.2	15	0.4848095299081217	0.6417241715668071	0.03494396546488853	0.23384510453945778	-0.27043265104293823	0.09862163406796753	Zeisel	datasets_original/zeisel.rds	alra	ALRA	46	46	cell_type1	cell_id_prefix	3005	1000	9	76	label_free_hvg
46	50	15	0.5	24	0.3654868105549428	0.6176675514131286	0.03662848200668929	0.2540383764823845	-0.27043265104293823	0.09840442915447056	Zeisel	datasets_original/zeisel.rds	alra	ALRA	46	46	cell_type1	cell_id_prefix	3005	1000	9	76	label_free_hvg
46	50	15	1.0	31	0.28859275023024095	0.6008009712270478	0.042817723620031084	0.27793476945426815	-0.27043265104293823	0.09700332605279982	Zeisel	datasets_original/zeisel.rds	alra	ALRA	46	46	cell_type1	cell_id_prefix	3005	1000	9	76	label_free_hvg
46	50	15	1.5	37	0.21954900712789904	0.5822506078933715	0.04447637084898336	0.2923360215076542	-0.27043265104293823	0.09635999100282788	Zeisel	datasets_original/zeisel.rds	alra	ALRA	46	46	cell_type1	cell_id_prefix	3005	1000	9	76	label_free_hvg
46	50	15	2.0	42	0.17992092786933986	0.5678512818496627	0.04563419544698679	0.30236117405008756	-0.27043265104293823	0.09762404509820044	Zeisel	datasets_original/zeisel.rds	alra	ALRA	46	46	cell_type1	cell_id_prefix	3005	1000	9	76	label_free_hvg
46	50	30	0.2	10	0.6045583467999037	0.6782351546696123	0.030492688323660058	0.2130702808017722	-0.27043265104293823	0.15834873099811375	Zeisel	datasets_original/zeisel.rds	alra	ALRA	46	46	cell_type1	cell_id_prefix	3005	1000	9	76	label_free_hvg
46	50	30	0.5	19	0.46787624263039673	0.6436839628441288	0.03354064788072692	0.24187073086036745	-0.27043265104293823	0.1587024398613721	Zeisel	datasets_original/zeisel.rds	alra	ALRA	46	46	cell_type1	cell_id_prefix	3005	1000	9	76	label_free_hvg
46	50	30	1.0	24	0.3766160010884971	0.6269551759153321	0.03719638969964627	0.2545928335312269	-0.27043265104293823	0.15909098484553397	Zeisel	datasets_original/zeisel.rds	alra	ALRA	46	46	cell_type1	cell_id_prefix	3005	1000	9	76	label_free_hvg
46	50	30	1.5	28	0.27382646614766276	0.6030919113440488	0.04308321695182891	0.2711960245478224	-0.27043265104293823	0.16135851596482098	Zeisel	datasets_original/zeisel.rds	alra	ALRA	46	46	cell_type1	cell_id_prefix	3005	1000	9	76	label_free_hvg
46	50	30	2.0	30	0.2530366684640603	0.5995077312374679	0.04430332702104608	0.27643718441185416	-0.27043265104293823	0.16004795604385436	Zeisel	datasets_original/zeisel.rds	alra	ALRA	46	46	cell_type1	cell_id_prefix	3005	1000	9	76	label_free_hvg
46	100	10	0.2	22	0.3996651850320832	0.6272727842044074	0.0359658417553598	0.24767974936120007	-0.2663905620574951	0.08064312790520489	Zeisel	datasets_original/zeisel.rds	alra	ALRA	46	46	cell_type1	cell_id_prefix	3005	1000	9	76	label_free_hvg
46	100	10	0.5	29	0.3375808148783378	0.6122873237608921	0.038926250780422604	0.26517061123049784	-0.2663905620574951	0.07925171707756817	Zeisel	datasets_original/zeisel.rds	alra	ALRA	46	46	cell_type1	cell_id_prefix	3005	1000	9	76	label_free_hvg
46	100	10	1.0	37	0.24375638340243755	0.5883729201817964	0.03992235238241532	0.2844842121988963	-0.2663905620574951	0.07936216099187732	Zeisel	datasets_original/zeisel.rds	alra	ALRA	46	46	cell_type1	cell_id_prefix	3005	1000	9	76	label_free_hvg
46	100	10	1.5	46	0.18662944456622643	0.5711712038480331	0.04500293170793434	0.30590114287722703	-0.2663905620574951	0.07740832981653512	Zeisel	datasets_original/zeisel.rds	alra	ALRA	46	46	cell_type1	cell_id_prefix	3005	1000	9	76	label_free_hvg
46	100	10	2.0	49	0.16302344027652996	0.5617213853875549	0.04838893006431915	0.3160647505930842	-0.2663905620574951	0.07794857490807772	Zeisel	datasets_original/zeisel.rds	alra	ALRA	46	46	cell_type1	cell_id_prefix	3005	1000	9	76	label_free_hvg
46	100	15	0.2	17	0.49201187651401107	0.6434555462836774	0.03271856051870548	0.23245658572170194	-0.2663905620574951	0.09996394906193018	Zeisel	datasets_original/zeisel.rds	alra	ALRA	46	46	cell_type1	cell_id_prefix	3005	1000	9	76	label_free_hvg
46	100	15	0.5	26	0.3506109164061398	0.6170536010491116	0.037389825229258475	0.2560792639689607	-0.2663905620574951	0.09859657101333141	Zeisel	datasets_original/zeisel.rds	alra	ALRA	46	46	cell_type1	cell_id_prefix	3005	1000	9	76	label_free_hvg
46	100	15	1.0	33	0.27821250307805323	0.5949477122438107	0.042893969941929004	0.2816024872259789	-0.2663905620574951	0.09923287807032466	Zeisel	datasets_original/zeisel.rds	alra	ALRA	46	46	cell_type1	cell_id_prefix	3005	1000	9	76	label_free_hvg
46	100	15	1.5	37	0.226701613167932	0.5845342756459045	0.041472410801612784	0.2854391227260618	-0.2663905620574951	0.09842783608473837	Zeisel	datasets_original/zeisel.rds	alra	ALRA	46	46	cell_type1	cell_id_prefix	3005	1000	9	76	label_free_hvg
46	100	15	2.0	42	0.1799213169377538	0.566660357785877	0.04662690915551464	0.3027631719683729	-0.2663905620574951	0.09846459585241973	Zeisel	datasets_original/zeisel.rds	alra	ALRA	46	46	cell_type1	cell_id_prefix	3005	1000	9	76	label_free_hvg
46	100	30	0.2	11	0.5880649101050294	0.6737373620241516	0.030586028918838208	0.21578818597829513	-0.2663905620574951	0.16754525480791926	Zeisel	datasets_original/zeisel.rds	alra	ALRA	46	46	cell_type1	cell_id_prefix	3005	1000	9	76	label_free_hvg
46	100	30	0.5	19	0.46663771242109026	0.6420218158828664	0.033310554069705144	0.23767165080930633	-0.2663905620574951	0.16615475714206696	Zeisel	datasets_original/zeisel.rds	alra	ALRA	46	46	cell_type1	cell_id_prefix	3005	1000	9	76	label_free_hvg
46	100	30	1.0	24	0.37903739463010105	0.6283111801350271	0.037146783810427124	0.2542688089250302	-0.2663905620574951	0.16382037103176117	Zeisel	datasets_original/zeisel.rds	alra	ALRA	46	46	cell_type1	cell_id_prefix	3005	1000	9	76	label_free_hvg
46	100	30	1.5	27	0.28616835343565816	0.6076233090468613	0.041440355568093126	0.264894791273779	-0.2663905620574951	0.16532553196884692	Zeisel	datasets_original/zeisel.rds	alra	ALRA	46	46	cell_type1	cell_id_prefix	3005	1000	9	76	label_free_hvg
46	100	30	2.0	30	0.26213860033868797	0.603331428360843	0.04406194232097582	0.2754856235430038	-0.2663905620574951	0.167043429100886	Zeisel	datasets_original/zeisel.rds	alra	ALRA	46	46	cell_type1	cell_id_prefix	3005	1000	9	76	label_free_hvg
42	20	10	0.2	29	0.32912772789215855	0.6084340237443687	0.045618010873047926	0.2817119829008098	-0.31520554423332214	0.07115631713531911	Zeisel	datasets_original/zeisel.rds	magic	MAGIC	42	42	cell_type1	cell_id_prefix	3005	1000	9	76	label_free_hvg
42	20	10	0.5	41	0.21902226003224057	0.5830337550565293	0.05301817961902966	0.315209336281314	-0.31520554423332214	0.06864949804730713	Zeisel	datasets_original/zeisel.rds	magic	MAGIC	42	42	cell_type1	cell_id_prefix	3005	1000	9	76	label_free_hvg
42	20	10	1.0	54	0.1595889756389107	0.561009480463611	0.05745982118351956	0.34319703524372747	-0.31520554423332214	0.06860743905417621	Zeisel	datasets_original/zeisel.rds	magic	MAGIC	42	42	cell_type1	cell_id_prefix	3005	1000	9	76	label_free_hvg
42	20	10	1.5	62	0.1382033276943706	0.5484030981418462	0.05360731224831754	0.34836155309911615	-0.31520554423332214	0.06824185885488987	Zeisel	datasets_original/zeisel.rds	magic	MAGIC	42	42	cell_type1	cell_id_prefix	3005	1000	9	76	label_free_hvg
42	20	10	2.0	67	0.12583871941007133	0.542068666936147	0.05495305591017059	0.35547420601681107	-0.31520554423332214	0.06915900111198425	Zeisel	datasets_original/zeisel.rds	magic	MAGIC	42	42	cell_type1	cell_id_prefix	3005	1000	9	76	label_free_hvg
42	20	15	0.2	24	0.5175457094862327	0.6615460992235183	0.03823333428563172	0.2652386627150187	-0.31520554423332214	0.08710394403897226	Zeisel	datasets_original/zeisel.rds	magic	MAGIC	42	42	cell_type1	cell_id_prefix	3005	1000	9	76	label_free_hvg
42	20	15	0.5	38	0.22591903239418373	0.5871385133438971	0.053405128980187996	0.3143817656124522	-0.31520554423332214	0.08483841083943844	Zeisel	datasets_original/zeisel.rds	magic	MAGIC	42	42	cell_type1	cell_id_prefix	3005	1000	9	76	label_free_hvg
42	20	15	1.0	46	0.17835091504687817	0.5691569553657067	0.05733227075741799	0.33119086073106463	-0.31520554423332214	0.08443433907814324	Zeisel	datasets_original/zeisel.rds	magic	MAGIC	42	42	cell_type1	cell_id_prefix	3005	1000	9	76	label_free_hvg
42	20	15	1.5	49	0.1648438069681887	0.5665174484387768	0.059149379941770525	0.3377598574802107	-0.31520554423332214	0.08499077195301652	Zeisel	datasets_original/zeisel.rds	magic	MAGIC	42	42	cell_type1	cell_id_prefix	3005	1000	9	76	label_free_hvg
42	20	15	2.0	56	0.1444640631943469	0.5549501639202301	0.056415947515981904	0.34386151194124426	-0.31520554423332214	0.0849003919865936	Zeisel	datasets_original/zeisel.rds	magic	MAGIC	42	42	cell_type1	cell_id_prefix	3005	1000	9	76	label_free_hvg
42	20	30	0.2	18	0.570173641697479	0.6772793326410068	0.03599507919263854	0.24445655157371432	-0.31520554423332214	0.13977463799528778	Zeisel	datasets_original/zeisel.rds	magic	MAGIC	42	42	cell_type1	cell_id_prefix	3005	1000	9	76	label_free_hvg
42	20	30	0.5	25	0.3501861521549468	0.619554471227125	0.04210301164498848	0.2666507174233691	-0.31520554423332214	0.13823920907452703	Zeisel	datasets_original/zeisel.rds	magic	MAGIC	42	42	cell_type1	cell_id_prefix	3005	1000	9	76	label_free_hvg
42	20	30	1.0	35	0.21884878326593973	0.5823563122874527	0.05041787862013502	0.3006136757912385	-0.31520554423332214	0.13610432296991348	Zeisel	datasets_original/zeisel.rds	magic	MAGIC	42	42	cell_type1	cell_id_prefix	3005	1000	9	76	label_free_hvg
42	20	30	1.5	38	0.19561249437572503	0.5724086640201348	0.053368421466045736	0.31045979737846	-0.31520554423332214	0.1377465850673616	Zeisel	datasets_original/zeisel.rds	magic	MAGIC	42	42	cell_type1	cell_id_prefix	3005	1000	9	76	label_free_hvg
42	20	30	2.0	41	0.18810376459967157	0.5708058671105054	0.053419921069268995	0.31718804990935	-0.31520554423332214	0.13414023607037961	Zeisel	datasets_original/zeisel.rds	magic	MAGIC	42	42	cell_type1	cell_id_prefix	3005	1000	9	76	label_free_hvg
42	50	10	0.2	32	0.34445445782748146	0.6149853098910749	0.047083463444189275	0.2977369306360685	-0.2678888142108917	0.07091308501549065	Zeisel	datasets_original/zeisel.rds	magic	MAGIC	42	42	cell_type1	cell_id_prefix	3005	1000	9	76	label_free_hvg
42	50	10	0.5	45	0.20154459797332885	0.5759577057415174	0.06248630407278591	0.3365569026180593	-0.2678888142108917	0.06919291405938566	Zeisel	datasets_original/zeisel.rds	magic	MAGIC	42	42	cell_type1	cell_id_prefix	3005	1000	9	76	label_free_hvg
42	50	10	1.0	54	0.15277948378117737	0.5567341077748584	0.06784994176025409	0.3513813794125096	-0.2678888142108917	0.06859565991908312	Zeisel	datasets_original/zeisel.rds	magic	MAGIC	42	42	cell_type1	cell_id_prefix	3005	1000	9	76	label_free_hvg
42	50	10	1.5	63	0.1302940784126091	0.546802040242859	0.06572309052869836	0.36608090612127314	-0.2678888142108917	0.06890603806823492	Zeisel	datasets_original/zeisel.rds	magic	MAGIC	42	42	cell_type1	cell_id_prefix	3005	1000	9	76	label_free_hvg
42	50	10	2.0	69	0.11649424476615593	0.537284542894539	0.06692680714687653	0.37365356357342927	-0.2678888142108917	0.06895952904596925	Zeisel	datasets_original/zeisel.rds	magic	MAGIC	42	42	cell_type1	cell_id_prefix	3005	1000	9	76	label_free_hvg
42	50	15	0.2	27	0.4111435067554764	0.6327171395876809	0.042783857489241024	0.277792825921038	-0.2678888142108917	0.08699974021874368	Zeisel	datasets_original/zeisel.rds	magic	MAGIC	42	42	cell_type1	cell_id_prefix	3005	1000	9	76	label_free_hvg
42	50	15	0.5	39	0.2333872179494473	0.5918745849297399	0.06295976883778184	0.32750430595431673	-0.2678888142108917	0.08476538513787091	Zeisel	datasets_original/zeisel.rds	magic	MAGIC	42	42	cell_type1	cell_id_prefix	3005	1000	9	76	label_free_hvg
42	50	15	1.0	50	0.17373138691553044	0.5654041204298323	0.06526508274024079	0.3486539768928744	-0.2678888142108917	0.0850440829526633	Zeisel	datasets_original/zeisel.rds	magic	MAGIC	42	42	cell_type1	cell_id_prefix	3005	1000	9	76	label_free_hvg
42	50	15	1.5	55	0.1488954922887519	0.5561950783061155	0.06774251947475848	0.3549641773947943	-0.2678888142108917	0.08497842191718519	Zeisel	datasets_original/zeisel.rds	magic	MAGIC	42	42	cell_type1	cell_id_prefix	3005	1000	9	76	label_free_hvg
42	50	15	2.0	59	0.1328994059440503	0.5486184853244375	0.0682266318082283	0.36387026003378037	-0.2678888142108917	0.08536056010052562	Zeisel	datasets_original/zeisel.rds	magic	MAGIC	42	42	cell_type1	cell_id_prefix	3005	1000	9	76	label_free_hvg
42	50	30	0.2	18	0.6202234106157285	0.6851717846334315	0.032719128289199026	0.23917200975767527	-0.2678888142108917	0.1473384581040591	Zeisel	datasets_original/zeisel.rds	magic	MAGIC	42	42	cell_type1	cell_id_prefix	3005	1000	9	76	label_free_hvg
42	50	30	0.5	27	0.3539031867211313	0.6187070824183328	0.04333851391228804	0.2789018130149315	-0.2678888142108917	0.1438695800025016	Zeisel	datasets_original/zeisel.rds	magic	MAGIC	42	42	cell_type1	cell_id_prefix	3005	1000	9	76	label_free_hvg
42	50	30	1.0	36	0.25098969048237935	0.5922052899025505	0.051066353961441165	0.3066699544563107	-0.2678888142108917	0.14367823000065982	Zeisel	datasets_original/zeisel.rds	magic	MAGIC	42	42	cell_type1	cell_id_prefix	3005	1000	9	76	label_free_hvg
42	50	30	1.5	41	0.18222794764908137	0.5695329867074613	0.05879523513554576	0.325144850210474	-0.2678888142108917	0.14223636500537395	Zeisel	datasets_original/zeisel.rds	magic	MAGIC	42	42	cell_type1	cell_id_prefix	3005	1000	9	76	label_free_hvg
42	50	30	2.0	41	0.1858831298258649	0.5703290475923622	0.06142118207055271	0.33049560900403835	-0.2678888142108917	0.14609222393482924	Zeisel	datasets_original/zeisel.rds	magic	MAGIC	42	42	cell_type1	cell_id_prefix	3005	1000	9	76	label_free_hvg
42	100	10	0.2	30	0.3606933890248308	0.6281723394919461	0.0475912972526705	0.2902239479946802	-0.26089370250701904	0.07171180797740817	Zeisel	datasets_original/zeisel.rds	magic	MAGIC	42	42	cell_type1	cell_id_prefix	3005	1000	9	76	label_free_hvg
42	100	10	0.5	44	0.21530168676072445	0.5786726097962724	0.06232700765329309	0.34030573173032325	-0.26089370250701904	0.06944393506273627	Zeisel	datasets_original/zeisel.rds	magic	MAGIC	42	42	cell_type1	cell_id_prefix	3005	1000	9	76	label_free_hvg
42	100	10	1.0	54	0.15126154162346825	0.5560795544405361	0.06532251691062259	0.3491496975365016	-0.26089370250701904	0.06869791680946946	Zeisel	datasets_original/zeisel.rds	magic	MAGIC	42	42	cell_type1	cell_id_prefix	3005	1000	9	76	label_free_hvg
42	100	10	1.5	67	0.12451264883318926	0.5413985804574185	0.06610362410791643	0.3695321063310487	-0.26089370250701904	0.06886657793074846	Zeisel	datasets_original/zeisel.rds	magic	MAGIC	42	42	cell_type1	cell_id_prefix	3005	1000	9	76	label_free_hvg
42	100	10	2.0	69	0.11742749357650858	0.5379106614190693	0.06674078870322715	0.3712323194686494	-0.26089370250701904	0.06872142688371241	Zeisel	datasets_original/zeisel.rds	magic	MAGIC	42	42	cell_type1	cell_id_prefix	3005	1000	9	76	label_free_hvg
42	100	15	0.2	27	0.37274159272341134	0.633661688030265	0.04575044658877991	0.2850099086989358	-0.26089370250701904	0.08975906996056437	Zeisel	datasets_original/zeisel.rds	magic	MAGIC	42	42	cell_type1	cell_id_prefix	3005	1000	9	76	label_free_hvg
42	100	15	0.5	37	0.2923038246010706	0.6036362617574353	0.05327147815131695	0.3167589216310481	-0.26089370250701904	0.08652703906409442	Zeisel	datasets_original/zeisel.rds	magic	MAGIC	42	42	cell_type1	cell_id_prefix	3005	1000	9	76	label_free_hvg
42	100	15	1.0	52	0.1586305960811577	0.5622003602522064	0.06861252006881846	0.3529415963584215	-0.26089370250701904	0.08698340505361557	Zeisel	datasets_original/zeisel.rds	magic	MAGIC	42	42	cell_type1	cell_id_prefix	3005	1000	9	76	label_free_hvg
42	100	15	1.5	56	0.1407216902086422	0.5531383464672762	0.06724015568988176	0.3603875805739208	-0.26089370250701904	0.0856157171074301	Zeisel	datasets_original/zeisel.rds	magic	MAGIC	42	42	cell_type1	cell_id_prefix	3005	1000	9	76	label_free_hvg
42	100	15	2.0	60	0.13668781513316589	0.5486545224147583	0.06668732061696614	0.36406378864294414	-0.26089370250701904	0.08600679109804332	Zeisel	datasets_original/zeisel.rds	magic	MAGIC	42	42	cell_type1	cell_id_prefix	3005	1000	9	76	label_free_hvg
42	100	30	0.2	17	0.6305268880918745	0.6947832438364745	0.03272315231538157	0.23638436855287773	-0.26089370250701904	0.1412593151908368	Zeisel	datasets_original/zeisel.rds	magic	MAGIC	42	42	cell_type1	cell_id_prefix	3005	1000	9	76	label_free_hvg
42	100	30	0.5	26	0.3669611469579622	0.6223893040588223	0.044228617326910816	0.2749013861849682	-0.26089370250701904	0.14001996302977204	Zeisel	datasets_original/zeisel.rds	magic	MAGIC	42	42	cell_type1	cell_id_prefix	3005	1000	9	76	label_free_hvg
42	100	30	1.0	34	0.2504842356928523	0.5952574297885285	0.053525255090359034	0.3050498964860919	-0.26089370250701904	0.1420778778847307	Zeisel	datasets_original/zeisel.rds	magic	MAGIC	42	42	cell_type1	cell_id_prefix	3005	1000	9	76	label_free_hvg
42	100	30	1.5	41	0.18158733109868733	0.5681567416185568	0.05648926373633779	0.32238576272027436	-0.26089370250701904	0.13695864006876945	Zeisel	datasets_original/zeisel.rds	magic	MAGIC	42	42	cell_type1	cell_id_prefix	3005	1000	9	76	label_free_hvg
42	100	30	2.0	43	0.18171486327169634	0.567009408303232	0.059167930636259296	0.3292765730170091	-0.26089370250701904	0.13779984996654093	Zeisel	datasets_original/zeisel.rds	magic	MAGIC	42	42	cell_type1	cell_id_prefix	3005	1000	9	76	label_free_hvg
43	20	10	0.2	29	0.3710934176134514	0.6203899555245639	0.04406574760727756	0.2803918007457717	-0.31520554423332214	0.07081491104327142	Zeisel	datasets_original/zeisel.rds	magic	MAGIC	42	43	cell_type1	cell_id_prefix	3005	1000	9	76	label_free_hvg
43	20	10	0.5	42	0.19959508904334974	0.5779510246492366	0.05428665686017322	0.3169463284143868	-0.31520554423332214	0.06892149290069938	Zeisel	datasets_original/zeisel.rds	magic	MAGIC	42	43	cell_type1	cell_id_prefix	3005	1000	9	76	label_free_hvg
43	20	10	1.0	55	0.1593120062939125	0.5604660169002426	0.05527897145892489	0.34184580135957077	-0.31520554423332214	0.06941517605446279	Zeisel	datasets_original/zeisel.rds	magic	MAGIC	42	43	cell_type1	cell_id_prefix	3005	1000	9	76	label_free_hvg
43	20	10	1.5	59	0.14207079326905986	0.5500279811269889	0.05440646989593225	0.3461762323842317	-0.31520554423332214	0.06820997106842697	Zeisel	datasets_original/zeisel.rds	magic	MAGIC	42	43	cell_type1	cell_id_prefix	3005	1000	9	76	label_free_hvg
43	20	10	2.0	67	0.1295451832788366	0.543639872423248	0.053038201885079794	0.3525534032849438	-0.31520554423332214	0.06935998611152172	Zeisel	datasets_original/zeisel.rds	magic	MAGIC	42	43	cell_type1	cell_id_prefix	3005	1000	9	76	label_free_hvg
43	20	15	0.2	25	0.4078730996940492	0.6429396109356337	0.03861348699337566	0.2624470942492777	-0.31520554423332214	0.08457716391421854	Zeisel	datasets_original/zeisel.rds	magic	MAGIC	42	43	cell_type1	cell_id_prefix	3005	1000	9	76	label_free_hvg
43	20	15	0.5	37	0.24211432668568536	0.5908059057185874	0.0490426226573796	0.3057843898971198	-0.31520554423332214	0.08379269810393453	Zeisel	datasets_original/zeisel.rds	magic	MAGIC	42	43	cell_type1	cell_id_prefix	3005	1000	9	76	label_free_hvg
43	20	15	1.0	45	0.18383283534712613	0.5716521177861155	0.057069327346597934	0.3296184174832645	-0.31520554423332214	0.08403014810755849	Zeisel	datasets_original/zeisel.rds	magic	MAGIC	42	43	cell_type1	cell_id_prefix	3005	1000	9	76	label_free_hvg
43	20	15	1.5	49	0.16522303540379266	0.5665601295180335	0.05867031824821263	0.3376464993551269	-0.31520554423332214	0.08467611391097307	Zeisel	datasets_original/zeisel.rds	magic	MAGIC	42	43	cell_type1	cell_id_prefix	3005	1000	9	76	label_free_hvg
43	20	15	2.0	56	0.1431321060697801	0.5558244755995396	0.0567593145841554	0.34492408876272895	-0.31520554423332214	0.08300837292335927	Zeisel	datasets_original/zeisel.rds	magic	MAGIC	42	43	cell_type1	cell_id_prefix	3005	1000	9	76	label_free_hvg
43	20	30	0.2	17	0.578289681429162	0.6774007576665972	0.03566621817363071	0.2402477921122308	-0.31520554423332214	0.14302924601361156	Zeisel	datasets_original/zeisel.rds	magic	MAGIC	42	43	cell_type1	cell_id_prefix	3005	1000	9	76	label_free_hvg
43	20	30	0.5	24	0.39820939822134915	0.6306026925595615	0.039550652043722025	0.2617008833840542	-0.31520554423332214	0.1402288938406855	Zeisel	datasets_original/zeisel.rds	magic	MAGIC	42	43	cell_type1	cell_id_prefix	3005	1000	9	76	label_free_hvg
43	20	30	1.0	35	0.23100791250249478	0.5873435166177237	0.04793477653502889	0.2974113481067862	-0.31520554423332214	0.13707554596476257	Zeisel	datasets_original/zeisel.rds	magic	MAGIC	42	43	cell_type1	cell_id_prefix	3005	1000	9	76	label_free_hvg
43	20	30	1.5	37	0.20440715802230608	0.5765647439750863	0.05279265475593145	0.3093444384977931	-0.31520554423332214	0.1370383461471647	Zeisel	datasets_original/zeisel.rds	magic	MAGIC	42	43	cell_type1	cell_id_prefix	3005	1000	9	76	label_free_hvg
43	20	30	2.0	41	0.1847039107316047	0.5702605873206412	0.054070275959292174	0.3182534227499176	-0.31520554423332214	0.13584704883396626	Zeisel	datasets_original/zeisel.rds	magic	MAGIC	42	43	cell_type1	cell_id_prefix	3005	1000	9	76	label_free_hvg
43	50	10	0.2	32	0.3818701410460416	0.6254712457559634	0.04443025746982472	0.2912796398229167	-0.2678888142108917	0.07233721483498812	Zeisel	datasets_original/zeisel.rds	magic	MAGIC	42	43	cell_type1	cell_id_prefix	3005	1000	9	76	label_free_hvg
43	50	10	0.5	44	0.19205837757154728	0.57255686368292	0.06103829247253034	0.3329159396081844	-0.2678888142108917	0.06917208014056087	Zeisel	datasets_original/zeisel.rds	magic	MAGIC	42	43	cell_type1	cell_id_prefix	3005	1000	9	76	label_free_hvg
43	50	10	1.0	53	0.1505979102711224	0.5574100320232244	0.06528918429305218	0.3471666623480225	-0.2678888142108917	0.06853590602986515	Zeisel	datasets_original/zeisel.rds	magic	MAGIC	42	43	cell_type1	cell_id_prefix	3005	1000	9	76	label_free_hvg
43	50	10	1.5	65	0.12591776706452018	0.543637949132515	0.06796520293971542	0.3686029797215405	-0.2678888142108917	0.0687228268943727	Zeisel	datasets_original/zeisel.rds	magic	MAGIC	42	43	cell_type1	cell_id_prefix	3005	1000	9	76	label_free_hvg
43	50	10	2.0	69	0.11827117677073415	0.5381954424801627	0.06409559169413513	0.3711195935686847	-0.2678888142108917	0.06870258506387472	Zeisel	datasets_original/zeisel.rds	magic	MAGIC	42	43	cell_type1	cell_id_prefix	3005	1000	9	76	label_free_hvg
43	50	15	0.2	27	0.4110906789950142	0.633015534852684	0.04269397247320585	0.277408299554701	-0.2678888142108917	0.08697285689413548	Zeisel	datasets_original/zeisel.rds	magic	MAGIC	42	43	cell_type1	cell_id_prefix	3005	1000	9	76	label_free_hvg
43	50	15	0.5	39	0.2680047841385973	0.5990442810697996	0.060657245662610916	0.3235527159518563	-0.2678888142108917	0.08501365804113448	Zeisel	datasets_original/zeisel.rds	magic	MAGIC	42	43	cell_type1	cell_id_prefix	3005	1000	9	76	label_free_hvg
43	50	15	1.0	51	0.16327375832503405	0.5616758820190381	0.06861289338084699	0.35454555236328184	-0.2678888142108917	0.08543704892508686	Zeisel	datasets_original/zeisel.rds	magic	MAGIC	42	43	cell_type1	cell_id_prefix	3005	1000	9	76	label_free_hvg
43	50	15	1.5	56	0.15330560803219404	0.5568623219477374	0.06805897757650815	0.35831298875140083	-0.2678888142108917	0.08578333701007068	Zeisel	datasets_original/zeisel.rds	magic	MAGIC	42	43	cell_type1	cell_id_prefix	3005	1000	9	76	label_free_hvg
43	50	15	2.0	59	0.13950585604487306	0.550697327599605	0.06567760619796549	0.3615397877393954	-0.2678888142108917	0.08621599012985826	Zeisel	datasets_original/zeisel.rds	magic	MAGIC	42	43	cell_type1	cell_id_prefix	3005	1000	9	76	label_free_hvg
43	50	30	0.2	18	0.6063260595713141	0.6849869812913212	0.03311422339899686	0.24066830601612035	-0.2678888142108917	0.14181595877744257	Zeisel	datasets_original/zeisel.rds	magic	MAGIC	42	43	cell_type1	cell_id_prefix	3005	1000	9	76	label_free_hvg
43	50	30	0.5	25	0.3494133517261386	0.61871166699009	0.04582139003255871	0.2758751392402186	-0.2678888142108917	0.13862656499259174	Zeisel	datasets_original/zeisel.rds	magic	MAGIC	42	43	cell_type1	cell_id_prefix	3005	1000	9	76	label_free_hvg
43	50	30	1.0	35	0.2510780844585717	0.594038885882268	0.05170885626295065	0.30714457233146253	-0.2678888142108917	0.1390585689805448	Zeisel	datasets_original/zeisel.rds	magic	MAGIC	42	43	cell_type1	cell_id_prefix	3005	1000	9	76	label_free_hvg
43	50	30	1.5	40	0.18968631145960232	0.5729238930060562	0.06203144792013305	0.3280118816888386	-0.2678888142108917	0.13720799307338893	Zeisel	datasets_original/zeisel.rds	magic	MAGIC	42	43	cell_type1	cell_id_prefix	3005	1000	9	76	label_free_hvg
43	50	30	2.0	41	0.18559336373382965	0.5702640374664439	0.06185477339100793	0.3309151594964267	-0.2678888142108917	0.13855816004797816	Zeisel	datasets_original/zeisel.rds	magic	MAGIC	42	43	cell_type1	cell_id_prefix	3005	1000	9	76	label_free_hvg
43	100	10	0.2	30	0.40247276490807155	0.6360741752259884	0.04450926278233486	0.2882095817656775	-0.2609091103076935	0.07122292905114591	Zeisel	datasets_original/zeisel.rds	magic	MAGIC	42	43	cell_type1	cell_id_prefix	3005	1000	9	76	label_free_hvg
43	100	10	0.5	45	0.21333076752262578	0.5781779451724007	0.06162798723034437	0.3403410221527493	-0.2609091103076935	0.07016566093079746	Zeisel	datasets_original/zeisel.rds	magic	MAGIC	42	43	cell_type1	cell_id_prefix	3005	1000	9	76	label_free_hvg
43	100	10	1.0	55	0.16203578592400547	0.5587467826176264	0.06479589755223347	0.35128604344218434	-0.2609091103076935	0.06913421396166086	Zeisel	datasets_original/zeisel.rds	magic	MAGIC	42	43	cell_type1	cell_id_prefix	3005	1000	9	76	label_free_hvg
43	100	10	1.5	67	0.1265929007209635	0.5421044138652934	0.06569356101633363	0.36852717361553294	-0.2609091103076935	0.06937291496433318	Zeisel	datasets_original/zeisel.rds	magic	MAGIC	42	43	cell_type1	cell_id_prefix	3005	1000	9	76	label_free_hvg
43	100	10	2.0	70	0.11625666724451304	0.5373664175799109	0.06826300251538055	0.3749390418040611	-0.2609091103076935	0.06857094308361411	Zeisel	datasets_original/zeisel.rds	magic	MAGIC	42	43	cell_type1	cell_id_prefix	3005	1000	9	76	label_free_hvg
43	100	15	0.2	26	0.4223542867155432	0.6472725553523021	0.039329534987722854	0.2695081854932788	-0.2609091103076935	0.08668991993181407	Zeisel	datasets_original/zeisel.rds	magic	MAGIC	42	43	cell_type1	cell_id_prefix	3005	1000	9	76	label_free_hvg
43	100	15	0.5	38	0.26743670537766556	0.5972356932244334	0.05498084678800288	0.32061211609531537	-0.2609091103076935	0.08721907902508974	Zeisel	datasets_original/zeisel.rds	magic	MAGIC	42	43	cell_type1	cell_id_prefix	3005	1000	9	76	label_free_hvg
43	100	15	1.0	48	0.17459464294513255	0.5697624562447509	0.06504655664217945	0.3432293590479108	-0.2609091103076935	0.08547752210870385	Zeisel	datasets_original/zeisel.rds	magic	MAGIC	42	43	cell_type1	cell_id_prefix	3005	1000	9	76	label_free_hvg
43	100	15	1.5	56	0.14083333835539455	0.5531912147812105	0.06746889579657403	0.36073872750461267	-0.2609091103076935	0.08406151784583926	Zeisel	datasets_original/zeisel.rds	magic	MAGIC	42	43	cell_type1	cell_id_prefix	3005	1000	9	76	label_free_hvg
43	100	15	2.0	60	0.13327558781668	0.5476272807971394	0.06848843413050523	0.3664195163176135	-0.2609091103076935	0.08537237299606204	Zeisel	datasets_original/zeisel.rds	magic	MAGIC	42	43	cell_type1	cell_id_prefix	3005	1000	9	76	label_free_hvg
43	100	30	0.2	17	0.6267915095757163	0.6945157272054184	0.03279859918243	0.23620159857547443	-0.2609091103076935	0.14443009486421943	Zeisel	datasets_original/zeisel.rds	magic	MAGIC	42	43	cell_type1	cell_id_prefix	3005	1000	9	76	label_free_hvg
43	100	30	0.5	26	0.372958195684064	0.6240269779595905	0.04409360315183236	0.2748148057531064	-0.2609091103076935	0.14238273305818439	Zeisel	datasets_original/zeisel.rds	magic	MAGIC	42	43	cell_type1	cell_id_prefix	3005	1000	9	76	label_free_hvg
43	100	30	1.0	34	0.243535655645835	0.5931627035617812	0.05626554214929481	0.31125804903715065	-0.2609091103076935	0.14019478298723698	Zeisel	datasets_original/zeisel.rds	magic	MAGIC	42	43	cell_type1	cell_id_prefix	3005	1000	9	76	label_free_hvg
43	100	30	1.5	40	0.20100525150918164	0.5738355140991075	0.05774208945886703	0.322599038216871	-0.2609091103076935	0.13983597699552774	Zeisel	datasets_original/zeisel.rds	magic	MAGIC	42	43	cell_type1	cell_id_prefix	3005	1000	9	76	label_free_hvg
43	100	30	2.0	44	0.1669112303927895	0.5618849145879788	0.05864510302450936	0.32958168590549025	-0.2609091103076935	0.13637943495996296	Zeisel	datasets_original/zeisel.rds	magic	MAGIC	42	43	cell_type1	cell_id_prefix	3005	1000	9	76	label_free_hvg
44	20	10	0.2	29	0.3316509856185133	0.6150686179746238	0.04503216919766912	0.28360509452462473	-0.31520551443099976	0.07042021793313324	Zeisel	datasets_original/zeisel.rds	magic	MAGIC	42	44	cell_type1	cell_id_prefix	3005	1000	9	76	label_free_hvg
44	20	10	0.5	42	0.20288217075855677	0.5771530839898716	0.05410432710810927	0.32191667308420585	-0.31520551443099976	0.0686274089384824	Zeisel	datasets_original/zeisel.rds	magic	MAGIC	42	44	cell_type1	cell_id_prefix	3005	1000	9	76	label_free_hvg
44	20	10	1.0	55	0.15798421822571027	0.5603029853485044	0.05710668894463603	0.3454612313073469	-0.31520551443099976	0.0680039341095835	Zeisel	datasets_original/zeisel.rds	magic	MAGIC	42	44	cell_type1	cell_id_prefix	3005	1000	9	76	label_free_hvg
44	20	10	1.5	60	0.13964162885140646	0.5482346110072599	0.05417585036756011	0.3478045729265607	-0.31520551443099976	0.06898729200474918	Zeisel	datasets_original/zeisel.rds	magic	MAGIC	42	44	cell_type1	cell_id_prefix	3005	1000	9	76	label_free_hvg
44	20	10	2.0	68	0.12243749829311812	0.5399502466931544	0.05373040474162854	0.35479102742859664	-0.31520551443099976	0.0681848069652915	Zeisel	datasets_original/zeisel.rds	magic	MAGIC	42	44	cell_type1	cell_id_prefix	3005	1000	9	76	label_free_hvg
44	20	15	0.2	24	0.5398049745684264	0.659881246304657	0.0369538197799932	0.2635718516236228	-0.31520551443099976	0.09087362815625966	Zeisel	datasets_original/zeisel.rds	magic	MAGIC	42	44	cell_type1	cell_id_prefix	3005	1000	9	76	label_free_hvg
44	20	15	0.5	38	0.22752131861049726	0.58552597134404	0.05261095497675668	0.31425521692997305	-0.31520551443099976	0.08762259711511433	Zeisel	datasets_original/zeisel.rds	magic	MAGIC	42	44	cell_type1	cell_id_prefix	3005	1000	9	76	label_free_hvg
44	20	15	1.0	46	0.1760283202119941	0.5687105890668983	0.05771502309511313	0.3313289324163859	-0.31520551443099976	0.08487825514748693	Zeisel	datasets_original/zeisel.rds	magic	MAGIC	42	44	cell_type1	cell_id_prefix	3005	1000	9	76	label_free_hvg
44	20	15	1.5	49	0.16522996894145614	0.566666869826748	0.05892523842686334	0.33786871356449744	-0.31520551443099976	0.08456363691948354	Zeisel	datasets_original/zeisel.rds	magic	MAGIC	42	44	cell_type1	cell_id_prefix	3005	1000	9	76	label_free_hvg
44	20	15	2.0	55	0.14891273297106702	0.5580770145332934	0.055893795537599704	0.34307049848068716	-0.31520551443099976	0.08498153416439891	Zeisel	datasets_original/zeisel.rds	magic	MAGIC	42	44	cell_type1	cell_id_prefix	3005	1000	9	76	label_free_hvg
44	20	30	0.2	18	0.568310761276972	0.6724147145088117	0.035560225196379275	0.24647117417950015	-0.31520551443099976	0.14518182282336056	Zeisel	datasets_original/zeisel.rds	magic	MAGIC	42	44	cell_type1	cell_id_prefix	3005	1000	9	76	label_free_hvg
44	20	30	0.5	25	0.38379066229058934	0.6268466147578722	0.036513218848780025	0.2586123495587234	-0.31520551443099976	0.13990911887958646	Zeisel	datasets_original/zeisel.rds	magic	MAGIC	42	44	cell_type1	cell_id_prefix	3005	1000	9	76	label_free_hvg
44	20	30	1.0	34	0.248719360598719	0.5917915479500517	0.04766148015604832	0.29783023592997215	-0.31520551443099976	0.13925405591726303	Zeisel	datasets_original/zeisel.rds	magic	MAGIC	42	44	cell_type1	cell_id_prefix	3005	1000	9	76	label_free_hvg
44	20	30	1.5	37	0.21019119592148422	0.5791798443376361	0.05127088897888939	0.306992918243847	-0.31520551443099976	0.137109698029235	Zeisel	datasets_original/zeisel.rds	magic	MAGIC	42	44	cell_type1	cell_id_prefix	3005	1000	9	76	label_free_hvg
44	20	30	2.0	41	0.1847165006984366	0.570390867014032	0.05434002389302494	0.3185182494835794	-0.31520551443099976	0.13616173388436437	Zeisel	datasets_original/zeisel.rds	magic	MAGIC	42	44	cell_type1	cell_id_prefix	3005	1000	9	76	label_free_hvg
44	50	10	0.2	32	0.35583335123866733	0.6163891507916051	0.04808641678438591	0.29636160215634155	-0.2678888440132141	0.07144874101504683	Zeisel	datasets_original/zeisel.rds	magic	MAGIC	42	44	cell_type1	cell_id_prefix	3005	1000	9	76	label_free_hvg
44	50	10	0.5	44	0.19913879822967814	0.5747587619204232	0.06579070890783066	0.33704069091270245	-0.2678888440132141	0.06891483999788761	Zeisel	datasets_original/zeisel.rds	magic	MAGIC	42	44	cell_type1	cell_id_prefix	3005	1000	9	76	label_free_hvg
44	50	10	1.0	53	0.15065165911028916	0.556786708547836	0.0673246088641839	0.35109901226694523	-0.2678888440132141	0.06851700088009238	Zeisel	datasets_original/zeisel.rds	magic	MAGIC	42	44	cell_type1	cell_id_prefix	3005	1000	9	76	label_free_hvg
44	50	10	1.5	65	0.1271066412507705	0.5449430840902358	0.0658070051336746	0.3668903559075989	-0.2678888440132141	0.06861179205588996	Zeisel	datasets_original/zeisel.rds	magic	MAGIC	42	44	cell_type1	cell_id_prefix	3005	1000	9	76	label_free_hvg
44	50	10	2.0	69	0.1160819328296829	0.5375053999366739	0.06517688521930413	0.37159729735328095	-0.2678888440132141	0.06849234807305038	Zeisel	datasets_original/zeisel.rds	magic	MAGIC	42	44	cell_type1	cell_id_prefix	3005	1000	9	76	label_free_hvg
44	50	15	0.2	27	0.39635741482202114	0.6391589163078588	0.04095810835038708	0.27490821019745987	-0.2678888440132141	0.08582520415075123	Zeisel	datasets_original/zeisel.rds	magic	MAGIC	42	44	cell_type1	cell_id_prefix	3005	1000	9	76	label_free_hvg
44	50	15	0.5	38	0.2951569832499184	0.6050545141086835	0.05665206825759262	0.32438173330893416	-0.2678888440132141	0.08704767096787691	Zeisel	datasets_original/zeisel.rds	magic	MAGIC	42	44	cell_type1	cell_id_prefix	3005	1000	9	76	label_free_hvg
44	50	15	1.0	51	0.15815192528047933	0.5601112743874264	0.07044135409272428	0.3559226292706716	-0.2678888440132141	0.08532510488294065	Zeisel	datasets_original/zeisel.rds	magic	MAGIC	42	44	cell_type1	cell_id_prefix	3005	1000	9	76	label_free_hvg
44	50	15	1.5	55	0.15682034340300768	0.5580144136915521	0.0676100497143036	0.35901437605923725	-0.2678888440132141	0.08551420085132122	Zeisel	datasets_original/zeisel.rds	magic	MAGIC	42	44	cell_type1	cell_id_prefix	3005	1000	9	76	label_free_hvg
44	50	15	2.0	59	0.13735604637504104	0.5490095451274148	0.06542143326928902	0.3606631994019915	-0.2678888440132141	0.08501051017083228	Zeisel	datasets_original/zeisel.rds	magic	MAGIC	42	44	cell_type1	cell_id_prefix	3005	1000	9	76	label_free_hvg
44	50	30	0.2	18	0.6061095072934265	0.6853223772617388	0.033133125745523864	0.24079692499603955	-0.2678888440132141	0.13997713779099286	Zeisel	datasets_original/zeisel.rds	magic	MAGIC	42	44	cell_type1	cell_id_prefix	3005	1000	9	76	label_free_hvg
44	50	30	0.5	26	0.35144660998225213	0.6181081093884621	0.04314806550464015	0.2742874799757479	-0.2678888440132141	0.1379691520705819	Zeisel	datasets_original/zeisel.rds	magic	MAGIC	42	44	cell_type1	cell_id_prefix	3005	1000	9	76	label_free_hvg
44	50	30	1.0	36	0.25184176368558353	0.5925342480797522	0.05102711191136853	0.3066194952741088	-0.2678888440132141	0.136210469994694	Zeisel	datasets_original/zeisel.rds	magic	MAGIC	42	44	cell_type1	cell_id_prefix	3005	1000	9	76	label_free_hvg
44	50	30	1.5	41	0.17887805617512242	0.5685379716476512	0.05959514792315014	0.32605035463851834	-0.2678888440132141	0.13605914707295597	Zeisel	datasets_original/zeisel.rds	magic	MAGIC	42	44	cell_type1	cell_id_prefix	3005	1000	9	76	label_free_hvg
44	50	30	2.0	42	0.17320420392292685	0.5658921244600864	0.06161129578132062	0.3305971013385799	-0.2678888440132141	0.13664469006471336	Zeisel	datasets_original/zeisel.rds	magic	MAGIC	42	44	cell_type1	cell_id_prefix	3005	1000	9	76	label_free_hvg
44	100	10	0.2	29	0.398788226468963	0.6374440526021328	0.04476862793169198	0.28674780981279047	-0.26090008020401	0.07094968296587467	Zeisel	datasets_original/zeisel.rds	magic	MAGIC	42	44	cell_type1	cell_id_prefix	3005	1000	9	76	label_free_hvg
44	100	10	0.5	42	0.2337087009544256	0.585979490543164	0.05796403420419982	0.3303985976148577	-0.26090008020401	0.06997075583785772	Zeisel	datasets_original/zeisel.rds	magic	MAGIC	42	44	cell_type1	cell_id_prefix	3005	1000	9	76	label_free_hvg
44	100	10	1.0	54	0.1559391185735067	0.5552454212442528	0.0657249449382735	0.3529285396902211	-0.26090008020401	0.06801443500444293	Zeisel	datasets_original/zeisel.rds	magic	MAGIC	42	44	cell_type1	cell_id_prefix	3005	1000	9	76	label_free_hvg
44	100	10	1.5	67	0.12754129921869667	0.5424329992484328	0.06575353083205952	0.369711069909722	-0.26090008020401	0.06927678198553622	Zeisel	datasets_original/zeisel.rds	magic	MAGIC	42	44	cell_type1	cell_id_prefix	3005	1000	9	76	label_free_hvg
44	100	10	2.0	69	0.11655520986319445	0.5378959653356097	0.06783262953650057	0.37250612512447207	-0.26090008020401	0.06807907298207283	Zeisel	datasets_original/zeisel.rds	magic	MAGIC	42	44	cell_type1	cell_id_prefix	3005	1000	9	76	label_free_hvg
44	100	15	0.2	27	0.4097562893052565	0.635756541940711	0.04323652049883384	0.27963030627704466	-0.26090008020401	0.08494702982716262	Zeisel	datasets_original/zeisel.rds	magic	MAGIC	42	44	cell_type1	cell_id_prefix	3005	1000	9	76	label_free_hvg
44	100	15	0.5	38	0.2706857262491403	0.5979635054339565	0.05487279152850405	0.3185761986780756	-0.26090008020401	0.08578407415188849	Zeisel	datasets_original/zeisel.rds	magic	MAGIC	42	44	cell_type1	cell_id_prefix	3005	1000	9	76	label_free_hvg
44	100	15	1.0	50	0.16082268042925063	0.5630092604973959	0.06501917184863645	0.34727038647233943	-0.26090008020401	0.08516932278871536	Zeisel	datasets_original/zeisel.rds	magic	MAGIC	42	44	cell_type1	cell_id_prefix	3005	1000	9	76	label_free_hvg
44	100	15	1.5	56	0.14646012194780553	0.5532513678424121	0.06334364317225222	0.3543390634555852	-0.26090008020401	0.08555041695944965	Zeisel	datasets_original/zeisel.rds	magic	MAGIC	42	44	cell_type1	cell_id_prefix	3005	1000	9	76	label_free_hvg
44	100	15	2.0	59	0.1380037122377564	0.5500284605869122	0.06647815233606874	0.3623324222291325	-0.26090008020401	0.08536553103476763	Zeisel	datasets_original/zeisel.rds	magic	MAGIC	42	44	cell_type1	cell_id_prefix	3005	1000	9	76	label_free_hvg
44	100	30	0.2	17	0.6262148968182124	0.6938230750673422	0.032761770174715925	0.23607685729678896	-0.26090008020401	0.14134802506305277	Zeisel	datasets_original/zeisel.rds	magic	MAGIC	42	44	cell_type1	cell_id_prefix	3005	1000	9	76	label_free_hvg
44	100	30	0.5	27	0.3528055802032423	0.6181187232435249	0.04321014414475101	0.27838925396705355	-0.26090008020401	0.1387531398795545	Zeisel	datasets_original/zeisel.rds	magic	MAGIC	42	44	cell_type1	cell_id_prefix	3005	1000	9	76	label_free_hvg
44	100	30	1.0	34	0.2624453543697181	0.5974556999116538	0.05149874273540214	0.30442996909544084	-0.26090008020401	0.13660492096096277	Zeisel	datasets_original/zeisel.rds	magic	MAGIC	42	44	cell_type1	cell_id_prefix	3005	1000	9	76	label_free_hvg
44	100	30	1.5	40	0.19455104780722912	0.5729413502258385	0.05852396043608983	0.32418185560229146	-0.26090008020401	0.13625940610654652	Zeisel	datasets_original/zeisel.rds	magic	MAGIC	42	44	cell_type1	cell_id_prefix	3005	1000	9	76	label_free_hvg
44	100	30	2.0	44	0.16649271369843605	0.5616809241761146	0.05935985267230858	0.3296836262164183	-0.26090008020401	0.13401675503700972	Zeisel	datasets_original/zeisel.rds	magic	MAGIC	42	44	cell_type1	cell_id_prefix	3005	1000	9	76	label_free_hvg
45	20	10	0.2	28	0.36683656388776736	0.6193396956334566	0.04370902107955037	0.280184453356534	-0.31520554423332214	0.07208590093068779	Zeisel	datasets_original/zeisel.rds	magic	MAGIC	42	45	cell_type1	cell_id_prefix	3005	1000	9	76	label_free_hvg
45	20	10	0.5	41	0.21757021876970295	0.5835359783819439	0.053160221922545776	0.31460259524010115	-0.31520554423332214	0.06972090806812048	Zeisel	datasets_original/zeisel.rds	magic	MAGIC	42	45	cell_type1	cell_id_prefix	3005	1000	9	76	label_free_hvg
45	20	10	1.0	54	0.16093479886208162	0.5592057850781902	0.057239714272436536	0.34375148932489413	-0.31520554423332214	0.06819481495767832	Zeisel	datasets_original/zeisel.rds	magic	MAGIC	42	45	cell_type1	cell_id_prefix	3005	1000	9	76	label_free_hvg
45	20	10	1.5	61	0.1357761137036482	0.5464311646201476	0.05574218478619291	0.35091961262607324	-0.31520554423332214	0.06913861096836627	Zeisel	datasets_original/zeisel.rds	magic	MAGIC	42	45	cell_type1	cell_id_prefix	3005	1000	9	76	label_free_hvg
45	20	10	2.0	67	0.12832883767004621	0.5426754375349669	0.054721590318682574	0.35689373374713634	-0.31520554423332214	0.0702115478925407	Zeisel	datasets_original/zeisel.rds	magic	MAGIC	42	45	cell_type1	cell_id_prefix	3005	1000	9	76	label_free_hvg
45	20	15	0.2	24	0.5146174336221339	0.6609392379085774	0.03839842791628971	0.26550498421876845	-0.31520554423332214	0.0876492359675467	Zeisel	datasets_original/zeisel.rds	magic	MAGIC	42	45	cell_type1	cell_id_prefix	3005	1000	9	76	label_free_hvg
45	20	15	0.5	38	0.23721816864722592	0.5882642438024392	0.04958118547206099	0.30407185601264003	-0.31520554423332214	0.08662861096672714	Zeisel	datasets_original/zeisel.rds	magic	MAGIC	42	45	cell_type1	cell_id_prefix	3005	1000	9	76	label_free_hvg
45	20	15	1.0	45	0.18422704160882555	0.5721222562740451	0.05649932819807497	0.32914693468139067	-0.31520554423332214	0.08465100615285337	Zeisel	datasets_original/zeisel.rds	magic	MAGIC	42	45	cell_type1	cell_id_prefix	3005	1000	9	76	label_free_hvg
45	20	15	1.5	49	0.17218837267613232	0.5678138878753749	0.05814407598337591	0.3369449293125091	-0.31520554423332214	0.08473218907602131	Zeisel	datasets_original/zeisel.rds	magic	MAGIC	42	45	cell_type1	cell_id_prefix	3005	1000	9	76	label_free_hvg
45	20	15	2.0	54	0.15651378164380558	0.5623630391552682	0.05792733199779989	0.3450071507410286	-0.31520554423332214	0.08546414389275014	Zeisel	datasets_original/zeisel.rds	magic	MAGIC	42	45	cell_type1	cell_id_prefix	3005	1000	9	76	label_free_hvg
45	20	30	0.2	18	0.543341598512148	0.665813272385966	0.03602067918466634	0.24422719832270023	-0.31520554423332214	0.1422776049003005	Zeisel	datasets_original/zeisel.rds	magic	MAGIC	42	45	cell_type1	cell_id_prefix	3005	1000	9	76	label_free_hvg
45	20	30	0.5	25	0.3744894946234753	0.6248327010925193	0.036026616306405364	0.25781315542884287	-0.31520554423332214	0.14161848183721304	Zeisel	datasets_original/zeisel.rds	magic	MAGIC	42	45	cell_type1	cell_id_prefix	3005	1000	9	76	label_free_hvg
45	20	30	1.0	34	0.25750532811067045	0.5938810279120256	0.04691302655711436	0.29726255036617893	-0.31520554423332214	0.1411657619755715	Zeisel	datasets_original/zeisel.rds	magic	MAGIC	42	45	cell_type1	cell_id_prefix	3005	1000	9	76	label_free_hvg
45	20	30	1.5	38	0.20332278501260334	0.5752724082569668	0.05371638889489813	0.3144326774492419	-0.31520554423332214	0.13960609282366931	Zeisel	datasets_original/zeisel.rds	magic	MAGIC	42	45	cell_type1	cell_id_prefix	3005	1000	9	76	label_free_hvg
45	20	30	2.0	41	0.18440801689280006	0.5703211460665745	0.05395744178330889	0.3181490333185079	-0.31520554423332214	0.13651617499999702	Zeisel	datasets_original/zeisel.rds	magic	MAGIC	42	45	cell_type1	cell_id_prefix	3005	1000	9	76	label_free_hvg
45	50	10	0.2	33	0.3113226204489508	0.6079010353278974	0.053240873729201416	0.3027479173104957	-0.2678888440132141	0.07165243988856673	Zeisel	datasets_original/zeisel.rds	magic	MAGIC	42	45	cell_type1	cell_id_prefix	3005	1000	9	76	label_free_hvg
45	50	10	0.5	45	0.21762821562510568	0.5780076943608582	0.06338976618936247	0.3368557172135689	-0.2678888440132141	0.07002242305316031	Zeisel	datasets_original/zeisel.rds	magic	MAGIC	42	45	cell_type1	cell_id_prefix	3005	1000	9	76	label_free_hvg
45	50	10	1.0	53	0.151489904540694	0.5576999103567771	0.06610630911832528	0.3486509828373694	-0.2678888440132141	0.06938126683235168	Zeisel	datasets_original/zeisel.rds	magic	MAGIC	42	45	cell_type1	cell_id_prefix	3005	1000	9	76	label_free_hvg
45	50	10	1.5	64	0.1235224252327286	0.5429349531334313	0.0659750930940099	0.3678461599095727	-0.2678888440132141	0.06963805900886655	Zeisel	datasets_original/zeisel.rds	magic	MAGIC	42	45	cell_type1	cell_id_prefix	3005	1000	9	76	label_free_hvg
45	50	10	2.0	69	0.11604361723542547	0.5375999136999425	0.06724470384043817	0.3734545196577345	-0.2678888440132141	0.06827748217619956	Zeisel	datasets_original/zeisel.rds	magic	MAGIC	42	45	cell_type1	cell_id_prefix	3005	1000	9	76	label_free_hvg
45	50	15	0.2	27	0.4104275657465414	0.6330547750006241	0.04286595071242415	0.277814063674033	-0.2678888440132141	0.08631221204996109	Zeisel	datasets_original/zeisel.rds	magic	MAGIC	42	45	cell_type1	cell_id_prefix	3005	1000	9	76	label_free_hvg
45	50	15	0.5	40	0.22987594002778966	0.5881406007827791	0.05899696016355581	0.32378566514706253	-0.2678888440132141	0.08429730799980462	Zeisel	datasets_original/zeisel.rds	magic	MAGIC	42	45	cell_type1	cell_id_prefix	3005	1000	9	76	label_free_hvg
45	50	15	1.0	51	0.17243516500955597	0.5641906032128627	0.0711456046140569	0.3568430724790723	-0.2678888440132141	0.08528514811769128	Zeisel	datasets_original/zeisel.rds	magic	MAGIC	42	45	cell_type1	cell_id_prefix	3005	1000	9	76	label_free_hvg
45	50	15	1.5	56	0.15049400765699614	0.5557954585803991	0.06985997134889199	0.36071248974633646	-0.2678888440132141	0.08509019413031638	Zeisel	datasets_original/zeisel.rds	magic	MAGIC	42	45	cell_type1	cell_id_prefix	3005	1000	9	76	label_free_hvg
45	50	15	2.0	59	0.1360800279526135	0.5496430699893042	0.06593575144268272	0.36116344820856794	-0.2678888440132141	0.08494225586764514	Zeisel	datasets_original/zeisel.rds	magic	MAGIC	42	45	cell_type1	cell_id_prefix	3005	1000	9	76	label_free_hvg
45	50	30	0.2	19	0.6628971865500101	0.6952007556066268	0.03241321623151615	0.2416981113592437	-0.2678888440132141	0.142841573106125	Zeisel	datasets_original/zeisel.rds	magic	MAGIC	42	45	cell_type1	cell_id_prefix	3005	1000	9	76	label_free_hvg
45	50	30	0.5	26	0.3573886719207229	0.6209781158997781	0.04425597514073118	0.28122995063039646	-0.2678888440132141	0.139040085952729	Zeisel	datasets_original/zeisel.rds	magic	MAGIC	42	45	cell_type1	cell_id_prefix	3005	1000	9	76	label_free_hvg
45	50	30	1.0	36	0.23221371238909158	0.5887006439307609	0.05537822167825954	0.3122821954153915	-0.2678888440132141	0.13604751392267644	Zeisel	datasets_original/zeisel.rds	magic	MAGIC	42	45	cell_type1	cell_id_prefix	3005	1000	9	76	label_free_hvg
45	50	30	1.5	40	0.19106181060674882	0.5729259799519756	0.05874740190756768	0.32479742766865677	-0.2678888440132141	0.1380555871874094	Zeisel	datasets_original/zeisel.rds	magic	MAGIC	42	45	cell_type1	cell_id_prefix	3005	1000	9	76	label_free_hvg
45	50	30	2.0	41	0.1851229415304571	0.5701011622731241	0.061793394623255254	0.33069133902541	-0.2678888440132141	0.14148752111941576	Zeisel	datasets_original/zeisel.rds	magic	MAGIC	42	45	cell_type1	cell_id_prefix	3005	1000	9	76	label_free_hvg
45	100	10	0.2	30	0.3563123130953279	0.626869020590192	0.04854452890188638	0.2931491727237599	-0.26089268922805786	0.07070959894917905	Zeisel	datasets_original/zeisel.rds	magic	MAGIC	42	45	cell_type1	cell_id_prefix	3005	1000	9	76	label_free_hvg
45	100	10	0.5	42	0.2451219005701226	0.5886287328785447	0.05714223404187857	0.330677412601677	-0.26089268922805786	0.07084021298214793	Zeisel	datasets_original/zeisel.rds	magic	MAGIC	42	45	cell_type1	cell_id_prefix	3005	1000	9	76	label_free_hvg
45	100	10	1.0	52	0.16290816406121847	0.5608684247277121	0.06781310188897674	0.3528967158843603	-0.26089268922805786	0.0700445941183716	Zeisel	datasets_original/zeisel.rds	magic	MAGIC	42	45	cell_type1	cell_id_prefix	3005	1000	9	76	label_free_hvg
45	100	10	1.5	64	0.13675511589272565	0.5467470704257125	0.06581108727418013	0.3645963526510927	-0.26089268922805786	0.06882345909252763	Zeisel	datasets_original/zeisel.rds	magic	MAGIC	42	45	cell_type1	cell_id_prefix	3005	1000	9	76	label_free_hvg
45	100	10	2.0	70	0.1166894541895687	0.5378600473410254	0.06665881825824953	0.373936309645811	-0.26089268922805786	0.06955110793933272	Zeisel	datasets_original/zeisel.rds	magic	MAGIC	42	45	cell_type1	cell_id_prefix	3005	1000	9	76	label_free_hvg
45	100	15	0.2	27	0.37999052478862705	0.629907685995437	0.04439484768853645	0.28045811716910496	-0.26089268922805786	0.08780303015373647	Zeisel	datasets_original/zeisel.rds	magic	MAGIC	42	45	cell_type1	cell_id_prefix	3005	1000	9	76	label_free_hvg
45	100	15	0.5	38	0.26937117151872175	0.5970795269305734	0.05385665889411138	0.3182527840980325	-0.26089268922805786	0.08766296412795782	Zeisel	datasets_original/zeisel.rds	magic	MAGIC	42	45	cell_type1	cell_id_prefix	3005	1000	9	76	label_free_hvg
45	100	15	1.0	51	0.16518196557165807	0.5658490287152957	0.06748647160272199	0.3487999412375849	-0.26089268922805786	0.08587077097035944	Zeisel	datasets_original/zeisel.rds	magic	MAGIC	42	45	cell_type1	cell_id_prefix	3005	1000	9	76	label_free_hvg
45	100	15	1.5	56	0.14204210830575598	0.5533470859004127	0.0661401148116622	0.3575862543347233	-0.26089268922805786	0.0856176121160388	Zeisel	datasets_original/zeisel.rds	magic	MAGIC	42	45	cell_type1	cell_id_prefix	3005	1000	9	76	label_free_hvg
45	100	15	2.0	60	0.13307913996020565	0.5476131174548213	0.06874305246137485	0.3665114594146618	-0.26089268922805786	0.08566985605284572	Zeisel	datasets_original/zeisel.rds	magic	MAGIC	42	45	cell_type1	cell_id_prefix	3005	1000	9	76	label_free_hvg
45	100	30	0.2	17	0.6521639585070585	0.7017472613416202	0.032692771940559986	0.23610070392119062	-0.26089268922805786	0.1433278729673475	Zeisel	datasets_original/zeisel.rds	magic	MAGIC	42	45	cell_type1	cell_id_prefix	3005	1000	9	76	label_free_hvg
45	100	30	0.5	26	0.3480598893327478	0.617400938509192	0.04586342961645698	0.2772196442735309	-0.26089268922805786	0.1408158561680466	Zeisel	datasets_original/zeisel.rds	magic	MAGIC	42	45	cell_type1	cell_id_prefix	3005	1000	9	76	label_free_hvg
45	100	30	1.0	35	0.23512093837860343	0.5903152770592446	0.05670830254129104	0.3113192059715993	-0.26089268922805786	0.14207794307731092	Zeisel	datasets_original/zeisel.rds	magic	MAGIC	42	45	cell_type1	cell_id_prefix	3005	1000	9	76	label_free_hvg
45	100	30	1.5	40	0.1935508554227061	0.5724566534689309	0.05735678720911557	0.3234295007300207	-0.26089268922805786	0.14231754885986447	Zeisel	datasets_original/zeisel.rds	magic	MAGIC	42	45	cell_type1	cell_id_prefix	3005	1000	9	76	label_free_hvg
45	100	30	2.0	43	0.17859197930384343	0.5661050515681427	0.060167636491853416	0.3304224623694568	-0.26089268922805786	0.14211177895776927	Zeisel	datasets_original/zeisel.rds	magic	MAGIC	42	45	cell_type1	cell_id_prefix	3005	1000	9	76	label_free_hvg
46	20	10	0.2	29	0.31806061742034986	0.6106350052109853	0.045755961160500035	0.2846860763738424	-0.31520557403564453	0.07150472607463598	Zeisel	datasets_original/zeisel.rds	magic	MAGIC	42	46	cell_type1	cell_id_prefix	3005	1000	9	76	label_free_hvg
46	20	10	0.5	41	0.20751125631423673	0.5795081833596881	0.05530336513997242	0.3202069000192987	-0.31520557403564453	0.06875707395374775	Zeisel	datasets_original/zeisel.rds	magic	MAGIC	42	46	cell_type1	cell_id_prefix	3005	1000	9	76	label_free_hvg
46	20	10	1.0	53	0.1632209992191646	0.5625005005196685	0.057637526895450694	0.34202667858491537	-0.31520557403564453	0.06857831217348576	Zeisel	datasets_original/zeisel.rds	magic	MAGIC	42	46	cell_type1	cell_id_prefix	3005	1000	9	76	label_free_hvg
46	20	10	1.5	59	0.1410654330659498	0.5484953973968232	0.055629557525125335	0.3476471255576861	-0.31520557403564453	0.06869149580597878	Zeisel	datasets_original/zeisel.rds	magic	MAGIC	42	46	cell_type1	cell_id_prefix	3005	1000	9	76	label_free_hvg
46	20	10	2.0	66	0.12867512474363116	0.5435753347956689	0.05467553672480548	0.3552431516491044	-0.31520557403564453	0.06857328210026026	Zeisel	datasets_original/zeisel.rds	magic	MAGIC	42	46	cell_type1	cell_id_prefix	3005	1000	9	76	label_free_hvg
46	20	15	0.2	24	0.4448923533224406	0.6406856376154006	0.037527333103474926	0.2638660873601547	-0.31520557403564453	0.08692442206665874	Zeisel	datasets_original/zeisel.rds	magic	MAGIC	42	46	cell_type1	cell_id_prefix	3005	1000	9	76	label_free_hvg
46	20	15	0.5	37	0.22648384564863458	0.5853670570662608	0.0528127334539479	0.31076114761409585	-0.31520557403564453	0.08506648987531662	Zeisel	datasets_original/zeisel.rds	magic	MAGIC	42	46	cell_type1	cell_id_prefix	3005	1000	9	76	label_free_hvg
46	20	15	1.0	45	0.19086888920376982	0.5779434598950327	0.0568748018984878	0.3306841157910252	-0.31520557403564453	0.08486823015846312	Zeisel	datasets_original/zeisel.rds	magic	MAGIC	42	46	cell_type1	cell_id_prefix	3005	1000	9	76	label_free_hvg
46	20	15	1.5	49	0.1728376495880186	0.5691039482966062	0.057712462062789925	0.3364555808535913	-0.31520557403564453	0.08534747594967484	Zeisel	datasets_original/zeisel.rds	magic	MAGIC	42	46	cell_type1	cell_id_prefix	3005	1000	9	76	label_free_hvg
46	20	15	2.0	54	0.1516190432980161	0.5596327567381257	0.05683026895522955	0.3426088325190213	-0.31520557403564453	0.0849258890375495	Zeisel	datasets_original/zeisel.rds	magic	MAGIC	42	46	cell_type1	cell_id_prefix	3005	1000	9	76	label_free_hvg
46	20	30	0.2	18	0.6296900539069122	0.6844121209328089	0.03219487008138748	0.23808531669924807	-0.31520557403564453	0.13887601485475898	Zeisel	datasets_original/zeisel.rds	magic	MAGIC	42	46	cell_type1	cell_id_prefix	3005	1000	9	76	label_free_hvg
46	20	30	0.5	24	0.39918858884626823	0.630728779608427	0.03738847648591478	0.25903366818182133	-0.31520557403564453	0.14003136800602078	Zeisel	datasets_original/zeisel.rds	magic	MAGIC	42	46	cell_type1	cell_id_prefix	3005	1000	9	76	label_free_hvg
46	20	30	1.0	35	0.22596098172142662	0.5857896635641382	0.04820384668655744	0.29722459538675555	-0.31520557403564453	0.13941104989498854	Zeisel	datasets_original/zeisel.rds	magic	MAGIC	42	46	cell_type1	cell_id_prefix	3005	1000	9	76	label_free_hvg
46	20	30	1.5	38	0.20320858225771085	0.5754455869877018	0.050806684634212104	0.30723358161183395	-0.31520557403564453	0.14105446706525981	Zeisel	datasets_original/zeisel.rds	magic	MAGIC	42	46	cell_type1	cell_id_prefix	3005	1000	9	76	label_free_hvg
46	20	30	2.0	41	0.18471330953843654	0.5703544685026363	0.054111987050037946	0.31841743641882897	-0.31520557403564453	0.13821271411143243	Zeisel	datasets_original/zeisel.rds	magic	MAGIC	42	46	cell_type1	cell_id_prefix	3005	1000	9	76	label_free_hvg
46	50	10	0.2	30	0.37567999959618464	0.6270128436205398	0.04371063387905383	0.28625844564771236	-0.2678888440132141	0.07340991892851889	Zeisel	datasets_original/zeisel.rds	magic	MAGIC	42	46	cell_type1	cell_id_prefix	3005	1000	9	76	label_free_hvg
46	50	10	0.5	46	0.20500764304354696	0.575821676603299	0.06589795121203469	0.3380901546159197	-0.2678888440132141	0.07144566089846194	Zeisel	datasets_original/zeisel.rds	magic	MAGIC	42	46	cell_type1	cell_id_prefix	3005	1000	9	76	label_free_hvg
46	50	10	1.0	54	0.14973289528223158	0.5556493632603426	0.06635649415633624	0.3503049720430956	-0.2678888440132141	0.068291932111606	Zeisel	datasets_original/zeisel.rds	magic	MAGIC	42	46	cell_type1	cell_id_prefix	3005	1000	9	76	label_free_hvg
46	50	10	1.5	65	0.12248578748543083	0.5417751992579768	0.06555044428380422	0.3684315281546483	-0.2678888440132141	0.0688640100415796	Zeisel	datasets_original/zeisel.rds	magic	MAGIC	42	46	cell_type1	cell_id_prefix	3005	1000	9	76	label_free_hvg
46	50	10	2.0	69	0.11585503712099081	0.5375624490782919	0.06674127238543451	0.3729908676665469	-0.2678888440132141	0.06983348517678678	Zeisel	datasets_original/zeisel.rds	magic	MAGIC	42	46	cell_type1	cell_id_prefix	3005	1000	9	76	label_free_hvg
46	50	15	0.2	27	0.42408913875542487	0.6408257461063424	0.04275330240383899	0.2800771060555964	-0.2678888440132141	0.08919888897798955	Zeisel	datasets_original/zeisel.rds	magic	MAGIC	42	46	cell_type1	cell_id_prefix	3005	1000	9	76	label_free_hvg
46	50	15	0.5	39	0.2528853326115086	0.5967197950635831	0.061135890151316895	0.32202721872502316	-0.2678888440132141	0.08535893098451197	Zeisel	datasets_original/zeisel.rds	magic	MAGIC	42	46	cell_type1	cell_id_prefix	3005	1000	9	76	label_free_hvg
46	50	15	1.0	50	0.1851017103806261	0.5684303329307414	0.0668137590911362	0.34992634774531656	-0.2678888440132141	0.08583779307082295	Zeisel	datasets_original/zeisel.rds	magic	MAGIC	42	46	cell_type1	cell_id_prefix	3005	1000	9	76	label_free_hvg
46	50	15	1.5	55	0.1477478399422509	0.5558613324374277	0.06906676497429186	0.35789642650555864	-0.2678888440132141	0.0853418312035501	Zeisel	datasets_original/zeisel.rds	magic	MAGIC	42	46	cell_type1	cell_id_prefix	3005	1000	9	76	label_free_hvg
46	50	15	2.0	58	0.1343455093882218	0.549867938885122	0.06786088078261009	0.362459016809268	-0.2678888440132141	0.0874169070739299	Zeisel	datasets_original/zeisel.rds	magic	MAGIC	42	46	cell_type1	cell_id_prefix	3005	1000	9	76	label_free_hvg
46	50	30	0.2	18	0.6467207639574669	0.6929231488070391	0.03264591279563617	0.239106759565004	-0.2678888440132141	0.1402509759645909	Zeisel	datasets_original/zeisel.rds	magic	MAGIC	42	46	cell_type1	cell_id_prefix	3005	1000	9	76	label_free_hvg
46	50	30	0.5	26	0.37109315927444714	0.6218343984276659	0.04527279371768587	0.27928257741693435	-0.2678888440132141	0.13983841589652002	Zeisel	datasets_original/zeisel.rds	magic	MAGIC	42	46	cell_type1	cell_id_prefix	3005	1000	9	76	label_free_hvg
46	50	30	1.0	36	0.2347619630881052	0.5892919810576902	0.055044738350462814	0.31291232731186125	-0.2678888440132141	0.1386729348450899	Zeisel	datasets_original/zeisel.rds	magic	MAGIC	42	46	cell_type1	cell_id_prefix	3005	1000	9	76	label_free_hvg
46	50	30	1.5	40	0.19208269790675803	0.5733009672597615	0.05983357528638986	0.32635514861101583	-0.2678888440132141	0.14043951709754765	Zeisel	datasets_original/zeisel.rds	magic	MAGIC	42	46	cell_type1	cell_id_prefix	3005	1000	9	76	label_free_hvg
46	50	30	2.0	42	0.17665706034831136	0.5668163053068659	0.06029415232321518	0.32927768554973375	-0.2678888440132141	0.1413080331403762	Zeisel	datasets_original/zeisel.rds	magic	MAGIC	42	46	cell_type1	cell_id_prefix	3005	1000	9	76	label_free_hvg
46	100	10	0.2	32	0.36645464538228956	0.6248594349024269	0.044894351464694914	0.2904381601105906	-0.26090580224990845	0.07242409395985305	Zeisel	datasets_original/zeisel.rds	magic	MAGIC	42	46	cell_type1	cell_id_prefix	3005	1000	9	76	label_free_hvg
46	100	10	0.5	44	0.20854056750820105	0.5786118818963295	0.06007744299049796	0.33438943935478566	-0.26090580224990845	0.07208461500704288	Zeisel	datasets_original/zeisel.rds	magic	MAGIC	42	46	cell_type1	cell_id_prefix	3005	1000	9	76	label_free_hvg
46	100	10	1.0	55	0.1559416146729733	0.5564857947015776	0.06592077673166943	0.35371689845919946	-0.26090580224990845	0.06934141600504518	Zeisel	datasets_original/zeisel.rds	magic	MAGIC	42	46	cell_type1	cell_id_prefix	3005	1000	9	76	label_free_hvg
46	100	10	1.5	66	0.13204542928989504	0.5439507275252389	0.0648706447510642	0.3684611984772142	-0.26090580224990845	0.06880100187845528	Zeisel	datasets_original/zeisel.rds	magic	MAGIC	42	46	cell_type1	cell_id_prefix	3005	1000	9	76	label_free_hvg
46	100	10	2.0	70	0.1177975409014674	0.538351150439855	0.065200044303483	0.3729706747375861	-0.26090580224990845	0.06880094506777823	Zeisel	datasets_original/zeisel.rds	magic	MAGIC	42	46	cell_type1	cell_id_prefix	3005	1000	9	76	label_free_hvg
46	100	15	0.2	27	0.3736357974077864	0.6341228300322475	0.04498803543389277	0.28396810950973	-0.26090580224990845	0.08957674796693027	Zeisel	datasets_original/zeisel.rds	magic	MAGIC	42	46	cell_type1	cell_id_prefix	3005	1000	9	76	label_free_hvg
46	100	15	0.5	39	0.25223986450168545	0.5921299742224636	0.057129406330724934	0.32556561594995787	-0.26090580224990845	0.08824179787188768	Zeisel	datasets_original/zeisel.rds	magic	MAGIC	42	46	cell_type1	cell_id_prefix	3005	1000	9	76	label_free_hvg
46	100	15	1.0	49	0.16917437316073367	0.5673916075440399	0.06487345051152157	0.3438982967468616	-0.26090580224990845	0.08570086606778204	Zeisel	datasets_original/zeisel.rds	magic	MAGIC	42	46	cell_type1	cell_id_prefix	3005	1000	9	76	label_free_hvg
46	100	15	1.5	56	0.1419575404995572	0.553344458418015	0.06664207540952528	0.35815221946660386	-0.26090580224990845	0.08588221995159984	Zeisel	datasets_original/zeisel.rds	magic	MAGIC	42	46	cell_type1	cell_id_prefix	3005	1000	9	76	label_free_hvg
46	100	15	2.0	60	0.13348266752684493	0.5477148592012712	0.0681729171494989	0.3657849649212435	-0.26090580224990845	0.08617928181774914	Zeisel	datasets_original/zeisel.rds	magic	MAGIC	42	46	cell_type1	cell_id_prefix	3005	1000	9	76	label_free_hvg
46	100	30	0.2	17	0.6281482344944693	0.6945293293221341	0.03281379398082421	0.23632416230942754	-0.26090580224990845	0.14496286190114915	Zeisel	datasets_original/zeisel.rds	magic	MAGIC	42	46	cell_type1	cell_id_prefix	3005	1000	9	76	label_free_hvg
46	100	30	0.5	27	0.36018942273424615	0.6197910786025268	0.04262686580758942	0.2774336962358857	-0.26090580224990845	0.14265810302458704	Zeisel	datasets_original/zeisel.rds	magic	MAGIC	42	46	cell_type1	cell_id_prefix	3005	1000	9	76	label_free_hvg
46	100	30	1.0	34	0.25260249820156483	0.5958436375112788	0.053377004104761955	0.30502559178372846	-0.26090580224990845	0.14200444985181093	Zeisel	datasets_original/zeisel.rds	magic	MAGIC	42	46	cell_type1	cell_id_prefix	3005	1000	9	76	label_free_hvg
46	100	30	1.5	40	0.19131499021651588	0.5719013213282477	0.060078856176511965	0.3255093546953298	-0.26090580224990845	0.1410544509999454	Zeisel	datasets_original/zeisel.rds	magic	MAGIC	42	46	cell_type1	cell_id_prefix	3005	1000	9	76	label_free_hvg
46	100	30	2.0	44	0.16743446000084222	0.5621753110265042	0.059391977875858974	0.33013388712285413	-0.26090580224990845	0.14365559606812894	Zeisel	datasets_original/zeisel.rds	magic	MAGIC	42	46	cell_type1	cell_id_prefix	3005	1000	9	76	label_free_hvg
42	20	10	0.2	16	0.6034820745698564	0.672113431087617	0.03316424743882564	0.2319445750483892	-0.25025928020477295	0.08242005901411176	Zeisel	datasets_original/zeisel.rds	maskimpute	MaskImpute	42	42	cell_type1	cell_id_prefix	3005	1000	9	76	label_free_hvg
42	20	10	0.5	24	0.3571711459144781	0.6195744878962912	0.03681276771734117	0.2576823657600414	-0.25025928020477295	0.07993069780059159	Zeisel	datasets_original/zeisel.rds	maskimpute	MaskImpute	42	42	cell_type1	cell_id_prefix	3005	1000	9	76	label_free_hvg
42	20	10	1.0	35	0.23829152936706888	0.5898845457642067	0.049781023366566146	0.2976014374476415	-0.25025928020477295	0.08063881704583764	Zeisel	datasets_original/zeisel.rds	maskimpute	MaskImpute	42	42	cell_type1	cell_id_prefix	3005	1000	9	76	label_free_hvg
42	20	10	1.5	44	0.18391155288893693	0.5690381936582128	0.05063187659377925	0.31385083931214003	-0.25025928020477295	0.08020190498791635	Zeisel	datasets_original/zeisel.rds	maskimpute	MaskImpute	42	42	cell_type1	cell_id_prefix	3005	1000	9	76	label_free_hvg
42	20	10	2.0	51	0.16594530270255886	0.5587650260776336	0.05269891314389113	0.32805167255878154	-0.25025928020477295	0.07980260299518704	Zeisel	datasets_original/zeisel.rds	maskimpute	MaskImpute	42	42	cell_type1	cell_id_prefix	3005	1000	9	76	label_free_hvg
42	20	15	0.2	15	0.641309011251412	0.6753179367272195	0.031064718063818452	0.22670147779368957	-0.25025928020477295	0.10187170282006264	Zeisel	datasets_original/zeisel.rds	maskimpute	MaskImpute	42	42	cell_type1	cell_id_prefix	3005	1000	9	76	label_free_hvg
42	20	15	0.5	21	0.43965425202411723	0.6478079629872193	0.03665045003067842	0.250225599491878	-0.25025928020477295	0.10173942404799163	Zeisel	datasets_original/zeisel.rds	maskimpute	MaskImpute	42	42	cell_type1	cell_id_prefix	3005	1000	9	76	label_free_hvg
42	20	15	1.0	30	0.2938358086812262	0.6157183618756856	0.044678897574567056	0.2811528309100271	-0.25025928020477295	0.10254903300665319	Zeisel	datasets_original/zeisel.rds	maskimpute	MaskImpute	42	42	cell_type1	cell_id_prefix	3005	1000	9	76	label_free_hvg
42	20	15	1.5	36	0.21831015342456328	0.5895135482211367	0.05105703651753536	0.3018786776655692	-0.25025928020477295	0.10091938078403473	Zeisel	datasets_original/zeisel.rds	maskimpute	MaskImpute	42	42	cell_type1	cell_id_prefix	3005	1000	9	76	label_free_hvg
42	20	15	2.0	42	0.1781066804405439	0.5709524364560881	0.05226236391230697	0.3140308410283374	-0.25025928020477295	0.10132776596583426	Zeisel	datasets_original/zeisel.rds	maskimpute	MaskImpute	42	42	cell_type1	cell_id_prefix	3005	1000	9	76	label_free_hvg
42	20	30	0.2	9	0.6903038713808275	0.6973017027482954	0.028637509658264646	0.20453318394293035	-0.25025928020477295	0.16694482997991145	Zeisel	datasets_original/zeisel.rds	maskimpute	MaskImpute	42	42	cell_type1	cell_id_prefix	3005	1000	9	76	label_free_hvg
42	20	30	0.5	18	0.44887153089652687	0.6428439735827272	0.03497382845641089	0.23346574203198506	-0.25025928020477295	0.16432816488668323	Zeisel	datasets_original/zeisel.rds	maskimpute	MaskImpute	42	42	cell_type1	cell_id_prefix	3005	1000	9	76	label_free_hvg
42	20	30	1.0	23	0.3573145420545341	0.6218412972031226	0.039833913482091525	0.2614051686034236	-0.25025928020477295	0.1649742799345404	Zeisel	datasets_original/zeisel.rds	maskimpute	MaskImpute	42	42	cell_type1	cell_id_prefix	3005	1000	9	76	label_free_hvg
42	20	30	1.5	26	0.31600919507253544	0.6193899504276753	0.04480636048323693	0.27363873243920767	-0.25025928020477295	0.16578825283795595	Zeisel	datasets_original/zeisel.rds	maskimpute	MaskImpute	42	42	cell_type1	cell_id_prefix	3005	1000	9	76	label_free_hvg
42	20	30	2.0	32	0.2348890842097113	0.589805302828556	0.04533753369958656	0.2881360613956286	-0.25025928020477295	0.1674812650308013	Zeisel	datasets_original/zeisel.rds	maskimpute	MaskImpute	42	42	cell_type1	cell_id_prefix	3005	1000	9	76	label_free_hvg
42	50	10	0.2	16	0.6313023898515938	0.6770060293547838	0.032051391041304604	0.23645248875486416	-0.23709918558597565	0.08213056181557477	Zeisel	datasets_original/zeisel.rds	maskimpute	MaskImpute	42	42	cell_type1	cell_id_prefix	3005	1000	9	76	label_free_hvg
42	50	10	0.5	24	0.3961628313303388	0.6279125357547413	0.03997533759748517	0.26694705144913833	-0.23709918558597565	0.0804009719286114	Zeisel	datasets_original/zeisel.rds	maskimpute	MaskImpute	42	42	cell_type1	cell_id_prefix	3005	1000	9	76	label_free_hvg
42	50	10	1.0	35	0.22016195507665573	0.5778026528273392	0.05167144933111693	0.30770831786012776	-0.23709918558597565	0.08027494791895151	Zeisel	datasets_original/zeisel.rds	maskimpute	MaskImpute	42	42	cell_type1	cell_id_prefix	3005	1000	9	76	label_free_hvg
42	50	10	1.5	41	0.19246306769415109	0.5671998220527757	0.05218751082719134	0.3168032808950795	-0.23709918558597565	0.07990645314566791	Zeisel	datasets_original/zeisel.rds	maskimpute	MaskImpute	42	42	cell_type1	cell_id_prefix	3005	1000	9	76	label_free_hvg
42	50	10	2.0	48	0.1646628249406894	0.5595901426435438	0.0550191876705075	0.32878212521069866	-0.23709918558597565	0.07937674503773451	Zeisel	datasets_original/zeisel.rds	maskimpute	MaskImpute	42	42	cell_type1	cell_id_prefix	3005	1000	9	76	label_free_hvg
42	50	15	0.2	14	0.6691436327268397	0.6797343945555104	0.030275093348263213	0.2283304174396406	-0.23709918558597565	0.10301776113919914	Zeisel	datasets_original/zeisel.rds	maskimpute	MaskImpute	42	42	cell_type1	cell_id_prefix	3005	1000	9	76	label_free_hvg
42	50	15	0.5	23	0.4296231360949028	0.6379241429670272	0.03651846003011703	0.25452594881139634	-0.23709918558597565	0.10070922807790339	Zeisel	datasets_original/zeisel.rds	maskimpute	MaskImpute	42	42	cell_type1	cell_id_prefix	3005	1000	9	76	label_free_hvg
42	50	15	1.0	31	0.28835231138911854	0.604942113115485	0.044767639130083775	0.28754618125221815	-0.23709918558597565	0.10067760897800326	Zeisel	datasets_original/zeisel.rds	maskimpute	MaskImpute	42	42	cell_type1	cell_id_prefix	3005	1000	9	76	label_free_hvg
42	50	15	1.5	36	0.2192336861126218	0.5881870608411648	0.05187898763260634	0.3062629961722096	-0.23709918558597565	0.09979653498157859	Zeisel	datasets_original/zeisel.rds	maskimpute	MaskImpute	42	42	cell_type1	cell_id_prefix	3005	1000	9	76	label_free_hvg
42	50	15	2.0	39	0.20023275772819327	0.5781445953569835	0.053113318159640224	0.3129316241664907	-0.23709918558597565	0.0990460489410907	Zeisel	datasets_original/zeisel.rds	maskimpute	MaskImpute	42	42	cell_type1	cell_id_prefix	3005	1000	9	76	label_free_hvg
42	50	30	0.2	9	0.7017246316904054	0.7162957007562942	0.02936467327425872	0.21037881338390813	-0.23709918558597565	0.166682732058689	Zeisel	datasets_original/zeisel.rds	maskimpute	MaskImpute	42	42	cell_type1	cell_id_prefix	3005	1000	9	76	label_free_hvg
42	50	30	0.5	18	0.592661927395704	0.6779379341825119	0.03370128584001079	0.24346062006545707	-0.23709918558597565	0.16375509090721607	Zeisel	datasets_original/zeisel.rds	maskimpute	MaskImpute	42	42	cell_type1	cell_id_prefix	3005	1000	9	76	label_free_hvg
42	50	30	1.0	23	0.36722744430414644	0.6321520903818234	0.03854717902097958	0.2614402085264946	-0.23709918558597565	0.16599324787966907	Zeisel	datasets_original/zeisel.rds	maskimpute	MaskImpute	42	42	cell_type1	cell_id_prefix	3005	1000	9	76	label_free_hvg
42	50	30	1.5	27	0.3300185293561413	0.6229963209262146	0.041174311634875546	0.27357598595078847	-0.23709918558597565	0.16674034018069506	Zeisel	datasets_original/zeisel.rds	maskimpute	MaskImpute	42	42	cell_type1	cell_id_prefix	3005	1000	9	76	label_free_hvg
42	50	30	2.0	32	0.22721917581030535	0.5907626869431699	0.05183284655623376	0.2992248360096758	-0.23709918558597565	0.16775191598571837	Zeisel	datasets_original/zeisel.rds	maskimpute	MaskImpute	42	42	cell_type1	cell_id_prefix	3005	1000	9	76	label_free_hvg
42	100	10	0.2	16	0.6356034069278633	0.677854477199243	0.031460079088657306	0.22794084073736973	-0.23562653362751007	0.08334829611703753	Zeisel	datasets_original/zeisel.rds	maskimpute	MaskImpute	42	42	cell_type1	cell_id_prefix	3005	1000	9	76	label_free_hvg
42	100	10	0.5	24	0.39709108558421247	0.6325889129926535	0.03812244805714028	0.26159517437563273	-0.23562653362751007	0.08176588593050838	Zeisel	datasets_original/zeisel.rds	maskimpute	MaskImpute	42	42	cell_type1	cell_id_prefix	3005	1000	9	76	label_free_hvg
42	100	10	1.0	35	0.23835459638370973	0.5822907925998108	0.05053305015751792	0.3054486002780225	-0.23562653362751007	0.08187787584029138	Zeisel	datasets_original/zeisel.rds	maskimpute	MaskImpute	42	42	cell_type1	cell_id_prefix	3005	1000	9	76	label_free_hvg
42	100	10	1.5	42	0.1938240651365335	0.5701519199274445	0.05201066639351719	0.31695914503430467	-0.23562653362751007	0.08179005701094866	Zeisel	datasets_original/zeisel.rds	maskimpute	MaskImpute	42	42	cell_type1	cell_id_prefix	3005	1000	9	76	label_free_hvg
42	100	10	2.0	48	0.1678205256923382	0.5585521620307431	0.056620455455864666	0.3327257491348703	-0.23562653362751007	0.08106015296652913	Zeisel	datasets_original/zeisel.rds	maskimpute	MaskImpute	42	42	cell_type1	cell_id_prefix	3005	1000	9	76	label_free_hvg
42	100	15	0.2	13	0.642310650155312	0.6740384951349159	0.030527049897670598	0.2176402261999687	-0.23562653362751007	0.10168693005107343	Zeisel	datasets_original/zeisel.rds	maskimpute	MaskImpute	42	42	cell_type1	cell_id_prefix	3005	1000	9	76	label_free_hvg
42	100	15	0.5	23	0.4182528223547678	0.6370124395056596	0.03618811181047611	0.2541539474764213	-0.23562653362751007	0.1018204060383141	Zeisel	datasets_original/zeisel.rds	maskimpute	MaskImpute	42	42	cell_type1	cell_id_prefix	3005	1000	9	76	label_free_hvg
42	100	15	1.0	31	0.29301597830049986	0.611117351172238	0.04673173517139	0.28929849240778027	-0.23562653362751007	0.10111898905597627	Zeisel	datasets_original/zeisel.rds	maskimpute	MaskImpute	42	42	cell_type1	cell_id_prefix	3005	1000	9	76	label_free_hvg
42	100	15	1.5	35	0.22011412898714702	0.5826703112671188	0.05178635159476658	0.30504894710062	-0.23562653362751007	0.09981069108471274	Zeisel	datasets_original/zeisel.rds	maskimpute	MaskImpute	42	42	cell_type1	cell_id_prefix	3005	1000	9	76	label_free_hvg
42	100	15	2.0	40	0.19830600459003472	0.5774170556177267	0.053731646155226326	0.31548700551761827	-0.23562653362751007	0.09966332092881203	Zeisel	datasets_original/zeisel.rds	maskimpute	MaskImpute	42	42	cell_type1	cell_id_prefix	3005	1000	9	76	label_free_hvg
42	100	30	0.2	9	0.6900406197452456	0.6987474005598935	0.02854443136045263	0.20378915357227392	-0.23562653362751007	0.17002946697175503	Zeisel	datasets_original/zeisel.rds	maskimpute	MaskImpute	42	42	cell_type1	cell_id_prefix	3005	1000	9	76	label_free_hvg
42	100	30	0.5	17	0.5879334749259088	0.6729496070893886	0.03293506996675702	0.23358563723912937	-0.23562653362751007	0.16738393111154437	Zeisel	datasets_original/zeisel.rds	maskimpute	MaskImpute	42	42	cell_type1	cell_id_prefix	3005	1000	9	76	label_free_hvg
42	100	30	1.0	23	0.3680982227440789	0.6314837729667897	0.03973984211295285	0.26437709606980037	-0.23562653362751007	0.1663037829566747	Zeisel	datasets_original/zeisel.rds	maskimpute	MaskImpute	42	42	cell_type1	cell_id_prefix	3005	1000	9	76	label_free_hvg
42	100	30	1.5	27	0.3297533096070399	0.6218511411601104	0.04213597571810868	0.27557206696383807	-0.23562653362751007	0.1693069781176746	Zeisel	datasets_original/zeisel.rds	maskimpute	MaskImpute	42	42	cell_type1	cell_id_prefix	3005	1000	9	76	label_free_hvg
42	100	30	2.0	31	0.2567411750947418	0.5987555817488518	0.04917382475779632	0.29575491566323175	-0.23562653362751007	0.17153475806117058	Zeisel	datasets_original/zeisel.rds	maskimpute	MaskImpute	42	42	cell_type1	cell_id_prefix	3005	1000	9	76	label_free_hvg
43	20	10	0.2	17	0.6139646105959792	0.6694108240911077	0.03210838643102001	0.23764385431434676	-0.25864189863204956	0.08485587895847857	Zeisel	datasets_original/zeisel.rds	maskimpute	MaskImpute	43	43	cell_type1	cell_id_prefix	3005	1000	9	76	label_free_hvg
43	20	10	0.5	26	0.29820988661426695	0.596844613196979	0.04533883487301715	0.2765193613905607	-0.25864189863204956	0.08058727183379233	Zeisel	datasets_original/zeisel.rds	maskimpute	MaskImpute	43	43	cell_type1	cell_id_prefix	3005	1000	9	76	label_free_hvg
43	20	10	1.0	36	0.23573279018266216	0.5830690499735701	0.04742310898808524	0.2973230419163868	-0.25864189863204956	0.08090139809064567	Zeisel	datasets_original/zeisel.rds	maskimpute	MaskImpute	43	43	cell_type1	cell_id_prefix	3005	1000	9	76	label_free_hvg
43	20	10	1.5	43	0.19057966409878577	0.5674900141152791	0.04973455014702429	0.31211441219596175	-0.25864189863204956	0.08015364408493042	Zeisel	datasets_original/zeisel.rds	maskimpute	MaskImpute	43	43	cell_type1	cell_id_prefix	3005	1000	9	76	label_free_hvg
43	20	10	2.0	49	0.17446436566526613	0.5624707662596132	0.050952083559856844	0.3255535618530853	-0.25864189863204956	0.07976858085021377	Zeisel	datasets_original/zeisel.rds	maskimpute	MaskImpute	43	43	cell_type1	cell_id_prefix	3005	1000	9	76	label_free_hvg
43	20	15	0.2	13	0.6287130630145089	0.6682072505715638	0.02805503408379601	0.2123306114607154	-0.25864189863204956	0.10039288783445954	Zeisel	datasets_original/zeisel.rds	maskimpute	MaskImpute	43	43	cell_type1	cell_id_prefix	3005	1000	9	76	label_free_hvg
43	20	15	0.5	22	0.3417745157760319	0.6107229687484761	0.0405355380349292	0.26095940658012695	-0.25864189863204956	0.09813357493840158	Zeisel	datasets_original/zeisel.rds	maskimpute	MaskImpute	43	43	cell_type1	cell_id_prefix	3005	1000	9	76	label_free_hvg
43	20	15	1.0	31	0.2610673727882279	0.6014105167706139	0.04815049412808147	0.29042340438424713	-0.25864189863204956	0.09932544594630599	Zeisel	datasets_original/zeisel.rds	maskimpute	MaskImpute	43	43	cell_type1	cell_id_prefix	3005	1000	9	76	label_free_hvg
43	20	15	1.5	36	0.2300600755187969	0.5875931662624931	0.04703271821847588	0.29781069413843464	-0.25864189863204956	0.09851792105473578	Zeisel	datasets_original/zeisel.rds	maskimpute	MaskImpute	43	43	cell_type1	cell_id_prefix	3005	1000	9	76	label_free_hvg
43	20	15	2.0	41	0.2009071632565221	0.576046079438227	0.04733086282247183	0.3059632361574096	-0.25864189863204956	0.09833397599868476	Zeisel	datasets_original/zeisel.rds	maskimpute	MaskImpute	43	43	cell_type1	cell_id_prefix	3005	1000	9	76	label_free_hvg
43	20	30	0.2	11	0.6701114585374113	0.6822656910061203	0.02752940027979525	0.2049259983454197	-0.25864189863204956	0.1637352320831269	Zeisel	datasets_original/zeisel.rds	maskimpute	MaskImpute	43	43	cell_type1	cell_id_prefix	3005	1000	9	76	label_free_hvg
43	20	30	0.5	16	0.5156208477660613	0.6597786363002942	0.03397162487353565	0.2282028338573026	-0.25864189863204956	0.16533838491886854	Zeisel	datasets_original/zeisel.rds	maskimpute	MaskImpute	43	43	cell_type1	cell_id_prefix	3005	1000	9	76	label_free_hvg
43	20	30	1.0	23	0.3552057275550061	0.6257737767839712	0.03936568349158387	0.2578142278793636	-0.25864189863204956	0.16578772384673357	Zeisel	datasets_original/zeisel.rds	maskimpute	MaskImpute	43	43	cell_type1	cell_id_prefix	3005	1000	9	76	label_free_hvg
43	20	30	1.5	28	0.277605527207374	0.6040505139368418	0.04663345072086708	0.28001417498040754	-0.25864189863204956	0.1638467819429934	Zeisel	datasets_original/zeisel.rds	maskimpute	MaskImpute	43	43	cell_type1	cell_id_prefix	3005	1000	9	76	label_free_hvg
43	20	30	2.0	31	0.22787669479972755	0.5878776468382297	0.04992272895127827	0.2918828965752295	-0.25864189863204956	0.1640666991006583	Zeisel	datasets_original/zeisel.rds	maskimpute	MaskImpute	43	43	cell_type1	cell_id_prefix	3005	1000	9	76	label_free_hvg
43	50	10	0.2	16	0.6140473807218731	0.6603194987282202	0.032186929473515126	0.2356776470275207	-0.2431727796792984	0.08333284803666174	Zeisel	datasets_original/zeisel.rds	maskimpute	MaskImpute	43	43	cell_type1	cell_id_prefix	3005	1000	9	76	label_free_hvg
43	50	10	0.5	25	0.3596675906725717	0.6175911516448157	0.039085596490689135	0.2660949381506409	-0.2431727796792984	0.08113172696903348	Zeisel	datasets_original/zeisel.rds	maskimpute	MaskImpute	43	43	cell_type1	cell_id_prefix	3005	1000	9	76	label_free_hvg
43	50	10	1.0	34	0.248558207134623	0.5958394157957353	0.04919217785855537	0.29900393358789407	-0.2431727796792984	0.08073817379772663	Zeisel	datasets_original/zeisel.rds	maskimpute	MaskImpute	43	43	cell_type1	cell_id_prefix	3005	1000	9	76	label_free_hvg
43	50	10	1.5	42	0.1999919834622114	0.5776423024291828	0.0515006987860932	0.31314947971991686	-0.2431727796792984	0.08029060694389045	Zeisel	datasets_original/zeisel.rds	maskimpute	MaskImpute	43	43	cell_type1	cell_id_prefix	3005	1000	9	76	label_free_hvg
43	50	10	2.0	48	0.17754883834900118	0.5667641907567345	0.05037816254218991	0.32094405650832736	-0.2431727796792984	0.08212673594243824	Zeisel	datasets_original/zeisel.rds	maskimpute	MaskImpute	43	43	cell_type1	cell_id_prefix	3005	1000	9	76	label_free_hvg
43	50	15	0.2	14	0.6467450216437779	0.6899895413580861	0.03165045988299974	0.23158659070168244	-0.2431727796792984	0.1026630459818989	Zeisel	datasets_original/zeisel.rds	maskimpute	MaskImpute	43	43	cell_type1	cell_id_prefix	3005	1000	9	76	label_free_hvg
43	50	15	0.5	22	0.359449815931846	0.6181440129340491	0.038001966808358316	0.25422542242219076	-0.2431727796792984	0.09996109479106963	Zeisel	datasets_original/zeisel.rds	maskimpute	MaskImpute	43	43	cell_type1	cell_id_prefix	3005	1000	9	76	label_free_hvg
43	50	15	1.0	31	0.2547089507089598	0.59966570321223	0.050556222233269985	0.2956822022304984	-0.2431727796792984	0.09870491200126708	Zeisel	datasets_original/zeisel.rds	maskimpute	MaskImpute	43	43	cell_type1	cell_id_prefix	3005	1000	9	76	label_free_hvg
43	50	15	1.5	35	0.22677234758314602	0.5861869955196181	0.050284595006348305	0.30231491883797745	-0.2431727796792984	0.09877756121568382	Zeisel	datasets_original/zeisel.rds	maskimpute	MaskImpute	43	43	cell_type1	cell_id_prefix	3005	1000	9	76	label_free_hvg
43	50	15	2.0	41	0.1923674107796893	0.5745509242311546	0.049417168799750034	0.3083992293085073	-0.2431727796792984	0.09897757996805012	Zeisel	datasets_original/zeisel.rds	maskimpute	MaskImpute	43	43	cell_type1	cell_id_prefix	3005	1000	9	76	label_free_hvg
43	50	30	0.2	11	0.674559785087183	0.6827420900655283	0.02776063893963299	0.20798583894994238	-0.2431727796792984	0.1704006011132151	Zeisel	datasets_original/zeisel.rds	maskimpute	MaskImpute	43	43	cell_type1	cell_id_prefix	3005	1000	9	76	label_free_hvg
43	50	30	0.5	16	0.5293407872942332	0.6770900245385594	0.031465398010757276	0.23169262980178815	-0.2431727796792984	0.1700495588593185	Zeisel	datasets_original/zeisel.rds	maskimpute	MaskImpute	43	43	cell_type1	cell_id_prefix	3005	1000	9	76	label_free_hvg
43	50	30	1.0	23	0.3636634758391005	0.6277906058955707	0.03915853253467237	0.2578679844814291	-0.2431727796792984	0.17253427696414292	Zeisel	datasets_original/zeisel.rds	maskimpute	MaskImpute	43	43	cell_type1	cell_id_prefix	3005	1000	9	76	label_free_hvg
43	50	30	1.5	28	0.2611678962502566	0.6010445813619302	0.048908441714326664	0.28373364096182085	-0.2431727796792984	0.16694162203930318	Zeisel	datasets_original/zeisel.rds	maskimpute	MaskImpute	43	43	cell_type1	cell_id_prefix	3005	1000	9	76	label_free_hvg
43	50	30	2.0	31	0.22690940986093197	0.5875355042638123	0.05018518398682382	0.2910055072884339	-0.2431727796792984	0.1700345950666815	Zeisel	datasets_original/zeisel.rds	maskimpute	MaskImpute	43	43	cell_type1	cell_id_prefix	3005	1000	9	76	label_free_hvg
43	100	10	0.2	16	0.6159545685162205	0.6630286346624408	0.032152554231350106	0.23587186063940874	-0.24149827659130096	0.08442684100009501	Zeisel	datasets_original/zeisel.rds	maskimpute	MaskImpute	43	43	cell_type1	cell_id_prefix	3005	1000	9	76	label_free_hvg
43	100	10	0.5	25	0.35771667205417573	0.6166220425414268	0.039311886028345705	0.26634962975318094	-0.24149827659130096	0.08131447597406805	Zeisel	datasets_original/zeisel.rds	maskimpute	MaskImpute	43	43	cell_type1	cell_id_prefix	3005	1000	9	76	label_free_hvg
43	100	10	1.0	35	0.22180638258316385	0.5821847851798808	0.049692031034471174	0.2985577269837841	-0.24149827659130096	0.08152396301738918	Zeisel	datasets_original/zeisel.rds	maskimpute	MaskImpute	43	43	cell_type1	cell_id_prefix	3005	1000	9	76	label_free_hvg
43	100	10	1.5	45	0.18912907938817966	0.56757776896382	0.049275359973268235	0.31423332527065273	-0.24149827659130096	0.08145568799227476	Zeisel	datasets_original/zeisel.rds	maskimpute	MaskImpute	43	43	cell_type1	cell_id_prefix	3005	1000	9	76	label_free_hvg
43	100	10	2.0	50	0.17463947839652058	0.5610042383785244	0.048157797209787315	0.31933662312881095	-0.24149827659130096	0.0800872331019491	Zeisel	datasets_original/zeisel.rds	maskimpute	MaskImpute	43	43	cell_type1	cell_id_prefix	3005	1000	9	76	label_free_hvg
43	100	15	0.2	13	0.6359056006356977	0.6757910073453864	0.03033503937608231	0.22240629799269268	-0.24149827659130096	0.10302280797623098	Zeisel	datasets_original/zeisel.rds	maskimpute	MaskImpute	43	43	cell_type1	cell_id_prefix	3005	1000	9	76	label_free_hvg
43	100	15	0.5	21	0.4022438185282311	0.6276293248164717	0.036969021181170965	0.25260358479757283	-0.24149827659130096	0.10108499997295439	Zeisel	datasets_original/zeisel.rds	maskimpute	MaskImpute	43	43	cell_type1	cell_id_prefix	3005	1000	9	76	label_free_hvg
43	100	15	1.0	30	0.26586797373869514	0.6029918167921041	0.04876996635902776	0.2895804953222488	-0.24149827659130096	0.10145086096599698	Zeisel	datasets_original/zeisel.rds	maskimpute	MaskImpute	43	43	cell_type1	cell_id_prefix	3005	1000	9	76	label_free_hvg
43	100	15	1.5	35	0.231415788317048	0.5896226026386115	0.049651888542387994	0.2995911977514562	-0.24149827659130096	0.10283782286569476	Zeisel	datasets_original/zeisel.rds	maskimpute	MaskImpute	43	43	cell_type1	cell_id_prefix	3005	1000	9	76	label_free_hvg
43	100	15	2.0	40	0.18864020531029857	0.5707129177760325	0.050538914979587006	0.30716304283708745	-0.24149827659130096	0.09928577113896608	Zeisel	datasets_original/zeisel.rds	maskimpute	MaskImpute	43	43	cell_type1	cell_id_prefix	3005	1000	9	76	label_free_hvg
43	100	30	0.2	10	0.688213770096991	0.6936383731507094	0.028548453645285736	0.2062279819774388	-0.24149827659130096	0.16833375999704003	Zeisel	datasets_original/zeisel.rds	maskimpute	MaskImpute	43	43	cell_type1	cell_id_prefix	3005	1000	9	76	label_free_hvg
43	100	30	0.5	17	0.4997778988525055	0.6702636338423176	0.03296853942121336	0.23665298893829936	-0.24149827659130096	0.1627607939299196	Zeisel	datasets_original/zeisel.rds	maskimpute	MaskImpute	43	43	cell_type1	cell_id_prefix	3005	1000	9	76	label_free_hvg
43	100	30	1.0	24	0.3194651401172103	0.6176760391796006	0.04554365442660622	0.2739095752890771	-0.24149827659130096	0.16664336109533906	Zeisel	datasets_original/zeisel.rds	maskimpute	MaskImpute	43	43	cell_type1	cell_id_prefix	3005	1000	9	76	label_free_hvg
43	100	30	1.5	28	0.261403619395682	0.6014088450148322	0.04948397538109624	0.2840543085826336	-0.24149827659130096	0.16967439115978777	Zeisel	datasets_original/zeisel.rds	maskimpute	MaskImpute	43	43	cell_type1	cell_id_prefix	3005	1000	9	76	label_free_hvg
43	100	30	2.0	30	0.24179080012977994	0.5923520485202229	0.05046016835221215	0.29232822915310613	-0.24149827659130096	0.16871371702291071	Zeisel	datasets_original/zeisel.rds	maskimpute	MaskImpute	43	43	cell_type1	cell_id_prefix	3005	1000	9	76	label_free_hvg
44	20	10	0.2	17	0.5403522856108998	0.6708851389840501	0.035157696567216894	0.24506453790506508	-0.2643719017505646	0.08591952011920512	Zeisel	datasets_original/zeisel.rds	maskimpute	MaskImpute	44	44	cell_type1	cell_id_prefix	3005	1000	9	76	label_free_hvg
44	20	10	0.5	26	0.39075667682776166	0.6247050297351793	0.038465068282859706	0.27041804105763767	-0.2643719017505646	0.08263605716638267	Zeisel	datasets_original/zeisel.rds	maskimpute	MaskImpute	44	44	cell_type1	cell_id_prefix	3005	1000	9	76	label_free_hvg
44	20	10	1.0	34	0.24613077866808986	0.5909793477273272	0.04461596367665911	0.287126862790082	-0.2643719017505646	0.08171927486546338	Zeisel	datasets_original/zeisel.rds	maskimpute	MaskImpute	44	44	cell_type1	cell_id_prefix	3005	1000	9	76	label_free_hvg
44	20	10	1.5	41	0.2269689376823067	0.5901695054385652	0.046280948918194086	0.3018384032615304	-0.2643719017505646	0.08215230610221624	Zeisel	datasets_original/zeisel.rds	maskimpute	MaskImpute	44	44	cell_type1	cell_id_prefix	3005	1000	9	76	label_free_hvg
44	20	10	2.0	47	0.1807306475243624	0.5731495721266359	0.04984835021652765	0.3185471489370792	-0.2643719017505646	0.080215121852234	Zeisel	datasets_original/zeisel.rds	maskimpute	MaskImpute	44	44	cell_type1	cell_id_prefix	3005	1000	9	76	label_free_hvg
44	20	15	0.2	16	0.637849025910529	0.6728846601265928	0.030746858345032806	0.22900420125128734	-0.2643719017505646	0.10245845606550574	Zeisel	datasets_original/zeisel.rds	maskimpute	MaskImpute	44	44	cell_type1	cell_id_prefix	3005	1000	9	76	label_free_hvg
44	20	15	0.5	22	0.4563381604521846	0.6479457146125113	0.035307326280947605	0.25212838380672964	-0.2643719017505646	0.1014466299675405	Zeisel	datasets_original/zeisel.rds	maskimpute	MaskImpute	44	44	cell_type1	cell_id_prefix	3005	1000	9	76	label_free_hvg
44	20	15	1.0	29	0.32073890873571875	0.6185248188676429	0.04054758198490608	0.2682692647560965	-0.2643719017505646	0.10250311996787786	Zeisel	datasets_original/zeisel.rds	maskimpute	MaskImpute	44	44	cell_type1	cell_id_prefix	3005	1000	9	76	label_free_hvg
44	20	15	1.5	37	0.2199564497500395	0.5819108654574153	0.04936318678786525	0.3004616648370239	-0.2643719017505646	0.1001952460501343	Zeisel	datasets_original/zeisel.rds	maskimpute	MaskImpute	44	44	cell_type1	cell_id_prefix	3005	1000	9	76	label_free_hvg
44	20	15	2.0	40	0.20343261723424466	0.581753391997688	0.05090655407600931	0.310341390012543	-0.2643719017505646	0.10033215396106243	Zeisel	datasets_original/zeisel.rds	maskimpute	MaskImpute	44	44	cell_type1	cell_id_prefix	3005	1000	9	76	label_free_hvg
44	20	30	0.2	11	0.6893345127920436	0.7069906715882859	0.030973881991757855	0.21148761820601747	-0.2643719017505646	0.16921315295621753	Zeisel	datasets_original/zeisel.rds	maskimpute	MaskImpute	44	44	cell_type1	cell_id_prefix	3005	1000	9	76	label_free_hvg
44	20	30	0.5	16	0.4502325389001611	0.6434452777631811	0.03284523222866752	0.2252283889427081	-0.2643719017505646	0.17447988200001419	Zeisel	datasets_original/zeisel.rds	maskimpute	MaskImpute	44	44	cell_type1	cell_id_prefix	3005	1000	9	76	label_free_hvg
44	20	30	1.0	23	0.36986181577178834	0.6228243177996897	0.03753071346990401	0.25429055981145715	-0.2643719017505646	0.17188789695501328	Zeisel	datasets_original/zeisel.rds	maskimpute	MaskImpute	44	44	cell_type1	cell_id_prefix	3005	1000	9	76	label_free_hvg
44	20	30	1.5	27	0.33372635897612807	0.6193663150107518	0.040477994562780714	0.269460445999668	-0.2643719017505646	0.16610120004042983	Zeisel	datasets_original/zeisel.rds	maskimpute	MaskImpute	44	44	cell_type1	cell_id_prefix	3005	1000	9	76	label_free_hvg
44	20	30	2.0	31	0.23363856042824213	0.5913148162104185	0.04926204024687455	0.28691352177910046	-0.2643719017505646	0.16401323582977057	Zeisel	datasets_original/zeisel.rds	maskimpute	MaskImpute	44	44	cell_type1	cell_id_prefix	3005	1000	9	76	label_free_hvg
44	50	10	0.2	18	0.6277726469998873	0.6761953593298419	0.03222463150892077	0.24080331454010126	-0.2470247596502304	0.08336713397875428	Zeisel	datasets_original/zeisel.rds	maskimpute	MaskImpute	44	44	cell_type1	cell_id_prefix	3005	1000	9	76	label_free_hvg
44	50	10	0.5	26	0.40673773093485893	0.6325030525143788	0.03624335211844606	0.26335316753819754	-0.2470247596502304	0.08146418584510684	Zeisel	datasets_original/zeisel.rds	maskimpute	MaskImpute	44	44	cell_type1	cell_id_prefix	3005	1000	9	76	label_free_hvg
44	50	10	1.0	34	0.25360059875694135	0.5913245505018219	0.045187809259645925	0.2883287448882178	-0.2470247596502304	0.08146680402569473	Zeisel	datasets_original/zeisel.rds	maskimpute	MaskImpute	44	44	cell_type1	cell_id_prefix	3005	1000	9	76	label_free_hvg
44	50	10	1.5	40	0.19556587979879111	0.5725578826760638	0.04944915140164062	0.30334253907138586	-0.2470247596502304	0.08058428601361811	Zeisel	datasets_original/zeisel.rds	maskimpute	MaskImpute	44	44	cell_type1	cell_id_prefix	3005	1000	9	76	label_free_hvg
44	50	10	2.0	47	0.1801095668478194	0.5720604626850021	0.05173800414181081	0.32152284084097105	-0.2470247596502304	0.07976896897889674	Zeisel	datasets_original/zeisel.rds	maskimpute	MaskImpute	44	44	cell_type1	cell_id_prefix	3005	1000	9	76	label_free_hvg
44	50	15	0.2	16	0.6206212981829634	0.6656318056259934	0.030948030577864553	0.22796040262252376	-0.2470247596502304	0.10250107082538307	Zeisel	datasets_original/zeisel.rds	maskimpute	MaskImpute	44	44	cell_type1	cell_id_prefix	3005	1000	9	76	label_free_hvg
44	50	15	0.5	23	0.4322614293291726	0.6372277183156893	0.03458223557921918	0.2563379700510724	-0.2470247596502304	0.103518086951226	Zeisel	datasets_original/zeisel.rds	maskimpute	MaskImpute	44	44	cell_type1	cell_id_prefix	3005	1000	9	76	label_free_hvg
44	50	15	1.0	31	0.2725794368373758	0.6014730729394054	0.04535588078280691	0.2841570922454701	-0.2470247596502304	0.10051527083851397	Zeisel	datasets_original/zeisel.rds	maskimpute	MaskImpute	44	44	cell_type1	cell_id_prefix	3005	1000	9	76	label_free_hvg
44	50	15	1.5	37	0.23441380337819878	0.5835783027396606	0.051627705575185354	0.30705220937129446	-0.2470247596502304	0.10287275002337992	Zeisel	datasets_original/zeisel.rds	maskimpute	MaskImpute	44	44	cell_type1	cell_id_prefix	3005	1000	9	76	label_free_hvg
44	50	15	2.0	38	0.20678804913651141	0.5748714615901745	0.051928853704631496	0.3076706635266933	-0.2470247596502304	0.10050809592939913	Zeisel	datasets_original/zeisel.rds	maskimpute	MaskImpute	44	44	cell_type1	cell_id_prefix	3005	1000	9	76	label_free_hvg
44	50	30	0.2	10	0.6988992480091142	0.7140834122939408	0.02907172535487157	0.21246479076531127	-0.2470247596502304	0.1699960371479392	Zeisel	datasets_original/zeisel.rds	maskimpute	MaskImpute	44	44	cell_type1	cell_id_prefix	3005	1000	9	76	label_free_hvg
44	50	30	0.5	17	0.4579287547941304	0.6439744852971009	0.032410012249467025	0.23183742497333587	-0.2470247596502304	0.16441649897024035	Zeisel	datasets_original/zeisel.rds	maskimpute	MaskImpute	44	44	cell_type1	cell_id_prefix	3005	1000	9	76	label_free_hvg
44	50	30	1.0	23	0.3906500813839363	0.6312746660233131	0.036798621083053755	0.257650026658056	-0.2470247596502304	0.16399654978886247	Zeisel	datasets_original/zeisel.rds	maskimpute	MaskImpute	44	44	cell_type1	cell_id_prefix	3005	1000	9	76	label_free_hvg
44	50	30	1.5	28	0.3025399624555827	0.6152798779550455	0.045988133359686066	0.2825319773599979	-0.2470247596502304	0.16350093600340188	Zeisel	datasets_original/zeisel.rds	maskimpute	MaskImpute	44	44	cell_type1	cell_id_prefix	3005	1000	9	76	label_free_hvg
44	50	30	2.0	33	0.22961060054337376	0.591859611038162	0.051083875085324686	0.2973750720798908	-0.2470247596502304	0.16603358299471438	Zeisel	datasets_original/zeisel.rds	maskimpute	MaskImpute	44	44	cell_type1	cell_id_prefix	3005	1000	9	76	label_free_hvg
44	100	10	0.2	18	0.6441492953481198	0.6848287375509281	0.033076163922103705	0.24181842784931296	-0.2452547401189804	0.08436455787159503	Zeisel	datasets_original/zeisel.rds	maskimpute	MaskImpute	44	44	cell_type1	cell_id_prefix	3005	1000	9	76	label_free_hvg
44	100	10	0.5	22	0.44968809145453575	0.658070992495862	0.033917946011380935	0.24781809422217946	-0.2452547401189804	0.08186958287842572	Zeisel	datasets_original/zeisel.rds	maskimpute	MaskImpute	44	44	cell_type1	cell_id_prefix	3005	1000	9	76	label_free_hvg
44	100	10	1.0	35	0.24524092236138256	0.589471357033106	0.04982848999582623	0.29809175061537807	-0.2452547401189804	0.08149009803310037	Zeisel	datasets_original/zeisel.rds	maskimpute	MaskImpute	44	44	cell_type1	cell_id_prefix	3005	1000	9	76	label_free_hvg
44	100	10	1.5	40	0.20252655202884168	0.5784683155794235	0.04908415129711015	0.30552932571654084	-0.2452547401189804	0.08153547113761306	Zeisel	datasets_original/zeisel.rds	maskimpute	MaskImpute	44	44	cell_type1	cell_id_prefix	3005	1000	9	76	label_free_hvg
44	100	10	2.0	47	0.18415284488007103	0.5726793530118766	0.04995141184634033	0.3200450943099997	-0.2452547401189804	0.08234579302370548	Zeisel	datasets_original/zeisel.rds	maskimpute	MaskImpute	44	44	cell_type1	cell_id_prefix	3005	1000	9	76	label_free_hvg
44	100	15	0.2	16	0.6124119997967844	0.6621324340257784	0.03062794674582829	0.22554145044275076	-0.2452547401189804	0.10331539600156248	Zeisel	datasets_original/zeisel.rds	maskimpute	MaskImpute	44	44	cell_type1	cell_id_prefix	3005	1000	9	76	label_free_hvg
44	100	15	0.5	22	0.46780660613094055	0.6529186075347587	0.03366419534383474	0.2517490676383199	-0.2452547401189804	0.10436663101427257	Zeisel	datasets_original/zeisel.rds	maskimpute	MaskImpute	44	44	cell_type1	cell_id_prefix	3005	1000	9	76	label_free_hvg
44	100	15	1.0	30	0.282549472778276	0.6032810653117286	0.04599166428857801	0.28103099225356015	-0.2452547401189804	0.10135458107106388	Zeisel	datasets_original/zeisel.rds	maskimpute	MaskImpute	44	44	cell_type1	cell_id_prefix	3005	1000	9	76	label_free_hvg
44	100	15	1.5	36	0.25285896054086293	0.5932618892212488	0.049654960843745655	0.3014325483075053	-0.2452547401189804	0.10112374904565513	Zeisel	datasets_original/zeisel.rds	maskimpute	MaskImpute	44	44	cell_type1	cell_id_prefix	3005	1000	9	76	label_free_hvg
44	100	15	2.0	38	0.21852834787475048	0.5821583323623242	0.050503453713165614	0.3050932046538417	-0.2452547401189804	0.10234990203753114	Zeisel	datasets_original/zeisel.rds	maskimpute	MaskImpute	44	44	cell_type1	cell_id_prefix	3005	1000	9	76	label_free_hvg
44	100	30	0.2	11	0.7104384165786699	0.7243417203470243	0.031881012992434885	0.22579864860566948	-0.2452547401189804	0.16336525301449	Zeisel	datasets_original/zeisel.rds	maskimpute	MaskImpute	44	44	cell_type1	cell_id_prefix	3005	1000	9	76	label_free_hvg
44	100	30	0.5	16	0.46409961000938427	0.6529646150963647	0.032848384183684146	0.22951308337447063	-0.2452547401189804	0.1648447629995644	Zeisel	datasets_original/zeisel.rds	maskimpute	MaskImpute	44	44	cell_type1	cell_id_prefix	3005	1000	9	76	label_free_hvg
44	100	30	1.0	22	0.42901825215587636	0.6421717872246125	0.035909209006691326	0.2534491256937416	-0.2452547401189804	0.165557777043432	Zeisel	datasets_original/zeisel.rds	maskimpute	MaskImpute	44	44	cell_type1	cell_id_prefix	3005	1000	9	76	label_free_hvg
44	100	30	1.5	28	0.3003687547522678	0.6119708183017007	0.04356460297757161	0.2783204834734886	-0.2452547401189804	0.16668359888717532	Zeisel	datasets_original/zeisel.rds	maskimpute	MaskImpute	44	44	cell_type1	cell_id_prefix	3005	1000	9	76	label_free_hvg
44	100	30	2.0	31	0.257102380249836	0.6003687967495235	0.04912701691128596	0.2932258972137685	-0.2452547401189804	0.16926332097500563	Zeisel	datasets_original/zeisel.rds	maskimpute	MaskImpute	44	44	cell_type1	cell_id_prefix	3005	1000	9	76	label_free_hvg
45	20	10	0.2	15	0.5868838149037681	0.6589880280323261	0.031236245210109845	0.22492091784529905	-0.25452670454978943	0.08431349811144173	Zeisel	datasets_original/zeisel.rds	maskimpute	MaskImpute	45	45	cell_type1	cell_id_prefix	3005	1000	9	76	label_free_hvg
45	20	10	0.5	23	0.3968413869238937	0.6237055110169469	0.03592415469284128	0.2561457598009954	-0.25452670454978943	0.08166281599551439	Zeisel	datasets_original/zeisel.rds	maskimpute	MaskImpute	45	45	cell_type1	cell_id_prefix	3005	1000	9	76	label_free_hvg
45	20	10	1.0	32	0.2436334599929816	0.5943063998725139	0.045089933955524276	0.2841727240434643	-0.25452670454978943	0.0819122469983995	Zeisel	datasets_original/zeisel.rds	maskimpute	MaskImpute	45	45	cell_type1	cell_id_prefix	3005	1000	9	76	label_free_hvg
45	20	10	1.5	39	0.19513576397293977	0.5757607143547601	0.04870506235478567	0.29937265560137694	-0.25452670454978943	0.08083289698697627	Zeisel	datasets_original/zeisel.rds	maskimpute	MaskImpute	45	45	cell_type1	cell_id_prefix	3005	1000	9	76	label_free_hvg
45	20	10	2.0	44	0.17750705529004038	0.5682825924823995	0.05247580568964677	0.31553985720949057	-0.25452670454978943	0.08115942403674126	Zeisel	datasets_original/zeisel.rds	maskimpute	MaskImpute	45	45	cell_type1	cell_id_prefix	3005	1000	9	76	label_free_hvg
45	20	15	0.2	13	0.6242313117994093	0.6689085347817536	0.030163257857492385	0.22130538514957923	-0.25452670454978943	0.10198458400554955	Zeisel	datasets_original/zeisel.rds	maskimpute	MaskImpute	45	45	cell_type1	cell_id_prefix	3005	1000	9	76	label_free_hvg
45	20	15	0.5	20	0.4249187897189829	0.6388934505266599	0.0353775954444932	0.24601063951134022	-0.25452670454978943	0.10356705589219928	Zeisel	datasets_original/zeisel.rds	maskimpute	MaskImpute	45	45	cell_type1	cell_id_prefix	3005	1000	9	76	label_free_hvg
45	20	15	1.0	30	0.3016397191323751	0.6099272868003419	0.040611872506862295	0.2755982721394664	-0.25452670454978943	0.1039021189790219	Zeisel	datasets_original/zeisel.rds	maskimpute	MaskImpute	45	45	cell_type1	cell_id_prefix	3005	1000	9	76	label_free_hvg
45	20	15	1.5	32	0.26022914257266616	0.5991911669951658	0.0466787526347351	0.2874371270717342	-0.25452670454978943	0.09956187196075916	Zeisel	datasets_original/zeisel.rds	maskimpute	MaskImpute	45	45	cell_type1	cell_id_prefix	3005	1000	9	76	label_free_hvg
45	20	15	2.0	38	0.18836780674947842	0.5718821839722946	0.0476172391573263	0.2971808527688922	-0.25452670454978943	0.09843062609434128	Zeisel	datasets_original/zeisel.rds	maskimpute	MaskImpute	45	45	cell_type1	cell_id_prefix	3005	1000	9	76	label_free_hvg
45	20	30	0.2	9	0.6790366245583215	0.6909986831225791	0.02792417352330851	0.19986273249566294	-0.25452670454978943	0.17496730387210846	Zeisel	datasets_original/zeisel.rds	maskimpute	MaskImpute	45	45	cell_type1	cell_id_prefix	3005	1000	9	76	label_free_hvg
45	20	30	0.5	18	0.440153971597178	0.6483802051988609	0.03431224628676514	0.23389518006548884	-0.25452670454978943	0.1688274999614805	Zeisel	datasets_original/zeisel.rds	maskimpute	MaskImpute	45	45	cell_type1	cell_id_prefix	3005	1000	9	76	label_free_hvg
45	20	30	1.0	22	0.4092816430798409	0.6408519557831703	0.035235984529660036	0.2482342942146763	-0.25452670454978943	0.16699927509762347	Zeisel	datasets_original/zeisel.rds	maskimpute	MaskImpute	45	45	cell_type1	cell_id_prefix	3005	1000	9	76	label_free_hvg
45	20	30	1.5	28	0.2725956926648114	0.6062065351261293	0.04354774158946462	0.2721731654723983	-0.25452670454978943	0.16531215189024806	Zeisel	datasets_original/zeisel.rds	maskimpute	MaskImpute	45	45	cell_type1	cell_id_prefix	3005	1000	9	76	label_free_hvg
45	20	30	2.0	31	0.23793006731948238	0.5934419388853343	0.04611932407740203	0.28127777513746816	-0.25452670454978943	0.15973957488313317	Zeisel	datasets_original/zeisel.rds	maskimpute	MaskImpute	45	45	cell_type1	cell_id_prefix	3005	1000	9	76	label_free_hvg
45	50	10	0.2	15	0.5936421388741898	0.6616151290273925	0.03210577961599654	0.22908693085533002	-0.2392263263463974	0.08220274606719613	Zeisel	datasets_original/zeisel.rds	maskimpute	MaskImpute	45	45	cell_type1	cell_id_prefix	3005	1000	9	76	label_free_hvg
45	50	10	0.5	24	0.40560454250262	0.6348475188713774	0.035058077390936124	0.25296933264555654	-0.2392263263463974	0.08157974109053612	Zeisel	datasets_original/zeisel.rds	maskimpute	MaskImpute	45	45	cell_type1	cell_id_prefix	3005	1000	9	76	label_free_hvg
45	50	10	1.0	31	0.26229758524459656	0.5993613048012332	0.0475093861756436	0.28783686475864584	-0.2392263263463974	0.0801857658661902	Zeisel	datasets_original/zeisel.rds	maskimpute	MaskImpute	45	45	cell_type1	cell_id_prefix	3005	1000	9	76	label_free_hvg
45	50	10	1.5	39	0.20456478898436797	0.5731462344022071	0.04965076876132169	0.30642664599502295	-0.2392263263463974	0.08085238700732589	Zeisel	datasets_original/zeisel.rds	maskimpute	MaskImpute	45	45	cell_type1	cell_id_prefix	3005	1000	9	76	label_free_hvg
45	50	10	2.0	44	0.1761895917941025	0.5645163988208852	0.05272724723718399	0.3192302764928014	-0.2392263263463974	0.08032695599831641	Zeisel	datasets_original/zeisel.rds	maskimpute	MaskImpute	45	45	cell_type1	cell_id_prefix	3005	1000	9	76	label_free_hvg
45	50	15	0.2	14	0.6297683747203752	0.66803938158304	0.028639040926153516	0.21957675578668628	-0.2392263263463974	0.10601666709408164	Zeisel	datasets_original/zeisel.rds	maskimpute	MaskImpute	45	45	cell_type1	cell_id_prefix	3005	1000	9	76	label_free_hvg
45	50	15	0.5	22	0.40748609092800236	0.6289929555993333	0.035786119820055085	0.25387734136543294	-0.2392263263463974	0.10325772408396006	Zeisel	datasets_original/zeisel.rds	maskimpute	MaskImpute	45	45	cell_type1	cell_id_prefix	3005	1000	9	76	label_free_hvg
45	50	15	1.0	30	0.29907497783556314	0.6090562382357556	0.04343102211008623	0.28076405196567966	-0.2392263263463974	0.10393473180010915	Zeisel	datasets_original/zeisel.rds	maskimpute	MaskImpute	45	45	cell_type1	cell_id_prefix	3005	1000	9	76	label_free_hvg
45	50	15	1.5	34	0.2379502030612842	0.5882401289156021	0.04936899281219696	0.29690947168635995	-0.2392263263463974	0.10424164100550115	Zeisel	datasets_original/zeisel.rds	maskimpute	MaskImpute	45	45	cell_type1	cell_id_prefix	3005	1000	9	76	label_free_hvg
45	50	15	2.0	38	0.20433809827753488	0.5738385975437208	0.04960101583709941	0.3041820913288535	-0.2392263263463974	0.10284373094327748	Zeisel	datasets_original/zeisel.rds	maskimpute	MaskImpute	45	45	cell_type1	cell_id_prefix	3005	1000	9	76	label_free_hvg
45	50	30	0.2	8	0.6779837997420509	0.6936826794019975	0.027735809036130155	0.19615349202125917	-0.2392263263463974	0.1609673690982163	Zeisel	datasets_original/zeisel.rds	maskimpute	MaskImpute	45	45	cell_type1	cell_id_prefix	3005	1000	9	76	label_free_hvg
45	50	30	0.5	17	0.5796768888056338	0.6663205519671467	0.03264960601823184	0.2330526867961313	-0.2392263263463974	0.1612326418980956	Zeisel	datasets_original/zeisel.rds	maskimpute	MaskImpute	45	45	cell_type1	cell_id_prefix	3005	1000	9	76	label_free_hvg
45	50	30	1.0	21	0.42194474802060217	0.6442082212624392	0.03605592528731328	0.2511418036012349	-0.2392263263463974	0.15946497302502394	Zeisel	datasets_original/zeisel.rds	maskimpute	MaskImpute	45	45	cell_type1	cell_id_prefix	3005	1000	9	76	label_free_hvg
45	50	30	1.5	28	0.27542498074518035	0.6054087193648501	0.04688022485517414	0.2821638865074957	-0.2392263263463974	0.1602325038984418	Zeisel	datasets_original/zeisel.rds	maskimpute	MaskImpute	45	45	cell_type1	cell_id_prefix	3005	1000	9	76	label_free_hvg
45	50	30	2.0	31	0.2499231399189738	0.5937139004609503	0.04726314365736501	0.2916618091383321	-0.2392263263463974	0.16147763491608202	Zeisel	datasets_original/zeisel.rds	maskimpute	MaskImpute	45	45	cell_type1	cell_id_prefix	3005	1000	9	76	label_free_hvg
45	100	10	0.2	15	0.6316372814496927	0.6777667522816008	0.03164414393531352	0.2305129481499663	-0.2374364286661148	0.08465363411232829	Zeisel	datasets_original/zeisel.rds	maskimpute	MaskImpute	45	45	cell_type1	cell_id_prefix	3005	1000	9	76	label_free_hvg
45	100	10	0.5	22	0.4090353912760829	0.6293795702844869	0.03584724581197499	0.2528082891698087	-0.2374364286661148	0.08180343289859593	Zeisel	datasets_original/zeisel.rds	maskimpute	MaskImpute	45	45	cell_type1	cell_id_prefix	3005	1000	9	76	label_free_hvg
45	100	10	1.0	31	0.2687474130220388	0.6018246178748398	0.047693662682039624	0.28812822217330775	-0.2374364286661148	0.08063204004429281	Zeisel	datasets_original/zeisel.rds	maskimpute	MaskImpute	45	45	cell_type1	cell_id_prefix	3005	1000	9	76	label_free_hvg
45	100	10	1.5	39	0.19681505996678328	0.5707278144477901	0.04955315708476229	0.3068442722738693	-0.2374364286661148	0.08020883705466986	Zeisel	datasets_original/zeisel.rds	maskimpute	MaskImpute	45	45	cell_type1	cell_id_prefix	3005	1000	9	76	label_free_hvg
45	100	10	2.0	45	0.1768148321644177	0.5636377166346743	0.053134967836529955	0.3227602909139367	-0.2374364286661148	0.08112022699788213	Zeisel	datasets_original/zeisel.rds	maskimpute	MaskImpute	45	45	cell_type1	cell_id_prefix	3005	1000	9	76	label_free_hvg
45	100	15	0.2	15	0.6344787427560243	0.6753525202360116	0.031238859629427	0.2312311666556094	-0.2374364286661148	0.10466307518072426	Zeisel	datasets_original/zeisel.rds	maskimpute	MaskImpute	45	45	cell_type1	cell_id_prefix	3005	1000	9	76	label_free_hvg
45	100	15	0.5	21	0.41048597566196654	0.6257520363411905	0.03480949342842867	0.2480448825774302	-0.2374364286661148	0.10480511700734496	Zeisel	datasets_original/zeisel.rds	maskimpute	MaskImpute	45	45	cell_type1	cell_id_prefix	3005	1000	9	76	label_free_hvg
45	100	15	1.0	30	0.30022115344765954	0.6091483285119875	0.04552324579050118	0.28475825954326867	-0.2374364286661148	0.10430464800447226	Zeisel	datasets_original/zeisel.rds	maskimpute	MaskImpute	45	45	cell_type1	cell_id_prefix	3005	1000	9	76	label_free_hvg
45	100	15	1.5	33	0.2504479664982413	0.5928525502715344	0.04779213724454226	0.2912732611054279	-0.2374364286661148	0.10426730592735112	Zeisel	datasets_original/zeisel.rds	maskimpute	MaskImpute	45	45	cell_type1	cell_id_prefix	3005	1000	9	76	label_free_hvg
45	100	15	2.0	38	0.1976463652567997	0.5726077685195806	0.04993677281474526	0.30325908079724473	-0.2374364286661148	0.1032999730668962	Zeisel	datasets_original/zeisel.rds	maskimpute	MaskImpute	45	45	cell_type1	cell_id_prefix	3005	1000	9	76	label_free_hvg
45	100	30	0.2	8	0.6779557879339589	0.6943139867220651	0.027767052933403813	0.19623081495708178	-0.2374364286661148	0.16021785698831081	Zeisel	datasets_original/zeisel.rds	maskimpute	MaskImpute	45	45	cell_type1	cell_id_prefix	3005	1000	9	76	label_free_hvg
45	100	30	0.5	18	0.44429154445692765	0.6504903164307116	0.033714851108030144	0.2362118882382276	-0.2374364286661148	0.1583423619158566	Zeisel	datasets_original/zeisel.rds	maskimpute	MaskImpute	45	45	cell_type1	cell_id_prefix	3005	1000	9	76	label_free_hvg
45	100	30	1.0	21	0.42197673827094473	0.6463145079293157	0.03635360289142823	0.2512679431443664	-0.2374364286661148	0.1609510169364512	Zeisel	datasets_original/zeisel.rds	maskimpute	MaskImpute	45	45	cell_type1	cell_id_prefix	3005	1000	9	76	label_free_hvg
45	100	30	1.5	27	0.3046185401745586	0.6155970886673598	0.04769292306119562	0.28165317770485343	-0.2374364286661148	0.15932701295241714	Zeisel	datasets_original/zeisel.rds	maskimpute	MaskImpute	45	45	cell_type1	cell_id_prefix	3005	1000	9	76	label_free_hvg
45	100	30	2.0	31	0.24984242755095976	0.5945610305977053	0.047650081956518216	0.29163664310355975	-0.2374364286661148	0.15932495705783367	Zeisel	datasets_original/zeisel.rds	maskimpute	MaskImpute	45	45	cell_type1	cell_id_prefix	3005	1000	9	76	label_free_hvg
46	20	10	0.2	15	0.6670839459755487	0.7099522913473933	0.031693130526908475	0.23556250828051806	-0.2594218850135803	0.08288766606710851	Zeisel	datasets_original/zeisel.rds	maskimpute	MaskImpute	46	46	cell_type1	cell_id_prefix	3005	1000	9	76	label_free_hvg
46	20	10	0.5	22	0.39987644689296237	0.6474664047501367	0.0385488225285426	0.2620592940122443	-0.2594218850135803	0.08055902598425746	Zeisel	datasets_original/zeisel.rds	maskimpute	MaskImpute	46	46	cell_type1	cell_id_prefix	3005	1000	9	76	label_free_hvg
46	20	10	1.0	35	0.226582462752865	0.591966374665826	0.048723457571831254	0.29869120553390616	-0.2594218850135803	0.08016711403615773	Zeisel	datasets_original/zeisel.rds	maskimpute	MaskImpute	46	46	cell_type1	cell_id_prefix	3005	1000	9	76	label_free_hvg
46	20	10	1.5	41	0.20032786992000892	0.5861592058175781	0.04859073862451431	0.30992726869133047	-0.2594218850135803	0.07902992400340736	Zeisel	datasets_original/zeisel.rds	maskimpute	MaskImpute	46	46	cell_type1	cell_id_prefix	3005	1000	9	76	label_free_hvg
46	20	10	2.0	49	0.16474779348127777	0.5662880241681616	0.052725014378697026	0.32754782702571433	-0.2594218850135803	0.07910477300174534	Zeisel	datasets_original/zeisel.rds	maskimpute	MaskImpute	46	46	cell_type1	cell_id_prefix	3005	1000	9	76	label_free_hvg
46	20	15	0.2	13	0.6735359899889288	0.6935389372574894	0.03027142246879123	0.22248848286675044	-0.2594218850135803	0.10081171011552215	Zeisel	datasets_original/zeisel.rds	maskimpute	MaskImpute	46	46	cell_type1	cell_id_prefix	3005	1000	9	76	label_free_hvg
46	20	15	0.5	22	0.36910384080238595	0.6326596328792463	0.038348482869917114	0.2562295538070495	-0.2594218850135803	0.09966631093993783	Zeisel	datasets_original/zeisel.rds	maskimpute	MaskImpute	46	46	cell_type1	cell_id_prefix	3005	1000	9	76	label_free_hvg
46	20	15	1.0	28	0.31045877755961016	0.6153463535130351	0.04095569283621027	0.2740985099645899	-0.2594218850135803	0.09911613492295146	Zeisel	datasets_original/zeisel.rds	maskimpute	MaskImpute	46	46	cell_type1	cell_id_prefix	3005	1000	9	76	label_free_hvg
46	20	15	1.5	33	0.2369970137323585	0.5972710950242395	0.049832226586331595	0.29591272842089317	-0.2594218850135803	0.09875189606100321	Zeisel	datasets_original/zeisel.rds	maskimpute	MaskImpute	46	46	cell_type1	cell_id_prefix	3005	1000	9	76	label_free_hvg
46	20	15	2.0	40	0.19252627888888718	0.5808719533547386	0.054333949198401094	0.31620753633228676	-0.2594218850135803	0.09846758795902133	Zeisel	datasets_original/zeisel.rds	maskimpute	MaskImpute	46	46	cell_type1	cell_id_prefix	3005	1000	9	76	label_free_hvg
46	20	30	0.2	10	0.6836553972638728	0.7032812629604246	0.030574264430469802	0.21507841239014167	-0.2594218850135803	0.1650173228699714	Zeisel	datasets_original/zeisel.rds	maskimpute	MaskImpute	46	46	cell_type1	cell_id_prefix	3005	1000	9	76	label_free_hvg
46	20	30	0.5	19	0.44053644414780213	0.6444852787607416	0.0356837103319732	0.24312070309272013	-0.2594218850135803	0.16505905403755605	Zeisel	datasets_original/zeisel.rds	maskimpute	MaskImpute	46	46	cell_type1	cell_id_prefix	3005	1000	9	76	label_free_hvg
46	20	30	1.0	22	0.35765785568330927	0.6280839510062631	0.03765100539690123	0.253716301941055	-0.2594218850135803	0.1665492809843272	Zeisel	datasets_original/zeisel.rds	maskimpute	MaskImpute	46	46	cell_type1	cell_id_prefix	3005	1000	9	76	label_free_hvg
46	20	30	1.5	25	0.31325630442381336	0.6102898304520761	0.038560934801921305	0.2646052409469979	-0.2594218850135803	0.1672164429910481	Zeisel	datasets_original/zeisel.rds	maskimpute	MaskImpute	46	46	cell_type1	cell_id_prefix	3005	1000	9	76	label_free_hvg
46	20	30	2.0	29	0.25557537861119745	0.5981570047936832	0.04463535106882615	0.2800859712492759	-0.2594218850135803	0.165103395935148	Zeisel	datasets_original/zeisel.rds	maskimpute	MaskImpute	46	46	cell_type1	cell_id_prefix	3005	1000	9	76	label_free_hvg
46	50	10	0.2	15	0.6479934862509344	0.6975018647886958	0.032158581205822316	0.2345498124813471	-0.2425702065229416	0.08501733094453812	Zeisel	datasets_original/zeisel.rds	maskimpute	MaskImpute	46	46	cell_type1	cell_id_prefix	3005	1000	9	76	label_free_hvg
46	50	10	0.5	23	0.38949423420059526	0.6438067625987229	0.0397015662056917	0.2655451126283752	-0.2425702065229416	0.08261933596804738	Zeisel	datasets_original/zeisel.rds	maskimpute	MaskImpute	46	46	cell_type1	cell_id_prefix	3005	1000	9	76	label_free_hvg
46	50	10	1.0	35	0.21016657925292218	0.5815824311210965	0.051716185045831156	0.30673610857823846	-0.2425702065229416	0.08191624307073653	Zeisel	datasets_original/zeisel.rds	maskimpute	MaskImpute	46	46	cell_type1	cell_id_prefix	3005	1000	9	76	label_free_hvg
46	50	10	1.5	41	0.20413928958795147	0.5822661538904665	0.05356745095634673	0.31800723204605863	-0.2425702065229416	0.08017212012782693	Zeisel	datasets_original/zeisel.rds	maskimpute	MaskImpute	46	46	cell_type1	cell_id_prefix	3005	1000	9	76	label_free_hvg
46	50	10	2.0	45	0.18634281568038655	0.5738453395475678	0.05376140999515108	0.32219877949717174	-0.2425702065229416	0.08308769017457962	Zeisel	datasets_original/zeisel.rds	maskimpute	MaskImpute	46	46	cell_type1	cell_id_prefix	3005	1000	9	76	label_free_hvg
46	50	15	0.2	13	0.6742987363568189	0.7008523715521987	0.030199048224616547	0.22553290217336117	-0.2425702065229416	0.104581258026883	Zeisel	datasets_original/zeisel.rds	maskimpute	MaskImpute	46	46	cell_type1	cell_id_prefix	3005	1000	9	76	label_free_hvg
46	50	15	0.5	22	0.3583696425868272	0.6316928196474632	0.040211130608687695	0.2606550338659352	-0.2425702065229416	0.10328337294049561	Zeisel	datasets_original/zeisel.rds	maskimpute	MaskImpute	46	46	cell_type1	cell_id_prefix	3005	1000	9	76	label_free_hvg
46	50	15	1.0	29	0.30024894383675	0.6146521841294463	0.04597748902643664	0.2876231748240424	-0.2425702065229416	0.10235119611024857	Zeisel	datasets_original/zeisel.rds	maskimpute	MaskImpute	46	46	cell_type1	cell_id_prefix	3005	1000	9	76	label_free_hvg
46	50	15	1.5	34	0.21842290640709497	0.5823298280552766	0.050235379355458486	0.3047507094929914	-0.2425702065229416	0.10162877710536122	Zeisel	datasets_original/zeisel.rds	maskimpute	MaskImpute	46	46	cell_type1	cell_id_prefix	3005	1000	9	76	label_free_hvg
46	50	15	2.0	38	0.20441226285539485	0.5790288379808178	0.052208160353283156	0.3091978587338009	-0.2425702065229416	0.10161711112596095	Zeisel	datasets_original/zeisel.rds	maskimpute	MaskImpute	46	46	cell_type1	cell_id_prefix	3005	1000	9	76	label_free_hvg
46	50	30	0.2	10	0.6887335126069196	0.7076686842470729	0.030757960640745513	0.2161734348915859	-0.2425702065229416	0.1654936890117824	Zeisel	datasets_original/zeisel.rds	maskimpute	MaskImpute	46	46	cell_type1	cell_id_prefix	3005	1000	9	76	label_free_hvg
46	50	30	0.5	17	0.4854226686192884	0.6634078216064114	0.03465430570574012	0.24160724160234975	-0.2425702065229416	0.1675967639312148	Zeisel	datasets_original/zeisel.rds	maskimpute	MaskImpute	46	46	cell_type1	cell_id_prefix	3005	1000	9	76	label_free_hvg
46	50	30	1.0	22	0.3644320592402796	0.6316703183472856	0.03904379958408084	0.256484871654703	-0.2425702065229416	0.1667343801818788	Zeisel	datasets_original/zeisel.rds	maskimpute	MaskImpute	46	46	cell_type1	cell_id_prefix	3005	1000	9	76	label_free_hvg
46	50	30	1.5	26	0.2780837021805648	0.6134933944972919	0.04563460428214346	0.27545880285337915	-0.2425702065229416	0.1683092329185456	Zeisel	datasets_original/zeisel.rds	maskimpute	MaskImpute	46	46	cell_type1	cell_id_prefix	3005	1000	9	76	label_free_hvg
46	50	30	2.0	29	0.24350682050977884	0.5980213086633318	0.05114249740464928	0.2906166558351511	-0.2425702065229416	0.16621238086372614	Zeisel	datasets_original/zeisel.rds	maskimpute	MaskImpute	46	46	cell_type1	cell_id_prefix	3005	1000	9	76	label_free_hvg
46	100	10	0.2	14	0.6389162161296783	0.6912098543664894	0.03310065236921982	0.23609900786783966	-0.2409547120332718	0.08380449004471302	Zeisel	datasets_original/zeisel.rds	maskimpute	MaskImpute	46	46	cell_type1	cell_id_prefix	3005	1000	9	76	label_free_hvg
46	100	10	0.5	24	0.3699468701386222	0.6400642976587838	0.039447248208160375	0.2640409762526487	-0.2409547120332718	0.08277227310463786	Zeisel	datasets_original/zeisel.rds	maskimpute	MaskImpute	46	46	cell_type1	cell_id_prefix	3005	1000	9	76	label_free_hvg
46	100	10	1.0	34	0.2683741897433625	0.5986901079976469	0.047164580763396115	0.30114980226111293	-0.2409547120332718	0.08281559101305902	Zeisel	datasets_original/zeisel.rds	maskimpute	MaskImpute	46	46	cell_type1	cell_id_prefix	3005	1000	9	76	label_free_hvg
46	100	10	1.5	41	0.20099541490187953	0.5773062263783434	0.05341657702012251	0.31771009806552414	-0.2409547120332718	0.08304937114007771	Zeisel	datasets_original/zeisel.rds	maskimpute	MaskImpute	46	46	cell_type1	cell_id_prefix	3005	1000	9	76	label_free_hvg
46	100	10	2.0	45	0.17376812331906655	0.5694025493753196	0.05470148891316875	0.32385111881158385	-0.2409547120332718	0.0805343200918287	Zeisel	datasets_original/zeisel.rds	maskimpute	MaskImpute	46	46	cell_type1	cell_id_prefix	3005	1000	9	76	label_free_hvg
46	100	15	0.2	13	0.6747005200662174	0.7015103972915951	0.030129868314517874	0.22504114424735067	-0.2409547120332718	0.10604219092056155	Zeisel	datasets_original/zeisel.rds	maskimpute	MaskImpute	46	46	cell_type1	cell_id_prefix	3005	1000	9	76	label_free_hvg
46	100	15	0.5	21	0.4318648402939566	0.6516341061847086	0.03592499744031482	0.25155067278450766	-0.2409547120332718	0.10305640613660216	Zeisel	datasets_original/zeisel.rds	maskimpute	MaskImpute	46	46	cell_type1	cell_id_prefix	3005	1000	9	76	label_free_hvg
46	100	15	1.0	29	0.3005401498216044	0.6183946679806522	0.0436864590267957	0.28426281959155236	-0.2409547120332718	0.10147336288355291	Zeisel	datasets_original/zeisel.rds	maskimpute	MaskImpute	46	46	cell_type1	cell_id_prefix	3005	1000	9	76	label_free_hvg
46	100	15	1.5	34	0.2194229808376906	0.5838365520809876	0.05269896661826361	0.3051692288918963	-0.2409547120332718	0.1011877479031682	Zeisel	datasets_original/zeisel.rds	maskimpute	MaskImpute	46	46	cell_type1	cell_id_prefix	3005	1000	9	76	label_free_hvg
46	100	15	2.0	37	0.20256221624170478	0.5759255188605265	0.05309744370736621	0.311265327775435	-0.2409547120332718	0.10083611006848514	Zeisel	datasets_original/zeisel.rds	maskimpute	MaskImpute	46	46	cell_type1	cell_id_prefix	3005	1000	9	76	label_free_hvg
46	100	30	0.2	10	0.6774932494332356	0.6956717387148149	0.030879090417509567	0.21692256999181872	-0.2409547120332718	0.17022969480603933	Zeisel	datasets_original/zeisel.rds	maskimpute	MaskImpute	46	46	cell_type1	cell_id_prefix	3005	1000	9	76	label_free_hvg
46	100	30	0.5	17	0.48106401163008583	0.6587557434323492	0.03260753899761819	0.23645522159661947	-0.2409547120332718	0.1718204179778695	Zeisel	datasets_original/zeisel.rds	maskimpute	MaskImpute	46	46	cell_type1	cell_id_prefix	3005	1000	9	76	label_free_hvg
46	100	30	1.0	22	0.3654279214430112	0.6338914371081543	0.03888834601641097	0.2559413741848889	-0.2409547120332718	0.17033403203822672	Zeisel	datasets_original/zeisel.rds	maskimpute	MaskImpute	46	46	cell_type1	cell_id_prefix	3005	1000	9	76	label_free_hvg
46	100	30	1.5	27	0.2668097739123003	0.6091403891371504	0.049199897009721986	0.2855705329260477	-0.2409547120332718	0.16664259997196496	Zeisel	datasets_original/zeisel.rds	maskimpute	MaskImpute	46	46	cell_type1	cell_id_prefix	3005	1000	9	76	label_free_hvg
46	100	30	2.0	29	0.24398204874503737	0.5988054710613196	0.04991044397584772	0.2895191402235301	-0.2409547120332718	0.17450397205539048	Zeisel	datasets_original/zeisel.rds	maskimpute	MaskImpute	46	46	cell_type1	cell_id_prefix	3005	1000	9	76	label_free_hvg
42	20	10	0.2	14	0.20833597161045161	0.4859543821857573	0.00026304107487848415	0.0024831904101942515	-0.03644124045968056	0.6113426380325109	PBMC68k	temp/pbmc68k_data.rds	baseline	Observed	42	42	celltype	barcode_suffix	12000	1000	11	8	label_free_hvg
42	20	10	0.5	21	0.25955601348351676	0.4741416724630661	0.00045741583418011807	0.0035112841454298447	-0.03644124045968056	0.625970397843048	PBMC68k	temp/pbmc68k_data.rds	baseline	Observed	42	42	celltype	barcode_suffix	12000	1000	11	8	label_free_hvg
42	20	10	1.0	26	0.23102375546593468	0.4492942150686511	0.00032672504503515344	0.0038945871802961193	-0.03644124045968056	0.6373625709675252	PBMC68k	temp/pbmc68k_data.rds	baseline	Observed	42	42	celltype	barcode_suffix	12000	1000	11	8	label_free_hvg
42	20	10	1.5	32	0.17106546341604456	0.4165106261480788	0.0004476311334388537	0.004644171821124871	-0.03644124045968056	0.6082502999342978	PBMC68k	temp/pbmc68k_data.rds	baseline	Observed	42	42	celltype	barcode_suffix	12000	1000	11	8	label_free_hvg
42	20	10	2.0	39	0.15233975843019387	0.39881274873199646	0.0003378276359064883	0.005003228877039001	-0.03644124045968056	0.6007819820661098	PBMC68k	temp/pbmc68k_data.rds	baseline	Observed	42	42	celltype	barcode_suffix	12000	1000	11	8	label_free_hvg
42	20	15	0.2	11	0.21217898694920262	0.49107473519781575	0.00034243581357957164	0.002023561938878918	-0.03644124045968056	0.774442212888971	PBMC68k	temp/pbmc68k_data.rds	baseline	Observed	42	42	celltype	barcode_suffix	12000	1000	11	8	label_free_hvg
42	20	15	0.5	17	0.26538445446442605	0.4797693028106421	0.00035734579444034143	0.002995059875192648	-0.03644124045968056	0.7946985170710832	PBMC68k	temp/pbmc68k_data.rds	baseline	Observed	42	42	celltype	barcode_suffix	12000	1000	11	8	label_free_hvg
42	20	15	1.0	22	0.2520767247168639	0.4620307122484339	0.00038640178252920254	0.003494031828103358	-0.03644124045968056	0.8147251149639487	PBMC68k	temp/pbmc68k_data.rds	baseline	Observed	42	42	celltype	barcode_suffix	12000	1000	11	8	label_free_hvg
42	20	15	1.5	28	0.17916481654134064	0.4199050469044243	0.00032398979214173996	0.004063862096153646	-0.03644124045968056	0.8254120240453631	PBMC68k	temp/pbmc68k_data.rds	baseline	Observed	42	42	celltype	barcode_suffix	12000	1000	11	8	label_free_hvg
42	20	15	2.0	34	0.15499205267358268	0.41110925416803323	0.0003648557156062588	0.00448468290461828	-0.03644124045968056	0.8387147439643741	PBMC68k	temp/pbmc68k_data.rds	baseline	Observed	42	42	celltype	barcode_suffix	12000	1000	11	8	label_free_hvg
42	20	30	0.2	9	0.22599649291019802	0.4948017757961643	0.00037460643237435424	0.0018000254704705673	-0.03644124045968056	1.1726314460393041	PBMC68k	temp/pbmc68k_data.rds	baseline	Observed	42	42	celltype	barcode_suffix	12000	1000	11	8	label_free_hvg
42	20	30	0.5	13	0.2746195115935868	0.49498256731545953	0.00036343584252109353	0.0023187514256684276	-0.03644124045968056	1.1678315300960094	PBMC68k	temp/pbmc68k_data.rds	baseline	Observed	42	42	celltype	barcode_suffix	12000	1000	11	8	label_free_hvg
42	20	30	1.0	16	0.26279815826503533	0.4733227584284423	0.00024347901024573946	0.0024909973110739934	-0.03644124045968056	1.1969480679836124	PBMC68k	temp/pbmc68k_data.rds	baseline	Observed	42	42	celltype	barcode_suffix	12000	1000	11	8	label_free_hvg
42	20	30	1.5	20	0.20272998644354165	0.4514104653129437	0.0003318453582094425	0.0029789118358822734	-0.03644124045968056	1.3182863981928676	PBMC68k	temp/pbmc68k_data.rds	baseline	Observed	42	42	celltype	barcode_suffix	12000	1000	11	8	label_free_hvg
42	20	30	2.0	24	0.18372983857203307	0.4261099365411735	0.00023551476545255365	0.0033678588482442223	-0.03644124045968056	1.396322526037693	PBMC68k	temp/pbmc68k_data.rds	baseline	Observed	42	42	celltype	barcode_suffix	12000	1000	11	8	label_free_hvg
42	50	10	0.2	15	0.21510999758057764	0.4509709163197318	0.0003459237716457217	0.0026107995755216894	-0.02916610799729824	0.5719291130080819	PBMC68k	temp/pbmc68k_data.rds	baseline	Observed	42	42	celltype	barcode_suffix	12000	1000	11	8	label_free_hvg
42	50	10	0.5	27	0.2169598985518923	0.44692577659475674	0.00032644069668408005	0.003930889250154698	-0.02916610799729824	0.5904908641241491	PBMC68k	temp/pbmc68k_data.rds	baseline	Observed	42	42	celltype	barcode_suffix	12000	1000	11	8	label_free_hvg
42	50	10	1.0	39	0.24485482277947354	0.42748449721226084	0.00027206460343850156	0.005599910880790634	-0.02916610799729824	0.6251666329335421	PBMC68k	temp/pbmc68k_data.rds	baseline	Observed	42	42	celltype	barcode_suffix	12000	1000	11	8	label_free_hvg
42	50	10	1.5	46	0.22044260117312164	0.4058208356215434	0.0005405616950320705	0.006828851894721247	-0.02916610799729824	0.6723126568831503	PBMC68k	temp/pbmc68k_data.rds	baseline	Observed	42	42	celltype	barcode_suffix	12000	1000	11	8	label_free_hvg
42	50	10	2.0	56	0.18447664462074972	0.38278816761809126	0.00045064061333970794	0.00749192263579771	-0.02916610799729824	0.7012597739230841	PBMC68k	temp/pbmc68k_data.rds	baseline	Observed	42	42	celltype	barcode_suffix	12000	1000	11	8	label_free_hvg
42	50	15	0.2	13	0.21723860510267906	0.4612501278190303	0.00032740144343146804	0.002370350591549828	-0.02916610799729824	0.6620450799819082	PBMC68k	temp/pbmc68k_data.rds	baseline	Observed	42	42	celltype	barcode_suffix	12000	1000	11	8	label_free_hvg
42	50	15	0.5	22	0.22281591619124236	0.4603377897718911	0.00032915396071680895	0.003458842542396171	-0.02916610799729824	0.714971886947751	PBMC68k	temp/pbmc68k_data.rds	baseline	Observed	42	42	celltype	barcode_suffix	12000	1000	11	8	label_free_hvg
42	50	15	1.0	32	0.2370845511951502	0.4351896522776143	0.00046596412176358394	0.004702156750668925	-0.02916610799729824	0.7244715290144086	PBMC68k	temp/pbmc68k_data.rds	baseline	Observed	42	42	celltype	barcode_suffix	12000	1000	11	8	label_free_hvg
42	50	15	1.5	35	0.2286548552809732	0.4190630603518711	0.00044115480178001225	0.004654538935679355	-0.02916610799729824	0.7759987208992243	PBMC68k	temp/pbmc68k_data.rds	baseline	Observed	42	42	celltype	barcode_suffix	12000	1000	11	8	label_free_hvg
42	50	15	2.0	42	0.18794913065166094	0.39243411332234934	0.0005889732630106775	0.0053866388544818395	-0.02916610799729824	0.8329455549828708	PBMC68k	temp/pbmc68k_data.rds	baseline	Observed	42	42	celltype	barcode_suffix	12000	1000	11	8	label_free_hvg
42	50	30	0.2	7	0.22160877174240382	0.48064129907837566	0.00033221116297415816	0.0015240863560809642	-0.02916610799729824	0.9328263739589602	PBMC68k	temp/pbmc68k_data.rds	baseline	Observed	42	42	celltype	barcode_suffix	12000	1000	11	8	label_free_hvg
42	50	30	0.5	14	0.2188304421620653	0.48912504807794904	0.0003194854395243533	0.0023440339096124207	-0.02916610799729824	1.0267221841495484	PBMC68k	temp/pbmc68k_data.rds	baseline	Observed	42	42	celltype	barcode_suffix	12000	1000	11	8	label_free_hvg
42	50	30	1.0	19	0.25113908496447296	0.46668217167986964	0.0005011386623604617	0.003039150709224687	-0.02916610799729824	1.1113366861827672	PBMC68k	temp/pbmc68k_data.rds	baseline	Observed	42	42	celltype	barcode_suffix	12000	1000	11	8	label_free_hvg
42	50	30	1.5	22	0.24249534443358495	0.4506287431123709	0.0004590676969227897	0.0034593759208462116	-0.02916610799729824	1.1810318930074573	PBMC68k	temp/pbmc68k_data.rds	baseline	Observed	42	42	celltype	barcode_suffix	12000	1000	11	8	label_free_hvg
42	50	30	2.0	24	0.22977476823538442	0.43034836527494025	0.00044939146489832236	0.003762889880351876	-0.02916610799729824	1.33166494499892	PBMC68k	temp/pbmc68k_data.rds	baseline	Observed	42	42	celltype	barcode_suffix	12000	1000	11	8	label_free_hvg
42	100	10	0.2	28	0.2213450363234263	0.41495041233709373	0.0002145957788247611	0.005399779694603087	-0.02086551859974861	0.5077937569003552	PBMC68k	temp/pbmc68k_data.rds	baseline	Observed	42	42	celltype	barcode_suffix	12000	1000	11	8	label_free_hvg
42	100	10	0.5	38	0.2027915660948404	0.36472190966103213	3.960342533866346e-05	0.005622598313007423	-0.02086551859974861	0.5338338520377874	PBMC68k	temp/pbmc68k_data.rds	baseline	Observed	42	42	celltype	barcode_suffix	12000	1000	11	8	label_free_hvg
42	100	10	1.0	56	0.20668312785372955	0.3506470190380664	0.00014871763051031668	0.0073749800773960355	-0.02086551859974861	0.5760298979002982	PBMC68k	temp/pbmc68k_data.rds	baseline	Observed	42	42	celltype	barcode_suffix	12000	1000	11	8	label_free_hvg
42	100	10	1.5	66	0.16651192819665056	0.3259182122181522	0.0001831037367680415	0.008212173517891615	-0.02086551859974861	0.6366826689336449	PBMC68k	temp/pbmc68k_data.rds	baseline	Observed	42	42	celltype	barcode_suffix	12000	1000	11	8	label_free_hvg
42	100	10	2.0	80	0.15553590061570233	0.3126048082392944	0.00010796146230543537	0.008764599622088516	-0.02086551859974861	0.6734245060943067	PBMC68k	temp/pbmc68k_data.rds	baseline	Observed	42	42	celltype	barcode_suffix	12000	1000	11	8	label_free_hvg
42	100	15	0.2	16	0.22311690502511664	0.4358967215644168	0.0002342718206500329	0.0035522321491136973	-0.02086551859974861	0.602772754849866	PBMC68k	temp/pbmc68k_data.rds	baseline	Observed	42	42	celltype	barcode_suffix	12000	1000	11	8	label_free_hvg
42	100	15	0.5	26	0.20821082882857614	0.3975050280343286	0.00020217620639846753	0.00422762875909721	-0.02086551859974861	0.6450899408664554	PBMC68k	temp/pbmc68k_data.rds	baseline	Observed	42	42	celltype	barcode_suffix	12000	1000	11	8	label_free_hvg
42	100	15	1.0	37	0.22089485948621626	0.36966468414405274	0.0002622135176637726	0.004880502536455317	-0.02086551859974861	0.7271669839974493	PBMC68k	temp/pbmc68k_data.rds	baseline	Observed	42	42	celltype	barcode_suffix	12000	1000	11	8	label_free_hvg
42	100	15	1.5	49	0.17798360936242894	0.3380441834644754	0.000186357999102594	0.005808695091825235	-0.02086551859974861	0.8405646921601146	PBMC68k	temp/pbmc68k_data.rds	baseline	Observed	42	42	celltype	barcode_suffix	12000	1000	11	8	label_free_hvg
42	100	15	2.0	59	0.16712573559992377	0.31954570300633467	0.00023998988403984672	0.007004506176281128	-0.02086551859974861	0.8739488879218698	PBMC68k	temp/pbmc68k_data.rds	baseline	Observed	42	42	celltype	barcode_suffix	12000	1000	11	8	label_free_hvg
42	100	30	0.2	6	0.23083103307979094	0.47616359474686526	0.0004102447559083099	0.0015869037347904286	-0.02086551859974861	0.8813686701469123	PBMC68k	temp/pbmc68k_data.rds	baseline	Observed	42	42	celltype	barcode_suffix	12000	1000	11	8	label_free_hvg
42	100	30	0.5	11	0.2171931053231337	0.44272520931775916	0.00021279053766340187	0.002159347994694086	-0.02086551859974861	0.9273298680782318	PBMC68k	temp/pbmc68k_data.rds	baseline	Observed	42	42	celltype	barcode_suffix	12000	1000	11	8	label_free_hvg
42	100	30	1.0	21	0.24398656749273206	0.43037126901492945	0.0002796504164655703	0.0034618142658837444	-0.02086551859974861	1.065947650000453	PBMC68k	temp/pbmc68k_data.rds	baseline	Observed	42	42	celltype	barcode_suffix	12000	1000	11	8	label_free_hvg
42	100	30	1.5	32	0.20355208492246776	0.3800697734447795	0.00022587075515746518	0.00420493043071212	-0.02086551859974861	1.373932376038283	PBMC68k	temp/pbmc68k_data.rds	baseline	Observed	42	42	celltype	barcode_suffix	12000	1000	11	8	label_free_hvg
42	100	30	2.0	40	0.19423142110027636	0.35594924346093204	-5.7707003593003995e-05	0.004048503495509814	-0.02086551859974861	1.4844497060403228	PBMC68k	temp/pbmc68k_data.rds	baseline	Observed	42	42	celltype	barcode_suffix	12000	1000	11	8	label_free_hvg
43	20	10	0.2	14	0.21017004929144606	0.4838863266597518	0.00027523585607260644	0.0029341123284129787	-0.033954087644815445	0.616261730901897	PBMC68k	temp/pbmc68k_data.rds	baseline	Observed	42	43	celltype	barcode_suffix	12000	1000	11	8	label_free_hvg
43	20	10	0.5	21	0.2401278091782465	0.47362809515328924	0.0004953647624595474	0.0037617590516563883	-0.033954087644815445	0.6406547899823636	PBMC68k	temp/pbmc68k_data.rds	baseline	Observed	42	43	celltype	barcode_suffix	12000	1000	11	8	label_free_hvg
43	20	10	1.0	26	0.247605389834909	0.4611069496170586	0.0002320288983743967	0.004357433209175572	-0.033954087644815445	0.6326434679795057	PBMC68k	temp/pbmc68k_data.rds	baseline	Observed	42	43	celltype	barcode_suffix	12000	1000	11	8	label_free_hvg
43	20	10	1.5	35	0.19076065964859104	0.4256326000122522	0.0003281628183173791	0.005149888086939945	-0.033954087644815445	0.6021215990185738	PBMC68k	temp/pbmc68k_data.rds	baseline	Observed	42	43	celltype	barcode_suffix	12000	1000	11	8	label_free_hvg
43	20	10	2.0	39	0.15098843524897793	0.40461511121779176	0.0003469419139217587	0.005047813904086868	-0.033954087644815445	0.5984711579512805	PBMC68k	temp/pbmc68k_data.rds	baseline	Observed	42	43	celltype	barcode_suffix	12000	1000	11	8	label_free_hvg
43	20	15	0.2	13	0.20840535231199722	0.4857219386987346	0.00034007546124122334	0.0024775709161272198	-0.033954087644815445	0.7882254212163389	PBMC68k	temp/pbmc68k_data.rds	baseline	Observed	42	43	celltype	barcode_suffix	12000	1000	11	8	label_free_hvg
43	20	15	0.5	15	0.2729229162720677	0.47532747672661296	0.0002016672848926277	0.0027613015743753484	-0.033954087644815445	0.7920559230260551	PBMC68k	temp/pbmc68k_data.rds	baseline	Observed	42	43	celltype	barcode_suffix	12000	1000	11	8	label_free_hvg
43	20	15	1.0	23	0.21121157882827793	0.45179837963533254	0.00025095027998909425	0.0034471690582365093	-0.033954087644815445	0.7927841751370579	PBMC68k	temp/pbmc68k_data.rds	baseline	Observed	42	43	celltype	barcode_suffix	12000	1000	11	8	label_free_hvg
43	20	15	1.5	27	0.19808236895401327	0.43860114869673583	0.00032238532544849114	0.003724188435581514	-0.033954087644815445	0.8030433899257332	PBMC68k	temp/pbmc68k_data.rds	baseline	Observed	42	43	celltype	barcode_suffix	12000	1000	11	8	label_free_hvg
43	20	15	2.0	33	0.15472364417446507	0.41183456690137177	0.0003142045866860127	0.004600777162662159	-0.033954087644815445	0.806112646125257	PBMC68k	temp/pbmc68k_data.rds	baseline	Observed	42	43	celltype	barcode_suffix	12000	1000	11	8	label_free_hvg
43	20	30	0.2	9	0.22245058943083418	0.495751297839425	0.0004082341660356967	0.0017709886035935933	-0.033954087644815445	1.0730182209517807	PBMC68k	temp/pbmc68k_data.rds	baseline	Observed	42	43	celltype	barcode_suffix	12000	1000	11	8	label_free_hvg
43	20	30	0.5	13	0.2665102006556486	0.4878853901517373	0.00022287807112944202	0.0022493222714849016	-0.033954087644815445	1.1010008880402893	PBMC68k	temp/pbmc68k_data.rds	baseline	Observed	42	43	celltype	barcode_suffix	12000	1000	11	8	label_free_hvg
43	20	30	1.0	16	0.2265518307817631	0.46289285894141907	0.0003433688627042841	0.0026114357291366647	-0.033954087644815445	1.0780243990011513	PBMC68k	temp/pbmc68k_data.rds	baseline	Observed	42	43	celltype	barcode_suffix	12000	1000	11	8	label_free_hvg
43	20	30	1.5	19	0.2053743012838755	0.4449824608449324	0.00040188961324099526	0.0030914606443387823	-0.033954087644815445	1.1505406890064478	PBMC68k	temp/pbmc68k_data.rds	baseline	Observed	42	43	celltype	barcode_suffix	12000	1000	11	8	label_free_hvg
43	20	30	2.0	25	0.18857817184174877	0.42496035736173016	0.00031446837894609937	0.0037014071275833695	-0.033954087644815445	1.2604662601370364	PBMC68k	temp/pbmc68k_data.rds	baseline	Observed	42	43	celltype	barcode_suffix	12000	1000	11	8	label_free_hvg
43	50	10	0.2	17	0.2150969492569869	0.4531752507510122	0.00032459124191894104	0.0030683616198082632	-0.02564508281648159	0.5761806378141046	PBMC68k	temp/pbmc68k_data.rds	baseline	Observed	42	43	celltype	barcode_suffix	12000	1000	11	8	label_free_hvg
43	50	10	0.5	27	0.22852087690318898	0.44946020209023213	0.00023548376048435144	0.004064807991600275	-0.02564508281648159	0.5872007959987968	PBMC68k	temp/pbmc68k_data.rds	baseline	Observed	42	43	celltype	barcode_suffix	12000	1000	11	8	label_free_hvg
43	50	10	1.0	39	0.2301341869856789	0.42432584969165016	0.0003041812499065761	0.00521818405126002	-0.02564508281648159	0.6349983748514205	PBMC68k	temp/pbmc68k_data.rds	baseline	Observed	42	43	celltype	barcode_suffix	12000	1000	11	8	label_free_hvg
43	50	10	1.5	45	0.21215165320570464	0.40611583686074126	0.00048404640714007005	0.006579527564548069	-0.02564508281648159	0.667216151021421	PBMC68k	temp/pbmc68k_data.rds	baseline	Observed	42	43	celltype	barcode_suffix	12000	1000	11	8	label_free_hvg
43	50	10	2.0	52	0.1681648840292079	0.37811002283116385	0.00045605055192385666	0.0073412919979917455	-0.02564508281648159	0.6963347319979221	PBMC68k	temp/pbmc68k_data.rds	baseline	Observed	42	43	celltype	barcode_suffix	12000	1000	11	8	label_free_hvg
43	50	15	0.2	14	0.21500408001983495	0.46241722082685044	0.000260253090682964	0.0031602802262874034	-0.02564508281648159	0.6652377750724554	PBMC68k	temp/pbmc68k_data.rds	baseline	Observed	42	43	celltype	barcode_suffix	12000	1000	11	8	label_free_hvg
43	50	15	0.5	20	0.2317587771954371	0.4606651969752639	0.0002703005415133309	0.00319537862169002	-0.02564508281648159	0.6695485759992152	PBMC68k	temp/pbmc68k_data.rds	baseline	Observed	42	43	celltype	barcode_suffix	12000	1000	11	8	label_free_hvg
43	50	15	1.0	29	0.23143362639693713	0.4372309197968433	0.0004476714030667912	0.004162615510090436	-0.02564508281648159	0.7105661279056221	PBMC68k	temp/pbmc68k_data.rds	baseline	Observed	42	43	celltype	barcode_suffix	12000	1000	11	8	label_free_hvg
43	50	15	1.5	36	0.21992155220372225	0.41339679380313155	0.0004442480859216423	0.00527450177592394	-0.02564508281648159	0.773361001862213	PBMC68k	temp/pbmc68k_data.rds	baseline	Observed	42	43	celltype	barcode_suffix	12000	1000	11	8	label_free_hvg
43	50	15	2.0	41	0.2136808155306511	0.393246268150682	0.0005570988284059483	0.005838940590247508	-0.02564508281648159	0.8468137111049145	PBMC68k	temp/pbmc68k_data.rds	baseline	Observed	42	43	celltype	barcode_suffix	12000	1000	11	8	label_free_hvg
43	50	30	0.2	7	0.22368356393961272	0.4809315957693774	0.00033489940137650765	0.0015015928297668856	-0.02564508281648159	0.9547437420114875	PBMC68k	temp/pbmc68k_data.rds	baseline	Observed	42	43	celltype	barcode_suffix	12000	1000	11	8	label_free_hvg
43	50	30	0.5	14	0.23749376311926693	0.4846307256277144	0.00034581585008678284	0.002217858680581863	-0.02564508281648159	0.9629325999412686	PBMC68k	temp/pbmc68k_data.rds	baseline	Observed	42	43	celltype	barcode_suffix	12000	1000	11	8	label_free_hvg
43	50	30	1.0	19	0.24806779030456058	0.46447319309877766	0.0004053626480275609	0.0034412834373321226	-0.02564508281648159	1.052234421018511	PBMC68k	temp/pbmc68k_data.rds	baseline	Observed	42	43	celltype	barcode_suffix	12000	1000	11	8	label_free_hvg
43	50	30	1.5	20	0.23529141113304902	0.4486667368379302	0.00031955102462098147	0.0032784337577638385	-0.02564508281648159	1.2138888821937144	PBMC68k	temp/pbmc68k_data.rds	baseline	Observed	42	43	celltype	barcode_suffix	12000	1000	11	8	label_free_hvg
43	50	30	2.0	25	0.23132370776726943	0.42371564083631	0.0002687692193102808	0.003720189531077535	-0.02564508281648159	1.2029929510317743	PBMC68k	temp/pbmc68k_data.rds	baseline	Observed	42	43	celltype	barcode_suffix	12000	1000	11	8	label_free_hvg
43	100	10	0.2	27	0.22147417603790548	0.40318030187364395	0.00019224854040855876	0.00477574860229429	-0.01724311336874962	0.49547623191028833	PBMC68k	temp/pbmc68k_data.rds	baseline	Observed	42	43	celltype	barcode_suffix	12000	1000	11	8	label_free_hvg
43	100	10	0.5	34	0.19868393504693602	0.361275827415988	0.00013902660555455699	0.005229206796365417	-0.01724311336874962	0.5076024630106986	PBMC68k	temp/pbmc68k_data.rds	baseline	Observed	42	43	celltype	barcode_suffix	12000	1000	11	8	label_free_hvg
43	100	10	1.0	53	0.20296003256585216	0.3447328143818842	0.00030033356280036134	0.007251303305225588	-0.01724311336874962	0.5482093398459256	PBMC68k	temp/pbmc68k_data.rds	baseline	Observed	42	43	celltype	barcode_suffix	12000	1000	11	8	label_free_hvg
43	100	10	1.5	69	0.16839257448543074	0.32305114261658496	0.00022572305553478081	0.008462610875634281	-0.01724311336874962	0.612477415939793	PBMC68k	temp/pbmc68k_data.rds	baseline	Observed	42	43	celltype	barcode_suffix	12000	1000	11	8	label_free_hvg
43	100	10	2.0	82	0.15675316552434257	0.30597944045081177	0.00017372782162745765	0.00969590182765862	-0.01724311336874962	0.6436715598683804	PBMC68k	temp/pbmc68k_data.rds	baseline	Observed	42	43	celltype	barcode_suffix	12000	1000	11	8	label_free_hvg
43	100	15	0.2	13	0.22856050821741888	0.43038601226599643	0.00011585954211389837	0.0026103806755275083	-0.01724311336874962	0.6078603048808873	PBMC68k	temp/pbmc68k_data.rds	baseline	Observed	42	43	celltype	barcode_suffix	12000	1000	11	8	label_free_hvg
43	100	15	0.5	26	0.20685427530458822	0.3943309067479611	0.00034829816894331407	0.0036439696879378134	-0.01724311336874962	0.6240340960212052	PBMC68k	temp/pbmc68k_data.rds	baseline	Observed	42	43	celltype	barcode_suffix	12000	1000	11	8	label_free_hvg
43	100	15	1.0	39	0.21547932825053354	0.3653833663533351	0.0003192212286661117	0.005041399253751205	-0.01724311336874962	0.7137074349448085	PBMC68k	temp/pbmc68k_data.rds	baseline	Observed	42	43	celltype	barcode_suffix	12000	1000	11	8	label_free_hvg
43	100	15	1.5	53	0.18364495740675296	0.34325793330566234	0.000259853554258036	0.006875831637720143	-0.01724311336874962	0.8771773879416287	PBMC68k	temp/pbmc68k_data.rds	baseline	Observed	42	43	celltype	barcode_suffix	12000	1000	11	8	label_free_hvg
43	100	15	2.0	63	0.16206824985523408	0.3184382490085743	0.00010720877411134493	0.007147340159321569	-0.01724311336874962	0.9218137329444289	PBMC68k	temp/pbmc68k_data.rds	baseline	Observed	42	43	celltype	barcode_suffix	12000	1000	11	8	label_free_hvg
43	100	30	0.2	6	0.22994787700403677	0.4766175418181039	0.0003919561280023013	0.0015563437341848995	-0.01724311336874962	0.9400276001542807	PBMC68k	temp/pbmc68k_data.rds	baseline	Observed	42	43	celltype	barcode_suffix	12000	1000	11	8	label_free_hvg
43	100	30	0.5	11	0.21805352575977002	0.4555269731283557	0.00019647432111427428	0.0021573649519778144	-0.01724311336874962	0.9480292580556124	PBMC68k	temp/pbmc68k_data.rds	baseline	Observed	42	43	celltype	barcode_suffix	12000	1000	11	8	label_free_hvg
43	100	30	1.0	22	0.2424344060707881	0.42035400107111565	0.0003193934858938352	0.0035495901645476837	-0.01724311336874962	1.0936314619611949	PBMC68k	temp/pbmc68k_data.rds	baseline	Observed	42	43	celltype	barcode_suffix	12000	1000	11	8	label_free_hvg
43	100	30	1.5	30	0.20654950643440761	0.3883784281506535	0.00046018259303674537	0.0043484261021435	-0.01724311336874962	1.606852512108162	PBMC68k	temp/pbmc68k_data.rds	baseline	Observed	42	43	celltype	barcode_suffix	12000	1000	11	8	label_free_hvg
43	100	30	2.0	38	0.1892960759281338	0.3538816066142357	0.0001919153375804899	0.004359942256672046	-0.01724311336874962	1.6415195860899985	PBMC68k	temp/pbmc68k_data.rds	baseline	Observed	42	43	celltype	barcode_suffix	12000	1000	11	8	label_free_hvg
44	20	10	0.2	14	0.21111552189120195	0.4856368498935986	0.0003415040439247633	0.002622444061182351	-0.057199522852897644	0.6045981119386852	PBMC68k	temp/pbmc68k_data.rds	baseline	Observed	42	44	celltype	barcode_suffix	12000	1000	11	8	label_free_hvg
44	20	10	0.5	20	0.2667224550954263	0.4763151779083606	0.0003391158120318517	0.0032985726813361243	-0.057199522852897644	0.6014442560262978	PBMC68k	temp/pbmc68k_data.rds	baseline	Observed	42	44	celltype	barcode_suffix	12000	1000	11	8	label_free_hvg
44	20	10	1.0	29	0.2517622764308086	0.4591458390378262	0.0002731019163347386	0.004469902996007114	-0.057199522852897644	0.6269901639316231	PBMC68k	temp/pbmc68k_data.rds	baseline	Observed	42	44	celltype	barcode_suffix	12000	1000	11	8	label_free_hvg
44	20	10	1.5	36	0.16951891748724798	0.41522086002724384	0.00025909935503570265	0.004509551783333743	-0.057199522852897644	0.5983471451327205	PBMC68k	temp/pbmc68k_data.rds	baseline	Observed	42	44	celltype	barcode_suffix	12000	1000	11	8	label_free_hvg
44	20	10	2.0	43	0.13340618854855593	0.3957716185808448	0.0002725780909848271	0.005224635791305121	-0.057199522852897644	0.5915849008597434	PBMC68k	temp/pbmc68k_data.rds	baseline	Observed	42	44	celltype	barcode_suffix	12000	1000	11	8	label_free_hvg
44	20	15	0.2	11	0.2143855619219049	0.48907105125068095	0.00037888504116959825	0.0020597860221612005	-0.057199522852897644	0.7394162039272487	PBMC68k	temp/pbmc68k_data.rds	baseline	Observed	42	44	celltype	barcode_suffix	12000	1000	11	8	label_free_hvg
44	20	15	0.5	17	0.26147953626882026	0.47618128506789786	0.00024038806370346141	0.0026033898906091734	-0.057199522852897644	0.7589012929238379	PBMC68k	temp/pbmc68k_data.rds	baseline	Observed	42	44	celltype	barcode_suffix	12000	1000	11	8	label_free_hvg
44	20	15	1.0	22	0.22270659481082894	0.4537045434049179	0.0001831390029369821	0.00331329115545401	-0.057199522852897644	0.7744803668465465	PBMC68k	temp/pbmc68k_data.rds	baseline	Observed	42	44	celltype	barcode_suffix	12000	1000	11	8	label_free_hvg
44	20	15	1.5	26	0.19025051105302632	0.4336508885175447	0.0002919683711348216	0.003807212553453598	-0.057199522852897644	0.8032575310207903	PBMC68k	temp/pbmc68k_data.rds	baseline	Observed	42	44	celltype	barcode_suffix	12000	1000	11	8	label_free_hvg
44	20	15	2.0	34	0.155023075744205	0.4087996753885773	0.0002865550412545667	0.004505728850472908	-0.057199522852897644	0.7738007090520114	PBMC68k	temp/pbmc68k_data.rds	baseline	Observed	42	44	celltype	barcode_suffix	12000	1000	11	8	label_free_hvg
44	20	30	0.2	8	0.25971267220832367	0.5084583002863292	0.0003256909287593133	0.0016825553440342183	-0.057199522852897644	1.0950131579302251	PBMC68k	temp/pbmc68k_data.rds	baseline	Observed	42	44	celltype	barcode_suffix	12000	1000	11	8	label_free_hvg
44	20	30	0.5	14	0.2750064676145967	0.4887966087492923	0.000148830334509613	0.0023022668599272894	-0.057199522852897644	1.1534867989830673	PBMC68k	temp/pbmc68k_data.rds	baseline	Observed	42	44	celltype	barcode_suffix	12000	1000	11	8	label_free_hvg
44	20	30	1.0	15	0.2734267159576033	0.48096127449053366	0.00022363393860077842	0.00271634061850736	-0.057199522852897644	1.2312224952038378	PBMC68k	temp/pbmc68k_data.rds	baseline	Observed	42	44	celltype	barcode_suffix	12000	1000	11	8	label_free_hvg
44	20	30	1.5	22	0.1889391483976864	0.4372366848851501	0.00034899325444537294	0.00339532236513164	-0.057199522852897644	1.2008809309918433	PBMC68k	temp/pbmc68k_data.rds	baseline	Observed	42	44	celltype	barcode_suffix	12000	1000	11	8	label_free_hvg
44	20	30	2.0	27	0.15938714474777935	0.4181477756748047	0.0003573889276850029	0.0038694370043595838	-0.057199522852897644	1.2539807548746467	PBMC68k	temp/pbmc68k_data.rds	baseline	Observed	42	44	celltype	barcode_suffix	12000	1000	11	8	label_free_hvg
44	50	10	0.2	16	0.21742442804202164	0.44885343692961277	0.00035355365994306894	0.003172231433522798	-0.036667048931121826	0.5281109099742025	PBMC68k	temp/pbmc68k_data.rds	baseline	Observed	42	44	celltype	barcode_suffix	12000	1000	11	8	label_free_hvg
44	50	10	0.5	28	0.23404982759998097	0.45214168552249057	0.00029523773815588614	0.004107737503106924	-0.036667048931121826	0.5343856147956103	PBMC68k	temp/pbmc68k_data.rds	baseline	Observed	42	44	celltype	barcode_suffix	12000	1000	11	8	label_free_hvg
44	50	10	1.0	41	0.24501947270646085	0.42993265299985356	0.00019318538761453914	0.006140968921713973	-0.036667048931121826	0.5744423170108348	PBMC68k	temp/pbmc68k_data.rds	baseline	Observed	42	44	celltype	barcode_suffix	12000	1000	11	8	label_free_hvg
44	50	10	1.5	47	0.229713321573752	0.41239199828487555	0.00016933974471791422	0.007003322495678595	-0.036667048931121826	0.6280363260302693	PBMC68k	temp/pbmc68k_data.rds	baseline	Observed	42	44	celltype	barcode_suffix	12000	1000	11	8	label_free_hvg
44	50	10	2.0	55	0.21629057429821233	0.3874067434338515	0.00018016288414170295	0.007212572227224664	-0.036667048931121826	0.6519543810281903	PBMC68k	temp/pbmc68k_data.rds	baseline	Observed	42	44	celltype	barcode_suffix	12000	1000	11	8	label_free_hvg
44	50	15	0.2	13	0.21952775756119358	0.4548713725097005	0.000412634580967837	0.0024010376651075614	-0.036667048931121826	0.657330404035747	PBMC68k	temp/pbmc68k_data.rds	baseline	Observed	42	44	celltype	barcode_suffix	12000	1000	11	8	label_free_hvg
44	50	15	0.5	21	0.23517403677055054	0.4582480925979821	0.0003718229007522834	0.003437297212381248	-0.036667048931121826	0.6716426031198353	PBMC68k	temp/pbmc68k_data.rds	baseline	Observed	42	44	celltype	barcode_suffix	12000	1000	11	8	label_free_hvg
44	50	15	1.0	29	0.23693731561740078	0.43709279121882244	0.00016011373548223764	0.004054769829148995	-0.036667048931121826	0.7176020590122789	PBMC68k	temp/pbmc68k_data.rds	baseline	Observed	42	44	celltype	barcode_suffix	12000	1000	11	8	label_free_hvg
44	50	15	1.5	36	0.22033416427011832	0.4186962015989613	0.00023968478679430475	0.005248354155585948	-0.036667048931121826	0.7285181148909032	PBMC68k	temp/pbmc68k_data.rds	baseline	Observed	42	44	celltype	barcode_suffix	12000	1000	11	8	label_free_hvg
44	50	15	2.0	41	0.2143016203568477	0.39692830748413005	0.0001258779234567738	0.0050501821302752084	-0.036667048931121826	0.7655260600149632	PBMC68k	temp/pbmc68k_data.rds	baseline	Observed	42	44	celltype	barcode_suffix	12000	1000	11	8	label_free_hvg
44	50	30	0.2	7	0.224058385580264	0.47893208714287894	0.0002992931302009358	0.0014152575157992857	-0.036667048931121826	1.0072032099124044	PBMC68k	temp/pbmc68k_data.rds	baseline	Observed	42	44	celltype	barcode_suffix	12000	1000	11	8	label_free_hvg
44	50	30	0.5	15	0.2414096978838054	0.48198453272301395	0.00036447113291955617	0.0023074186053259164	-0.036667048931121826	1.1493748400826007	PBMC68k	temp/pbmc68k_data.rds	baseline	Observed	42	44	celltype	barcode_suffix	12000	1000	11	8	label_free_hvg
44	50	30	1.0	18	0.24984634951433596	0.46770835868945393	0.00035195005534232444	0.002859381111780906	-0.036667048931121826	1.1410731498617679	PBMC68k	temp/pbmc68k_data.rds	baseline	Observed	42	44	celltype	barcode_suffix	12000	1000	11	8	label_free_hvg
44	50	30	1.5	20	0.23332819194985216	0.4524481700962704	0.0002565646516601338	0.003060951105993681	-0.036667048931121826	1.1737549758981913	PBMC68k	temp/pbmc68k_data.rds	baseline	Observed	42	44	celltype	barcode_suffix	12000	1000	11	8	label_free_hvg
44	50	30	2.0	22	0.23473480619770692	0.4333832134085714	0.00028576061017126153	0.003028473778464318	-0.036667048931121826	1.2159219118766487	PBMC68k	temp/pbmc68k_data.rds	baseline	Observed	42	44	celltype	barcode_suffix	12000	1000	11	8	label_free_hvg
44	100	10	0.2	29	0.21793686959019332	0.39809459320374363	0.00010925111836637082	0.005978012078170472	-0.0277178343385458	0.5388219910673797	PBMC68k	temp/pbmc68k_data.rds	baseline	Observed	42	44	celltype	barcode_suffix	12000	1000	11	8	label_free_hvg
44	100	10	0.5	40	0.1960844421507622	0.3594610493357547	5.05403696649048e-05	0.0068177064407233135	-0.0277178343385458	0.5691943280398846	PBMC68k	temp/pbmc68k_data.rds	baseline	Observed	42	44	celltype	barcode_suffix	12000	1000	11	8	label_free_hvg
44	100	10	1.0	54	0.2106641836365314	0.3532979579437564	9.012287891416953e-05	0.006966589118531196	-0.0277178343385458	0.6408356199972332	PBMC68k	temp/pbmc68k_data.rds	baseline	Observed	42	44	celltype	barcode_suffix	12000	1000	11	8	label_free_hvg
44	100	10	1.5	70	0.17699869559965803	0.3288597488715168	5.051182313154664e-05	0.00826545686251475	-0.0277178343385458	0.7234624100383371	PBMC68k	temp/pbmc68k_data.rds	baseline	Observed	42	44	celltype	barcode_suffix	12000	1000	11	8	label_free_hvg
44	100	10	2.0	82	0.1635454211965351	0.3137632545882214	7.888421804491935e-05	0.009193978545630485	-0.0277178343385458	0.715916700894013	PBMC68k	temp/pbmc68k_data.rds	baseline	Observed	42	44	celltype	barcode_suffix	12000	1000	11	8	label_free_hvg
44	100	15	0.2	14	0.22140179093194592	0.43090302090391985	0.0002556591740758769	0.0028446028397325586	-0.0277178343385458	0.6681799828074872	PBMC68k	temp/pbmc68k_data.rds	baseline	Observed	42	44	celltype	barcode_suffix	12000	1000	11	8	label_free_hvg
44	100	15	0.5	28	0.20246318330994767	0.37471955636687926	-2.200578218026961e-05	0.005036409254095411	-0.0277178343385458	0.6750901008490473	PBMC68k	temp/pbmc68k_data.rds	baseline	Observed	42	44	celltype	barcode_suffix	12000	1000	11	8	label_free_hvg
44	100	15	1.0	37	0.22420352813966643	0.37470880238016874	0.0001283402490977756	0.005445856576170055	-0.0277178343385458	0.7327195890247822	PBMC68k	temp/pbmc68k_data.rds	baseline	Observed	42	44	celltype	barcode_suffix	12000	1000	11	8	label_free_hvg
44	100	15	1.5	46	0.18871957697267303	0.34329185194212464	0.00013180240182300646	0.005421645928951477	-0.0277178343385458	0.8223010650835931	PBMC68k	temp/pbmc68k_data.rds	baseline	Observed	42	44	celltype	barcode_suffix	12000	1000	11	8	label_free_hvg
44	100	15	2.0	60	0.16800207453160457	0.31925565780238707	5.5779671554834524e-05	0.006764414396046437	-0.0277178343385458	1.0217663391958922	PBMC68k	temp/pbmc68k_data.rds	baseline	Observed	42	44	celltype	barcode_suffix	12000	1000	11	8	label_free_hvg
44	100	30	0.2	6	0.23052611150715502	0.4749277986473442	0.0004155930050818899	0.001553609702282049	-0.0277178343385458	0.8999100688379258	PBMC68k	temp/pbmc68k_data.rds	baseline	Observed	42	44	celltype	barcode_suffix	12000	1000	11	8	label_free_hvg
44	100	30	0.5	12	0.20971455476931328	0.4374498228603298	0.0002832477464324368	0.002707557321550204	-0.0277178343385458	0.9462389668915421	PBMC68k	temp/pbmc68k_data.rds	baseline	Observed	42	44	celltype	barcode_suffix	12000	1000	11	8	label_free_hvg
44	100	30	1.0	21	0.24584091181014806	0.42602942807758504	0.0002930486057676413	0.0034813525332768286	-0.0277178343385458	1.1335654249414802	PBMC68k	temp/pbmc68k_data.rds	baseline	Observed	42	44	celltype	barcode_suffix	12000	1000	11	8	label_free_hvg
44	100	30	1.5	29	0.20609908055553514	0.38694029721233764	0.0002160191181369425	0.004002563290201118	-0.0277178343385458	1.4179330780170858	PBMC68k	temp/pbmc68k_data.rds	baseline	Observed	42	44	celltype	barcode_suffix	12000	1000	11	8	label_free_hvg
44	100	30	2.0	43	0.19067180344056636	0.34938531135122614	0.00010288278512294515	0.005198267397907763	-0.0277178343385458	1.6561430550646037	PBMC68k	temp/pbmc68k_data.rds	baseline	Observed	42	44	celltype	barcode_suffix	12000	1000	11	8	label_free_hvg
45	20	10	0.2	16	0.20478804084609165	0.4804527567049668	0.00044174563079363364	0.002930494694748138	-0.047642044723033905	0.6166724700015038	PBMC68k	temp/pbmc68k_data.rds	baseline	Observed	42	45	celltype	barcode_suffix	12000	1000	11	8	label_free_hvg
45	20	10	0.5	22	0.23920476871146426	0.4782314646061537	0.00039973017483444705	0.0034607272670105337	-0.047642044723033905	0.6373567718546838	PBMC68k	temp/pbmc68k_data.rds	baseline	Observed	42	45	celltype	barcode_suffix	12000	1000	11	8	label_free_hvg
45	20	10	1.0	27	0.20887713993842758	0.44796835467376855	0.00024263230556419691	0.0039988699170252495	-0.047642044723033905	0.599571580067277	PBMC68k	temp/pbmc68k_data.rds	baseline	Observed	42	45	celltype	barcode_suffix	12000	1000	11	8	label_free_hvg
45	20	10	1.5	35	0.16164235795029905	0.41632013197165196	0.0002784876705434648	0.00486671367733947	-0.047642044723033905	0.6046598879620433	PBMC68k	temp/pbmc68k_data.rds	baseline	Observed	42	45	celltype	barcode_suffix	12000	1000	11	8	label_free_hvg
45	20	10	2.0	39	0.13038843652840582	0.3958882989312859	0.0003019192364259913	0.005142810469243078	-0.047642044723033905	0.5906972698867321	PBMC68k	temp/pbmc68k_data.rds	baseline	Observed	42	45	celltype	barcode_suffix	12000	1000	11	8	label_free_hvg
45	20	15	0.2	12	0.21345298567523854	0.48674401912183407	0.00038562299042549863	0.0020278305750821516	-0.047642044723033905	0.7300119730643928	PBMC68k	temp/pbmc68k_data.rds	baseline	Observed	42	45	celltype	barcode_suffix	12000	1000	11	8	label_free_hvg
45	20	15	0.5	19	0.2760214139945066	0.47901239217941977	0.00046980890858468616	0.0031579572450704096	-0.047642044723033905	0.7456308740656823	PBMC68k	temp/pbmc68k_data.rds	baseline	Observed	42	45	celltype	barcode_suffix	12000	1000	11	8	label_free_hvg
45	20	15	1.0	23	0.2328965137774023	0.4634532887012271	0.00041686020984373827	0.00377945916527329	-0.047642044723033905	0.7767756551038474	PBMC68k	temp/pbmc68k_data.rds	baseline	Observed	42	45	celltype	barcode_suffix	12000	1000	11	8	label_free_hvg
45	20	15	1.5	29	0.186247072521295	0.42798715177282687	0.00023536843999919966	0.004060819414049231	-0.047642044723033905	0.7873383681289852	PBMC68k	temp/pbmc68k_data.rds	baseline	Observed	42	45	celltype	barcode_suffix	12000	1000	11	8	label_free_hvg
45	20	15	2.0	36	0.16135879383254634	0.4127642792769891	0.00028988117079617855	0.005162067244547417	-0.047642044723033905	0.7751125521026552	PBMC68k	temp/pbmc68k_data.rds	baseline	Observed	42	45	celltype	barcode_suffix	12000	1000	11	8	label_free_hvg
45	20	30	0.2	10	0.2082510829187356	0.5017858518777728	0.00042805327551432437	0.001991200041017679	-0.047642044723033905	1.0687058160547167	PBMC68k	temp/pbmc68k_data.rds	baseline	Observed	42	45	celltype	barcode_suffix	12000	1000	11	8	label_free_hvg
45	20	30	0.5	12	0.278167032713352	0.4879335544701616	0.00038123731609390483	0.00211221576191623	-0.047642044723033905	1.1118720611557364	PBMC68k	temp/pbmc68k_data.rds	baseline	Observed	42	45	celltype	barcode_suffix	12000	1000	11	8	label_free_hvg
45	20	30	1.0	16	0.26515649563237653	0.464753970854558	0.0003328666774869947	0.0026895141666590378	-0.047642044723033905	1.1193556969519705	PBMC68k	temp/pbmc68k_data.rds	baseline	Observed	42	45	celltype	barcode_suffix	12000	1000	11	8	label_free_hvg
45	20	30	1.5	21	0.21470701510569978	0.4411878958279418	0.0002819388215670598	0.003260554787673503	-0.047642044723033905	1.1511772340163589	PBMC68k	temp/pbmc68k_data.rds	baseline	Observed	42	45	celltype	barcode_suffix	12000	1000	11	8	label_free_hvg
45	20	30	2.0	26	0.18058574569335395	0.42159796960757434	0.0003253583014382441	0.003998389024632306	-0.047642044723033905	1.2174280190374702	PBMC68k	temp/pbmc68k_data.rds	baseline	Observed	42	45	celltype	barcode_suffix	12000	1000	11	8	label_free_hvg
45	50	10	0.2	18	0.21073787132500232	0.44732625230610495	0.0003418076811142265	0.0035575204534726676	-0.03895345330238342	0.5592073309235275	PBMC68k	temp/pbmc68k_data.rds	baseline	Observed	42	45	celltype	barcode_suffix	12000	1000	11	8	label_free_hvg
45	50	10	0.5	26	0.21581951234357755	0.44419368660739217	0.00040824984334709763	0.004203620654840598	-0.03895345330238342	0.5862196011003107	PBMC68k	temp/pbmc68k_data.rds	baseline	Observed	42	45	celltype	barcode_suffix	12000	1000	11	8	label_free_hvg
45	50	10	1.0	37	0.2428216144263221	0.4265361104101683	0.00013298846456326276	0.005523632333506717	-0.03895345330238342	0.6140379030257463	PBMC68k	temp/pbmc68k_data.rds	baseline	Observed	42	45	celltype	barcode_suffix	12000	1000	11	8	label_free_hvg
45	50	10	1.5	42	0.2212913725139691	0.4069894164485863	0.000271408798590847	0.0057989183989429075	-0.03895345330238342	0.661824744893238	PBMC68k	temp/pbmc68k_data.rds	baseline	Observed	42	45	celltype	barcode_suffix	12000	1000	11	8	label_free_hvg
45	50	10	2.0	51	0.19340987811684252	0.38071790958706203	0.00034970237682788017	0.006952249181840202	-0.03895345330238342	0.6840175718534738	PBMC68k	temp/pbmc68k_data.rds	baseline	Observed	42	45	celltype	barcode_suffix	12000	1000	11	8	label_free_hvg
45	50	15	0.2	13	0.21780251459340244	0.46062814970242694	0.0003341669022279066	0.002742267444542957	-0.03895345330238342	0.6787386881187558	PBMC68k	temp/pbmc68k_data.rds	baseline	Observed	42	45	celltype	barcode_suffix	12000	1000	11	8	label_free_hvg
45	50	15	0.5	22	0.22304827751805897	0.4567075748628409	0.0005238995089275276	0.0036072588474962974	-0.03895345330238342	0.6857054522261024	PBMC68k	temp/pbmc68k_data.rds	baseline	Observed	42	45	celltype	barcode_suffix	12000	1000	11	8	label_free_hvg
45	50	15	1.0	26	0.23733350224470426	0.4355835358470866	0.00010745735197316455	0.0038579713169753	-0.03895345330238342	0.7478215738665313	PBMC68k	temp/pbmc68k_data.rds	baseline	Observed	42	45	celltype	barcode_suffix	12000	1000	11	8	label_free_hvg
45	50	15	1.5	34	0.227260969496367	0.41446477870657733	0.0002162006508082277	0.004801962334020546	-0.03895345330238342	0.8267068010754883	PBMC68k	temp/pbmc68k_data.rds	baseline	Observed	42	45	celltype	barcode_suffix	12000	1000	11	8	label_free_hvg
45	50	15	2.0	38	0.21592648112544974	0.3982068360075675	0.00018369936111030749	0.0050714487223027125	-0.03895345330238342	0.8942544278688729	PBMC68k	temp/pbmc68k_data.rds	baseline	Observed	42	45	celltype	barcode_suffix	12000	1000	11	8	label_free_hvg
45	50	30	0.2	7	0.22236552160729772	0.48196609532558077	0.00038737724304013224	0.0015334802854605983	-0.03895345330238342	0.9038190119899809	PBMC68k	temp/pbmc68k_data.rds	baseline	Observed	42	45	celltype	barcode_suffix	12000	1000	11	8	label_free_hvg
45	50	30	0.5	15	0.23798997244930697	0.4846752034221032	0.000410335568727327	0.002526859460057968	-0.03895345330238342	0.9139775440562516	PBMC68k	temp/pbmc68k_data.rds	baseline	Observed	42	45	celltype	barcode_suffix	12000	1000	11	8	label_free_hvg
45	50	30	1.0	19	0.25289621333320145	0.4664323279539821	0.0005089573032472877	0.002988124561459437	-0.03895345330238342	1.0294521790929139	PBMC68k	temp/pbmc68k_data.rds	baseline	Observed	42	45	celltype	barcode_suffix	12000	1000	11	8	label_free_hvg
45	50	30	1.5	23	0.23614851138265502	0.44667280048789765	0.000487437072492297	0.0035075816415550583	-0.03895345330238342	1.1798744129482657	PBMC68k	temp/pbmc68k_data.rds	baseline	Observed	42	45	celltype	barcode_suffix	12000	1000	11	8	label_free_hvg
45	50	30	2.0	23	0.22469080273197206	0.43281435932862994	0.000432238786792485	0.0035480482825102017	-0.03895345330238342	1.4345377630088478	PBMC68k	temp/pbmc68k_data.rds	baseline	Observed	42	45	celltype	barcode_suffix	12000	1000	11	8	label_free_hvg
45	100	10	0.2	25	0.22633470868449976	0.4067903827143742	4.837308351228109e-06	0.00481513553931838	-0.02771047316491604	0.5279274401254952	PBMC68k	temp/pbmc68k_data.rds	baseline	Observed	42	45	celltype	barcode_suffix	12000	1000	11	8	label_free_hvg
45	100	10	0.5	38	0.19841063521714034	0.36330748460493095	-9.153285483894619e-05	0.0058681585148252485	-0.02771047316491604	0.5501488998997957	PBMC68k	temp/pbmc68k_data.rds	baseline	Observed	42	45	celltype	barcode_suffix	12000	1000	11	8	label_free_hvg
45	100	10	1.0	52	0.21420798914533146	0.35085135004844925	0.00010025187002019697	0.006372126926381665	-0.02771047316491604	0.598587216809392	PBMC68k	temp/pbmc68k_data.rds	baseline	Observed	42	45	celltype	barcode_suffix	12000	1000	11	8	label_free_hvg
45	100	10	1.5	67	0.17412948025058317	0.32405238344771914	5.142461703271121e-05	0.007698838409700173	-0.02771047316491604	0.6332936468534172	PBMC68k	temp/pbmc68k_data.rds	baseline	Observed	42	45	celltype	barcode_suffix	12000	1000	11	8	label_free_hvg
45	100	10	2.0	83	0.16035622313368345	0.3053590985673592	0.00022078855415286173	0.009214756886917573	-0.02771047316491604	0.6664901040494442	PBMC68k	temp/pbmc68k_data.rds	baseline	Observed	42	45	celltype	barcode_suffix	12000	1000	11	8	label_free_hvg
45	100	15	0.2	15	0.22617232246271343	0.4327448375708877	0.00011973632364321744	0.0030805265134463554	-0.02771047316491604	0.642669603927061	PBMC68k	temp/pbmc68k_data.rds	baseline	Observed	42	45	celltype	barcode_suffix	12000	1000	11	8	label_free_hvg
45	100	15	0.5	26	0.20393790538806017	0.3979675767353018	0.0001117739432750184	0.004536763775419088	-0.02771047316491604	0.6928918741177768	PBMC68k	temp/pbmc68k_data.rds	baseline	Observed	42	45	celltype	barcode_suffix	12000	1000	11	8	label_free_hvg
45	100	15	1.0	38	0.2225473173166037	0.3621990218690028	3.252780700711128e-05	0.005677589025005861	-0.02771047316491604	0.7697708040941507	PBMC68k	temp/pbmc68k_data.rds	baseline	Observed	42	45	celltype	barcode_suffix	12000	1000	11	8	label_free_hvg
45	100	15	1.5	48	0.1797802196973147	0.33229856625045395	-2.1432358220650168e-08	0.005562103379164225	-0.02771047316491604	0.8567725569009781	PBMC68k	temp/pbmc68k_data.rds	baseline	Observed	42	45	celltype	barcode_suffix	12000	1000	11	8	label_free_hvg
45	100	15	2.0	55	0.170514699782833	0.3180293313232139	0.00010441856875957468	0.006421878269384341	-0.02771047316491604	0.9078855318948627	PBMC68k	temp/pbmc68k_data.rds	baseline	Observed	42	45	celltype	barcode_suffix	12000	1000	11	8	label_free_hvg
45	100	30	0.2	6	0.2282803515546548	0.47253811627356396	0.00046022412588037174	0.0015564653191440492	-0.02771047316491604	0.9006718508899212	PBMC68k	temp/pbmc68k_data.rds	baseline	Observed	42	45	celltype	barcode_suffix	12000	1000	11	8	label_free_hvg
45	100	30	0.5	11	0.2133804625036714	0.4381543763693521	0.00016105023994885946	0.002212413789709228	-0.02771047316491604	0.9211379578337073	PBMC68k	temp/pbmc68k_data.rds	baseline	Observed	42	45	celltype	barcode_suffix	12000	1000	11	8	label_free_hvg
45	100	30	1.0	19	0.2435324960168856	0.4212125804394258	0.0002770267632418067	0.0032808634952454607	-0.02771047316491604	1.0379749820567667	PBMC68k	temp/pbmc68k_data.rds	baseline	Observed	42	45	celltype	barcode_suffix	12000	1000	11	8	label_free_hvg
45	100	30	1.5	29	0.21155353716534034	0.3919307381121946	4.445082563276807e-05	0.004430943691773908	-0.02771047316491604	1.4734121148940176	PBMC68k	temp/pbmc68k_data.rds	baseline	Observed	42	45	celltype	barcode_suffix	12000	1000	11	8	label_free_hvg
45	100	30	2.0	39	0.1854625298965581	0.3448717569676843	0.00023508158583249243	0.005316143074636372	-0.02771047316491604	1.6386223689187318	PBMC68k	temp/pbmc68k_data.rds	baseline	Observed	42	45	celltype	barcode_suffix	12000	1000	11	8	label_free_hvg
46	20	10	0.2	15	0.20970232041881512	0.479222045273256	0.0004150455611096201	0.0025900403623740145	-0.04238046705722809	0.6009281659498811	PBMC68k	temp/pbmc68k_data.rds	baseline	Observed	42	46	celltype	barcode_suffix	12000	1000	11	8	label_free_hvg
46	20	10	0.5	21	0.25096338903184545	0.4722006732215569	0.0004649026088400653	0.0035490026934508504	-0.04238046705722809	0.6133715498726815	PBMC68k	temp/pbmc68k_data.rds	baseline	Observed	42	46	celltype	barcode_suffix	12000	1000	11	8	label_free_hvg
46	20	10	1.0	28	0.2209577592986568	0.44767884227269616	0.00030587377177009864	0.004114018451772913	-0.04238046705722809	0.6398063939996064	PBMC68k	temp/pbmc68k_data.rds	baseline	Observed	42	46	celltype	barcode_suffix	12000	1000	11	8	label_free_hvg
46	20	10	1.5	37	0.16516322360846447	0.4113713837316845	0.0003324655128305315	0.004925269809024251	-0.04238046705722809	0.6191746168769896	PBMC68k	temp/pbmc68k_data.rds	baseline	Observed	42	46	celltype	barcode_suffix	12000	1000	11	8	label_free_hvg
46	20	10	2.0	42	0.146642856252329	0.39884821378371704	0.00027243041921339663	0.005379509146452367	-0.04238046705722809	0.5977159959729761	PBMC68k	temp/pbmc68k_data.rds	baseline	Observed	42	46	celltype	barcode_suffix	12000	1000	11	8	label_free_hvg
46	20	15	0.2	12	0.21437629490350754	0.4861084167954161	0.00029393803956262736	0.002104922556934486	-0.04238046705722809	0.7374557750299573	PBMC68k	temp/pbmc68k_data.rds	baseline	Observed	42	46	celltype	barcode_suffix	12000	1000	11	8	label_free_hvg
46	20	15	0.5	19	0.26460976048790064	0.47560041248014134	0.00028913138963130734	0.002938578522861608	-0.04238046705722809	0.7404103160370141	PBMC68k	temp/pbmc68k_data.rds	baseline	Observed	42	46	celltype	barcode_suffix	12000	1000	11	8	label_free_hvg
46	20	15	1.0	25	0.2230759910338565	0.452029178456288	0.0003555893509299159	0.003966435795769144	-0.04238046705722809	0.7707775828894228	PBMC68k	temp/pbmc68k_data.rds	baseline	Observed	42	46	celltype	barcode_suffix	12000	1000	11	8	label_free_hvg
46	20	15	1.5	28	0.17504528364361077	0.4265358950083934	0.000363323294368385	0.004178124295263501	-0.04238046705722809	0.8093119610566646	PBMC68k	temp/pbmc68k_data.rds	baseline	Observed	42	46	celltype	barcode_suffix	12000	1000	11	8	label_free_hvg
46	20	15	2.0	35	0.154082127133917	0.4062813182615425	0.0003093300359925954	0.0046553631420606515	-0.04238046705722809	0.8272811351343989	PBMC68k	temp/pbmc68k_data.rds	baseline	Observed	42	46	celltype	barcode_suffix	12000	1000	11	8	label_free_hvg
46	20	30	0.2	10	0.21036660993539832	0.5030120847216094	0.0005201245357846804	0.002093734681586222	-0.04238046705722809	1.1110793959815055	PBMC68k	temp/pbmc68k_data.rds	baseline	Observed	42	46	celltype	barcode_suffix	12000	1000	11	8	label_free_hvg
46	20	30	0.5	14	0.26705855236144516	0.4845523146019648	0.0002748776613095974	0.0022720289218926336	-0.04238046705722809	1.1449220550712198	PBMC68k	temp/pbmc68k_data.rds	baseline	Observed	42	46	celltype	barcode_suffix	12000	1000	11	8	label_free_hvg
46	20	30	1.0	16	0.261277412746196	0.47186730394429366	0.000245587895353013	0.002654758610510274	-0.04238046705722809	1.229631622089073	PBMC68k	temp/pbmc68k_data.rds	baseline	Observed	42	46	celltype	barcode_suffix	12000	1000	11	8	label_free_hvg
46	20	30	1.5	19	0.21647726412521823	0.45742671978843025	0.00021412727218950882	0.002930654256556947	-0.04238046705722809	1.3123773110564798	PBMC68k	temp/pbmc68k_data.rds	baseline	Observed	42	46	celltype	barcode_suffix	12000	1000	11	8	label_free_hvg
46	20	30	2.0	25	0.16320588824234813	0.42079568311359516	0.0003626608182122773	0.0036379869872810258	-0.04238046705722809	1.263626511907205	PBMC68k	temp/pbmc68k_data.rds	baseline	Observed	42	46	celltype	barcode_suffix	12000	1000	11	8	label_free_hvg
46	50	10	0.2	17	0.21745779551193603	0.4424710925315245	0.00040178003883717584	0.0031734046005766564	-0.03195900097489357	0.5349626070819795	PBMC68k	temp/pbmc68k_data.rds	baseline	Observed	42	46	celltype	barcode_suffix	12000	1000	11	8	label_free_hvg
46	50	10	0.5	25	0.2227375595312826	0.4493709740448836	0.0003034351385642138	0.0034969197203782456	-0.03195900097489357	0.5608257430139929	PBMC68k	temp/pbmc68k_data.rds	baseline	Observed	42	46	celltype	barcode_suffix	12000	1000	11	8	label_free_hvg
46	50	10	1.0	37	0.23771253377318138	0.4285774910809535	0.0002174004239180639	0.005005137133939007	-0.03195900097489357	0.5849154212046415	PBMC68k	temp/pbmc68k_data.rds	baseline	Observed	42	46	celltype	barcode_suffix	12000	1000	11	8	label_free_hvg
46	50	10	1.5	42	0.23664474768680244	0.41245414495032773	7.843515269885293e-05	0.005247314007278323	-0.03195900097489357	0.6568418168462813	PBMC68k	temp/pbmc68k_data.rds	baseline	Observed	42	46	celltype	barcode_suffix	12000	1000	11	8	label_free_hvg
46	50	10	2.0	49	0.19896167566171236	0.3873729779178501	0.00024126863209093192	0.005811890192686331	-0.03195900097489357	0.6929696318693459	PBMC68k	temp/pbmc68k_data.rds	baseline	Observed	42	46	celltype	barcode_suffix	12000	1000	11	8	label_free_hvg
46	50	15	0.2	13	0.22013658149665896	0.46000257739726663	0.00033102378763907116	0.0022601802285998254	-0.03195900097489357	0.6702001329977065	PBMC68k	temp/pbmc68k_data.rds	baseline	Observed	42	46	celltype	barcode_suffix	12000	1000	11	8	label_free_hvg
46	50	15	0.5	23	0.23925042486371745	0.45984873836902307	0.0004237567123783663	0.0035468619198607172	-0.03195900097489357	0.7046115121338516	PBMC68k	temp/pbmc68k_data.rds	baseline	Observed	42	46	celltype	barcode_suffix	12000	1000	11	8	label_free_hvg
46	50	15	1.0	28	0.2463404057016286	0.43930328153438714	0.00016119110988896212	0.003866787160673112	-0.03195900097489357	0.7376788971014321	PBMC68k	temp/pbmc68k_data.rds	baseline	Observed	42	46	celltype	barcode_suffix	12000	1000	11	8	label_free_hvg
46	50	15	1.5	35	0.23641346123921939	0.4212893565548579	0.00013380015652637032	0.0049641152471788935	-0.03195900097489357	0.7978635849431157	PBMC68k	temp/pbmc68k_data.rds	baseline	Observed	42	46	celltype	barcode_suffix	12000	1000	11	8	label_free_hvg
46	50	15	2.0	39	0.22343700072125702	0.40506440727831733	0.0001964902522227779	0.005382601104474219	-0.03195900097489357	0.880210923962295	PBMC68k	temp/pbmc68k_data.rds	baseline	Observed	42	46	celltype	barcode_suffix	12000	1000	11	8	label_free_hvg
46	50	30	0.2	7	0.22368091642663193	0.4809098792264006	0.00036679219087814446	0.0014679061420620773	-0.03195900097489357	0.8978473430033773	PBMC68k	temp/pbmc68k_data.rds	baseline	Observed	42	46	celltype	barcode_suffix	12000	1000	11	8	label_free_hvg
46	50	30	0.5	14	0.2397326165881896	0.47877297246671846	0.0004034199573563593	0.0024373060725918667	-0.03195900097489357	0.9465742860920727	PBMC68k	temp/pbmc68k_data.rds	baseline	Observed	42	46	celltype	barcode_suffix	12000	1000	11	8	label_free_hvg
46	50	30	1.0	21	0.2525084772668266	0.4651796451681033	0.0003636455995057015	0.003068217234539065	-0.03195900097489357	1.046774982009083	PBMC68k	temp/pbmc68k_data.rds	baseline	Observed	42	46	celltype	barcode_suffix	12000	1000	11	8	label_free_hvg
46	50	30	1.5	23	0.2348366357150297	0.4475428963430408	0.00045882784526585983	0.003747086837878679	-0.03195900097489357	1.1869171529542655	PBMC68k	temp/pbmc68k_data.rds	baseline	Observed	42	46	celltype	barcode_suffix	12000	1000	11	8	label_free_hvg
46	50	30	2.0	25	0.2250728557531537	0.42941286424148634	0.00024398508572868034	0.003300727991073177	-0.03195900097489357	1.2274780648294836	PBMC68k	temp/pbmc68k_data.rds	baseline	Observed	42	46	celltype	barcode_suffix	12000	1000	11	8	label_free_hvg
46	100	10	0.2	27	0.2279006927369034	0.4052463723296751	0.00015342184874637485	0.005502909175754709	-0.021933209151029587	0.5351381490472704	PBMC68k	temp/pbmc68k_data.rds	baseline	Observed	42	46	celltype	barcode_suffix	12000	1000	11	8	label_free_hvg
46	100	10	0.5	37	0.19776405318846144	0.3602986643152797	3.0447153164547067e-05	0.0059359344177192346	-0.021933209151029587	0.5499043338932097	PBMC68k	temp/pbmc68k_data.rds	baseline	Observed	42	46	celltype	barcode_suffix	12000	1000	11	8	label_free_hvg
46	100	10	1.0	51	0.21462376711378642	0.3528019124270522	0.00016591082274051524	0.006653928383611363	-0.021933209151029587	0.5992914300877601	PBMC68k	temp/pbmc68k_data.rds	baseline	Observed	42	46	celltype	barcode_suffix	12000	1000	11	8	label_free_hvg
46	100	10	1.5	62	0.17989764619531043	0.3296501265344553	1.7717399472893546e-05	0.007215993303385998	-0.021933209151029587	0.6611680751666427	PBMC68k	temp/pbmc68k_data.rds	baseline	Observed	42	46	celltype	barcode_suffix	12000	1000	11	8	label_free_hvg
46	100	10	2.0	81	0.16503184784146496	0.3123128196613948	9.007739230895458e-05	0.00878577783762884	-0.021933209151029587	0.6820918100420386	PBMC68k	temp/pbmc68k_data.rds	baseline	Observed	42	46	celltype	barcode_suffix	12000	1000	11	8	label_free_hvg
46	100	15	0.2	15	0.23081121466910434	0.42829849990904983	0.00014487572526722603	0.003467970369658623	-0.021933209151029587	0.6296287199947983	PBMC68k	temp/pbmc68k_data.rds	baseline	Observed	42	46	celltype	barcode_suffix	12000	1000	11	8	label_free_hvg
46	100	15	0.5	27	0.21085412632382214	0.40419389250228277	0.00019638777932077923	0.004542537200690558	-0.021933209151029587	0.6258155358955264	PBMC68k	temp/pbmc68k_data.rds	baseline	Observed	42	46	celltype	barcode_suffix	12000	1000	11	8	label_free_hvg
46	100	15	1.0	35	0.21941985167934883	0.36484639789047696	8.775832283972102e-05	0.005027300101995428	-0.021933209151029587	0.6842079130001366	PBMC68k	temp/pbmc68k_data.rds	baseline	Observed	42	46	celltype	barcode_suffix	12000	1000	11	8	label_free_hvg
46	100	15	1.5	52	0.18809789310912442	0.3383395475224638	-1.8733382061371406e-06	0.005857661246445594	-0.021933209151029587	0.8263247821014374	PBMC68k	temp/pbmc68k_data.rds	baseline	Observed	42	46	celltype	barcode_suffix	12000	1000	11	8	label_free_hvg
46	100	15	2.0	66	0.17077896175275442	0.31897422308839213	5.520413265578214e-05	0.00730009895318051	-0.021933209151029587	0.863060147035867	PBMC68k	temp/pbmc68k_data.rds	baseline	Observed	42	46	celltype	barcode_suffix	12000	1000	11	8	label_free_hvg
46	100	30	0.2	6	0.22966326013933416	0.4700541385346262	0.00030266464346801885	0.0014168406662164853	-0.021933209151029587	0.8951067910529673	PBMC68k	temp/pbmc68k_data.rds	baseline	Observed	42	46	celltype	barcode_suffix	12000	1000	11	8	label_free_hvg
46	100	30	0.5	11	0.21706077805150947	0.4360293827339297	0.00025039645317083913	0.002358424369622893	-0.021933209151029587	0.9574668919667602	PBMC68k	temp/pbmc68k_data.rds	baseline	Observed	42	46	celltype	barcode_suffix	12000	1000	11	8	label_free_hvg
46	100	30	1.0	18	0.24027211649770752	0.42218827893439353	0.0001772065812138508	0.0029648048808153496	-0.021933209151029587	1.0586042839568108	PBMC68k	temp/pbmc68k_data.rds	baseline	Observed	42	46	celltype	barcode_suffix	12000	1000	11	8	label_free_hvg
46	100	30	1.5	30	0.2124270826953782	0.3844646166746586	0.00030984368266468424	0.004229441339182651	-0.021933209151029587	1.4757663728669286	PBMC68k	temp/pbmc68k_data.rds	baseline	Observed	42	46	celltype	barcode_suffix	12000	1000	11	8	label_free_hvg
46	100	30	2.0	38	0.19211579202531912	0.35470551970854586	0.0001376934262054704	0.004553461645160238	-0.021933209151029587	1.5602240411099046	PBMC68k	temp/pbmc68k_data.rds	baseline	Observed	42	46	celltype	barcode_suffix	12000	1000	11	8	label_free_hvg
42	20	10	0.2	10	0.26824453497252204	0.5001981852581399	0.0002973352763014147	0.001806143465414529	-0.022928601130843163	0.5134657800663263	PBMC68k	temp/pbmc68k_data.rds	dca	DCA	42	42	celltype	barcode_suffix	12000	1000	11	8	label_free_hvg
42	20	10	0.5	14	0.2902723226592116	0.4678868521919402	0.00120505181432533	0.003472789901974956	-0.022928601130843163	0.5068088490515947	PBMC68k	temp/pbmc68k_data.rds	dca	DCA	42	42	celltype	barcode_suffix	12000	1000	11	8	label_free_hvg
42	20	10	1.0	23	0.16236617578129456	0.39757554966567527	0.001175747241442363	0.004668400444415049	-0.022928601130843163	0.49969201581552625	PBMC68k	temp/pbmc68k_data.rds	dca	DCA	42	42	celltype	barcode_suffix	12000	1000	11	8	label_free_hvg
42	20	10	1.5	32	0.12456868478576695	0.3710581846716169	0.0009112281396963192	0.006428111878018443	-0.022928601130843163	0.5012680641375482	PBMC68k	temp/pbmc68k_data.rds	dca	DCA	42	42	celltype	barcode_suffix	12000	1000	11	8	label_free_hvg
42	20	10	2.0	39	0.11099601594287253	0.357360567663758	0.00068344945352659	0.006407856507677252	-0.022928601130843163	0.498507077107206	PBMC68k	temp/pbmc68k_data.rds	dca	DCA	42	42	celltype	barcode_suffix	12000	1000	11	8	label_free_hvg
42	20	15	0.2	9	0.26997436565651756	0.49658759911847283	0.00027457379641201274	0.0017806403117832552	-0.022928601130843163	0.6586141539737582	PBMC68k	temp/pbmc68k_data.rds	dca	DCA	42	42	celltype	barcode_suffix	12000	1000	11	8	label_free_hvg
42	20	15	0.5	14	0.27512939438689527	0.46296580690196987	0.0003933799601859939	0.002338280250559282	-0.022928601130843163	0.6559596310835332	PBMC68k	temp/pbmc68k_data.rds	dca	DCA	42	42	celltype	barcode_suffix	12000	1000	11	8	label_free_hvg
42	20	15	1.0	18	0.25097995857207406	0.42467314155533326	0.0012578624248680305	0.004101976640384832	-0.022928601130843163	0.6558734679128975	PBMC68k	temp/pbmc68k_data.rds	dca	DCA	42	42	celltype	barcode_suffix	12000	1000	11	8	label_free_hvg
42	20	15	1.5	29	0.13677198899394097	0.38028780392008193	0.0010393389301991513	0.005073461917798486	-0.022928601130843163	0.6477327230386436	PBMC68k	temp/pbmc68k_data.rds	dca	DCA	42	42	celltype	barcode_suffix	12000	1000	11	8	label_free_hvg
42	20	15	2.0	35	0.11876457068225749	0.36631865217193027	0.0010585388696354372	0.006607784883112951	-0.022928601130843163	0.6457999751437455	PBMC68k	temp/pbmc68k_data.rds	dca	DCA	42	42	celltype	barcode_suffix	12000	1000	11	8	label_free_hvg
42	20	30	0.2	8	0.270089639267201	0.49893843619519695	0.00023160663322799384	0.0015880181847584072	-0.022928601130843163	1.3566074988339096	PBMC68k	temp/pbmc68k_data.rds	dca	DCA	42	42	celltype	barcode_suffix	12000	1000	11	8	label_free_hvg
42	20	30	0.5	11	0.2515084164836035	0.4698103607455587	0.0012958329323302915	0.003365242538883021	-0.022928601130843163	1.432846219977364	PBMC68k	temp/pbmc68k_data.rds	dca	DCA	42	42	celltype	barcode_suffix	12000	1000	11	8	label_free_hvg
42	20	30	1.0	15	0.25854441376921444	0.4409220094511397	0.001225996798654892	0.0036381280231024826	-0.022928601130843163	1.3346669138409197	PBMC68k	temp/pbmc68k_data.rds	dca	DCA	42	42	celltype	barcode_suffix	12000	1000	11	8	label_free_hvg
42	20	30	1.5	20	0.23254475181821033	0.41255024418889163	0.0010904933811735405	0.004095366983661508	-0.022928601130843163	1.2909013798926026	PBMC68k	temp/pbmc68k_data.rds	dca	DCA	42	42	celltype	barcode_suffix	12000	1000	11	8	label_free_hvg
42	20	30	2.0	28	0.147169060018095	0.38320301529740003	0.001168626623903364	0.004926013072623663	-0.022928601130843163	1.2426541280001402	PBMC68k	temp/pbmc68k_data.rds	dca	DCA	42	42	celltype	barcode_suffix	12000	1000	11	8	label_free_hvg
42	50	10	0.2	10	0.23655399057891474	0.4954983357220714	0.00030174534954427896	0.001924281688309308	-0.0202789269387722	0.5505534179974347	PBMC68k	temp/pbmc68k_data.rds	dca	DCA	42	42	celltype	barcode_suffix	12000	1000	11	8	label_free_hvg
42	50	10	0.5	14	0.2750638092267216	0.4671358584793269	0.0005013855161941801	0.0024272076526239746	-0.0202789269387722	0.5255704871378839	PBMC68k	temp/pbmc68k_data.rds	dca	DCA	42	42	celltype	barcode_suffix	12000	1000	11	8	label_free_hvg
42	50	10	1.0	23	0.19896841655783873	0.4020094439148741	0.0011441679034534377	0.004412719879257251	-0.0202789269387722	0.5210024940315634	PBMC68k	temp/pbmc68k_data.rds	dca	DCA	42	42	celltype	barcode_suffix	12000	1000	11	8	label_free_hvg
42	50	10	1.5	34	0.149980065740764	0.37111225061189507	0.0005671115483129027	0.005177042886248105	-0.0202789269387722	0.5242600159253925	PBMC68k	temp/pbmc68k_data.rds	dca	DCA	42	42	celltype	barcode_suffix	12000	1000	11	8	label_free_hvg
42	50	10	2.0	42	0.10814245089391439	0.3506053305720899	0.0007863167261479724	0.006467155107957545	-0.0202789269387722	0.5171508679632097	PBMC68k	temp/pbmc68k_data.rds	dca	DCA	42	42	celltype	barcode_suffix	12000	1000	11	8	label_free_hvg
42	50	15	0.2	10	0.26769524238891745	0.4991085286112925	0.00026438508296621643	0.0018058334062103615	-0.0202789269387722	0.6943977850023657	PBMC68k	temp/pbmc68k_data.rds	dca	DCA	42	42	celltype	barcode_suffix	12000	1000	11	8	label_free_hvg
42	50	15	0.5	14	0.295819792330723	0.46808448811969045	0.0010078101087330096	0.0033191102909451943	-0.0202789269387722	0.687932622153312	PBMC68k	temp/pbmc68k_data.rds	dca	DCA	42	42	celltype	barcode_suffix	12000	1000	11	8	label_free_hvg
42	50	15	1.0	19	0.20620412359178075	0.41362402630635076	0.0008076870306187937	0.003577777592996126	-0.0202789269387722	0.6763352958951145	PBMC68k	temp/pbmc68k_data.rds	dca	DCA	42	42	celltype	barcode_suffix	12000	1000	11	8	label_free_hvg
42	50	15	1.5	28	0.1696536755779855	0.38622092010114906	0.0006473620543640465	0.0043927556474041155	-0.0202789269387722	0.6843607919290662	PBMC68k	temp/pbmc68k_data.rds	dca	DCA	42	42	celltype	barcode_suffix	12000	1000	11	8	label_free_hvg
42	50	15	2.0	36	0.1161661916489143	0.36257085075697904	0.0009325648004195322	0.005623919175978048	-0.0202789269387722	0.6764990729279816	PBMC68k	temp/pbmc68k_data.rds	dca	DCA	42	42	celltype	barcode_suffix	12000	1000	11	8	label_free_hvg
42	50	30	0.2	8	0.2659172657225681	0.4982590467425141	0.0003497948453904747	0.0016812193289967746	-0.0202789269387722	1.2490955179091543	PBMC68k	temp/pbmc68k_data.rds	dca	DCA	42	42	celltype	barcode_suffix	12000	1000	11	8	label_free_hvg
42	50	30	0.5	10	0.25990903124743886	0.5107376518142435	0.0002969167504574178	0.0019095982200521546	-0.0202789269387722	1.2369612739421427	PBMC68k	temp/pbmc68k_data.rds	dca	DCA	42	42	celltype	barcode_suffix	12000	1000	11	8	label_free_hvg
42	50	30	1.0	14	0.2598364066678534	0.4492198346622844	0.0007923947928530449	0.0029173302324617474	-0.0202789269387722	1.2757184759248048	PBMC68k	temp/pbmc68k_data.rds	dca	DCA	42	42	celltype	barcode_suffix	12000	1000	11	8	label_free_hvg
42	50	30	1.5	20	0.19424647185694188	0.40624525305928294	0.0011836836469035232	0.004228435806982928	-0.0202789269387722	1.2263322779908776	PBMC68k	temp/pbmc68k_data.rds	dca	DCA	42	42	celltype	barcode_suffix	12000	1000	11	8	label_free_hvg
42	50	30	2.0	27	0.13742036831824136	0.37681130852051786	0.001057785898077745	0.004992199972048511	-0.0202789269387722	1.1870434628799558	PBMC68k	temp/pbmc68k_data.rds	dca	DCA	42	42	celltype	barcode_suffix	12000	1000	11	8	label_free_hvg
42	100	10	0.2	10	0.26935914463678223	0.4981312356042075	0.0002506830652685205	0.0017294967260754624	-0.019870715215802193	0.5288310952018946	PBMC68k	temp/pbmc68k_data.rds	dca	DCA	42	42	celltype	barcode_suffix	12000	1000	11	8	label_free_hvg
42	100	10	0.5	14	0.2535107402979301	0.457390620134001	0.001132100265871052	0.003076350208626961	-0.019870715215802193	0.5515354929957539	PBMC68k	temp/pbmc68k_data.rds	dca	DCA	42	42	celltype	barcode_suffix	12000	1000	11	8	label_free_hvg
42	100	10	1.0	22	0.2015662721534628	0.4043988849738063	0.0011126523513569778	0.0042797926066680154	-0.019870715215802193	0.5263839471153915	PBMC68k	temp/pbmc68k_data.rds	dca	DCA	42	42	celltype	barcode_suffix	12000	1000	11	8	label_free_hvg
42	100	10	1.5	35	0.14614438233686838	0.36922516435208746	0.000918079181597951	0.005559424833413165	-0.019870715215802193	0.5214730980806053	PBMC68k	temp/pbmc68k_data.rds	dca	DCA	42	42	celltype	barcode_suffix	12000	1000	11	8	label_free_hvg
42	100	10	2.0	42	0.11256402564718951	0.3532342436066857	0.0007858880965965106	0.006090620413884501	-0.019870715215802193	0.5196816248353571	PBMC68k	temp/pbmc68k_data.rds	dca	DCA	42	42	celltype	barcode_suffix	12000	1000	11	8	label_free_hvg
42	100	15	0.2	9	0.26703282025830805	0.4964166365660231	0.00026711281880781085	0.0017409698225742119	-0.019870715215802193	0.6904919981025159	PBMC68k	temp/pbmc68k_data.rds	dca	DCA	42	42	celltype	barcode_suffix	12000	1000	11	8	label_free_hvg
42	100	15	0.5	14	0.27926017037737966	0.4643895512263606	0.0010977770610569831	0.003183762125732595	-0.019870715215802193	0.6941266770008951	PBMC68k	temp/pbmc68k_data.rds	dca	DCA	42	42	celltype	barcode_suffix	12000	1000	11	8	label_free_hvg
42	100	15	1.0	18	0.25013718350965275	0.4248497881168326	0.0007483293666415388	0.0033157231880604297	-0.019870715215802193	0.6802118120249361	PBMC68k	temp/pbmc68k_data.rds	dca	DCA	42	42	celltype	barcode_suffix	12000	1000	11	8	label_free_hvg
42	100	15	1.5	27	0.16769205267468015	0.38494627966861367	0.000556928581059749	0.004481224031848319	-0.019870715215802193	0.6789233139716089	PBMC68k	temp/pbmc68k_data.rds	dca	DCA	42	42	celltype	barcode_suffix	12000	1000	11	8	label_free_hvg
42	100	15	2.0	37	0.12093546408356073	0.36042069456778725	0.0009380398434378351	0.005925442293923872	-0.019870715215802193	0.6653368431143463	PBMC68k	temp/pbmc68k_data.rds	dca	DCA	42	42	celltype	barcode_suffix	12000	1000	11	8	label_free_hvg
42	100	30	0.2	8	0.266256709617258	0.49787014759250803	0.0003449030074864358	0.0016845046318934758	-0.019870715215802193	1.4276825250126421	PBMC68k	temp/pbmc68k_data.rds	dca	DCA	42	42	celltype	barcode_suffix	12000	1000	11	8	label_free_hvg
42	100	30	0.5	10	0.2569902173420004	0.5077226711689002	0.000333095294856571	0.0019146877902059957	-0.019870715215802193	1.334275582805276	PBMC68k	temp/pbmc68k_data.rds	dca	DCA	42	42	celltype	barcode_suffix	12000	1000	11	8	label_free_hvg
42	100	30	1.0	14	0.26247996703061094	0.45108789195693205	0.0007761539397561167	0.0028427215325834464	-0.019870715215802193	1.3299763400573283	PBMC68k	temp/pbmc68k_data.rds	dca	DCA	42	42	celltype	barcode_suffix	12000	1000	11	8	label_free_hvg
42	100	30	1.5	20	0.19492152245339486	0.4036704330197543	0.0009237972171372507	0.003979866581107788	-0.019870715215802193	1.3030937679577619	PBMC68k	temp/pbmc68k_data.rds	dca	DCA	42	42	celltype	barcode_suffix	12000	1000	11	8	label_free_hvg
42	100	30	2.0	27	0.14864189683728873	0.3827638764357032	0.0007479175463899642	0.004293447604653618	-0.019870715215802193	1.327493721852079	PBMC68k	temp/pbmc68k_data.rds	dca	DCA	42	42	celltype	barcode_suffix	12000	1000	11	8	label_free_hvg
43	20	10	0.2	10	0.26673025490732183	0.5013366048109528	0.0003322086125738008	0.0018468918385823377	-0.020502621307969093	0.5397335849702358	PBMC68k	temp/pbmc68k_data.rds	dca	DCA	42	43	celltype	barcode_suffix	12000	1000	11	8	label_free_hvg
43	20	10	0.5	14	0.25438089514474754	0.4590794266010617	0.0010000493618273082	0.00312653846191486	-0.020502621307969093	0.5264426080975682	PBMC68k	temp/pbmc68k_data.rds	dca	DCA	42	43	celltype	barcode_suffix	12000	1000	11	8	label_free_hvg
43	20	10	1.0	22	0.20529686763840588	0.4070338697077179	0.0012901268501353876	0.004839350576175857	-0.020502621307969093	0.5056160849053413	PBMC68k	temp/pbmc68k_data.rds	dca	DCA	42	43	celltype	barcode_suffix	12000	1000	11	8	label_free_hvg
43	20	10	1.5	33	0.12402001412493145	0.3659279661399223	0.001210973803101564	0.0060777171975371	-0.020502621307969093	0.4971096480730921	PBMC68k	temp/pbmc68k_data.rds	dca	DCA	42	43	celltype	barcode_suffix	12000	1000	11	8	label_free_hvg
43	20	10	2.0	39	0.11098143850451551	0.3596296811656125	0.0009927569037631984	0.006822566758313879	-0.020502621307969093	0.49084024387411773	PBMC68k	temp/pbmc68k_data.rds	dca	DCA	42	43	celltype	barcode_suffix	12000	1000	11	8	label_free_hvg
43	20	15	0.2	9	0.26956234816910407	0.4974720351570869	0.00028164047743436694	0.0017768776565536145	-0.020502621307969093	0.6676936799194664	PBMC68k	temp/pbmc68k_data.rds	dca	DCA	42	43	celltype	barcode_suffix	12000	1000	11	8	label_free_hvg
43	20	15	0.5	14	0.2864137054355567	0.4646579307255242	0.0010646663055938336	0.0031683987841273917	-0.020502621307969093	0.6715232480783015	PBMC68k	temp/pbmc68k_data.rds	dca	DCA	42	43	celltype	barcode_suffix	12000	1000	11	8	label_free_hvg
43	20	15	1.0	18	0.27504643225217895	0.4278086808873078	0.001023844870996656	0.0038285210084357995	-0.020502621307969093	0.6486681529786438	PBMC68k	temp/pbmc68k_data.rds	dca	DCA	42	43	celltype	barcode_suffix	12000	1000	11	8	label_free_hvg
43	20	15	1.5	28	0.1340715490850569	0.37600106809655726	0.0012046548072572342	0.005344347122297619	-0.020502621307969093	0.663709367858246	PBMC68k	temp/pbmc68k_data.rds	dca	DCA	42	43	celltype	barcode_suffix	12000	1000	11	8	label_free_hvg
43	20	15	2.0	34	0.11918656975567925	0.36947347155997307	0.0009296781329893681	0.005695899588456368	-0.020502621307969093	0.6507608201354742	PBMC68k	temp/pbmc68k_data.rds	dca	DCA	42	43	celltype	barcode_suffix	12000	1000	11	8	label_free_hvg
43	20	30	0.2	8	0.2681278367800188	0.5000000319073908	0.0002457739588986342	0.0016161750463656113	-0.020502621307969093	1.517281142063439	PBMC68k	temp/pbmc68k_data.rds	dca	DCA	42	43	celltype	barcode_suffix	12000	1000	11	8	label_free_hvg
43	20	30	0.5	11	0.28126149975880665	0.477360058036333	0.0009926943952050238	0.0027233159072473892	-0.020502621307969093	1.2692125630564988	PBMC68k	temp/pbmc68k_data.rds	dca	DCA	42	43	celltype	barcode_suffix	12000	1000	11	8	label_free_hvg
43	20	30	1.0	15	0.269323863770121	0.44517732789639847	0.0009242005372942843	0.0032794288388359335	-0.020502621307969093	1.2699134980794042	PBMC68k	temp/pbmc68k_data.rds	dca	DCA	42	43	celltype	barcode_suffix	12000	1000	11	8	label_free_hvg
43	20	30	1.5	21	0.22823154724559871	0.40627429052077174	0.001173741938367033	0.0043480871546746	-0.020502621307969093	1.2233071599621326	PBMC68k	temp/pbmc68k_data.rds	dca	DCA	42	43	celltype	barcode_suffix	12000	1000	11	8	label_free_hvg
43	20	30	2.0	27	0.143220733659767	0.3851756512121395	0.0011897513218256577	0.004815367349271286	-0.020502621307969093	1.1697193691506982	PBMC68k	temp/pbmc68k_data.rds	dca	DCA	42	43	celltype	barcode_suffix	12000	1000	11	8	label_free_hvg
43	50	10	0.2	10	0.26854504218070796	0.49937689350193304	0.0002649514248274355	0.0017903977484281799	-0.018688006326556206	0.5527146109379828	PBMC68k	temp/pbmc68k_data.rds	dca	DCA	42	43	celltype	barcode_suffix	12000	1000	11	8	label_free_hvg
43	50	10	0.5	14	0.29834119709538115	0.47244087428166254	0.0009597573472643297	0.0034135526507437244	-0.018688006326556206	0.5345927749294788	PBMC68k	temp/pbmc68k_data.rds	dca	DCA	42	43	celltype	barcode_suffix	12000	1000	11	8	label_free_hvg
43	50	10	1.0	22	0.21527350510341065	0.4069523846018158	0.0007014305582232777	0.003752494704810629	-0.018688006326556206	0.5280718500725925	PBMC68k	temp/pbmc68k_data.rds	dca	DCA	42	43	celltype	barcode_suffix	12000	1000	11	8	label_free_hvg
43	50	10	1.5	34	0.13663312174456016	0.36679707383126253	0.0006760855109693684	0.004928558171557529	-0.018688006326556206	0.5168800000101328	PBMC68k	temp/pbmc68k_data.rds	dca	DCA	42	43	celltype	barcode_suffix	12000	1000	11	8	label_free_hvg
43	50	10	2.0	44	0.11302173596303185	0.3536666602148847	0.0006937552287545151	0.006863306931913878	-0.018688006326556206	0.5256228919606656	PBMC68k	temp/pbmc68k_data.rds	dca	DCA	42	43	celltype	barcode_suffix	12000	1000	11	8	label_free_hvg
43	50	15	0.2	10	0.2448547783544996	0.49674490306665203	0.0003407453708082095	0.0019447862720262544	-0.018688006326556206	0.6811575989704579	PBMC68k	temp/pbmc68k_data.rds	dca	DCA	42	43	celltype	barcode_suffix	12000	1000	11	8	label_free_hvg
43	50	15	0.5	14	0.2912462754198649	0.46708085404633315	0.000901068165620074	0.0030000363909188587	-0.018688006326556206	0.6961685228161514	PBMC68k	temp/pbmc68k_data.rds	dca	DCA	42	43	celltype	barcode_suffix	12000	1000	11	8	label_free_hvg
43	50	15	1.0	17	0.24859586405068615	0.43384710899620166	0.000916545149522271	0.003376332215375623	-0.018688006326556206	0.6773448509629816	PBMC68k	temp/pbmc68k_data.rds	dca	DCA	42	43	celltype	barcode_suffix	12000	1000	11	8	label_free_hvg
43	50	15	1.5	27	0.16431804445613452	0.38406272203245745	0.0007746831380899313	0.004720999198455244	-0.018688006326556206	0.6675243128556758	PBMC68k	temp/pbmc68k_data.rds	dca	DCA	42	43	celltype	barcode_suffix	12000	1000	11	8	label_free_hvg
43	50	15	2.0	35	0.12279513931039472	0.3643113070584983	0.000775061268906999	0.005709441547808725	-0.018688006326556206	0.6839541101362556	PBMC68k	temp/pbmc68k_data.rds	dca	DCA	42	43	celltype	barcode_suffix	12000	1000	11	8	label_free_hvg
43	50	30	0.2	8	0.266388449450932	0.49915581431550954	0.0003452764844411658	0.0016933578942667908	-0.018688006326556206	1.6528235201258212	PBMC68k	temp/pbmc68k_data.rds	dca	DCA	42	43	celltype	barcode_suffix	12000	1000	11	8	label_free_hvg
43	50	30	0.5	11	0.2554352014568778	0.47955826553543507	0.0012552546023379813	0.003949189799241216	-0.018688006326556206	1.5057183001190424	PBMC68k	temp/pbmc68k_data.rds	dca	DCA	42	43	celltype	barcode_suffix	12000	1000	11	8	label_free_hvg
43	50	30	1.0	15	0.26178801347376524	0.4413961006857198	0.0009227271936518136	0.0033737834246303847	-0.018688006326556206	1.3638045429252088	PBMC68k	temp/pbmc68k_data.rds	dca	DCA	42	43	celltype	barcode_suffix	12000	1000	11	8	label_free_hvg
43	50	30	1.5	20	0.198624938520946	0.40456349441656503	0.0011710295052883791	0.004014076171896415	-0.018688006326556206	1.2867984920740128	PBMC68k	temp/pbmc68k_data.rds	dca	DCA	42	43	celltype	barcode_suffix	12000	1000	11	8	label_free_hvg
43	50	30	2.0	25	0.15197718619533004	0.38169187962062473	0.0009431152218976978	0.004562085606921963	-0.018688006326556206	1.1995692420750856	PBMC68k	temp/pbmc68k_data.rds	dca	DCA	42	43	celltype	barcode_suffix	12000	1000	11	8	label_free_hvg
43	100	10	0.2	10	0.2354805072226563	0.49479280052253233	0.00032070737280454124	0.0019043780836167073	-0.01832185685634613	0.5352893811650574	PBMC68k	temp/pbmc68k_data.rds	dca	DCA	42	43	celltype	barcode_suffix	12000	1000	11	8	label_free_hvg
43	100	10	0.5	14	0.2761442705152123	0.4611686327606664	0.0006424249064299842	0.002503144528825894	-0.01832185685634613	0.5461180610582232	PBMC68k	temp/pbmc68k_data.rds	dca	DCA	42	43	celltype	barcode_suffix	12000	1000	11	8	label_free_hvg
43	100	10	1.0	22	0.19321008231060605	0.40721853481570736	0.0009764483958814586	0.00408749858389779	-0.01832185685634613	0.5235964320600033	PBMC68k	temp/pbmc68k_data.rds	dca	DCA	42	43	celltype	barcode_suffix	12000	1000	11	8	label_free_hvg
43	100	10	1.5	36	0.14004225584751603	0.3668411121627634	0.0008452295236126742	0.005766420620130286	-0.01832185685634613	0.5141214041505009	PBMC68k	temp/pbmc68k_data.rds	dca	DCA	42	43	celltype	barcode_suffix	12000	1000	11	8	label_free_hvg
43	100	10	2.0	43	0.10769082307269995	0.35198420487315757	0.0009705901994615023	0.00674863903776151	-0.01832185685634613	0.5147405990865082	PBMC68k	temp/pbmc68k_data.rds	dca	DCA	42	43	celltype	barcode_suffix	12000	1000	11	8	label_free_hvg
43	100	15	0.2	9	0.26677910096433993	0.49687522615169605	0.00026002961494107267	0.001736100656785664	-0.01832185685634613	0.7079293830320239	PBMC68k	temp/pbmc68k_data.rds	dca	DCA	42	43	celltype	barcode_suffix	12000	1000	11	8	label_free_hvg
43	100	15	0.5	14	0.2427916151184712	0.45654982980343806	0.0008729500182421958	0.0028798135447446467	-0.01832185685634613	0.714867593953386	PBMC68k	temp/pbmc68k_data.rds	dca	DCA	42	43	celltype	barcode_suffix	12000	1000	11	8	label_free_hvg
43	100	15	1.0	18	0.25696094219748655	0.42531392494816295	0.0007514689995176927	0.0034685138019319487	-0.01832185685634613	0.6790365949273109	PBMC68k	temp/pbmc68k_data.rds	dca	DCA	42	43	celltype	barcode_suffix	12000	1000	11	8	label_free_hvg
43	100	15	1.5	28	0.1601919784515203	0.37975453431742645	0.0007979575384790202	0.005097893961992568	-0.01832185685634613	0.6974370758980513	PBMC68k	temp/pbmc68k_data.rds	dca	DCA	42	43	celltype	barcode_suffix	12000	1000	11	8	label_free_hvg
43	100	15	2.0	35	0.13305001206464576	0.3669966762703174	0.0007856460458072346	0.005622312112740643	-0.01832185685634613	0.6824940210208297	PBMC68k	temp/pbmc68k_data.rds	dca	DCA	42	43	celltype	barcode_suffix	12000	1000	11	8	label_free_hvg
43	100	30	0.2	8	0.2645306154474824	0.4995524647285392	0.0003095325351778525	0.0016606694754132928	-0.01832185685634613	1.481021205894649	PBMC68k	temp/pbmc68k_data.rds	dca	DCA	42	43	celltype	barcode_suffix	12000	1000	11	8	label_free_hvg
43	100	30	0.5	11	0.2970412806144534	0.5024331357037939	0.00016378139187213096	0.0019676784989498403	-0.01832185685634613	1.4385034760925919	PBMC68k	temp/pbmc68k_data.rds	dca	DCA	42	43	celltype	barcode_suffix	12000	1000	11	8	label_free_hvg
43	100	30	1.0	14	0.2679217947779748	0.4517424860801074	0.0006096423761794833	0.0026020128143573575	-0.01832185685634613	1.283063907874748	PBMC68k	temp/pbmc68k_data.rds	dca	DCA	42	43	celltype	barcode_suffix	12000	1000	11	8	label_free_hvg
43	100	30	1.5	22	0.18591147518179046	0.3985204683686603	0.0008517463673042636	0.003954863371854003	-0.01832185685634613	1.2349745200481266	PBMC68k	temp/pbmc68k_data.rds	dca	DCA	42	43	celltype	barcode_suffix	12000	1000	11	8	label_free_hvg
43	100	30	2.0	27	0.1485649876092434	0.3826003383583658	0.0009506548690956099	0.0045286884863480386	-0.01832185685634613	1.2090536430478096	PBMC68k	temp/pbmc68k_data.rds	dca	DCA	42	43	celltype	barcode_suffix	12000	1000	11	8	label_free_hvg
44	20	10	0.2	10	0.2669678706712204	0.5007187240947444	0.0003015301410989814	0.001797005840627143	-0.023063238710165024	0.5039341580122709	PBMC68k	temp/pbmc68k_data.rds	dca	DCA	42	44	celltype	barcode_suffix	12000	1000	11	8	label_free_hvg
44	20	10	0.5	14	0.26244757905013316	0.4587197519024702	0.0011786044589269958	0.003486922686820565	-0.023063238710165024	0.5119522330351174	PBMC68k	temp/pbmc68k_data.rds	dca	DCA	42	44	celltype	barcode_suffix	12000	1000	11	8	label_free_hvg
44	20	10	1.0	24	0.18790385416292618	0.3956140619258661	0.0009464676815979633	0.004463077713173582	-0.023063238710165024	0.49350556801073253	PBMC68k	temp/pbmc68k_data.rds	dca	DCA	42	44	celltype	barcode_suffix	12000	1000	11	8	label_free_hvg
44	20	10	1.5	35	0.12274878240432761	0.3645115013181306	0.0011370431002865574	0.006538301589843015	-0.023063238710165024	0.5008737850002944	PBMC68k	temp/pbmc68k_data.rds	dca	DCA	42	44	celltype	barcode_suffix	12000	1000	11	8	label_free_hvg
44	20	10	2.0	39	0.11165339135910107	0.35896325182760036	0.0006295782387956595	0.006516769485659796	-0.023063238710165024	0.4946453489828855	PBMC68k	temp/pbmc68k_data.rds	dca	DCA	42	44	celltype	barcode_suffix	12000	1000	11	8	label_free_hvg
44	20	15	0.2	9	0.2699465045703206	0.49883374916533	0.00026623413930040716	0.0017536702533130198	-0.023063238710165024	0.6658623209223151	PBMC68k	temp/pbmc68k_data.rds	dca	DCA	42	44	celltype	barcode_suffix	12000	1000	11	8	label_free_hvg
44	20	15	0.5	14	0.24851210372194044	0.45980161491526395	0.0010893270785961953	0.0033612472355858515	-0.023063238710165024	0.6619348421227187	PBMC68k	temp/pbmc68k_data.rds	dca	DCA	42	44	celltype	barcode_suffix	12000	1000	11	8	label_free_hvg
44	20	15	1.0	20	0.2265970373544559	0.4114192908390314	0.001405975347195134	0.004694395237248831	-0.023063238710165024	0.650524752214551	PBMC68k	temp/pbmc68k_data.rds	dca	DCA	42	44	celltype	barcode_suffix	12000	1000	11	8	label_free_hvg
44	20	15	1.5	29	0.13265942354214164	0.3784411968375648	0.001027329122707979	0.0052973255522455525	-0.023063238710165024	0.6529162109363824	PBMC68k	temp/pbmc68k_data.rds	dca	DCA	42	44	celltype	barcode_suffix	12000	1000	11	8	label_free_hvg
44	20	15	2.0	34	0.11813975525419967	0.36640073678086393	0.0010707808063970215	0.005611822561768315	-0.023063238710165024	0.6365151680074632	PBMC68k	temp/pbmc68k_data.rds	dca	DCA	42	44	celltype	barcode_suffix	12000	1000	11	8	label_free_hvg
44	20	30	0.2	8	0.26764885499134944	0.4995965443333479	0.00024001180869462756	0.0015821616311503853	-0.023063238710165024	1.4933294379152358	PBMC68k	temp/pbmc68k_data.rds	dca	DCA	42	44	celltype	barcode_suffix	12000	1000	11	8	label_free_hvg
44	20	30	0.5	11	0.2993709604867074	0.5043102265961535	0.00016079766582293895	0.0019385056843327828	-0.023063238710165024	1.4363333089277148	PBMC68k	temp/pbmc68k_data.rds	dca	DCA	42	44	celltype	barcode_suffix	12000	1000	11	8	label_free_hvg
44	20	30	1.0	15	0.2631439703541583	0.44270731649172185	0.001025965242299419	0.0037054354226377763	-0.023063238710165024	1.263340757926926	PBMC68k	temp/pbmc68k_data.rds	dca	DCA	42	44	celltype	barcode_suffix	12000	1000	11	8	label_free_hvg
44	20	30	1.5	22	0.22368580528527518	0.39920883809709334	0.0009457581052822319	0.004484220793885821	-0.023063238710165024	1.2527039470151067	PBMC68k	temp/pbmc68k_data.rds	dca	DCA	42	44	celltype	barcode_suffix	12000	1000	11	8	label_free_hvg
44	20	30	2.0	28	0.14298261581271385	0.38203724256833654	0.0011827209887952026	0.004961749861999275	-0.023063238710165024	1.2310368719045073	PBMC68k	temp/pbmc68k_data.rds	dca	DCA	42	44	celltype	barcode_suffix	12000	1000	11	8	label_free_hvg
44	50	10	0.2	10	0.266732197786483	0.5004719791306411	0.0002875210801033693	0.0018015342389964305	-0.02100428193807602	0.5218546679243445	PBMC68k	temp/pbmc68k_data.rds	dca	DCA	42	44	celltype	barcode_suffix	12000	1000	11	8	label_free_hvg
44	50	10	0.5	14	0.24297577545460777	0.45907978399950716	0.0008713886302915034	0.002988284614629559	-0.02100428193807602	0.5190434798132628	PBMC68k	temp/pbmc68k_data.rds	dca	DCA	42	44	celltype	barcode_suffix	12000	1000	11	8	label_free_hvg
44	50	10	1.0	23	0.1891316169570647	0.40113442602007443	0.0009801255546839642	0.004198655823110689	-0.02100428193807602	0.5308131610509008	PBMC68k	temp/pbmc68k_data.rds	dca	DCA	42	44	celltype	barcode_suffix	12000	1000	11	8	label_free_hvg
44	50	10	1.5	31	0.1491938277549311	0.376789030501972	0.000870382833358293	0.005943798471272895	-0.02100428193807602	0.5080780398566276	PBMC68k	temp/pbmc68k_data.rds	dca	DCA	42	44	celltype	barcode_suffix	12000	1000	11	8	label_free_hvg
44	50	10	2.0	41	0.10638853539605224	0.3539002233187305	0.000883917331619596	0.006257089276852061	-0.02100428193807602	0.5198336681351066	PBMC68k	temp/pbmc68k_data.rds	dca	DCA	42	44	celltype	barcode_suffix	12000	1000	11	8	label_free_hvg
44	50	15	0.2	10	0.26841387168425684	0.49913816788198634	0.00025597802072268346	0.001770410666187419	-0.02100428193807602	0.7060742140747607	PBMC68k	temp/pbmc68k_data.rds	dca	DCA	42	44	celltype	barcode_suffix	12000	1000	11	8	label_free_hvg
44	50	15	0.5	14	0.25048880364622433	0.45660759178230803	0.0008837490044992976	0.0028227510023254316	-0.02100428193807602	0.7237750189378858	PBMC68k	temp/pbmc68k_data.rds	dca	DCA	42	44	celltype	barcode_suffix	12000	1000	11	8	label_free_hvg
44	50	15	1.0	18	0.2497303822131835	0.4271934816017235	0.000996649915254526	0.0035096775457475167	-0.02100428193807602	0.6957185659557581	PBMC68k	temp/pbmc68k_data.rds	dca	DCA	42	44	celltype	barcode_suffix	12000	1000	11	8	label_free_hvg
44	50	15	1.5	26	0.16938028392143	0.38731922167447397	0.0008479107972881552	0.004551708725931522	-0.02100428193807602	0.6877623978070915	PBMC68k	temp/pbmc68k_data.rds	dca	DCA	42	44	celltype	barcode_suffix	12000	1000	11	8	label_free_hvg
44	50	15	2.0	36	0.11554300799284477	0.36118232286081753	0.0008364234529783532	0.005625999001298065	-0.02100428193807602	0.6890867510810494	PBMC68k	temp/pbmc68k_data.rds	dca	DCA	42	44	celltype	barcode_suffix	12000	1000	11	8	label_free_hvg
44	50	30	0.2	8	0.2662641323066435	0.49868048202178894	0.00034695010856110407	0.0016832985430840519	-0.02100428193807602	1.6064675978850573	PBMC68k	temp/pbmc68k_data.rds	dca	DCA	42	44	celltype	barcode_suffix	12000	1000	11	8	label_free_hvg
44	50	30	0.5	10	0.25424199685319493	0.5105154665079268	0.0003635910022018614	0.001898804304057899	-0.02100428193807602	1.2592923718038946	PBMC68k	temp/pbmc68k_data.rds	dca	DCA	42	44	celltype	barcode_suffix	12000	1000	11	8	label_free_hvg
44	50	30	1.0	16	0.2568895527014357	0.4373370955212138	0.0009063335439438044	0.0030209050942559094	-0.02100428193807602	1.2571664368733764	PBMC68k	temp/pbmc68k_data.rds	dca	DCA	42	44	celltype	barcode_suffix	12000	1000	11	8	label_free_hvg
44	50	30	1.5	20	0.20087712578922998	0.40666020470200964	0.0011597192175161304	0.004195287551204513	-0.02100428193807602	1.2541429090779275	PBMC68k	temp/pbmc68k_data.rds	dca	DCA	42	44	celltype	barcode_suffix	12000	1000	11	8	label_free_hvg
44	50	30	2.0	25	0.15721486413415142	0.38759608374064874	0.0009389027340860372	0.004382223779321232	-0.02100428193807602	1.2396086631342769	PBMC68k	temp/pbmc68k_data.rds	dca	DCA	42	44	celltype	barcode_suffix	12000	1000	11	8	label_free_hvg
44	100	10	0.2	10	0.2725812247807924	0.49658562811137785	0.0002579905338388215	0.0017570358222970973	-0.020589321851730347	0.5635211421176791	PBMC68k	temp/pbmc68k_data.rds	dca	DCA	42	44	celltype	barcode_suffix	12000	1000	11	8	label_free_hvg
44	100	10	0.5	14	0.24907617466325246	0.4550967275691171	0.0008621494185277254	0.0027124962375456576	-0.020589321851730347	0.5626374031417072	PBMC68k	temp/pbmc68k_data.rds	dca	DCA	42	44	celltype	barcode_suffix	12000	1000	11	8	label_free_hvg
44	100	10	1.0	22	0.19019122055260815	0.403650347046204	0.0007073954124021856	0.003757344028421439	-0.020589321851730347	0.5374074180144817	PBMC68k	temp/pbmc68k_data.rds	dca	DCA	42	44	celltype	barcode_suffix	12000	1000	11	8	label_free_hvg
44	100	10	1.5	32	0.1517308486151736	0.3727982487415911	0.0008977551600951715	0.00522435792696062	-0.020589321851730347	0.5207631611265242	PBMC68k	temp/pbmc68k_data.rds	dca	DCA	42	44	celltype	barcode_suffix	12000	1000	11	8	label_free_hvg
44	100	10	2.0	41	0.11514905844904036	0.3538531249099392	0.0007898073146203734	0.006045235228768704	-0.020589321851730347	0.5224356967955828	PBMC68k	temp/pbmc68k_data.rds	dca	DCA	42	44	celltype	barcode_suffix	12000	1000	11	8	label_free_hvg
44	100	15	0.2	10	0.26743717559266317	0.49984631771012705	0.00024872061105357977	0.0017467830616115494	-0.020589321851730347	0.7037287501152605	PBMC68k	temp/pbmc68k_data.rds	dca	DCA	42	44	celltype	barcode_suffix	12000	1000	11	8	label_free_hvg
44	100	15	0.5	14	0.2967884703566009	0.5038186133783259	0.0001907246122981189	0.003721161468705425	-0.020589321851730347	0.7075922519434243	PBMC68k	temp/pbmc68k_data.rds	dca	DCA	42	44	celltype	barcode_suffix	12000	1000	11	8	label_free_hvg
44	100	15	1.0	18	0.24978212809133604	0.4200255890828572	0.0009172219762300956	0.003907778154005875	-0.020589321851730347	0.694120388943702	PBMC68k	temp/pbmc68k_data.rds	dca	DCA	42	44	celltype	barcode_suffix	12000	1000	11	8	label_free_hvg
44	100	15	1.5	27	0.17071259623853718	0.38531022965138934	0.0008538456770163841	0.004751407105979085	-0.020589321851730347	0.6763049899600446	PBMC68k	temp/pbmc68k_data.rds	dca	DCA	42	44	celltype	barcode_suffix	12000	1000	11	8	label_free_hvg
44	100	15	2.0	36	0.11564658059952539	0.36247982355345704	0.0008121875141259196	0.0059308733049182405	-0.020589321851730347	0.7001026580110192	PBMC68k	temp/pbmc68k_data.rds	dca	DCA	42	44	celltype	barcode_suffix	12000	1000	11	8	label_free_hvg
44	100	30	0.2	8	0.2648729352589435	0.49901062844969996	0.00033899850438588654	0.0016997366400431223	-0.020589321851730347	1.5193954249843955	PBMC68k	temp/pbmc68k_data.rds	dca	DCA	42	44	celltype	barcode_suffix	12000	1000	11	8	label_free_hvg
44	100	30	0.5	10	0.2560408554851853	0.5105906262051603	0.0003547726268492169	0.0019730872501650593	-0.020589321851730347	1.4925668220967054	PBMC68k	temp/pbmc68k_data.rds	dca	DCA	42	44	celltype	barcode_suffix	12000	1000	11	8	label_free_hvg
44	100	30	1.0	15	0.2622276518108332	0.4395115208777042	0.0008754110746419702	0.0032770464219885487	-0.020589321851730347	1.3808506100904197	PBMC68k	temp/pbmc68k_data.rds	dca	DCA	42	44	celltype	barcode_suffix	12000	1000	11	8	label_free_hvg
44	100	30	1.5	20	0.192425442758934	0.4061225079236838	0.0007988204117939036	0.0037110836359750712	-0.020589321851730347	1.297270756913349	PBMC68k	temp/pbmc68k_data.rds	dca	DCA	42	44	celltype	barcode_suffix	12000	1000	11	8	label_free_hvg
44	100	30	2.0	25	0.16294055474289776	0.3908301690830642	0.0007093377292323094	0.004183292868890767	-0.020589321851730347	1.3125928761437535	PBMC68k	temp/pbmc68k_data.rds	dca	DCA	42	44	celltype	barcode_suffix	12000	1000	11	8	label_free_hvg
45	20	10	0.2	10	0.2659897468514207	0.501373058346437	0.00032428130603267847	0.0018449193581645167	-0.020488593727350235	0.5111367858480662	PBMC68k	temp/pbmc68k_data.rds	dca	DCA	42	45	celltype	barcode_suffix	12000	1000	11	8	label_free_hvg
45	20	10	0.5	14	0.25066965366447985	0.4623527229798264	0.0013064597036301698	0.003638695072784424	-0.020488593727350235	0.5158578029368073	PBMC68k	temp/pbmc68k_data.rds	dca	DCA	42	45	celltype	barcode_suffix	12000	1000	11	8	label_free_hvg
45	20	10	1.0	24	0.17367021822703588	0.3984681633292992	0.001393362558750133	0.005070365765743952	-0.020488593727350235	0.5065345067996532	PBMC68k	temp/pbmc68k_data.rds	dca	DCA	42	45	celltype	barcode_suffix	12000	1000	11	8	label_free_hvg
45	20	10	1.5	33	0.12717528981797885	0.3701877022296145	0.0010949621017802597	0.00579597770546902	-0.020488593727350235	0.5013058548793197	PBMC68k	temp/pbmc68k_data.rds	dca	DCA	42	45	celltype	barcode_suffix	12000	1000	11	8	label_free_hvg
45	20	10	2.0	39	0.11446018326332573	0.36049425050230494	0.0009006570369241442	0.006416140403880255	-0.020488593727350235	0.4960300859529525	PBMC68k	temp/pbmc68k_data.rds	dca	DCA	42	45	celltype	barcode_suffix	12000	1000	11	8	label_free_hvg
45	20	15	0.2	9	0.26830240515802073	0.4984240136437912	0.00028170236627272303	0.0017962700055084773	-0.020488593727350235	0.6587321020197123	PBMC68k	temp/pbmc68k_data.rds	dca	DCA	42	45	celltype	barcode_suffix	12000	1000	11	8	label_free_hvg
45	20	15	0.5	14	0.282983948426063	0.46608567149986396	0.0009933639170149062	0.003052889247122305	-0.020488593727350235	0.6559120649471879	PBMC68k	temp/pbmc68k_data.rds	dca	DCA	42	45	celltype	barcode_suffix	12000	1000	11	8	label_free_hvg
45	20	15	1.0	17	0.2655456331458699	0.43041316373815747	0.001149937934494881	0.004003827936116548	-0.020488593727350235	0.6606328629422933	PBMC68k	temp/pbmc68k_data.rds	dca	DCA	42	45	celltype	barcode_suffix	12000	1000	11	8	label_free_hvg
45	20	15	1.5	28	0.13854504500170503	0.3804523677854818	0.000921124818835238	0.004897582067797742	-0.020488593727350235	0.6449083189945668	PBMC68k	temp/pbmc68k_data.rds	dca	DCA	42	45	celltype	barcode_suffix	12000	1000	11	8	label_free_hvg
45	20	15	2.0	35	0.11795157740669869	0.3675981127198079	0.0008108490072023101	0.00624226583341533	-0.020488593727350235	0.6494496939703822	PBMC68k	temp/pbmc68k_data.rds	dca	DCA	42	45	celltype	barcode_suffix	12000	1000	11	8	label_free_hvg
45	20	30	0.2	8	0.2706809844561602	0.49876224770076866	0.0002028461817600434	0.0015630180242910856	-0.020488593727350235	1.384214963996783	PBMC68k	temp/pbmc68k_data.rds	dca	DCA	42	45	celltype	barcode_suffix	12000	1000	11	8	label_free_hvg
45	20	30	0.5	11	0.255498097151941	0.4736220658886853	0.0013087389183440849	0.0036647220435809314	-0.020488593727350235	1.26438487903215	PBMC68k	temp/pbmc68k_data.rds	dca	DCA	42	45	celltype	barcode_suffix	12000	1000	11	8	label_free_hvg
45	20	30	1.0	15	0.2576664826715801	0.43760438582490935	0.0011172458558708223	0.0036064029271510823	-0.020488593727350235	1.206904302118346	PBMC68k	temp/pbmc68k_data.rds	dca	DCA	42	45	celltype	barcode_suffix	12000	1000	11	8	label_free_hvg
45	20	30	1.5	19	0.18964174285946897	0.4127689721078959	0.0011410851760388552	0.0038813091873951483	-0.020488593727350235	1.1777152770664543	PBMC68k	temp/pbmc68k_data.rds	dca	DCA	42	45	celltype	barcode_suffix	12000	1000	11	8	label_free_hvg
45	20	30	2.0	27	0.14077141811074567	0.37934737065190205	0.0011233780661997735	0.0048948606094903315	-0.020488593727350235	1.2086666419636458	PBMC68k	temp/pbmc68k_data.rds	dca	DCA	42	45	celltype	barcode_suffix	12000	1000	11	8	label_free_hvg
45	50	10	0.2	10	0.26811623022928177	0.5006172245768216	0.00027508336987337967	0.0017710906500181729	-0.018274594098329544	0.557189665036276	PBMC68k	temp/pbmc68k_data.rds	dca	DCA	42	45	celltype	barcode_suffix	12000	1000	11	8	label_free_hvg
45	50	10	0.5	14	0.2790460783396227	0.4630527447242681	0.0008073103682158999	0.002905653264927729	-0.018274594098329544	0.5395290481392294	PBMC68k	temp/pbmc68k_data.rds	dca	DCA	42	45	celltype	barcode_suffix	12000	1000	11	8	label_free_hvg
45	50	10	1.0	22	0.2072690550268127	0.4049513547891687	0.0006393645581929374	0.003979157576556532	-0.018274594098329544	0.5175109729170799	PBMC68k	temp/pbmc68k_data.rds	dca	DCA	42	45	celltype	barcode_suffix	12000	1000	11	8	label_free_hvg
45	50	10	1.5	35	0.15071598865033708	0.37375731085500896	0.0011022126243144922	0.005861307706425146	-0.018274594098329544	0.5136156571097672	PBMC68k	temp/pbmc68k_data.rds	dca	DCA	42	45	celltype	barcode_suffix	12000	1000	11	8	label_free_hvg
45	50	10	2.0	44	0.10464852261193537	0.3511590949020581	0.0008649430181237318	0.007058809965330843	-0.018274594098329544	0.5144339280668646	PBMC68k	temp/pbmc68k_data.rds	dca	DCA	42	45	celltype	barcode_suffix	12000	1000	11	8	label_free_hvg
45	50	15	0.2	10	0.2690551406248248	0.49907670575628965	0.00026628600747136415	0.0017498871827216537	-0.018274594098329544	0.6882888730615377	PBMC68k	temp/pbmc68k_data.rds	dca	DCA	42	45	celltype	barcode_suffix	12000	1000	11	8	label_free_hvg
45	50	15	0.5	14	0.24575319675909685	0.4634715139124142	0.0009243054068118313	0.0031845453897165164	-0.018274594098329544	0.6881811739876866	PBMC68k	temp/pbmc68k_data.rds	dca	DCA	42	45	celltype	barcode_suffix	12000	1000	11	8	label_free_hvg
45	50	15	1.0	18	0.21388605513782594	0.42244937550000367	0.0007225097706509974	0.0031378625840561953	-0.018274594098329544	0.6774842159356922	PBMC68k	temp/pbmc68k_data.rds	dca	DCA	42	45	celltype	barcode_suffix	12000	1000	11	8	label_free_hvg
45	50	15	1.5	26	0.1590289707504291	0.3853097279664218	0.000876259783754209	0.004728182944389362	-0.018274594098329544	0.6686526180710644	PBMC68k	temp/pbmc68k_data.rds	dca	DCA	42	45	celltype	barcode_suffix	12000	1000	11	8	label_free_hvg
45	50	15	2.0	34	0.13579506008198966	0.3663704440547475	0.0007109017199970052	0.005454347373519383	-0.018274594098329544	0.685269121080637	PBMC68k	temp/pbmc68k_data.rds	dca	DCA	42	45	celltype	barcode_suffix	12000	1000	11	8	label_free_hvg
45	50	30	0.2	8	0.26581054901004236	0.49911906828048647	0.00031913804339349605	0.0016725221917288017	-0.018274594098329544	1.5427580319810659	PBMC68k	temp/pbmc68k_data.rds	dca	DCA	42	45	celltype	barcode_suffix	12000	1000	11	8	label_free_hvg
45	50	30	0.5	10	0.25760881600016355	0.5077648067366669	0.0003075695975782903	0.0019198866588670755	-0.018274594098329544	1.3541484421584755	PBMC68k	temp/pbmc68k_data.rds	dca	DCA	42	45	celltype	barcode_suffix	12000	1000	11	8	label_free_hvg
45	50	30	1.0	14	0.25774639305122404	0.4526631587828408	0.000929899069765214	0.003030483612478252	-0.018274594098329544	1.233665743842721	PBMC68k	temp/pbmc68k_data.rds	dca	DCA	42	45	celltype	barcode_suffix	12000	1000	11	8	label_free_hvg
45	50	30	1.5	19	0.19392235626984067	0.4113323847631866	0.001045080647109819	0.0036748969386397644	-0.018274594098329544	1.2893941518850625	PBMC68k	temp/pbmc68k_data.rds	dca	DCA	42	45	celltype	barcode_suffix	12000	1000	11	8	label_free_hvg
45	50	30	2.0	26	0.15731985859457068	0.3829659549367879	0.0011039634956940673	0.004920119193773234	-0.018274594098329544	1.1828976799733937	PBMC68k	temp/pbmc68k_data.rds	dca	DCA	42	45	celltype	barcode_suffix	12000	1000	11	8	label_free_hvg
45	100	10	0.2	10	0.24263399408266098	0.4969239148936736	0.00034747232707877925	0.0019290452965836302	-0.01784825138747692	0.5206834061536938	PBMC68k	temp/pbmc68k_data.rds	dca	DCA	42	45	celltype	barcode_suffix	12000	1000	11	8	label_free_hvg
45	100	10	0.5	14	0.23441770835081388	0.45273738703441435	0.0010793661052555276	0.0030031527348858803	-0.01784825138747692	0.5188389059621841	PBMC68k	temp/pbmc68k_data.rds	dca	DCA	42	45	celltype	barcode_suffix	12000	1000	11	8	label_free_hvg
45	100	10	1.0	21	0.18570061059373733	0.4040884056824943	0.00104670834806016	0.0038883689857798945	-0.01784825138747692	0.5191791059914976	PBMC68k	temp/pbmc68k_data.rds	dca	DCA	42	45	celltype	barcode_suffix	12000	1000	11	8	label_free_hvg
45	100	10	1.5	32	0.15309624605329897	0.3740450277250591	0.0008124240334432864	0.00499410651319948	-0.01784825138747692	0.5178331648930907	PBMC68k	temp/pbmc68k_data.rds	dca	DCA	42	45	celltype	barcode_suffix	12000	1000	11	8	label_free_hvg
45	100	10	2.0	44	0.10079181831407841	0.3460616876620923	0.0008824053674453921	0.0070707367721227835	-0.01784825138747692	0.51442322996445	PBMC68k	temp/pbmc68k_data.rds	dca	DCA	42	45	celltype	barcode_suffix	12000	1000	11	8	label_free_hvg
45	100	15	0.2	9	0.2676000264612455	0.4955427147014134	0.0002660960758230144	0.0017419218064745137	-0.01784825138747692	0.6969006638973951	PBMC68k	temp/pbmc68k_data.rds	dca	DCA	42	45	celltype	barcode_suffix	12000	1000	11	8	label_free_hvg
45	100	15	0.5	14	0.2554050461422211	0.4558258373773769	0.0010374891386776758	0.003000674580589777	-0.01784825138747692	0.7226282129995525	PBMC68k	temp/pbmc68k_data.rds	dca	DCA	42	45	celltype	barcode_suffix	12000	1000	11	8	label_free_hvg
45	100	15	1.0	18	0.25637567149112184	0.42249123880334144	0.0010621239720729524	0.003905560176656689	-0.01784825138747692	0.675367838004604	PBMC68k	temp/pbmc68k_data.rds	dca	DCA	42	45	celltype	barcode_suffix	12000	1000	11	8	label_free_hvg
45	100	15	1.5	25	0.17248537664114102	0.3905791622726303	0.0009088532220484795	0.004629327228496746	-0.01784825138747692	0.6661166781559587	PBMC68k	temp/pbmc68k_data.rds	dca	DCA	42	45	celltype	barcode_suffix	12000	1000	11	8	label_free_hvg
45	100	15	2.0	33	0.12790182732776678	0.3662403808762887	0.0007707970373771252	0.005175351004641688	-0.01784825138747692	0.672784652095288	PBMC68k	temp/pbmc68k_data.rds	dca	DCA	42	45	celltype	barcode_suffix	12000	1000	11	8	label_free_hvg
45	100	30	0.2	8	0.2646195458234324	0.4991584847291458	0.0002900743309274218	0.0016335079563352935	-0.01784825138747692	1.469182722037658	PBMC68k	temp/pbmc68k_data.rds	dca	DCA	42	45	celltype	barcode_suffix	12000	1000	11	8	label_free_hvg
45	100	30	0.5	11	0.3040998621716487	0.5010393333139318	0.00012577364921029363	0.0020638760335604574	-0.01784825138747692	1.536676965886727	PBMC68k	temp/pbmc68k_data.rds	dca	DCA	42	45	celltype	barcode_suffix	12000	1000	11	8	label_free_hvg
45	100	30	1.0	15	0.258296786593377	0.4370946380827923	0.0009582494937934406	0.003732577671856928	-0.01784825138747692	1.3028966679703444	PBMC68k	temp/pbmc68k_data.rds	dca	DCA	42	45	celltype	barcode_suffix	12000	1000	11	8	label_free_hvg
45	100	30	1.5	21	0.19916228062869237	0.40524318610396326	0.00117638627667108	0.004077912218229287	-0.01784825138747692	1.2806528890505433	PBMC68k	temp/pbmc68k_data.rds	dca	DCA	42	45	celltype	barcode_suffix	12000	1000	11	8	label_free_hvg
45	100	30	2.0	25	0.1598575616691673	0.38528532315155156	0.0009633121726391598	0.00462459410743481	-0.01784825138747692	1.2766463910229504	PBMC68k	temp/pbmc68k_data.rds	dca	DCA	42	45	celltype	barcode_suffix	12000	1000	11	8	label_free_hvg
46	20	10	0.2	10	0.2691741720104787	0.5004588655857073	0.00029845071353004567	0.0017925650261228273	-0.017248790711164474	0.520590198924765	PBMC68k	temp/pbmc68k_data.rds	dca	DCA	42	46	celltype	barcode_suffix	12000	1000	11	8	label_free_hvg
46	20	10	0.5	14	0.24937734316089882	0.45908685127198023	0.000880283199464781	0.0029215669031446754	-0.017248790711164474	0.5111303990706801	PBMC68k	temp/pbmc68k_data.rds	dca	DCA	42	46	celltype	barcode_suffix	12000	1000	11	8	label_free_hvg
46	20	10	1.0	23	0.19553858973585603	0.40113010073314803	0.0011521667787402156	0.005092120642879264	-0.017248790711164474	0.5059903908986598	PBMC68k	temp/pbmc68k_data.rds	dca	DCA	42	46	celltype	barcode_suffix	12000	1000	11	8	label_free_hvg
46	20	10	1.5	31	0.12577186105366653	0.3727321336506403	0.0010385469789881863	0.005324339720846678	-0.017248790711164474	0.513832377968356	PBMC68k	temp/pbmc68k_data.rds	dca	DCA	42	46	celltype	barcode_suffix	12000	1000	11	8	label_free_hvg
46	20	10	2.0	41	0.10871538900162522	0.35476168308904865	0.0008031259599416122	0.0071303523461888774	-0.017248790711164474	0.4994489911478013	PBMC68k	temp/pbmc68k_data.rds	dca	DCA	42	46	celltype	barcode_suffix	12000	1000	11	8	label_free_hvg
46	20	15	0.2	9	0.26905404321040616	0.49738343838327015	0.0002885038407539484	0.0017672619120823693	-0.017248790711164474	0.6752583598718047	PBMC68k	temp/pbmc68k_data.rds	dca	DCA	42	46	celltype	barcode_suffix	12000	1000	11	8	label_free_hvg
46	20	15	0.5	14	0.3047751425887039	0.4735227643184999	0.0012148388756048206	0.003958676342011546	-0.017248790711164474	0.6608749509323388	PBMC68k	temp/pbmc68k_data.rds	dca	DCA	42	46	celltype	barcode_suffix	12000	1000	11	8	label_free_hvg
46	20	15	1.0	20	0.19139091159446034	0.4117168395161757	0.0012068242186393234	0.0041538218962973526	-0.017248790711164474	0.6612744349986315	PBMC68k	temp/pbmc68k_data.rds	dca	DCA	42	46	celltype	barcode_suffix	12000	1000	11	8	label_free_hvg
46	20	15	1.5	30	0.12664929874494385	0.37458675336396696	0.0009471064225983256	0.005341919800361723	-0.017248790711164474	0.6425842351745814	PBMC68k	temp/pbmc68k_data.rds	dca	DCA	42	46	celltype	barcode_suffix	12000	1000	11	8	label_free_hvg
46	20	15	2.0	35	0.11501133884035587	0.36347283973036676	0.0008199895598182851	0.005679671527538084	-0.017248790711164474	0.643585650017485	PBMC68k	temp/pbmc68k_data.rds	dca	DCA	42	46	celltype	barcode_suffix	12000	1000	11	8	label_free_hvg
46	20	30	0.2	8	0.2707893765373597	0.4987023698196881	0.00022805980628732542	0.0016157993377781757	-0.017248790711164474	1.349556394154206	PBMC68k	temp/pbmc68k_data.rds	dca	DCA	42	46	celltype	barcode_suffix	12000	1000	11	8	label_free_hvg
46	20	30	0.5	12	0.25598958229957813	0.4592775171834169	0.0010667218321439402	0.0030048060246044015	-0.017248790711164474	1.366563092917204	PBMC68k	temp/pbmc68k_data.rds	dca	DCA	42	46	celltype	barcode_suffix	12000	1000	11	8	label_free_hvg
46	20	30	1.0	14	0.273024486603277	0.4521395177542349	0.0012965361640205468	0.0036254145623101585	-0.017248790711164474	1.2442810169886798	PBMC68k	temp/pbmc68k_data.rds	dca	DCA	42	46	celltype	barcode_suffix	12000	1000	11	8	label_free_hvg
46	20	30	1.5	21	0.173346455722234	0.40247137588795	0.0013287715789558605	0.004323416902298274	-0.017248790711164474	1.1769379370380193	PBMC68k	temp/pbmc68k_data.rds	dca	DCA	42	46	celltype	barcode_suffix	12000	1000	11	8	label_free_hvg
46	20	30	2.0	27	0.14609381995330178	0.38247708481223036	0.001186734024078972	0.005052640049034175	-0.017248790711164474	1.16262751002796	PBMC68k	temp/pbmc68k_data.rds	dca	DCA	42	46	celltype	barcode_suffix	12000	1000	11	8	label_free_hvg
46	50	10	0.2	10	0.24505442671072974	0.4970201375106177	0.0003356054309644544	0.0019132926774551872	-0.015783041715621948	0.5226687050890177	PBMC68k	temp/pbmc68k_data.rds	dca	DCA	42	46	celltype	barcode_suffix	12000	1000	11	8	label_free_hvg
46	50	10	0.5	14	0.2391587021486746	0.4622709062300439	0.0012369443301422367	0.0037763871836324417	-0.015783041715621948	0.530777056934312	PBMC68k	temp/pbmc68k_data.rds	dca	DCA	42	46	celltype	barcode_suffix	12000	1000	11	8	label_free_hvg
46	50	10	1.0	23	0.19418541954097376	0.40337597148257437	0.001176998405967074	0.004678968839215336	-0.015783041715621948	0.5163771829102188	PBMC68k	temp/pbmc68k_data.rds	dca	DCA	42	46	celltype	barcode_suffix	12000	1000	11	8	label_free_hvg
46	50	10	1.5	36	0.12959679858710677	0.362892061301816	0.0009828595869386296	0.0056463854870930355	-0.015783041715621948	0.5221231519244611	PBMC68k	temp/pbmc68k_data.rds	dca	DCA	42	46	celltype	barcode_suffix	12000	1000	11	8	label_free_hvg
46	50	10	2.0	45	0.10281420772811133	0.35087382531873623	0.0007800795689778411	0.006873250796484943	-0.015783041715621948	0.5181630561128259	PBMC68k	temp/pbmc68k_data.rds	dca	DCA	42	46	celltype	barcode_suffix	12000	1000	11	8	label_free_hvg
46	50	15	0.2	10	0.26894062328975277	0.4995446704630802	0.0002123248182884682	0.001702871305797574	-0.015783041715621948	0.7180061568506062	PBMC68k	temp/pbmc68k_data.rds	dca	DCA	42	46	celltype	barcode_suffix	12000	1000	11	8	label_free_hvg
46	50	15	0.5	14	0.2779350452398257	0.4663469427713335	0.0005964587161392113	0.0025230678783438438	-0.015783041715621948	0.7079588288906962	PBMC68k	temp/pbmc68k_data.rds	dca	DCA	42	46	celltype	barcode_suffix	12000	1000	11	8	label_free_hvg
46	50	15	1.0	20	0.25241787439548996	0.42590920837087454	0.0007543590741886201	0.003449381578694396	-0.015783041715621948	0.672157621011138	PBMC68k	temp/pbmc68k_data.rds	dca	DCA	42	46	celltype	barcode_suffix	12000	1000	11	8	label_free_hvg
46	50	15	1.5	26	0.16487366685479612	0.3866170717714986	0.0009356998821330434	0.004786033506465463	-0.015783041715621948	0.671712830895558	PBMC68k	temp/pbmc68k_data.rds	dca	DCA	42	46	celltype	barcode_suffix	12000	1000	11	8	label_free_hvg
46	50	15	2.0	38	0.12187583934237073	0.36215887911360645	0.000749064716237835	0.006100557740683538	-0.015783041715621948	0.6564895750489086	PBMC68k	temp/pbmc68k_data.rds	dca	DCA	42	46	celltype	barcode_suffix	12000	1000	11	8	label_free_hvg
46	50	30	0.2	8	0.266458350644674	0.4988194334748425	0.0003229680239004962	0.0016859886062840462	-0.015783041715621948	1.4975369269959629	PBMC68k	temp/pbmc68k_data.rds	dca	DCA	42	46	celltype	barcode_suffix	12000	1000	11	8	label_free_hvg
46	50	30	0.5	10	0.25746971835569876	0.510017915956094	0.00030238806922978554	0.0019429258508067999	-0.015783041715621948	1.4049129399936646	PBMC68k	temp/pbmc68k_data.rds	dca	DCA	42	46	celltype	barcode_suffix	12000	1000	11	8	label_free_hvg
46	50	30	1.0	15	0.2596384910325049	0.43922960242154996	0.0008854614327965463	0.0031714628086199487	-0.015783041715621948	1.2576407599262893	PBMC68k	temp/pbmc68k_data.rds	dca	DCA	42	46	celltype	barcode_suffix	12000	1000	11	8	label_free_hvg
46	50	30	1.5	19	0.1850908405491209	0.4077482628578291	0.0011354480417467656	0.004237179241413837	-0.015783041715621948	1.2687173679005355	PBMC68k	temp/pbmc68k_data.rds	dca	DCA	42	46	celltype	barcode_suffix	12000	1000	11	8	label_free_hvg
46	50	30	2.0	26	0.14861972019067488	0.3835278361336141	0.0008430948904550872	0.00437948335302	-0.015783041715621948	1.2148841489106417	PBMC68k	temp/pbmc68k_data.rds	dca	DCA	42	46	celltype	barcode_suffix	12000	1000	11	8	label_free_hvg
46	100	10	0.2	10	0.26754802082849927	0.4985848761744975	0.00024526661453556204	0.0017559203776498812	-0.015481695532798767	0.5363548120949417	PBMC68k	temp/pbmc68k_data.rds	dca	DCA	42	46	celltype	barcode_suffix	12000	1000	11	8	label_free_hvg
46	100	10	0.5	14	0.2907059176958916	0.46725206400381886	0.001033825156488174	0.0033846512116009002	-0.015481695532798767	0.5288860839791596	PBMC68k	temp/pbmc68k_data.rds	dca	DCA	42	46	celltype	barcode_suffix	12000	1000	11	8	label_free_hvg
46	100	10	1.0	19	0.22751123937053871	0.4163364427301461	0.0012199877250933656	0.003948021373928838	-0.015481695532798767	0.5311849568970501	PBMC68k	temp/pbmc68k_data.rds	dca	DCA	42	46	celltype	barcode_suffix	12000	1000	11	8	label_free_hvg
46	100	10	1.5	34	0.14137703434436746	0.3678069144169302	0.0009018090033874104	0.005661425313462946	-0.015481695532798767	0.5144486408680677	PBMC68k	temp/pbmc68k_data.rds	dca	DCA	42	46	celltype	barcode_suffix	12000	1000	11	8	label_free_hvg
46	100	10	2.0	45	0.10660091982352056	0.3490190324095898	0.0008752270920215899	0.006945748336457252	-0.015481695532798767	0.516753977863118	PBMC68k	temp/pbmc68k_data.rds	dca	DCA	42	46	celltype	barcode_suffix	12000	1000	11	8	label_free_hvg
46	100	15	0.2	10	0.27108083678038614	0.499309551185552	0.0002623907906392535	0.0017434111157981	-0.015481695532798767	0.7202302061486989	PBMC68k	temp/pbmc68k_data.rds	dca	DCA	42	46	celltype	barcode_suffix	12000	1000	11	8	label_free_hvg
46	100	15	0.5	14	0.29917648980817935	0.4687777261359855	0.0010549320272788775	0.0034074200208709183	-0.015481695532798767	0.7088573519140482	PBMC68k	temp/pbmc68k_data.rds	dca	DCA	42	46	celltype	barcode_suffix	12000	1000	11	8	label_free_hvg
46	100	15	1.0	18	0.2196138450704463	0.418879255741818	0.0009006438440977004	0.003429387851727595	-0.015481695532798767	0.688077042112127	PBMC68k	temp/pbmc68k_data.rds	dca	DCA	42	46	celltype	barcode_suffix	12000	1000	11	8	label_free_hvg
46	100	15	1.5	26	0.16490813430014742	0.3866740653503136	0.00081958541480752	0.004725046567093649	-0.015481695532798767	0.6748310381080955	PBMC68k	temp/pbmc68k_data.rds	dca	DCA	42	46	celltype	barcode_suffix	12000	1000	11	8	label_free_hvg
46	100	15	2.0	37	0.13283782721877282	0.3693984334833308	0.0009600613321952926	0.006091122684459295	-0.015481695532798767	0.6640292999800295	PBMC68k	temp/pbmc68k_data.rds	dca	DCA	42	46	celltype	barcode_suffix	12000	1000	11	8	label_free_hvg
46	100	30	0.2	8	0.26525390810873517	0.4997016189049505	0.00031137516934373946	0.0016454348513820574	-0.015481695532798767	1.5461166631430387	PBMC68k	temp/pbmc68k_data.rds	dca	DCA	42	46	celltype	barcode_suffix	12000	1000	11	8	label_free_hvg
46	100	30	0.5	11	0.2997516614607285	0.503518485128352	0.00013323954698233334	0.002000914460987857	-0.015481695532798767	1.543077853973955	PBMC68k	temp/pbmc68k_data.rds	dca	DCA	42	46	celltype	barcode_suffix	12000	1000	11	8	label_free_hvg
46	100	30	1.0	15	0.2611297797325152	0.4447986766404552	0.0008539902899880914	0.002992508938139716	-0.015481695532798767	1.3370099731255323	PBMC68k	temp/pbmc68k_data.rds	dca	DCA	42	46	celltype	barcode_suffix	12000	1000	11	8	label_free_hvg
46	100	30	1.5	19	0.2454006880943035	0.4159063221349236	0.0006951652989500982	0.0034852673657512676	-0.015481695532798767	1.2892362079583108	PBMC68k	temp/pbmc68k_data.rds	dca	DCA	42	46	celltype	barcode_suffix	12000	1000	11	8	label_free_hvg
46	100	30	2.0	26	0.15633223953835304	0.383480899620533	0.0008632676400662659	0.004520797118179092	-0.015481695532798767	1.2934068948961794	PBMC68k	temp/pbmc68k_data.rds	dca	DCA	42	46	celltype	barcode_suffix	12000	1000	11	8	label_free_hvg
42	20	10	0.2	9	0.2472464376893036	0.48241600594589146	0.0002458092924266618	0.0017566807731876988	-0.01623539812862873	0.5142500069923699	PBMC68k	temp/pbmc68k_data.rds	scvi	scVI	42	42	celltype	barcode_suffix	12000	1000	11	8	label_free_hvg
42	20	10	0.5	13	0.25181488537213487	0.46412935526844556	0.0002603914730022612	0.002125328827265883	-0.01623539812862873	0.5342256599105895	PBMC68k	temp/pbmc68k_data.rds	scvi	scVI	42	42	celltype	barcode_suffix	12000	1000	11	8	label_free_hvg
42	20	10	1.0	20	0.18492378487877567	0.3885328207787848	9.978794818680755e-05	0.002690731134742894	-0.01623539812862873	0.5256555110681802	PBMC68k	temp/pbmc68k_data.rds	scvi	scVI	42	42	celltype	barcode_suffix	12000	1000	11	8	label_free_hvg
42	20	10	1.5	29	0.1458686823235828	0.3570436793645681	0.0001088894320175894	0.0034867108566717215	-0.01623539812862873	0.5251291499007493	PBMC68k	temp/pbmc68k_data.rds	scvi	scVI	42	42	celltype	barcode_suffix	12000	1000	11	8	label_free_hvg
42	20	10	2.0	39	0.13141257829208655	0.34629557034381797	7.963110359218055e-05	0.004576683584608024	-0.01623539812862873	0.5264823432080448	PBMC68k	temp/pbmc68k_data.rds	scvi	scVI	42	42	celltype	barcode_suffix	12000	1000	11	8	label_free_hvg
42	20	15	0.2	8	0.25076853404500005	0.4792182845586064	0.00028703303091293314	0.0017894751094183893	-0.01623539812862873	0.7402532279957086	PBMC68k	temp/pbmc68k_data.rds	scvi	scVI	42	42	celltype	barcode_suffix	12000	1000	11	8	label_free_hvg
42	20	15	0.5	12	0.22114358254576008	0.46642238085037135	0.0003410099243891101	0.002169171456991887	-0.01623539812862873	0.7612767210230231	PBMC68k	temp/pbmc68k_data.rds	scvi	scVI	42	42	celltype	barcode_suffix	12000	1000	11	8	label_free_hvg
42	20	15	1.0	14	0.24345351146244543	0.4282218783219679	0.0003216978531078194	0.002359127630912549	-0.01623539812862873	0.700879838084802	PBMC68k	temp/pbmc68k_data.rds	scvi	scVI	42	42	celltype	barcode_suffix	12000	1000	11	8	label_free_hvg
42	20	15	1.5	22	0.1743803341855908	0.37729563304384883	0.00012996558859865677	0.002850248643524538	-0.01623539812862873	0.6980840519536287	PBMC68k	temp/pbmc68k_data.rds	scvi	scVI	42	42	celltype	barcode_suffix	12000	1000	11	8	label_free_hvg
42	20	15	2.0	30	0.1480490140008345	0.3600743506723765	0.00030889581816408884	0.004138487548593328	-0.01623539812862873	0.6866958800237626	PBMC68k	temp/pbmc68k_data.rds	scvi	scVI	42	42	celltype	barcode_suffix	12000	1000	11	8	label_free_hvg
42	20	30	0.2	8	0.2566519880573418	0.4817108544897909	0.0002929955986731542	0.0017490704015634218	-0.01623539812862873	1.4117567189969122	PBMC68k	temp/pbmc68k_data.rds	scvi	scVI	42	42	celltype	barcode_suffix	12000	1000	11	8	label_free_hvg
42	20	30	0.5	10	0.2382778688977633	0.48856848213830895	0.00026628803065759365	0.001831752642856834	-0.01623539812862873	1.4965888301376253	PBMC68k	temp/pbmc68k_data.rds	scvi	scVI	42	42	celltype	barcode_suffix	12000	1000	11	8	label_free_hvg
42	20	30	1.0	12	0.2496546957150699	0.4443284049680636	0.000246496483981275	0.001909848300869356	-0.01623539812862873	1.444970813812688	PBMC68k	temp/pbmc68k_data.rds	scvi	scVI	42	42	celltype	barcode_suffix	12000	1000	11	8	label_free_hvg
42	20	30	1.5	16	0.21101042730212324	0.40955607874768485	0.00017187715766792867	0.002282026090478551	-0.01623539812862873	1.3586053599137813	PBMC68k	temp/pbmc68k_data.rds	scvi	scVI	42	42	celltype	barcode_suffix	12000	1000	11	8	label_free_hvg
42	20	30	2.0	22	0.18176889014488237	0.38361872097687016	6.958729333954113e-05	0.0027285727688259715	-0.01623539812862873	1.357249858090654	PBMC68k	temp/pbmc68k_data.rds	scvi	scVI	42	42	celltype	barcode_suffix	12000	1000	11	8	label_free_hvg
42	50	10	0.2	8	0.24693279688068887	0.4946109899423995	0.00035864256268110803	0.0016923131512302308	-0.013054467737674713	0.5629010428674519	PBMC68k	temp/pbmc68k_data.rds	scvi	scVI	42	42	celltype	barcode_suffix	12000	1000	11	8	label_free_hvg
42	50	10	0.5	12	0.2599159550313663	0.4635835008542974	0.0003022541519162482	0.0020800753441448756	-0.013054467737674713	0.5530065258499235	PBMC68k	temp/pbmc68k_data.rds	scvi	scVI	42	42	celltype	barcode_suffix	12000	1000	11	8	label_free_hvg
42	50	10	1.0	20	0.18598258411672391	0.3916366678312095	0.00021401766478806712	0.0029408950714187943	-0.013054467737674713	0.5393339039292186	PBMC68k	temp/pbmc68k_data.rds	scvi	scVI	42	42	celltype	barcode_suffix	12000	1000	11	8	label_free_hvg
42	50	10	1.5	27	0.1567242692837642	0.3644166157214324	0.00013031887879408027	0.0033927780933570334	-0.013054467737674713	0.5298563009127975	PBMC68k	temp/pbmc68k_data.rds	scvi	scVI	42	42	celltype	barcode_suffix	12000	1000	11	8	label_free_hvg
42	50	10	2.0	37	0.13317932816290962	0.34715248778982155	0.00021475970771151948	0.004710133878355934	-0.013054467737674713	0.5334058271255344	PBMC68k	temp/pbmc68k_data.rds	scvi	scVI	42	42	celltype	barcode_suffix	12000	1000	11	8	label_free_hvg
42	50	15	0.2	8	0.2472270331374654	0.4812286389195645	0.00030679356783460234	0.0017150922156046354	-0.013054467737674713	0.7297152609098703	PBMC68k	temp/pbmc68k_data.rds	scvi	scVI	42	42	celltype	barcode_suffix	12000	1000	11	8	label_free_hvg
42	50	15	0.5	11	0.24210522692560468	0.46276487319161297	0.00044010085861072605	0.0020216289030330677	-0.013054467737674713	0.7682455461472273	PBMC68k	temp/pbmc68k_data.rds	scvi	scVI	42	42	celltype	barcode_suffix	12000	1000	11	8	label_free_hvg
42	50	15	1.0	17	0.20393736073641297	0.41073405743885844	0.00018960161688566447	0.002414267218905792	-0.013054467737674713	0.7113102630246431	PBMC68k	temp/pbmc68k_data.rds	scvi	scVI	42	42	celltype	barcode_suffix	12000	1000	11	8	label_free_hvg
42	50	15	1.5	22	0.18158347593147744	0.3815724017571728	0.00020333513454869634	0.0032719353706107237	-0.013054467737674713	0.7004855538252741	PBMC68k	temp/pbmc68k_data.rds	scvi	scVI	42	42	celltype	barcode_suffix	12000	1000	11	8	label_free_hvg
42	50	15	2.0	33	0.14977628108399288	0.35648252896598037	0.00019092048816519812	0.0042562472403684815	-0.013054467737674713	0.7036672818940133	PBMC68k	temp/pbmc68k_data.rds	scvi	scVI	42	42	celltype	barcode_suffix	12000	1000	11	8	label_free_hvg
42	50	30	0.2	8	0.25646139332056755	0.48573622347420625	0.00023696172743796465	0.0017052781860899997	-0.013054467737674713	1.2736253282055259	PBMC68k	temp/pbmc68k_data.rds	scvi	scVI	42	42	celltype	barcode_suffix	12000	1000	11	8	label_free_hvg
42	50	30	0.5	11	0.23253694333479125	0.4700587642716201	0.00028610774765516555	0.0018835894452223702	-0.013054467737674713	1.439425575081259	PBMC68k	temp/pbmc68k_data.rds	scvi	scVI	42	42	celltype	barcode_suffix	12000	1000	11	8	label_free_hvg
42	50	30	1.0	12	0.2517690447126027	0.4489640534986504	0.00020283922121006683	0.0018785241674353433	-0.013054467737674713	1.3388377509545535	PBMC68k	temp/pbmc68k_data.rds	scvi	scVI	42	42	celltype	barcode_suffix	12000	1000	11	8	label_free_hvg
42	50	30	1.5	18	0.20491469979863386	0.400940862203385	0.0002035685178401376	0.0026386521585612067	-0.013054467737674713	1.3545115510933101	PBMC68k	temp/pbmc68k_data.rds	scvi	scVI	42	42	celltype	barcode_suffix	12000	1000	11	8	label_free_hvg
42	50	30	2.0	22	0.181319327986864	0.38300189713768984	6.243390729484246e-05	0.00293459630961234	-0.013054467737674713	1.2574029830284417	PBMC68k	temp/pbmc68k_data.rds	scvi	scVI	42	42	celltype	barcode_suffix	12000	1000	11	8	label_free_hvg
42	100	10	0.2	8	0.24992657602113968	0.48739138300591933	0.00028611363014865077	0.0015608524794046919	-0.011818133294582367	0.5422020188998431	PBMC68k	temp/pbmc68k_data.rds	scvi	scVI	42	42	celltype	barcode_suffix	12000	1000	11	8	label_free_hvg
42	100	10	0.5	12	0.2605485943257377	0.4646898656132407	0.00033073202744979377	0.0021043055628050533	-0.011818133294582367	0.547542282147333	PBMC68k	temp/pbmc68k_data.rds	scvi	scVI	42	42	celltype	barcode_suffix	12000	1000	11	8	label_free_hvg
42	100	10	1.0	19	0.20144983012252202	0.398034798941303	0.00022236297394041623	0.0027053712564915357	-0.011818133294582367	0.5491093839518726	PBMC68k	temp/pbmc68k_data.rds	scvi	scVI	42	42	celltype	barcode_suffix	12000	1000	11	8	label_free_hvg
42	100	10	1.5	29	0.16539246404182756	0.3666723832298264	0.0001265308808462596	0.0038471555767036333	-0.011818133294582367	0.5462512820959091	PBMC68k	temp/pbmc68k_data.rds	scvi	scVI	42	42	celltype	barcode_suffix	12000	1000	11	8	label_free_hvg
42	100	10	2.0	40	0.12876459088628625	0.3441401030776978	0.0002057359962217899	0.004665551805751575	-0.011818133294582367	0.5354372330475599	PBMC68k	temp/pbmc68k_data.rds	scvi	scVI	42	42	celltype	barcode_suffix	12000	1000	11	8	label_free_hvg
42	100	15	0.2	7	0.2522870760505779	0.48876923148385276	0.00030812893583804715	0.0014837882595828533	-0.011818133294582367	0.7599626269657165	PBMC68k	temp/pbmc68k_data.rds	scvi	scVI	42	42	celltype	barcode_suffix	12000	1000	11	8	label_free_hvg
42	100	15	0.5	11	0.2137759040584521	0.4634061996793442	0.00031495303991597594	0.0019496350413633814	-0.011818133294582367	0.78663708595559	PBMC68k	temp/pbmc68k_data.rds	scvi	scVI	42	42	celltype	barcode_suffix	12000	1000	11	8	label_free_hvg
42	100	15	1.0	16	0.20242864835035412	0.4122476640240977	0.0003338692949291108	0.0024357609089908474	-0.011818133294582367	0.7264399079140276	PBMC68k	temp/pbmc68k_data.rds	scvi	scVI	42	42	celltype	barcode_suffix	12000	1000	11	8	label_free_hvg
42	100	15	1.5	23	0.17412962623505301	0.3771936854329209	0.00022414605001133111	0.0033512194872798774	-0.011818133294582367	0.7307554730214179	PBMC68k	temp/pbmc68k_data.rds	scvi	scVI	42	42	celltype	barcode_suffix	12000	1000	11	8	label_free_hvg
42	100	15	2.0	29	0.1546526627290327	0.36369289701241037	0.00027926115611347837	0.004262271516288453	-0.011818133294582367	0.7148950200062245	PBMC68k	temp/pbmc68k_data.rds	scvi	scVI	42	42	celltype	barcode_suffix	12000	1000	11	8	label_free_hvg
42	100	30	0.2	7	0.2535193693515412	0.49153575794619686	0.0003030857502686339	0.0014317278947285066	-0.011818133294582367	1.3161113078240305	PBMC68k	temp/pbmc68k_data.rds	scvi	scVI	42	42	celltype	barcode_suffix	12000	1000	11	8	label_free_hvg
42	100	30	0.5	11	0.26365572698811535	0.4712218945518047	0.0003018061316186322	0.0020324999529892107	-0.011818133294582367	1.409548046067357	PBMC68k	temp/pbmc68k_data.rds	scvi	scVI	42	42	celltype	barcode_suffix	12000	1000	11	8	label_free_hvg
42	100	30	1.0	12	0.24014442129122318	0.4498738224667421	0.00023041959417965789	0.002005857630233753	-0.011818133294582367	1.4244934159796685	PBMC68k	temp/pbmc68k_data.rds	scvi	scVI	42	42	celltype	barcode_suffix	12000	1000	11	8	label_free_hvg
42	100	30	1.5	18	0.2046714086787746	0.4047180754789143	0.00018953441023418643	0.002996299193893868	-0.011818133294582367	1.3949662200175226	PBMC68k	temp/pbmc68k_data.rds	scvi	scVI	42	42	celltype	barcode_suffix	12000	1000	11	8	label_free_hvg
42	100	30	2.0	20	0.19783889487120732	0.3935977685283288	0.00015817243865843959	0.00311764762351054	-0.011818133294582367	1.3546339359600097	PBMC68k	temp/pbmc68k_data.rds	scvi	scVI	42	42	celltype	barcode_suffix	12000	1000	11	8	label_free_hvg
43	20	10	0.2	9	0.2622013941347224	0.5003903504784195	0.0004029347809855295	0.0018735805346372556	-0.01599259115755558	0.5198854838963598	PBMC68k	temp/pbmc68k_data.rds	scvi	scVI	43	43	celltype	barcode_suffix	12000	1000	11	8	label_free_hvg
43	20	10	0.5	12	0.2867256059514772	0.47079755491508435	0.0002184688467401244	0.001909318266941129	-0.01599259115755558	0.543341200100258	PBMC68k	temp/pbmc68k_data.rds	scvi	scVI	43	43	celltype	barcode_suffix	12000	1000	11	8	label_free_hvg
43	20	10	1.0	19	0.18604143632793305	0.3975203005486092	0.00018604302657330028	0.002574004490152778	-0.01599259115755558	0.5181060368195176	PBMC68k	temp/pbmc68k_data.rds	scvi	scVI	43	43	celltype	barcode_suffix	12000	1000	11	8	label_free_hvg
43	20	10	1.5	26	0.16936501652297334	0.3764862034165551	0.00033101662422573203	0.003585636748363379	-0.01599259115755558	0.5116809741593897	PBMC68k	temp/pbmc68k_data.rds	scvi	scVI	43	43	celltype	barcode_suffix	12000	1000	11	8	label_free_hvg
43	20	10	2.0	38	0.12185960189820726	0.34579626102861716	0.0004307250978958151	0.005151001050434798	-0.01599259115755558	0.5129274309147149	PBMC68k	temp/pbmc68k_data.rds	scvi	scVI	43	43	celltype	barcode_suffix	12000	1000	11	8	label_free_hvg
43	20	15	0.2	8	0.26377386933783914	0.4990455506202314	0.0003551926597738158	0.0017590989608934884	-0.01599259115755558	0.691229750867933	PBMC68k	temp/pbmc68k_data.rds	scvi	scVI	43	43	celltype	barcode_suffix	12000	1000	11	8	label_free_hvg
43	20	15	0.5	12	0.23446549366028108	0.47108403620555717	0.0003814188237007529	0.0020387648223939665	-0.01599259115755558	0.7055017829407007	PBMC68k	temp/pbmc68k_data.rds	scvi	scVI	43	43	celltype	barcode_suffix	12000	1000	11	8	label_free_hvg
43	20	15	1.0	17	0.23253561290113925	0.4135321200075654	0.0002655144538893755	0.002750156271913879	-0.01599259115755558	0.6939296619966626	PBMC68k	temp/pbmc68k_data.rds	scvi	scVI	43	43	celltype	barcode_suffix	12000	1000	11	8	label_free_hvg
43	20	15	1.5	22	0.17844036329728624	0.38637593791075436	0.00029780676352097866	0.003276433293999538	-0.01599259115755558	0.6789524119812995	PBMC68k	temp/pbmc68k_data.rds	scvi	scVI	43	43	celltype	barcode_suffix	12000	1000	11	8	label_free_hvg
43	20	15	2.0	30	0.14441226760091463	0.363772026372738	0.0002626777488860046	0.003918454916034524	-0.01599259115755558	0.6754625320900232	PBMC68k	temp/pbmc68k_data.rds	scvi	scVI	43	43	celltype	barcode_suffix	12000	1000	11	8	label_free_hvg
43	20	30	0.2	8	0.26445242694761484	0.497741600832614	0.00034528286719257446	0.0018459973584325456	-0.01599259115755558	1.5011586209293455	PBMC68k	temp/pbmc68k_data.rds	scvi	scVI	43	43	celltype	barcode_suffix	12000	1000	11	8	label_free_hvg
43	20	30	0.5	9	0.25220603004838793	0.48304909228737514	0.0003076320424184344	0.001813122182586648	-0.01599259115755558	1.512001410126686	PBMC68k	temp/pbmc68k_data.rds	scvi	scVI	43	43	celltype	barcode_suffix	12000	1000	11	8	label_free_hvg
43	20	30	1.0	12	0.2685786426678221	0.44475280128141387	0.00018135746903185206	0.001875016484660039	-0.01599259115755558	1.4392282040789723	PBMC68k	temp/pbmc68k_data.rds	scvi	scVI	43	43	celltype	barcode_suffix	12000	1000	11	8	label_free_hvg
43	20	30	1.5	17	0.20267875164414356	0.40916483252360214	0.00034107525178369186	0.002781194024495037	-0.01599259115755558	1.2511397688649595	PBMC68k	temp/pbmc68k_data.rds	scvi	scVI	43	43	celltype	barcode_suffix	12000	1000	11	8	label_free_hvg
43	20	30	2.0	23	0.1744413173972556	0.3848773023967017	0.00034107607758785254	0.0032688666430161196	-0.01599259115755558	1.3617955669760704	PBMC68k	temp/pbmc68k_data.rds	scvi	scVI	43	43	celltype	barcode_suffix	12000	1000	11	8	label_free_hvg
43	50	10	0.2	9	0.2656771274580163	0.497061990618213	0.00037677752029301723	0.0019357298982346366	-0.012461377307772636	0.55013373401016	PBMC68k	temp/pbmc68k_data.rds	scvi	scVI	43	43	celltype	barcode_suffix	12000	1000	11	8	label_free_hvg
43	50	10	0.5	12	0.2881527614079018	0.4689769262903191	0.00036451231410034084	0.0021177434816304387	-0.012461377307772636	0.5566862090490758	PBMC68k	temp/pbmc68k_data.rds	scvi	scVI	43	43	celltype	barcode_suffix	12000	1000	11	8	label_free_hvg
43	50	10	1.0	20	0.2235436453606123	0.39759363315383073	0.0003564849780841701	0.0029565736501166806	-0.012461377307772636	0.5430583029519767	PBMC68k	temp/pbmc68k_data.rds	scvi	scVI	43	43	celltype	barcode_suffix	12000	1000	11	8	label_free_hvg
43	50	10	1.5	27	0.163029621116836	0.37009622770666156	0.0003705165149544924	0.003964425328854002	-0.012461377307772636	0.540261342888698	PBMC68k	temp/pbmc68k_data.rds	scvi	scVI	43	43	celltype	barcode_suffix	12000	1000	11	8	label_free_hvg
43	50	10	2.0	41	0.1341126292751736	0.34610617342540584	0.0002410415925151946	0.004948978263012285	-0.012461377307772636	0.5368919370230287	PBMC68k	temp/pbmc68k_data.rds	scvi	scVI	43	43	celltype	barcode_suffix	12000	1000	11	8	label_free_hvg
43	50	15	0.2	8	0.26865122216754506	0.4979710433609439	0.0003791352153182467	0.0018040822331368198	-0.012461377307772636	0.7327973251231015	PBMC68k	temp/pbmc68k_data.rds	scvi	scVI	43	43	celltype	barcode_suffix	12000	1000	11	8	label_free_hvg
43	50	15	0.5	11	0.2429608698729365	0.466359848743524	0.0004019308678452238	0.001935486714461072	-0.012461377307772636	0.7470167570281774	PBMC68k	temp/pbmc68k_data.rds	scvi	scVI	43	43	celltype	barcode_suffix	12000	1000	11	8	label_free_hvg
43	50	15	1.0	16	0.21374644992725	0.4188617279259014	0.00025252216571365377	0.002427958608015587	-0.012461377307772636	0.7130613520275801	PBMC68k	temp/pbmc68k_data.rds	scvi	scVI	43	43	celltype	barcode_suffix	12000	1000	11	8	label_free_hvg
43	50	15	1.5	25	0.17456064787724251	0.3736149070067114	0.0001730170044600638	0.003422153419206788	-0.012461377307772636	0.7047442370094359	PBMC68k	temp/pbmc68k_data.rds	scvi	scVI	43	43	celltype	barcode_suffix	12000	1000	11	8	label_free_hvg
43	50	15	2.0	29	0.15097759088452944	0.36345862402385287	0.0001912473452027113	0.0036169541412925292	-0.012461377307772636	0.702104072086513	PBMC68k	temp/pbmc68k_data.rds	scvi	scVI	43	43	celltype	barcode_suffix	12000	1000	11	8	label_free_hvg
43	50	30	0.2	8	0.2561468743835872	0.4829494625698279	0.0003642268781226604	0.0017285302875335604	-0.012461377307772636	1.4114400180988014	PBMC68k	temp/pbmc68k_data.rds	scvi	scVI	43	43	celltype	barcode_suffix	12000	1000	11	8	label_free_hvg
43	50	30	0.5	10	0.24836569114834148	0.4654333915850242	0.00032091081957352893	0.0018376355056679836	-0.012461377307772636	1.4961885558441281	PBMC68k	temp/pbmc68k_data.rds	scvi	scVI	43	43	celltype	barcode_suffix	12000	1000	11	8	label_free_hvg
43	50	30	1.0	12	0.26294274519319777	0.45101970959578086	0.0004681729704342746	0.002270802449661406	-0.012461377307772636	1.45202054688707	PBMC68k	temp/pbmc68k_data.rds	scvi	scVI	43	43	celltype	barcode_suffix	12000	1000	11	8	label_free_hvg
43	50	30	1.5	18	0.20177330676898295	0.39804312070702735	0.0004135331868444776	0.0031264264161054364	-0.012461377307772636	1.4159873679745942	PBMC68k	temp/pbmc68k_data.rds	scvi	scVI	43	43	celltype	barcode_suffix	12000	1000	11	8	label_free_hvg
43	50	30	2.0	21	0.18057547077714248	0.38532696120421994	0.00017889284940951746	0.002867773912124864	-0.012461377307772636	1.38097004708834	PBMC68k	temp/pbmc68k_data.rds	scvi	scVI	43	43	celltype	barcode_suffix	12000	1000	11	8	label_free_hvg
43	100	10	0.2	9	0.2638792478200471	0.49517246005177146	0.0003347493336659957	0.0019131746371425981	-0.011358482763171196	0.5374585671816021	PBMC68k	temp/pbmc68k_data.rds	scvi	scVI	43	43	celltype	barcode_suffix	12000	1000	11	8	label_free_hvg
43	100	10	0.5	12	0.2746399752467533	0.4655662323074288	0.000289191426238111	0.00207252415218795	-0.011358482763171196	0.5589262801222503	PBMC68k	temp/pbmc68k_data.rds	scvi	scVI	43	43	celltype	barcode_suffix	12000	1000	11	8	label_free_hvg
43	100	10	1.0	19	0.20952968706891226	0.403379628641139	0.00026076361097680307	0.002927338380152392	-0.011358482763171196	0.5469853610266	PBMC68k	temp/pbmc68k_data.rds	scvi	scVI	43	43	celltype	barcode_suffix	12000	1000	11	8	label_free_hvg
43	100	10	1.5	28	0.16329342814399866	0.36430163331356513	0.0002127138454774734	0.003582280319196849	-0.011358482763171196	0.5428591161035001	PBMC68k	temp/pbmc68k_data.rds	scvi	scVI	43	43	celltype	barcode_suffix	12000	1000	11	8	label_free_hvg
43	100	10	2.0	36	0.1256818381964923	0.35018462865468825	0.0003265307088408633	0.004773224387416445	-0.011358482763171196	0.5402798720169812	PBMC68k	temp/pbmc68k_data.rds	scvi	scVI	43	43	celltype	barcode_suffix	12000	1000	11	8	label_free_hvg
43	100	15	0.2	7	0.26743770555499247	0.5032856626947796	0.000371235008544176	0.0016151176089247972	-0.011358482763171196	0.7789168730378151	PBMC68k	temp/pbmc68k_data.rds	scvi	scVI	43	43	celltype	barcode_suffix	12000	1000	11	8	label_free_hvg
43	100	15	0.5	11	0.280126123285708	0.46665657192333027	0.00040453022083907403	0.002054670966352704	-0.011358482763171196	0.7613111301325262	PBMC68k	temp/pbmc68k_data.rds	scvi	scVI	43	43	celltype	barcode_suffix	12000	1000	11	8	label_free_hvg
43	100	15	1.0	18	0.2272200846878288	0.4194653981296466	0.0004055158802102748	0.002957816779616202	-0.011358482763171196	0.7352281098719686	PBMC68k	temp/pbmc68k_data.rds	scvi	scVI	43	43	celltype	barcode_suffix	12000	1000	11	8	label_free_hvg
43	100	15	1.5	23	0.17805373198132313	0.3815423083754533	0.00011633980973334855	0.003110650067016962	-0.011358482763171196	0.7357760509476066	PBMC68k	temp/pbmc68k_data.rds	scvi	scVI	43	43	celltype	barcode_suffix	12000	1000	11	8	label_free_hvg
43	100	15	2.0	32	0.14738968655038304	0.36010667143571706	9.823146178044311e-05	0.003666733546563872	-0.011358482763171196	0.7269648690707982	PBMC68k	temp/pbmc68k_data.rds	scvi	scVI	43	43	celltype	barcode_suffix	12000	1000	11	8	label_free_hvg
43	100	30	0.2	6	0.26015819769303905	0.4778519935926895	0.000323280134944022	0.001483735341598179	-0.011358482763171196	1.3990247540641576	PBMC68k	temp/pbmc68k_data.rds	scvi	scVI	43	43	celltype	barcode_suffix	12000	1000	11	8	label_free_hvg
43	100	30	0.5	10	0.2852926752186745	0.4670957931722597	0.00030748934832030303	0.0019251605586833131	-0.011358482763171196	1.532078614924103	PBMC68k	temp/pbmc68k_data.rds	scvi	scVI	43	43	celltype	barcode_suffix	12000	1000	11	8	label_free_hvg
43	100	30	1.0	12	0.25954086991660036	0.4462237776932721	0.000352948379347096	0.002156001622292773	-0.011358482763171196	1.5677189258858562	PBMC68k	temp/pbmc68k_data.rds	scvi	scVI	43	43	celltype	barcode_suffix	12000	1000	11	8	label_free_hvg
43	100	30	1.5	17	0.2008485688200701	0.40352910538166653	0.0003333418880641732	0.0028134596319400753	-0.011358482763171196	1.425359551096335	PBMC68k	temp/pbmc68k_data.rds	scvi	scVI	43	43	celltype	barcode_suffix	12000	1000	11	8	label_free_hvg
43	100	30	2.0	21	0.17889430300102843	0.3854282537899366	0.00013316156470670777	0.0029053091699375493	-0.011358482763171196	1.4097222709096968	PBMC68k	temp/pbmc68k_data.rds	scvi	scVI	43	43	celltype	barcode_suffix	12000	1000	11	8	label_free_hvg
44	20	10	0.2	9	0.24258234959455852	0.4835858014524945	0.000383628074002314	0.0019969270015178964	-0.02087284065783024	0.5078924580011517	PBMC68k	temp/pbmc68k_data.rds	scvi	scVI	44	44	celltype	barcode_suffix	12000	1000	11	8	label_free_hvg
44	20	10	0.5	12	0.2483079202039686	0.462152142673498	0.00037566180328936895	0.002218072251974572	-0.02087284065783024	0.5280603950377554	PBMC68k	temp/pbmc68k_data.rds	scvi	scVI	44	44	celltype	barcode_suffix	12000	1000	11	8	label_free_hvg
44	20	10	1.0	17	0.21994511362648667	0.4092807455030689	0.00041367650853056984	0.002698471739903316	-0.02087284065783024	0.5186523299198598	PBMC68k	temp/pbmc68k_data.rds	scvi	scVI	44	44	celltype	barcode_suffix	12000	1000	11	8	label_free_hvg
44	20	10	1.5	28	0.16501027715134012	0.37083940265218573	0.00017288545577251005	0.0033517848110416765	-0.02087284065783024	0.5178125528618693	PBMC68k	temp/pbmc68k_data.rds	scvi	scVI	44	44	celltype	barcode_suffix	12000	1000	11	8	label_free_hvg
44	20	10	2.0	40	0.1180119638506582	0.34701811298752233	0.0001840695510116359	0.004592432977978548	-0.02087284065783024	0.5122596039436758	PBMC68k	temp/pbmc68k_data.rds	scvi	scVI	44	44	celltype	barcode_suffix	12000	1000	11	8	label_free_hvg
44	20	15	0.2	8	0.22294274105341297	0.4724668479973083	0.0002860722450982762	0.0017910802329218622	-0.02087284065783024	0.7122152529191226	PBMC68k	temp/pbmc68k_data.rds	scvi	scVI	44	44	celltype	barcode_suffix	12000	1000	11	8	label_free_hvg
44	20	15	0.5	11	0.28695596376832766	0.46673648380598326	0.0005549320733224851	0.002442964520775742	-0.02087284065783024	0.7353463917970657	PBMC68k	temp/pbmc68k_data.rds	scvi	scVI	44	44	celltype	barcode_suffix	12000	1000	11	8	label_free_hvg
44	20	15	1.0	16	0.21879953643940037	0.42013144471475383	0.0005432039448720833	0.002951624677918442	-0.02087284065783024	0.6733477290254086	PBMC68k	temp/pbmc68k_data.rds	scvi	scVI	44	44	celltype	barcode_suffix	12000	1000	11	8	label_free_hvg
44	20	15	1.5	24	0.15641725448985194	0.3737341030104902	0.0003215060740816157	0.0035168001805375645	-0.02087284065783024	0.6803248580545187	PBMC68k	temp/pbmc68k_data.rds	scvi	scVI	44	44	celltype	barcode_suffix	12000	1000	11	8	label_free_hvg
44	20	15	2.0	31	0.1477918845089209	0.36393430846718827	0.00018733410497785927	0.003656538989137811	-0.02087284065783024	0.6765131051652133	PBMC68k	temp/pbmc68k_data.rds	scvi	scVI	44	44	celltype	barcode_suffix	12000	1000	11	8	label_free_hvg
44	20	30	0.2	8	0.24538061549323376	0.4835938492874952	0.0002810973773232938	0.0017223164361685162	-0.02087284065783024	1.4496486911084503	PBMC68k	temp/pbmc68k_data.rds	scvi	scVI	44	44	celltype	barcode_suffix	12000	1000	11	8	label_free_hvg
44	20	30	0.5	11	0.2427580455552249	0.4719593316192535	0.0003568385522495185	0.0020356920454001623	-0.02087284065783024	1.587705196114257	PBMC68k	temp/pbmc68k_data.rds	scvi	scVI	44	44	celltype	barcode_suffix	12000	1000	11	8	label_free_hvg
44	20	30	1.0	12	0.2616450926470092	0.4509964259539147	0.0003026738091768438	0.0021558664180235886	-0.02087284065783024	1.4487942738924176	PBMC68k	temp/pbmc68k_data.rds	scvi	scVI	44	44	celltype	barcode_suffix	12000	1000	11	8	label_free_hvg
44	20	30	1.5	16	0.22296840401057916	0.41348766335908715	0.0004726778530862536	0.0028237731222685854	-0.02087284065783024	1.3530233118217438	PBMC68k	temp/pbmc68k_data.rds	scvi	scVI	44	44	celltype	barcode_suffix	12000	1000	11	8	label_free_hvg
44	20	30	2.0	22	0.16883691553200375	0.37976885741989896	0.0003277699704875219	0.003142441045388485	-0.02087284065783024	1.2741401519160718	PBMC68k	temp/pbmc68k_data.rds	scvi	scVI	44	44	celltype	barcode_suffix	12000	1000	11	8	label_free_hvg
44	50	10	0.2	9	0.26184152160621993	0.47976210284102644	0.00026346589517690905	0.0018438965884123352	-0.016769083216786385	0.5586766810156405	PBMC68k	temp/pbmc68k_data.rds	scvi	scVI	44	44	celltype	barcode_suffix	12000	1000	11	8	label_free_hvg
44	50	10	0.5	12	0.24381852244173893	0.4639838086439809	0.00012034348357788991	0.0019908115986174363	-0.016769083216786385	0.5444959360174835	PBMC68k	temp/pbmc68k_data.rds	scvi	scVI	44	44	celltype	barcode_suffix	12000	1000	11	8	label_free_hvg
44	50	10	1.0	19	0.20671479489054	0.4070779450439187	0.00028456342223138814	0.0030050651885051125	-0.016769083216786385	0.5439087147824466	PBMC68k	temp/pbmc68k_data.rds	scvi	scVI	44	44	celltype	barcode_suffix	12000	1000	11	8	label_free_hvg
44	50	10	1.5	31	0.15359803950586892	0.36282518199480185	0.0003605845734724829	0.004249372613501284	-0.016769083216786385	0.5341481890063733	PBMC68k	temp/pbmc68k_data.rds	scvi	scVI	44	44	celltype	barcode_suffix	12000	1000	11	8	label_free_hvg
44	50	10	2.0	39	0.13324876902708577	0.34640899901383043	0.0002199069781161818	0.0045945429745322935	-0.016769083216786385	0.5371396669652313	PBMC68k	temp/pbmc68k_data.rds	scvi	scVI	44	44	celltype	barcode_suffix	12000	1000	11	8	label_free_hvg
44	50	15	0.2	8	0.24130638306163688	0.48088930874187996	0.0002956879140053066	0.0017084865312354343	-0.016769083216786385	0.7760030620265752	PBMC68k	temp/pbmc68k_data.rds	scvi	scVI	44	44	celltype	barcode_suffix	12000	1000	11	8	label_free_hvg
44	50	15	0.5	12	0.26764351275440157	0.4624717970157068	0.0003711536182489199	0.0022565461314817633	-0.016769083216786385	0.7306006229482591	PBMC68k	temp/pbmc68k_data.rds	scvi	scVI	44	44	celltype	barcode_suffix	12000	1000	11	8	label_free_hvg
44	50	15	1.0	18	0.23663109989187403	0.40659369295416237	0.00046680410307883916	0.0029214662629818036	-0.016769083216786385	0.7074769518803805	PBMC68k	temp/pbmc68k_data.rds	scvi	scVI	44	44	celltype	barcode_suffix	12000	1000	11	8	label_free_hvg
44	50	15	1.5	25	0.17043535178766972	0.3751618171410057	0.0002427953764800659	0.003498646135474331	-0.016769083216786385	0.7184621139895171	PBMC68k	temp/pbmc68k_data.rds	scvi	scVI	44	44	celltype	barcode_suffix	12000	1000	11	8	label_free_hvg
44	50	15	2.0	34	0.1425209415813826	0.35882619534850324	0.00020780163258014395	0.003897853540960182	-0.016769083216786385	0.7013407431077212	PBMC68k	temp/pbmc68k_data.rds	scvi	scVI	44	44	celltype	barcode_suffix	12000	1000	11	8	label_free_hvg
44	50	30	0.2	7	0.26157160454185674	0.46878440159698276	0.0002582745789483511	0.00168600249298284	-0.016769083216786385	1.461460242047906	PBMC68k	temp/pbmc68k_data.rds	scvi	scVI	44	44	celltype	barcode_suffix	12000	1000	11	8	label_free_hvg
44	50	30	0.5	10	0.2346816760130402	0.4682459988944219	0.0006361580587036164	0.0023121183382842267	-0.016769083216786385	1.5955471568740904	PBMC68k	temp/pbmc68k_data.rds	scvi	scVI	44	44	celltype	barcode_suffix	12000	1000	11	8	label_free_hvg
44	50	30	1.0	13	0.23305413965155217	0.44276933611199	0.0005251864811864192	0.0026374363876474033	-0.016769083216786385	1.4028582710307091	PBMC68k	temp/pbmc68k_data.rds	scvi	scVI	44	44	celltype	barcode_suffix	12000	1000	11	8	label_free_hvg
44	50	30	1.5	20	0.19213165204173466	0.3937719678347334	0.0004685493623023462	0.0031958059468413604	-0.016769083216786385	1.3384601150173694	PBMC68k	temp/pbmc68k_data.rds	scvi	scVI	44	44	celltype	barcode_suffix	12000	1000	11	8	label_free_hvg
44	50	30	2.0	25	0.16804137873734987	0.3755333201657577	0.00043115227543832554	0.003581049877437734	-0.016769083216786385	1.3540218221023679	PBMC68k	temp/pbmc68k_data.rds	scvi	scVI	44	44	celltype	barcode_suffix	12000	1000	11	8	label_free_hvg
44	100	10	0.2	9	0.26168623089488996	0.49265793206402275	0.0002724784054401182	0.0018567553702542685	-0.015802981331944466	0.5580475849565119	PBMC68k	temp/pbmc68k_data.rds	scvi	scVI	44	44	celltype	barcode_suffix	12000	1000	11	8	label_free_hvg
44	100	10	0.5	11	0.24699177068977074	0.4606024985536738	0.00024415319169628725	0.0018956327717773746	-0.015802981331944466	0.5689968839287758	PBMC68k	temp/pbmc68k_data.rds	scvi	scVI	44	44	celltype	barcode_suffix	12000	1000	11	8	label_free_hvg
44	100	10	1.0	17	0.19792652249868978	0.3967488771152276	0.0005406599234830224	0.003030836773934954	-0.015802981331944466	0.5477703248616308	PBMC68k	temp/pbmc68k_data.rds	scvi	scVI	44	44	celltype	barcode_suffix	12000	1000	11	8	label_free_hvg
44	100	10	1.5	29	0.1562614419800824	0.3621828615718926	0.00035425226788922084	0.0038808534655849374	-0.015802981331944466	0.5413880341220647	PBMC68k	temp/pbmc68k_data.rds	scvi	scVI	44	44	celltype	barcode_suffix	12000	1000	11	8	label_free_hvg
44	100	10	2.0	41	0.11934840472415877	0.3419356837774658	0.0003259446281271268	0.005219444337332515	-0.015802981331944466	0.5391264951322228	PBMC68k	temp/pbmc68k_data.rds	scvi	scVI	44	44	celltype	barcode_suffix	12000	1000	11	8	label_free_hvg
44	100	15	0.2	7	0.2570144970815109	0.47168360554181377	0.00024121087964804495	0.0016345478207041074	-0.015802981331944466	0.7824221858754754	PBMC68k	temp/pbmc68k_data.rds	scvi	scVI	44	44	celltype	barcode_suffix	12000	1000	11	8	label_free_hvg
44	100	15	0.5	11	0.2570585875678011	0.46505551459802796	0.00034896071982844034	0.0020187532178049853	-0.015802981331944466	0.7536551509983838	PBMC68k	temp/pbmc68k_data.rds	scvi	scVI	44	44	celltype	barcode_suffix	12000	1000	11	8	label_free_hvg
44	100	15	1.0	16	0.2218058667499485	0.4146493561921365	0.0004071127324887565	0.0026896748802008198	-0.015802981331944466	0.7630042438395321	PBMC68k	temp/pbmc68k_data.rds	scvi	scVI	44	44	celltype	barcode_suffix	12000	1000	11	8	label_free_hvg
44	100	15	1.5	27	0.17534566841917273	0.37727325084313834	0.0004004448550101867	0.003785346908628972	-0.015802981331944466	0.735856767045334	PBMC68k	temp/pbmc68k_data.rds	scvi	scVI	44	44	celltype	barcode_suffix	12000	1000	11	8	label_free_hvg
44	100	15	2.0	32	0.14954384157619222	0.36653333108681874	0.00042503959616417444	0.004183023782527685	-0.015802981331944466	0.7211074600927532	PBMC68k	temp/pbmc68k_data.rds	scvi	scVI	44	44	celltype	barcode_suffix	12000	1000	11	8	label_free_hvg
44	100	30	0.2	8	0.2629580508852384	0.4811991442878761	0.00029719259510999676	0.0016933608598259312	-0.015802981331944466	1.5164295749273151	PBMC68k	temp/pbmc68k_data.rds	scvi	scVI	44	44	celltype	barcode_suffix	12000	1000	11	8	label_free_hvg
44	100	30	0.5	10	0.22999729297059884	0.46906395630434405	0.00046759919458449383	0.002192543321107367	-0.015802981331944466	1.6834579780697823	PBMC68k	temp/pbmc68k_data.rds	scvi	scVI	44	44	celltype	barcode_suffix	12000	1000	11	8	label_free_hvg
44	100	30	1.0	12	0.2566251500561351	0.45311770410699326	0.00030710152008856916	0.0021572207362941954	-0.015802981331944466	1.6143666421994567	PBMC68k	temp/pbmc68k_data.rds	scvi	scVI	44	44	celltype	barcode_suffix	12000	1000	11	8	label_free_hvg
44	100	30	1.5	17	0.19910270911241668	0.4099960249569312	0.00041817033195525434	0.002827753179673349	-0.015802981331944466	1.3345354991033673	PBMC68k	temp/pbmc68k_data.rds	scvi	scVI	44	44	celltype	barcode_suffix	12000	1000	11	8	label_free_hvg
44	100	30	2.0	22	0.17206131360334087	0.3838450406999157	0.0002645926700248334	0.0031708303921460807	-0.015802981331944466	1.3958391950000077	PBMC68k	temp/pbmc68k_data.rds	scvi	scVI	44	44	celltype	barcode_suffix	12000	1000	11	8	label_free_hvg
45	20	10	0.2	8	0.25594031117784793	0.47281342971623536	0.0002582822483711515	0.0016727897971266002	-0.01808287389576435	0.5149824521504343	PBMC68k	temp/pbmc68k_data.rds	scvi	scVI	45	45	celltype	barcode_suffix	12000	1000	11	8	label_free_hvg
45	20	10	0.5	12	0.2907208480201852	0.45922693659661185	0.0003893161934858916	0.0022411552976112897	-0.01808287389576435	0.6235102638602257	PBMC68k	temp/pbmc68k_data.rds	scvi	scVI	45	45	celltype	barcode_suffix	12000	1000	11	8	label_free_hvg
45	20	10	1.0	19	0.2411746020403073	0.4090795888862073	0.00027687098278518854	0.0028262755884226483	-0.01808287389576435	0.5193717801012099	PBMC68k	temp/pbmc68k_data.rds	scvi	scVI	45	45	celltype	barcode_suffix	12000	1000	11	8	label_free_hvg
45	20	10	1.5	28	0.16220978658024246	0.365148730349295	0.0005345314478582267	0.004188718687732123	-0.01808287389576435	0.5278892097994685	PBMC68k	temp/pbmc68k_data.rds	scvi	scVI	45	45	celltype	barcode_suffix	12000	1000	11	8	label_free_hvg
45	20	10	2.0	37	0.12167934907870721	0.3488180403050054	0.00027423732571650513	0.004381637372061582	-0.01808287389576435	0.508553076069802	PBMC68k	temp/pbmc68k_data.rds	scvi	scVI	45	45	celltype	barcode_suffix	12000	1000	11	8	label_free_hvg
45	20	15	0.2	8	0.25076427016748076	0.4743764156085261	0.0002365996031266763	0.0016145142707595333	-0.01808287389576435	0.7647694668266922	PBMC68k	temp/pbmc68k_data.rds	scvi	scVI	45	45	celltype	barcode_suffix	12000	1000	11	8	label_free_hvg
45	20	15	0.5	11	0.23358820939529645	0.4586840913545638	0.00026111721208879	0.0019333749841296869	-0.01808287389576435	0.724454561015591	PBMC68k	temp/pbmc68k_data.rds	scvi	scVI	45	45	celltype	barcode_suffix	12000	1000	11	8	label_free_hvg
45	20	15	1.0	17	0.20300138615112912	0.40881642281822345	0.0003455366062962101	0.002709762901372151	-0.01808287389576435	0.7099609128199518	PBMC68k	temp/pbmc68k_data.rds	scvi	scVI	45	45	celltype	barcode_suffix	12000	1000	11	8	label_free_hvg
45	20	15	1.5	23	0.19170638205592325	0.38521281012468644	0.0002882409898022264	0.0030717756063629535	-0.01808287389576435	0.7057368808891624	PBMC68k	temp/pbmc68k_data.rds	scvi	scVI	45	45	celltype	barcode_suffix	12000	1000	11	8	label_free_hvg
45	20	15	2.0	30	0.15470897648126503	0.3663516485226247	0.00032562332167238863	0.004077703214562529	-0.01808287389576435	0.7049535240512341	PBMC68k	temp/pbmc68k_data.rds	scvi	scVI	45	45	celltype	barcode_suffix	12000	1000	11	8	label_free_hvg
45	20	30	0.2	8	0.25766535752273806	0.4850065773353828	0.0002640617756354818	0.0015966701424932484	-0.01808287389576435	1.2049140208400786	PBMC68k	temp/pbmc68k_data.rds	scvi	scVI	45	45	celltype	barcode_suffix	12000	1000	11	8	label_free_hvg
45	20	30	0.5	11	0.3101889756521488	0.4791414872300019	0.000343997471480792	0.0019966964799319033	-0.01808287389576435	1.339234956074506	PBMC68k	temp/pbmc68k_data.rds	scvi	scVI	45	45	celltype	barcode_suffix	12000	1000	11	8	label_free_hvg
45	20	30	1.0	13	0.26586922468549135	0.4509813052425274	0.00022864297714576774	0.0020651509004395146	-0.01808287389576435	1.3400605451315641	PBMC68k	temp/pbmc68k_data.rds	scvi	scVI	45	45	celltype	barcode_suffix	12000	1000	11	8	label_free_hvg
45	20	30	1.5	17	0.21247831446096763	0.4077090688351239	0.00026278881290758366	0.0026625764720123726	-0.01808287389576435	1.2150731328874826	PBMC68k	temp/pbmc68k_data.rds	scvi	scVI	45	45	celltype	barcode_suffix	12000	1000	11	8	label_free_hvg
45	20	30	2.0	22	0.19004673986696474	0.38945565796829446	0.00019486802489830925	0.0029190716090436264	-0.01808287389576435	1.2899912181310356	PBMC68k	temp/pbmc68k_data.rds	scvi	scVI	45	45	celltype	barcode_suffix	12000	1000	11	8	label_free_hvg
45	50	10	0.2	9	0.2526027286729633	0.4853748682091836	0.0003079735325999934	0.001745562661917766	-0.014219406060874462	0.5322195920161903	PBMC68k	temp/pbmc68k_data.rds	scvi	scVI	45	45	celltype	barcode_suffix	12000	1000	11	8	label_free_hvg
45	50	10	0.5	13	0.2507567911809259	0.45155055499363733	7.431512502723692e-05	0.001959648154924279	-0.014219406060874462	0.5370387791190296	PBMC68k	temp/pbmc68k_data.rds	scvi	scVI	45	45	celltype	barcode_suffix	12000	1000	11	8	label_free_hvg
45	50	10	1.0	22	0.20022466681875922	0.39265986707865463	0.00024696380952896144	0.002885240102031363	-0.014219406060874462	0.5540108981076628	PBMC68k	temp/pbmc68k_data.rds	scvi	scVI	45	45	celltype	barcode_suffix	12000	1000	11	8	label_free_hvg
45	50	10	1.5	29	0.15428454938488126	0.366975015934384	0.00017363210388001048	0.0034921020232746547	-0.014219406060874462	0.5421746950596571	PBMC68k	temp/pbmc68k_data.rds	scvi	scVI	45	45	celltype	barcode_suffix	12000	1000	11	8	label_free_hvg
45	50	10	2.0	40	0.12751271353045388	0.3475042951880794	0.00019498007307896452	0.004362653874864953	-0.014219406060874462	0.5292172229383141	PBMC68k	temp/pbmc68k_data.rds	scvi	scVI	45	45	celltype	barcode_suffix	12000	1000	11	8	label_free_hvg
45	50	15	0.2	8	0.2561057774057224	0.4778013574989151	0.0003173586001667792	0.0017427748681135096	-0.014219406060874462	0.7339407608378679	PBMC68k	temp/pbmc68k_data.rds	scvi	scVI	45	45	celltype	barcode_suffix	12000	1000	11	8	label_free_hvg
45	50	15	0.5	12	0.3015937862205362	0.4716202445239779	0.00044331678575531804	0.002355690016849987	-0.014219406060874462	0.7427915318403393	PBMC68k	temp/pbmc68k_data.rds	scvi	scVI	45	45	celltype	barcode_suffix	12000	1000	11	8	label_free_hvg
45	50	15	1.0	17	0.24746810133578048	0.4293407611936279	0.00023481920453529638	0.0023187026577172797	-0.014219406060874462	0.7236961328890175	PBMC68k	temp/pbmc68k_data.rds	scvi	scVI	45	45	celltype	barcode_suffix	12000	1000	11	8	label_free_hvg
45	50	15	1.5	25	0.18109278648586188	0.3830262051731432	0.00023793657722009527	0.0032507046593433105	-0.014219406060874462	0.7059683639090508	PBMC68k	temp/pbmc68k_data.rds	scvi	scVI	45	45	celltype	barcode_suffix	12000	1000	11	8	label_free_hvg
45	50	15	2.0	33	0.14897020218853887	0.36203939635755444	1.8855065125590892e-05	0.0037659338873488914	-0.014219406060874462	0.699043489061296	PBMC68k	temp/pbmc68k_data.rds	scvi	scVI	45	45	celltype	barcode_suffix	12000	1000	11	8	label_free_hvg
45	50	30	0.2	7	0.2561902740140842	0.48261552431816773	0.00026402660845546445	0.0014853237586603294	-0.014219406060874462	1.4313639148604125	PBMC68k	temp/pbmc68k_data.rds	scvi	scVI	45	45	celltype	barcode_suffix	12000	1000	11	8	label_free_hvg
45	50	30	0.5	10	0.27337341160527245	0.46888278949525136	0.00031419077657355064	0.0018229369068060546	-0.014219406060874462	1.5009492109529674	PBMC68k	temp/pbmc68k_data.rds	scvi	scVI	45	45	celltype	barcode_suffix	12000	1000	11	8	label_free_hvg
45	50	30	1.0	12	0.25909532324864376	0.4513116201936232	0.00023462073130832016	0.0019751914400575332	-0.014219406060874462	1.5089862348977476	PBMC68k	temp/pbmc68k_data.rds	scvi	scVI	45	45	celltype	barcode_suffix	12000	1000	11	8	label_free_hvg
45	50	30	1.5	19	0.18882825088604327	0.3947157113699128	0.00016944988402379073	0.002601325361787282	-0.014219406060874462	1.3123397352173924	PBMC68k	temp/pbmc68k_data.rds	scvi	scVI	45	45	celltype	barcode_suffix	12000	1000	11	8	label_free_hvg
45	50	30	2.0	23	0.189758199072717	0.3805514910434902	0.00021789445152645237	0.0029622390473083076	-0.014219406060874462	1.3008982299361378	PBMC68k	temp/pbmc68k_data.rds	scvi	scVI	45	45	celltype	barcode_suffix	12000	1000	11	8	label_free_hvg
45	100	10	0.2	7	0.25697524333197985	0.47278893309151887	0.00027088340500692825	0.0015170461738082642	-0.013010787777602673	0.5452971640042961	PBMC68k	temp/pbmc68k_data.rds	scvi	scVI	45	45	celltype	barcode_suffix	12000	1000	11	8	label_free_hvg
45	100	10	0.5	12	0.28067999523823167	0.4582750556976258	0.00032376579971149315	0.002193448187114436	-0.013010787777602673	0.5497594280168414	PBMC68k	temp/pbmc68k_data.rds	scvi	scVI	45	45	celltype	barcode_suffix	12000	1000	11	8	label_free_hvg
45	100	10	1.0	21	0.18158029185870364	0.3849124263584245	0.0002516767923522798	0.0029631667848494846	-0.013010787777602673	0.5404925518669188	PBMC68k	temp/pbmc68k_data.rds	scvi	scVI	45	45	celltype	barcode_suffix	12000	1000	11	8	label_free_hvg
45	100	10	1.5	28	0.15592728263119124	0.3651536527074788	0.0003196471775252835	0.003816544136212408	-0.013010787777602673	0.541969110025093	PBMC68k	temp/pbmc68k_data.rds	scvi	scVI	45	45	celltype	barcode_suffix	12000	1000	11	8	label_free_hvg
45	100	10	2.0	39	0.13687948984261547	0.34917602069610115	0.00021610710303699763	0.004587664650831039	-0.013010787777602673	0.5380273039918393	PBMC68k	temp/pbmc68k_data.rds	scvi	scVI	45	45	celltype	barcode_suffix	12000	1000	11	8	label_free_hvg
45	100	15	0.2	6	0.25991953858591016	0.4743973834322	0.00024782281704703823	0.001354475630716167	-0.013010787777602673	0.7970372380223125	PBMC68k	temp/pbmc68k_data.rds	scvi	scVI	45	45	celltype	barcode_suffix	12000	1000	11	8	label_free_hvg
45	100	15	0.5	12	0.30036487148074814	0.47246282646778265	0.0003272289849105973	0.0021402369393997774	-0.013010787777602673	0.7947189768310636	PBMC68k	temp/pbmc68k_data.rds	scvi	scVI	45	45	celltype	barcode_suffix	12000	1000	11	8	label_free_hvg
45	100	15	1.0	16	0.24567965785302096	0.42338282874282623	0.0003512459624375258	0.002453642846822419	-0.013010787777602673	0.7319592281710356	PBMC68k	temp/pbmc68k_data.rds	scvi	scVI	45	45	celltype	barcode_suffix	12000	1000	11	8	label_free_hvg
45	100	15	1.5	25	0.16968551934631115	0.37713107428406756	0.000200554128904298	0.003156737459045141	-0.013010787777602673	0.7361712290439755	PBMC68k	temp/pbmc68k_data.rds	scvi	scVI	45	45	celltype	barcode_suffix	12000	1000	11	8	label_free_hvg
45	100	15	2.0	33	0.14649704736255664	0.3614425639394846	0.0002543092240370857	0.004197653247503425	-0.013010787777602673	0.7251013480126858	PBMC68k	temp/pbmc68k_data.rds	scvi	scVI	45	45	celltype	barcode_suffix	12000	1000	11	8	label_free_hvg
45	100	30	0.2	6	0.2600784606495689	0.475565156328998	0.00022277133685309855	0.001366787194680159	-0.013010787777602673	1.2286527620162815	PBMC68k	temp/pbmc68k_data.rds	scvi	scVI	45	45	celltype	barcode_suffix	12000	1000	11	8	label_free_hvg
45	100	30	0.5	10	0.3068935843220144	0.47728415986667666	0.0003555970576319677	0.0019137167321867275	-0.013010787777602673	1.4183786241337657	PBMC68k	temp/pbmc68k_data.rds	scvi	scVI	45	45	celltype	barcode_suffix	12000	1000	11	8	label_free_hvg
45	100	30	1.0	12	0.26039388961172244	0.45575348090022616	0.0004218939059132058	0.0021598630902811655	-0.013010787777602673	1.4201132589951158	PBMC68k	temp/pbmc68k_data.rds	scvi	scVI	45	45	celltype	barcode_suffix	12000	1000	11	8	label_free_hvg
45	100	30	1.5	17	0.21053793741015064	0.41222705814524335	0.00038988884655714515	0.0027590307303986153	-0.013010787777602673	1.3673625031951815	PBMC68k	temp/pbmc68k_data.rds	scvi	scVI	45	45	celltype	barcode_suffix	12000	1000	11	8	label_free_hvg
45	100	30	2.0	23	0.18389218397875667	0.3851341546980366	0.00024458697940954335	0.0031413358504154662	-0.013010787777602673	1.2950206049717963	PBMC68k	temp/pbmc68k_data.rds	scvi	scVI	45	45	celltype	barcode_suffix	12000	1000	11	8	label_free_hvg
46	20	10	0.2	9	0.24328870011155404	0.48504998140572153	0.00021562097817513323	0.0017216334451710172	-0.011943001300096512	0.526022031204775	PBMC68k	temp/pbmc68k_data.rds	scvi	scVI	46	46	celltype	barcode_suffix	12000	1000	11	8	label_free_hvg
46	20	10	0.5	11	0.2636771934793477	0.44582156204493656	0.0002988277875760727	0.0019126810792286435	-0.011943001300096512	0.5501053698826581	PBMC68k	temp/pbmc68k_data.rds	scvi	scVI	46	46	celltype	barcode_suffix	12000	1000	11	8	label_free_hvg
46	20	10	1.0	20	0.20692624603629878	0.4025493476161488	0.0001813075975264745	0.0026928676658051296	-0.011943001300096512	0.5196681111119688	PBMC68k	temp/pbmc68k_data.rds	scvi	scVI	46	46	celltype	barcode_suffix	12000	1000	11	8	label_free_hvg
46	20	10	1.5	28	0.16163315823408403	0.3660322317429853	0.0001302942772134574	0.0032254393943891737	-0.011943001300096512	0.5095995089504868	PBMC68k	temp/pbmc68k_data.rds	scvi	scVI	46	46	celltype	barcode_suffix	12000	1000	11	8	label_free_hvg
46	20	10	2.0	39	0.1221714883802638	0.3422808142796833	0.00010584348879160334	0.004378043669442201	-0.011943001300096512	0.5152151219081134	PBMC68k	temp/pbmc68k_data.rds	scvi	scVI	46	46	celltype	barcode_suffix	12000	1000	11	8	label_free_hvg
46	20	15	0.2	8	0.262280908316395	0.4799004864964233	0.0001817426915608819	0.0016282096519751156	-0.011943001300096512	0.7079523899592459	PBMC68k	temp/pbmc68k_data.rds	scvi	scVI	46	46	celltype	barcode_suffix	12000	1000	11	8	label_free_hvg
46	20	15	0.5	10	0.2704889177493185	0.45953282790093536	0.00019631307028983658	0.0017913449027822611	-0.011943001300096512	0.7398378390353173	PBMC68k	temp/pbmc68k_data.rds	scvi	scVI	46	46	celltype	barcode_suffix	12000	1000	11	8	label_free_hvg
46	20	15	1.0	17	0.25812741170363257	0.41967517409049754	0.00019095581312326008	0.00236349819824577	-0.011943001300096512	0.6790020510088652	PBMC68k	temp/pbmc68k_data.rds	scvi	scVI	46	46	celltype	barcode_suffix	12000	1000	11	8	label_free_hvg
46	20	15	1.5	22	0.1771517280192237	0.38182863485655394	8.977019348736388e-05	0.002446523990592619	-0.011943001300096512	0.6773670217953622	PBMC68k	temp/pbmc68k_data.rds	scvi	scVI	46	46	celltype	barcode_suffix	12000	1000	11	8	label_free_hvg
46	20	15	2.0	29	0.15427786457488957	0.3625606682357557	0.0002550915526513515	0.0038188472519031175	-0.011943001300096512	0.670981922885403	PBMC68k	temp/pbmc68k_data.rds	scvi	scVI	46	46	celltype	barcode_suffix	12000	1000	11	8	label_free_hvg
46	20	30	0.2	8	0.2615353621166842	0.4830477042918866	0.00021304471137939624	0.0016286865073225805	-0.011943001300096512	1.4500454750377685	PBMC68k	temp/pbmc68k_data.rds	scvi	scVI	46	46	celltype	barcode_suffix	12000	1000	11	8	label_free_hvg
46	20	30	0.5	10	0.2961498341899159	0.4713609813354654	0.000319276797233766	0.0018124808847069694	-0.011943001300096512	1.487779369810596	PBMC68k	temp/pbmc68k_data.rds	scvi	scVI	46	46	celltype	barcode_suffix	12000	1000	11	8	label_free_hvg
46	20	30	1.0	13	0.26809838795668167	0.4328252866014408	8.514327537234992e-05	0.0018490168193816313	-0.011943001300096512	1.3995206579566002	PBMC68k	temp/pbmc68k_data.rds	scvi	scVI	46	46	celltype	barcode_suffix	12000	1000	11	8	label_free_hvg
46	20	30	1.5	16	0.21604724411874332	0.41303545121286594	6.702002357720961e-05	0.002099227867043325	-0.011943001300096512	1.2504908279515803	PBMC68k	temp/pbmc68k_data.rds	scvi	scVI	46	46	celltype	barcode_suffix	12000	1000	11	8	label_free_hvg
46	20	30	2.0	24	0.17177549260605765	0.3763597763535569	0.00010351128025016976	0.0028649390066474486	-0.011943001300096512	1.275156487012282	PBMC68k	temp/pbmc68k_data.rds	scvi	scVI	46	46	celltype	barcode_suffix	12000	1000	11	8	label_free_hvg
46	50	10	0.2	8	0.26494871720576946	0.49145562864422915	0.0002632137871518435	0.0015272189068111107	-0.009673907421529293	0.5380038809962571	PBMC68k	temp/pbmc68k_data.rds	scvi	scVI	46	46	celltype	barcode_suffix	12000	1000	11	8	label_free_hvg
46	50	10	0.5	13	0.2865195410386872	0.45762372175324534	0.00034528313572149654	0.0022621487345090433	-0.009673907421529293	0.5394899439997971	PBMC68k	temp/pbmc68k_data.rds	scvi	scVI	46	46	celltype	barcode_suffix	12000	1000	11	8	label_free_hvg
46	50	10	1.0	19	0.2087477746324546	0.40024708044023244	3.4836153804105e-05	0.0023356007464221096	-0.009673907421529293	0.5355986491777003	PBMC68k	temp/pbmc68k_data.rds	scvi	scVI	46	46	celltype	barcode_suffix	12000	1000	11	8	label_free_hvg
46	50	10	1.5	28	0.16863834703026967	0.3655940741699616	0.00016235284827016095	0.003437441169375877	-0.009673907421529293	0.5445199857931584	PBMC68k	temp/pbmc68k_data.rds	scvi	scVI	46	46	celltype	barcode_suffix	12000	1000	11	8	label_free_hvg
46	50	10	2.0	40	0.1375959736535237	0.3436916394020748	0.00012093251914286502	0.0047855457071750845	-0.009673907421529293	0.5381494439207017	PBMC68k	temp/pbmc68k_data.rds	scvi	scVI	46	46	celltype	barcode_suffix	12000	1000	11	8	label_free_hvg
46	50	15	0.2	7	0.2409462955276113	0.4907875768508596	0.00028273557279525176	0.0014012058219555212	-0.009673907421529293	0.7682646920438856	PBMC68k	temp/pbmc68k_data.rds	scvi	scVI	46	46	celltype	barcode_suffix	12000	1000	11	8	label_free_hvg
46	50	15	0.5	12	0.22836848805890098	0.4580754580643914	0.00026057964048449296	0.0020495067835609765	-0.009673907421529293	0.739693506155163	PBMC68k	temp/pbmc68k_data.rds	scvi	scVI	46	46	celltype	barcode_suffix	12000	1000	11	8	label_free_hvg
46	50	15	1.0	17	0.2301416055871137	0.4211497196642336	0.00024050536685763866	0.0026986135994425705	-0.009673907421529293	0.7242075169924647	PBMC68k	temp/pbmc68k_data.rds	scvi	scVI	46	46	celltype	barcode_suffix	12000	1000	11	8	label_free_hvg
46	50	15	1.5	24	0.1792819719430093	0.38193839900584675	0.00010368112440709598	0.0031870990654219826	-0.009673907421529293	0.7334126650821418	PBMC68k	temp/pbmc68k_data.rds	scvi	scVI	46	46	celltype	barcode_suffix	12000	1000	11	8	label_free_hvg
46	50	15	2.0	30	0.16130324593476675	0.3643607953643387	0.0001315741313881763	0.0037714722601579066	-0.009673907421529293	0.7113886668812484	PBMC68k	temp/pbmc68k_data.rds	scvi	scVI	46	46	celltype	barcode_suffix	12000	1000	11	8	label_free_hvg
46	50	30	0.2	8	0.25626940327157494	0.4805118635119451	0.00022249414901992707	0.0016540035272350204	-0.009673907421529293	1.2699747048318386	PBMC68k	temp/pbmc68k_data.rds	scvi	scVI	46	46	celltype	barcode_suffix	12000	1000	11	8	label_free_hvg
46	50	30	0.5	10	0.23333188442323424	0.46436153127132623	0.00032526695616146923	0.0018143684713348535	-0.009673907421529293	1.4913183320313692	PBMC68k	temp/pbmc68k_data.rds	scvi	scVI	46	46	celltype	barcode_suffix	12000	1000	11	8	label_free_hvg
46	50	30	1.0	14	0.262523040314042	0.4483716919461209	0.0003270405110395223	0.002374967665979525	-0.009673907421529293	1.5556055980268866	PBMC68k	temp/pbmc68k_data.rds	scvi	scVI	46	46	celltype	barcode_suffix	12000	1000	11	8	label_free_hvg
46	50	30	1.5	17	0.20778239044313393	0.4110121552287745	0.00012896413384955123	0.0022921517305107253	-0.009673907421529293	1.376820147037506	PBMC68k	temp/pbmc68k_data.rds	scvi	scVI	46	46	celltype	barcode_suffix	12000	1000	11	8	label_free_hvg
46	50	30	2.0	22	0.17983282657366806	0.38248727235651503	0.00022388988888493992	0.0031704264331303194	-0.009673907421529293	1.3947548989672214	PBMC68k	temp/pbmc68k_data.rds	scvi	scVI	46	46	celltype	barcode_suffix	12000	1000	11	8	label_free_hvg
46	100	10	0.2	8	0.26391414568971217	0.4936596820079896	0.00032632810618710536	0.0016114387888000832	-0.008836629800498486	0.5452787179965526	PBMC68k	temp/pbmc68k_data.rds	scvi	scVI	46	46	celltype	barcode_suffix	12000	1000	11	8	label_free_hvg
46	100	10	0.5	12	0.27941167023199914	0.456862609223301	0.00024969580347091635	0.001905609463326435	-0.008836629800498486	0.5331764139700681	PBMC68k	temp/pbmc68k_data.rds	scvi	scVI	46	46	celltype	barcode_suffix	12000	1000	11	8	label_free_hvg
46	100	10	1.0	18	0.2284905895346497	0.40088594189997334	0.00018814221548212946	0.0024111668353397554	-0.008836629800498486	0.5379282801877707	PBMC68k	temp/pbmc68k_data.rds	scvi	scVI	46	46	celltype	barcode_suffix	12000	1000	11	8	label_free_hvg
46	100	10	1.5	29	0.1551408596601032	0.3644625991964403	4.873322735867724e-06	0.0030816849802112406	-0.008836629800498486	0.5392415120732039	PBMC68k	temp/pbmc68k_data.rds	scvi	scVI	46	46	celltype	barcode_suffix	12000	1000	11	8	label_free_hvg
46	100	10	2.0	41	0.14065839169843944	0.34496527692788714	0.00012145802908284429	0.004802840205107579	-0.008836629800498486	0.5340790417976677	PBMC68k	temp/pbmc68k_data.rds	scvi	scVI	46	46	celltype	barcode_suffix	12000	1000	11	8	label_free_hvg
46	100	15	0.2	7	0.2642366423959409	0.494101373156444	0.00024995801610692276	0.0013602130460072925	-0.008836629800498486	0.8395637259818614	PBMC68k	temp/pbmc68k_data.rds	scvi	scVI	46	46	celltype	barcode_suffix	12000	1000	11	8	label_free_hvg
46	100	15	0.5	12	0.21906318573070774	0.4598417520599987	0.00026257964941903177	0.001954471226538417	-0.008836629800498486	0.7568937279284	PBMC68k	temp/pbmc68k_data.rds	scvi	scVI	46	46	celltype	barcode_suffix	12000	1000	11	8	label_free_hvg
46	100	15	1.0	17	0.25437893325657907	0.41763072445646254	0.0001882114607123601	0.0025822525678662776	-0.008836629800498486	0.7437729700468481	PBMC68k	temp/pbmc68k_data.rds	scvi	scVI	46	46	celltype	barcode_suffix	12000	1000	11	8	label_free_hvg
46	100	15	1.5	24	0.18026257070371654	0.3806729789115759	0.00015567087235607066	0.0032436125594205276	-0.008836629800498486	0.7307324749417603	PBMC68k	temp/pbmc68k_data.rds	scvi	scVI	46	46	celltype	barcode_suffix	12000	1000	11	8	label_free_hvg
46	100	15	2.0	33	0.15639204453176692	0.3589910198048803	0.0002822162659570679	0.004450582672884456	-0.008836629800498486	0.7285970458760858	PBMC68k	temp/pbmc68k_data.rds	scvi	scVI	46	46	celltype	barcode_suffix	12000	1000	11	8	label_free_hvg
46	100	30	0.2	8	0.25934005708601154	0.4811289844451722	0.0002463352756108582	0.0016707793058727035	-0.008836629800498486	1.3473602999001741	PBMC68k	temp/pbmc68k_data.rds	scvi	scVI	46	46	celltype	barcode_suffix	12000	1000	11	8	label_free_hvg
46	100	30	0.5	10	0.2967338355823598	0.4724250397443289	0.0002208955135443796	0.0017075162382217892	-0.008836629800498486	1.4899487579241395	PBMC68k	temp/pbmc68k_data.rds	scvi	scVI	46	46	celltype	barcode_suffix	12000	1000	11	8	label_free_hvg
46	100	30	1.0	13	0.26134301725372683	0.45196999221950385	0.00024116804349700037	0.0021272699600838087	-0.008836629800498486	1.569653106154874	PBMC68k	temp/pbmc68k_data.rds	scvi	scVI	46	46	celltype	barcode_suffix	12000	1000	11	8	label_free_hvg
46	100	30	1.5	18	0.2063393752081894	0.4069704989363537	0.00021364198866802073	0.0025733752848083975	-0.008836629800498486	1.452010557986796	PBMC68k	temp/pbmc68k_data.rds	scvi	scVI	46	46	celltype	barcode_suffix	12000	1000	11	8	label_free_hvg
46	100	30	2.0	23	0.18041335321661556	0.3813949713163979	0.0002122811252069187	0.003248221092676029	-0.008836629800498486	1.362151426030323	PBMC68k	temp/pbmc68k_data.rds	scvi	scVI	46	46	celltype	barcode_suffix	12000	1000	11	8	label_free_hvg
42	20	10	0.2	15	0.23013502458496876	0.45223061160341343	0.0004963504776131831	0.002686751153743877	-0.03548985719680786	0.3834794929716736	PBMC68k	temp/pbmc68k_data.rds	alra	ALRA	42	42	celltype	barcode_suffix	12000	1000	11	8	label_free_hvg
42	20	10	0.5	24	0.18484166692797516	0.4235061474387922	0.0002668659132167897	0.0032270189858447725	-0.03548985719680786	0.38271858892403543	PBMC68k	temp/pbmc68k_data.rds	alra	ALRA	42	42	celltype	barcode_suffix	12000	1000	11	8	label_free_hvg
42	20	10	1.0	37	0.15592002171133007	0.3988910926588909	0.00026365089799143077	0.005073707132435914	-0.03548985719680786	0.3831396009773016	PBMC68k	temp/pbmc68k_data.rds	alra	ALRA	42	42	celltype	barcode_suffix	12000	1000	11	8	label_free_hvg
42	20	10	1.5	48	0.11118269575630225	0.3854090922363542	0.00019636574410946802	0.005531267811071541	-0.03548985719680786	0.3786083629820496	PBMC68k	temp/pbmc68k_data.rds	alra	ALRA	42	42	celltype	barcode_suffix	12000	1000	11	8	label_free_hvg
42	20	10	2.0	54	0.09810318670642716	0.3794828792256729	0.00013249473817467848	0.005925074347096989	-0.03548985719680786	0.37681355397216976	PBMC68k	temp/pbmc68k_data.rds	alra	ALRA	42	42	celltype	barcode_suffix	12000	1000	11	8	label_free_hvg
42	20	15	0.2	14	0.233717517821243	0.4549210132165646	0.0004405090177636662	0.002350885604944802	-0.03548985719680786	0.4907286649104208	PBMC68k	temp/pbmc68k_data.rds	alra	ALRA	42	42	celltype	barcode_suffix	12000	1000	11	8	label_free_hvg
42	20	15	0.5	21	0.18743680684749803	0.4306575647233742	0.00039013007783362055	0.003229227230739296	-0.03548985719680786	0.49090096983127296	PBMC68k	temp/pbmc68k_data.rds	alra	ALRA	42	42	celltype	barcode_suffix	12000	1000	11	8	label_free_hvg
42	20	15	1.0	29	0.17262198534317308	0.4120104811965423	0.00022275310310555313	0.0036755824755690084	-0.03548985719680786	0.49106993409805	PBMC68k	temp/pbmc68k_data.rds	alra	ALRA	42	42	celltype	barcode_suffix	12000	1000	11	8	label_free_hvg
42	20	15	1.5	40	0.12156119342439052	0.3924007427763114	0.00017322913314088604	0.004906924449052186	-0.03548985719680786	0.4877438638359308	PBMC68k	temp/pbmc68k_data.rds	alra	ALRA	42	42	celltype	barcode_suffix	12000	1000	11	8	label_free_hvg
42	20	15	2.0	46	0.1104693508677087	0.38730068421343505	0.00019195719776918387	0.005383408788539974	-0.03548985719680786	0.49003832414746284	PBMC68k	temp/pbmc68k_data.rds	alra	ALRA	42	42	celltype	barcode_suffix	12000	1000	11	8	label_free_hvg
42	20	30	0.2	13	0.2709744364270065	0.45927442630268045	0.0004526495294763342	0.002352318280951064	-0.03548985719680786	0.817869536112994	PBMC68k	temp/pbmc68k_data.rds	alra	ALRA	42	42	celltype	barcode_suffix	12000	1000	11	8	label_free_hvg
42	20	30	0.5	16	0.2028495146140317	0.4487809237003057	0.0006499680877562066	0.0029585548304660943	-0.03548985719680786	0.8251453530974686	PBMC68k	temp/pbmc68k_data.rds	alra	ALRA	42	42	celltype	barcode_suffix	12000	1000	11	8	label_free_hvg
42	20	30	1.0	21	0.18725870401569228	0.42565039025431894	0.00031284672685466904	0.0030914984264967284	-0.03548985719680786	0.8284530371893197	PBMC68k	temp/pbmc68k_data.rds	alra	ALRA	42	42	celltype	barcode_suffix	12000	1000	11	8	label_free_hvg
42	20	30	1.5	27	0.1818476184266822	0.41990052475444894	0.00028278025504963294	0.0035919414642306834	-0.03548985719680786	0.8207603471819311	PBMC68k	temp/pbmc68k_data.rds	alra	ALRA	42	42	celltype	barcode_suffix	12000	1000	11	8	label_free_hvg
42	20	30	2.0	36	0.14020465687909714	0.3986702067808604	0.0002023041674820028	0.004510263764221937	-0.03548985719680786	0.7929472930263728	PBMC68k	temp/pbmc68k_data.rds	alra	ALRA	42	42	celltype	barcode_suffix	12000	1000	11	8	label_free_hvg
42	50	10	0.2	18	0.2152054966857299	0.43511105521949056	0.00032864843376702004	0.002831158809081676	-0.03444606438279152	0.37979785702191293	PBMC68k	temp/pbmc68k_data.rds	alra	ALRA	42	42	celltype	barcode_suffix	12000	1000	11	8	label_free_hvg
42	50	10	0.5	26	0.17529365251831647	0.41936013506257563	0.0003601223101413934	0.003801236610320417	-0.03444606438279152	0.37763075483962893	PBMC68k	temp/pbmc68k_data.rds	alra	ALRA	42	42	celltype	barcode_suffix	12000	1000	11	8	label_free_hvg
42	50	10	1.0	39	0.157775544582027	0.40247586824154225	0.00023185224306567715	0.005040840637366369	-0.03444606438279152	0.37940115202218294	PBMC68k	temp/pbmc68k_data.rds	alra	ALRA	42	42	celltype	barcode_suffix	12000	1000	11	8	label_free_hvg
42	50	10	1.5	52	0.10440077184855444	0.3826361444480804	0.00018554853043942682	0.00596366176886609	-0.03444606438279152	0.36928211199119687	PBMC68k	temp/pbmc68k_data.rds	alra	ALRA	42	42	celltype	barcode_suffix	12000	1000	11	8	label_free_hvg
42	50	10	2.0	62	0.08813146117302707	0.37438581692639583	0.00018136325491467436	0.006900948623944617	-0.03444606438279152	0.3707387379836291	PBMC68k	temp/pbmc68k_data.rds	alra	ALRA	42	42	celltype	barcode_suffix	12000	1000	11	8	label_free_hvg
42	50	15	0.2	17	0.22002379444893083	0.4376601279354662	0.00045971796552344885	0.002886962984487832	-0.03444606438279152	0.4730774329509586	PBMC68k	temp/pbmc68k_data.rds	alra	ALRA	42	42	celltype	barcode_suffix	12000	1000	11	8	label_free_hvg
42	50	15	0.5	26	0.17870602235254748	0.41806264769955687	0.0003157705995632437	0.0037838105047210374	-0.03444606438279152	0.4715658840723336	PBMC68k	temp/pbmc68k_data.rds	alra	ALRA	42	42	celltype	barcode_suffix	12000	1000	11	8	label_free_hvg
42	50	15	1.0	34	0.1685385933582909	0.40643446638364233	0.0002473703118234617	0.004544735830863006	-0.03444606438279152	0.46695981500670314	PBMC68k	temp/pbmc68k_data.rds	alra	ALRA	42	42	celltype	barcode_suffix	12000	1000	11	8	label_free_hvg
42	50	15	1.5	44	0.1217840717816501	0.3930927648566862	0.00020689671732481603	0.0053288557535291015	-0.03444606438279152	0.4682922118809074	PBMC68k	temp/pbmc68k_data.rds	alra	ALRA	42	42	celltype	barcode_suffix	12000	1000	11	8	label_free_hvg
42	50	15	2.0	54	0.0998487660759531	0.3807130707319283	0.0002110554912824676	0.006677902349556928	-0.03444606438279152	0.49609046010300517	PBMC68k	temp/pbmc68k_data.rds	alra	ALRA	42	42	celltype	barcode_suffix	12000	1000	11	8	label_free_hvg
42	50	30	0.2	12	0.31587453740206045	0.46858149692593215	0.0005970729851773586	0.0025740938037438683	-0.03444606438279152	0.8020744749810547	PBMC68k	temp/pbmc68k_data.rds	alra	ALRA	42	42	celltype	barcode_suffix	12000	1000	11	8	label_free_hvg
42	50	30	0.5	22	0.19238371125271017	0.42906064161028223	0.00045752824339581876	0.0034081345091436554	-0.03444606438279152	0.8004140250850469	PBMC68k	temp/pbmc68k_data.rds	alra	ALRA	42	42	celltype	barcode_suffix	12000	1000	11	8	label_free_hvg
42	50	30	1.0	25	0.17918289662919418	0.4210278201991595	0.00036367204523357854	0.003813193525407271	-0.03444606438279152	0.7927005840465426	PBMC68k	temp/pbmc68k_data.rds	alra	ALRA	42	42	celltype	barcode_suffix	12000	1000	11	8	label_free_hvg
42	50	30	1.5	32	0.17137646427017245	0.4092911993703885	0.00027580090624941767	0.0044056386358132344	-0.03444606438279152	0.7974595460109413	PBMC68k	temp/pbmc68k_data.rds	alra	ALRA	42	42	celltype	barcode_suffix	12000	1000	11	8	label_free_hvg
42	50	30	2.0	38	0.1381412997358754	0.39458527965395945	0.00032913708875375436	0.005236907550449876	-0.03444606438279152	0.799569389084354	PBMC68k	temp/pbmc68k_data.rds	alra	ALRA	42	42	celltype	barcode_suffix	12000	1000	11	8	label_free_hvg
42	100	10	0.2	21	0.21105186507651041	0.43222475117321335	0.00039989328484386173	0.0034408184627664784	-0.03387016803026199	0.37471774499863386	PBMC68k	temp/pbmc68k_data.rds	alra	ALRA	42	42	celltype	barcode_suffix	12000	1000	11	8	label_free_hvg
42	100	10	0.5	33	0.16858711912149907	0.4116642551970821	0.00036545651211871636	0.004649548380387578	-0.03387016803026199	0.3707715959753841	PBMC68k	temp/pbmc68k_data.rds	alra	ALRA	42	42	celltype	barcode_suffix	12000	1000	11	8	label_free_hvg
42	100	10	1.0	48	0.14027987551257998	0.3895854020217427	0.00021393780999107493	0.00587695098660616	-0.03387016803026199	0.3696161089465022	PBMC68k	temp/pbmc68k_data.rds	alra	ALRA	42	42	celltype	barcode_suffix	12000	1000	11	8	label_free_hvg
42	100	10	1.5	57	0.09949045684111486	0.37736355383967657	9.645563239105146e-05	0.00605126974517941	-0.03387016803026199	0.3716254399623722	PBMC68k	temp/pbmc68k_data.rds	alra	ALRA	42	42	celltype	barcode_suffix	12000	1000	11	8	label_free_hvg
42	100	10	2.0	64	0.08898193596705588	0.3714105054330714	0.00010086907377712625	0.006669223433224435	-0.03387016803026199	0.3668442121706903	PBMC68k	temp/pbmc68k_data.rds	alra	ALRA	42	42	celltype	barcode_suffix	12000	1000	11	8	label_free_hvg
42	100	15	0.2	17	0.22126902203859072	0.43744530243445545	0.00035876019351931376	0.0027425316067032322	-0.03387016803026199	0.47757672518491745	PBMC68k	temp/pbmc68k_data.rds	alra	ALRA	42	42	celltype	barcode_suffix	12000	1000	11	8	label_free_hvg
42	100	15	0.5	27	0.1780405449858052	0.4203158615538082	0.00040170043800372303	0.004278587975806685	-0.03387016803026199	0.4828382551204413	PBMC68k	temp/pbmc68k_data.rds	alra	ALRA	42	42	celltype	barcode_suffix	12000	1000	11	8	label_free_hvg
42	100	15	1.0	37	0.16136781247368434	0.4017188817560607	0.00020450283267799357	0.0047178779101172755	-0.03387016803026199	0.47717051301151514	PBMC68k	temp/pbmc68k_data.rds	alra	ALRA	42	42	celltype	barcode_suffix	12000	1000	11	8	label_free_hvg
42	100	15	1.5	47	0.1198511146267695	0.387293899795259	0.0001424719628314261	0.005440023541775732	-0.03387016803026199	0.468896864913404	PBMC68k	temp/pbmc68k_data.rds	alra	ALRA	42	42	celltype	barcode_suffix	12000	1000	11	8	label_free_hvg
42	100	15	2.0	57	0.10289779883198523	0.37851317420443614	0.00016325104690604933	0.006475195657851628	-0.03387016803026199	0.47379244305193424	PBMC68k	temp/pbmc68k_data.rds	alra	ALRA	42	42	celltype	barcode_suffix	12000	1000	11	8	label_free_hvg
42	100	30	0.2	15	0.27546543438430576	0.45197587225172403	0.0004291675904575245	0.002913178471753572	-0.03387016803026199	0.7655327829997987	PBMC68k	temp/pbmc68k_data.rds	alra	ALRA	42	42	celltype	barcode_suffix	12000	1000	11	8	label_free_hvg
42	100	30	0.5	22	0.19515541790293262	0.422972431823909	0.0002591982620680871	0.0031809224583379367	-0.03387016803026199	0.7556912659201771	PBMC68k	temp/pbmc68k_data.rds	alra	ALRA	42	42	celltype	barcode_suffix	12000	1000	11	8	label_free_hvg
42	100	30	1.0	27	0.18024285423831238	0.41380437933582204	0.00025319449862076863	0.00380663507367791	-0.03387016803026199	0.7555915098637342	PBMC68k	temp/pbmc68k_data.rds	alra	ALRA	42	42	celltype	barcode_suffix	12000	1000	11	8	label_free_hvg
42	100	30	1.5	33	0.16541795486886124	0.40438024308325776	0.00027239844171324755	0.004531543093125116	-0.03387016803026199	0.7645817510783672	PBMC68k	temp/pbmc68k_data.rds	alra	ALRA	42	42	celltype	barcode_suffix	12000	1000	11	8	label_free_hvg
42	100	30	2.0	40	0.13016120742449597	0.39005469535724835	0.0002257181243234853	0.0049616287519628705	-0.03387016803026199	0.7810437951702625	PBMC68k	temp/pbmc68k_data.rds	alra	ALRA	42	42	celltype	barcode_suffix	12000	1000	11	8	label_free_hvg
43	20	10	0.2	15	0.2147177117924617	0.4480484176875187	0.0004235665952766518	0.0025291237727316086	-0.024193203076720238	0.38447296083904803	PBMC68k	temp/pbmc68k_data.rds	alra	ALRA	43	43	celltype	barcode_suffix	12000	1000	11	8	label_free_hvg
43	20	10	0.5	25	0.18793203738760386	0.4243274510552095	0.0002783285392673896	0.003369274765079143	-0.024193203076720238	0.38308303290978074	PBMC68k	temp/pbmc68k_data.rds	alra	ALRA	43	43	celltype	barcode_suffix	12000	1000	11	8	label_free_hvg
43	20	10	1.0	37	0.16043373912039363	0.40241930919772123	0.0001750336186751158	0.00463224466808197	-0.024193203076720238	0.3801789479330182	PBMC68k	temp/pbmc68k_data.rds	alra	ALRA	43	43	celltype	barcode_suffix	12000	1000	11	8	label_free_hvg
43	20	10	1.5	47	0.11469224980946975	0.38901511552654017	0.0001473319034806674	0.005507229244427553	-0.024193203076720238	0.3787434392143041	PBMC68k	temp/pbmc68k_data.rds	alra	ALRA	43	43	celltype	barcode_suffix	12000	1000	11	8	label_free_hvg
43	20	10	2.0	54	0.09802826724345887	0.38035953060782285	0.00014073427046169538	0.006008672219740519	-0.024193203076720238	0.3811186938546598	PBMC68k	temp/pbmc68k_data.rds	alra	ALRA	43	43	celltype	barcode_suffix	12000	1000	11	8	label_free_hvg
43	20	15	0.2	14	0.27126598776897154	0.45937207224449966	0.000487053672538044	0.002491966272138419	-0.024193203076720238	0.48206361196935177	PBMC68k	temp/pbmc68k_data.rds	alra	ALRA	43	43	celltype	barcode_suffix	12000	1000	11	8	label_free_hvg
43	20	15	0.5	21	0.19982980155692098	0.4337516185946947	0.0003812855266564851	0.003305596751507986	-0.024193203076720238	0.4806377349887043	PBMC68k	temp/pbmc68k_data.rds	alra	ALRA	43	43	celltype	barcode_suffix	12000	1000	11	8	label_free_hvg
43	20	15	1.0	30	0.17298960009122313	0.4106407835586614	0.00027670060718498876	0.004111722455776026	-0.024193203076720238	0.4817494680173695	PBMC68k	temp/pbmc68k_data.rds	alra	ALRA	43	43	celltype	barcode_suffix	12000	1000	11	8	label_free_hvg
43	20	15	1.5	40	0.12067353032025371	0.39371552772535245	0.00014964434738028507	0.004823147012836019	-0.024193203076720238	0.4734530041459948	PBMC68k	temp/pbmc68k_data.rds	alra	ALRA	43	43	celltype	barcode_suffix	12000	1000	11	8	label_free_hvg
43	20	15	2.0	46	0.10924587480311937	0.387409064484734	0.00017656879775651988	0.005293127934541008	-0.024193203076720238	0.4812465969007462	PBMC68k	temp/pbmc68k_data.rds	alra	ALRA	43	43	celltype	barcode_suffix	12000	1000	11	8	label_free_hvg
43	20	30	0.2	12	0.2724643846876405	0.4599835454829353	0.0005118998386450147	0.0022593213380887557	-0.024193203076720238	0.8120280068833381	PBMC68k	temp/pbmc68k_data.rds	alra	ALRA	43	43	celltype	barcode_suffix	12000	1000	11	8	label_free_hvg
43	20	30	0.5	17	0.18991191000943639	0.44319318117763573	0.0005900357488140765	0.002898810158475453	-0.024193203076720238	0.8108827050309628	PBMC68k	temp/pbmc68k_data.rds	alra	ALRA	43	43	celltype	barcode_suffix	12000	1000	11	8	label_free_hvg
43	20	30	1.0	21	0.19088864268381245	0.4268053308941514	0.0002801284518235858	0.0030182947411275677	-0.024193203076720238	0.7922960929572582	PBMC68k	temp/pbmc68k_data.rds	alra	ALRA	43	43	celltype	barcode_suffix	12000	1000	11	8	label_free_hvg
43	20	30	1.5	28	0.17582363214075664	0.41095596301580356	0.00025722890180653485	0.00398885491284992	-0.024193203076720238	0.7988620549440384	PBMC68k	temp/pbmc68k_data.rds	alra	ALRA	43	43	celltype	barcode_suffix	12000	1000	11	8	label_free_hvg
43	20	30	2.0	36	0.14007495923642146	0.3980410743385324	0.00027893628639148233	0.004701304598450906	-0.024193203076720238	0.8036639969795942	PBMC68k	temp/pbmc68k_data.rds	alra	ALRA	43	43	celltype	barcode_suffix	12000	1000	11	8	label_free_hvg
43	50	10	0.2	18	0.22323951864128466	0.4377656696123608	0.0004250396979227381	0.0030393344901729156	-0.0236099474132061	0.37721391418017447	PBMC68k	temp/pbmc68k_data.rds	alra	ALRA	43	43	celltype	barcode_suffix	12000	1000	11	8	label_free_hvg
43	50	10	0.5	27	0.1673377588978738	0.41558171319355464	0.00034769372770099093	0.003897249917302501	-0.0236099474132061	0.37514560390263796	PBMC68k	temp/pbmc68k_data.rds	alra	ALRA	43	43	celltype	barcode_suffix	12000	1000	11	8	label_free_hvg
43	50	10	1.0	39	0.15916238619457615	0.4034844680778329	0.00018517268933915674	0.00470225293920944	-0.0236099474132061	0.3751413570716977	PBMC68k	temp/pbmc68k_data.rds	alra	ALRA	43	43	celltype	barcode_suffix	12000	1000	11	8	label_free_hvg
43	50	10	1.5	55	0.10489089588986138	0.38188562556315475	0.00012558867401912636	0.006279946950860599	-0.0236099474132061	0.3750309320166707	PBMC68k	temp/pbmc68k_data.rds	alra	ALRA	43	43	celltype	barcode_suffix	12000	1000	11	8	label_free_hvg
43	50	10	2.0	65	0.0848068843156252	0.37194643868575183	0.00014001169923947722	0.0069779480235504275	-0.0236099474132061	0.37109200609847903	PBMC68k	temp/pbmc68k_data.rds	alra	ALRA	43	43	celltype	barcode_suffix	12000	1000	11	8	label_free_hvg
43	50	15	0.2	17	0.2688328789856383	0.4454809107203567	0.00041204116688047025	0.0028509849117531547	-0.0236099474132061	0.4844677960500121	PBMC68k	temp/pbmc68k_data.rds	alra	ALRA	43	43	celltype	barcode_suffix	12000	1000	11	8	label_free_hvg
43	50	15	0.5	25	0.18899927090059587	0.4206760749202146	0.00040550904440631627	0.003666987595667857	-0.0236099474132061	0.47876153187826276	PBMC68k	temp/pbmc68k_data.rds	alra	ALRA	43	43	celltype	barcode_suffix	12000	1000	11	8	label_free_hvg
43	50	15	1.0	33	0.1692067361578507	0.40811166930756043	0.0002679690600552277	0.00468749187373466	-0.0236099474132061	0.47414369718171656	PBMC68k	temp/pbmc68k_data.rds	alra	ALRA	43	43	celltype	barcode_suffix	12000	1000	11	8	label_free_hvg
43	50	15	1.5	44	0.11563623802519116	0.38810134131321145	0.0002217979800974375	0.005475551169949292	-0.0236099474132061	0.4665609388612211	PBMC68k	temp/pbmc68k_data.rds	alra	ALRA	43	43	celltype	barcode_suffix	12000	1000	11	8	label_free_hvg
43	50	15	2.0	54	0.09671308748284747	0.38190650588320246	0.00020923336040341915	0.006345121009926342	-0.0236099474132061	0.46803080989047885	PBMC68k	temp/pbmc68k_data.rds	alra	ALRA	43	43	celltype	barcode_suffix	12000	1000	11	8	label_free_hvg
43	50	30	0.2	12	0.28513793539606197	0.4687251316136982	0.0005980289877988514	0.002478546756874603	-0.0236099474132061	0.7868750020861626	PBMC68k	temp/pbmc68k_data.rds	alra	ALRA	43	43	celltype	barcode_suffix	12000	1000	11	8	label_free_hvg
43	50	30	0.5	21	0.19083563357664726	0.42808731053299925	0.0004085615937194252	0.0032421966766614653	-0.0236099474132061	0.7849756730720401	PBMC68k	temp/pbmc68k_data.rds	alra	ALRA	43	43	celltype	barcode_suffix	12000	1000	11	8	label_free_hvg
43	50	30	1.0	25	0.17499849617395108	0.4137308428183809	0.0002905183289920586	0.0036307880986786245	-0.0236099474132061	0.7834342319983989	PBMC68k	temp/pbmc68k_data.rds	alra	ALRA	43	43	celltype	barcode_suffix	12000	1000	11	8	label_free_hvg
43	50	30	1.5	32	0.15899258975655398	0.4082639033100628	0.0002077837570857552	0.004154454296945653	-0.0236099474132061	0.7853803359903395	PBMC68k	temp/pbmc68k_data.rds	alra	ALRA	43	43	celltype	barcode_suffix	12000	1000	11	8	label_free_hvg
43	50	30	2.0	37	0.143802023389234	0.40057344979952153	0.00016703126876042146	0.004680621327038977	-0.0236099474132061	0.7937366599217057	PBMC68k	temp/pbmc68k_data.rds	alra	ALRA	43	43	celltype	barcode_suffix	12000	1000	11	8	label_free_hvg
43	100	10	0.2	21	0.20617905922195318	0.42689900138612813	0.00031901101146624913	0.003274552800924004	-0.023300854489207268	0.3723603000398725	PBMC68k	temp/pbmc68k_data.rds	alra	ALRA	43	43	celltype	barcode_suffix	12000	1000	11	8	label_free_hvg
43	100	10	0.5	34	0.16145746599906521	0.4084293229896387	0.0002536323204484137	0.004667429890465489	-0.023300854489207268	0.3703204181510955	PBMC68k	temp/pbmc68k_data.rds	alra	ALRA	43	43	celltype	barcode_suffix	12000	1000	11	8	label_free_hvg
43	100	10	1.0	45	0.14005450689525795	0.38871122438740346	0.00020200786560959724	0.005656017935815464	-0.023300854489207268	0.3707493548281491	PBMC68k	temp/pbmc68k_data.rds	alra	ALRA	43	43	celltype	barcode_suffix	12000	1000	11	8	label_free_hvg
43	100	10	1.5	58	0.10349114440864851	0.37757212309312027	0.00017999666966090196	0.006378488361418021	-0.023300854489207268	0.36539656994864345	PBMC68k	temp/pbmc68k_data.rds	alra	ALRA	43	43	celltype	barcode_suffix	12000	1000	11	8	label_free_hvg
43	100	10	2.0	65	0.08951938166318238	0.3697290549578434	9.984186488872017e-05	0.006972599212131697	-0.023300854489207268	0.3683914439752698	PBMC68k	temp/pbmc68k_data.rds	alra	ALRA	43	43	celltype	barcode_suffix	12000	1000	11	8	label_free_hvg
43	100	15	0.2	17	0.26931880911406225	0.4482727675958917	0.0003554905487148302	0.0027398277807142877	-0.023300854489207268	0.4728917758911848	PBMC68k	temp/pbmc68k_data.rds	alra	ALRA	43	43	celltype	barcode_suffix	12000	1000	11	8	label_free_hvg
43	100	15	0.5	26	0.1882812939650029	0.41890866214146477	0.00044308380422076375	0.004131949390549021	-0.023300854489207268	0.4710443071089685	PBMC68k	temp/pbmc68k_data.rds	alra	ALRA	43	43	celltype	barcode_suffix	12000	1000	11	8	label_free_hvg
43	100	15	1.0	38	0.16439637454855613	0.40404885798842893	0.00028077181354825125	0.0050817306264382195	-0.023300854489207268	0.46837513404898345	PBMC68k	temp/pbmc68k_data.rds	alra	ALRA	43	43	celltype	barcode_suffix	12000	1000	11	8	label_free_hvg
43	100	15	1.5	48	0.11378269244458976	0.3847321454468431	0.00022616492143597342	0.005587297431872211	-0.023300854489207268	0.4640314499847591	PBMC68k	temp/pbmc68k_data.rds	alra	ALRA	43	43	celltype	barcode_suffix	12000	1000	11	8	label_free_hvg
43	100	15	2.0	58	0.10093758083724284	0.3776765836919313	0.00017993280683316416	0.006633840613171345	-0.023300854489207268	0.46256995806470513	PBMC68k	temp/pbmc68k_data.rds	alra	ALRA	43	43	celltype	barcode_suffix	12000	1000	11	8	label_free_hvg
43	100	30	0.2	14	0.27704977006468046	0.4535011009107812	0.00044368318026320194	0.0026894154138990107	-0.023300854489207268	0.7614833789411932	PBMC68k	temp/pbmc68k_data.rds	alra	ALRA	43	43	celltype	barcode_suffix	12000	1000	11	8	label_free_hvg
43	100	30	0.5	22	0.19833863166948879	0.42631308370250376	0.0003679282682285947	0.00338286400211031	-0.023300854489207268	0.767858644016087	PBMC68k	temp/pbmc68k_data.rds	alra	ALRA	43	43	celltype	barcode_suffix	12000	1000	11	8	label_free_hvg
43	100	30	1.0	27	0.17721215389553885	0.41374061701851966	0.0003258770021477966	0.0040246535413443465	-0.023300854489207268	0.7717166019137949	PBMC68k	temp/pbmc68k_data.rds	alra	ALRA	43	43	celltype	barcode_suffix	12000	1000	11	8	label_free_hvg
43	100	30	1.5	32	0.16726470824120546	0.4074702426172755	0.0003148212360214097	0.004522269376220784	-0.023300854489207268	0.7718567161355168	PBMC68k	temp/pbmc68k_data.rds	alra	ALRA	43	43	celltype	barcode_suffix	12000	1000	11	8	label_free_hvg
43	100	30	2.0	42	0.12914442454724356	0.3918686163027232	0.00022890681354824786	0.005183929178419953	-0.023300854489207268	0.7701733831781894	PBMC68k	temp/pbmc68k_data.rds	alra	ALRA	43	43	celltype	barcode_suffix	12000	1000	11	8	label_free_hvg
44	20	10	0.2	15	0.22986897189138797	0.45125124610511913	0.00047564392666398745	0.0026966121605107823	-0.03228006139397621	0.39218901516869664	PBMC68k	temp/pbmc68k_data.rds	alra	ALRA	44	44	celltype	barcode_suffix	12000	1000	11	8	label_free_hvg
44	20	10	0.5	24	0.18732146671962888	0.4245156295859773	0.00026175858566282445	0.0032557005704809514	-0.03228006139397621	0.3829491990618408	PBMC68k	temp/pbmc68k_data.rds	alra	ALRA	44	44	celltype	barcode_suffix	12000	1000	11	8	label_free_hvg
44	20	10	1.0	36	0.1632908274480705	0.4032362639245824	0.00025403077996359635	0.005064010481262324	-0.03228006139397621	0.37964969291351736	PBMC68k	temp/pbmc68k_data.rds	alra	ALRA	44	44	celltype	barcode_suffix	12000	1000	11	8	label_free_hvg
44	20	10	1.5	47	0.11504728479336494	0.3887614638940477	0.00013590856764538367	0.0054925855518900306	-0.03228006139397621	0.3839460387825966	PBMC68k	temp/pbmc68k_data.rds	alra	ALRA	44	44	celltype	barcode_suffix	12000	1000	11	8	label_free_hvg
44	20	10	2.0	53	0.09801625289961698	0.37997578366615314	0.0001565322732557923	0.005979423297221343	-0.03228006139397621	0.3819665319751948	PBMC68k	temp/pbmc68k_data.rds	alra	ALRA	44	44	celltype	barcode_suffix	12000	1000	11	8	label_free_hvg
44	20	15	0.2	12	0.3058847498749266	0.4644287383276365	0.0004977627143746505	0.0024313728258832947	-0.03228006139397621	0.49454277311451733	PBMC68k	temp/pbmc68k_data.rds	alra	ALRA	44	44	celltype	barcode_suffix	12000	1000	11	8	label_free_hvg
44	20	15	0.5	21	0.19732213773535365	0.4318238405029879	0.00034668954880373115	0.0030950756297234345	-0.03228006139397621	0.48900834913365543	PBMC68k	temp/pbmc68k_data.rds	alra	ALRA	44	44	celltype	barcode_suffix	12000	1000	11	8	label_free_hvg
44	20	15	1.0	31	0.17155121065879048	0.4148280044065383	0.0002425332968647205	0.004005984807269063	-0.03228006139397621	0.49090604903176427	PBMC68k	temp/pbmc68k_data.rds	alra	ALRA	44	44	celltype	barcode_suffix	12000	1000	11	8	label_free_hvg
44	20	15	1.5	39	0.1256063818485172	0.3943899274909247	9.843008472811114e-05	0.004792903526932791	-0.03228006139397621	0.4836230520159006	PBMC68k	temp/pbmc68k_data.rds	alra	ALRA	44	44	celltype	barcode_suffix	12000	1000	11	8	label_free_hvg
44	20	15	2.0	47	0.10773285063429786	0.38637243510949276	0.0001263803793115103	0.0052694149904084844	-0.03228006139397621	0.48311175499111414	PBMC68k	temp/pbmc68k_data.rds	alra	ALRA	44	44	celltype	barcode_suffix	12000	1000	11	8	label_free_hvg
44	20	30	0.2	12	0.28413673800248834	0.46868115641295904	0.0005466155405428024	0.002398650323949023	-0.03228006139397621	0.8356194258667529	PBMC68k	temp/pbmc68k_data.rds	alra	ALRA	44	44	celltype	barcode_suffix	12000	1000	11	8	label_free_hvg
44	20	30	0.5	17	0.19268325163886987	0.441925172695272	0.0005190284605273157	0.002843755428960968	-0.03228006139397621	0.829520455095917	PBMC68k	temp/pbmc68k_data.rds	alra	ALRA	44	44	celltype	barcode_suffix	12000	1000	11	8	label_free_hvg
44	20	30	1.0	21	0.1881492109641606	0.42659066541885976	0.00031200798092571153	0.003073621497021527	-0.03228006139397621	0.8619696779642254	PBMC68k	temp/pbmc68k_data.rds	alra	ALRA	44	44	celltype	barcode_suffix	12000	1000	11	8	label_free_hvg
44	20	30	1.5	28	0.16274759717198345	0.41298403165195036	0.00020258973149403056	0.003702354533377651	-0.03228006139397621	0.8327316259965301	PBMC68k	temp/pbmc68k_data.rds	alra	ALRA	44	44	celltype	barcode_suffix	12000	1000	11	8	label_free_hvg
44	20	30	2.0	34	0.1476099953008951	0.4027397081869921	0.00022738655177798387	0.004382288840484013	-0.03228006139397621	0.8320524510927498	PBMC68k	temp/pbmc68k_data.rds	alra	ALRA	44	44	celltype	barcode_suffix	12000	1000	11	8	label_free_hvg
44	50	10	0.2	18	0.2059470161718953	0.43291824462614836	0.0003195726936780164	0.0029519803223729624	-0.03149689361453056	0.374077633023262	PBMC68k	temp/pbmc68k_data.rds	alra	ALRA	44	44	celltype	barcode_suffix	12000	1000	11	8	label_free_hvg
44	50	10	0.5	29	0.17285792078081447	0.41971578517513825	0.00035884412131167873	0.00423539077167306	-0.03149689361453056	0.3720484299119562	PBMC68k	temp/pbmc68k_data.rds	alra	ALRA	44	44	celltype	barcode_suffix	12000	1000	11	8	label_free_hvg
44	50	10	1.0	39	0.15374944770864699	0.3994970760750859	0.00020875828530193921	0.005095345686315046	-0.03149689361453056	0.36996054998598993	PBMC68k	temp/pbmc68k_data.rds	alra	ALRA	44	44	celltype	barcode_suffix	12000	1000	11	8	label_free_hvg
44	50	10	1.5	52	0.10328147505335754	0.38068725532026004	0.00017079495658701505	0.005883063530893316	-0.03149689361453056	0.3676749258302152	PBMC68k	temp/pbmc68k_data.rds	alra	ALRA	44	44	celltype	barcode_suffix	12000	1000	11	8	label_free_hvg
44	50	10	2.0	59	0.08859220141170772	0.37487510321885187	0.00015057214004382833	0.006781166978741822	-0.03149689361453056	0.36919386917725205	PBMC68k	temp/pbmc68k_data.rds	alra	ALRA	44	44	celltype	barcode_suffix	12000	1000	11	8	label_free_hvg
44	50	15	0.2	17	0.210937023750055	0.43463514215101784	0.0004115023741587255	0.0028279034242969184	-0.03149689361453056	0.47860655514523387	PBMC68k	temp/pbmc68k_data.rds	alra	ALRA	44	44	celltype	barcode_suffix	12000	1000	11	8	label_free_hvg
44	50	15	0.5	25	0.17966289586884612	0.42100991483846595	0.00038058205210370977	0.003675970947112392	-0.03149689361453056	0.47524107387289405	PBMC68k	temp/pbmc68k_data.rds	alra	ALRA	44	44	celltype	barcode_suffix	12000	1000	11	8	label_free_hvg
44	50	15	1.0	35	0.15750928993613866	0.4043349542157914	0.00030119149837823156	0.004817691544078173	-0.03149689361453056	0.47214463306590915	PBMC68k	temp/pbmc68k_data.rds	alra	ALRA	44	44	celltype	barcode_suffix	12000	1000	11	8	label_free_hvg
44	50	15	1.5	45	0.11762195183890417	0.3901390358429636	0.00019719355212328144	0.005664123579427222	-0.03149689361453056	0.47150412993505597	PBMC68k	temp/pbmc68k_data.rds	alra	ALRA	44	44	celltype	barcode_suffix	12000	1000	11	8	label_free_hvg
44	50	15	2.0	54	0.09819301420353864	0.38227554743488124	0.00020305284940552317	0.006414914847577883	-0.03149689361453056	0.4711189928930253	PBMC68k	temp/pbmc68k_data.rds	alra	ALRA	44	44	celltype	barcode_suffix	12000	1000	11	8	label_free_hvg
44	50	30	0.2	13	0.28234217693117714	0.46523162141270785	0.0006509203830571701	0.002684374277872452	-0.03149689361453056	0.7960238019004464	PBMC68k	temp/pbmc68k_data.rds	alra	ALRA	44	44	celltype	barcode_suffix	12000	1000	11	8	label_free_hvg
44	50	30	0.5	21	0.18667543679632148	0.4265459922956922	0.00029773798041269185	0.0032325273022843536	-0.03149689361453056	0.806293390924111	PBMC68k	temp/pbmc68k_data.rds	alra	ALRA	44	44	celltype	barcode_suffix	12000	1000	11	8	label_free_hvg
44	50	30	1.0	25	0.17555720819733794	0.41380149246063813	0.0002811732542569301	0.003625464402727225	-0.03149689361453056	0.7846677999477834	PBMC68k	temp/pbmc68k_data.rds	alra	ALRA	44	44	celltype	barcode_suffix	12000	1000	11	8	label_free_hvg
44	50	30	1.5	33	0.17169026596319756	0.4103753572149885	0.0002038310871052753	0.004149696810330829	-0.03149689361453056	0.7774753160774708	PBMC68k	temp/pbmc68k_data.rds	alra	ALRA	44	44	celltype	barcode_suffix	12000	1000	11	8	label_free_hvg
44	50	30	2.0	36	0.14712558907245893	0.4002622557433589	0.00020732157202979674	0.004552550242897088	-0.03149689361453056	0.7753517690580338	PBMC68k	temp/pbmc68k_data.rds	alra	ALRA	44	44	celltype	barcode_suffix	12000	1000	11	8	label_free_hvg
44	100	10	0.2	21	0.22203727329201797	0.4351102660481271	0.0004223053698915006	0.0033225312082332263	-0.031020047143101692	0.37067121802829206	PBMC68k	temp/pbmc68k_data.rds	alra	ALRA	44	44	celltype	barcode_suffix	12000	1000	11	8	label_free_hvg
44	100	10	0.5	36	0.16753747336911476	0.4058936010439939	0.0002599280063054559	0.0047680907068009025	-0.031020047143101692	0.3685017351526767	PBMC68k	temp/pbmc68k_data.rds	alra	ALRA	44	44	celltype	barcode_suffix	12000	1000	11	8	label_free_hvg
44	100	10	1.0	45	0.14617481080320807	0.3941951752643214	0.00015513242943930038	0.005227624146504263	-0.031020047143101692	0.36875200597569346	PBMC68k	temp/pbmc68k_data.rds	alra	ALRA	44	44	celltype	barcode_suffix	12000	1000	11	8	label_free_hvg
44	100	10	1.5	58	0.09993947633547945	0.3759353929369537	7.862040770058635e-05	0.006279241892258652	-0.031020047143101692	0.3654928170144558	PBMC68k	temp/pbmc68k_data.rds	alra	ALRA	44	44	celltype	barcode_suffix	12000	1000	11	8	label_free_hvg
44	100	10	2.0	66	0.08425852987924996	0.3688550675723186	0.0001019484762674276	0.0069895697072744995	-0.031020047143101692	0.3666856761556119	PBMC68k	temp/pbmc68k_data.rds	alra	ALRA	44	44	celltype	barcode_suffix	12000	1000	11	8	label_free_hvg
44	100	15	0.2	17	0.2702292303970218	0.44324076091929965	0.00041508121647120606	0.002772885966445087	-0.031020047143101692	0.47175305406562984	PBMC68k	temp/pbmc68k_data.rds	alra	ALRA	44	44	celltype	barcode_suffix	12000	1000	11	8	label_free_hvg
44	100	15	0.5	27	0.1737942917549847	0.41831104757960447	0.00045563349912170164	0.004240978306020902	-0.031020047143101692	0.46910803113132715	PBMC68k	temp/pbmc68k_data.rds	alra	ALRA	44	44	celltype	barcode_suffix	12000	1000	11	8	label_free_hvg
44	100	15	1.0	38	0.1641115383766593	0.4047263642959879	0.00024590725984031757	0.00478710348957985	-0.031020047143101692	0.4673229150939733	PBMC68k	temp/pbmc68k_data.rds	alra	ALRA	44	44	celltype	barcode_suffix	12000	1000	11	8	label_free_hvg
44	100	15	1.5	48	0.11322907387229288	0.38457954450965276	0.00018838154387094193	0.005504432517174026	-0.031020047143101692	0.4616083058062941	PBMC68k	temp/pbmc68k_data.rds	alra	ALRA	44	44	celltype	barcode_suffix	12000	1000	11	8	label_free_hvg
44	100	15	2.0	57	0.09702317399975582	0.37999578033704073	0.00019012616971439192	0.006570356834330802	-0.031020047143101692	0.4629580960609019	PBMC68k	temp/pbmc68k_data.rds	alra	ALRA	44	44	celltype	barcode_suffix	12000	1000	11	8	label_free_hvg
44	100	30	0.2	13	0.27563082392395294	0.46179548930966574	0.0005406310441974132	0.002525073956215183	-0.031020047143101692	0.7746806191280484	PBMC68k	temp/pbmc68k_data.rds	alra	ALRA	44	44	celltype	barcode_suffix	12000	1000	11	8	label_free_hvg
44	100	30	0.5	22	0.18792056455976425	0.4256639158974759	0.00041423060821479225	0.003439860387703675	-0.031020047143101692	0.7644078170415014	PBMC68k	temp/pbmc68k_data.rds	alra	ALRA	44	44	celltype	barcode_suffix	12000	1000	11	8	label_free_hvg
44	100	30	1.0	28	0.17442257860459848	0.41003786443554907	0.0002752803941567083	0.0040383518953078824	-0.031020047143101692	0.7690888659562916	PBMC68k	temp/pbmc68k_data.rds	alra	ALRA	44	44	celltype	barcode_suffix	12000	1000	11	8	label_free_hvg
44	100	30	1.5	34	0.16432591211385977	0.4036328847576793	0.000252833397189231	0.004534193170716858	-0.031020047143101692	0.7724308019969612	PBMC68k	temp/pbmc68k_data.rds	alra	ALRA	44	44	celltype	barcode_suffix	12000	1000	11	8	label_free_hvg
44	100	30	2.0	40	0.1414088426800733	0.39467579683005727	0.0001859396640807089	0.005029642819243204	-0.031020047143101692	0.7735784549731761	PBMC68k	temp/pbmc68k_data.rds	alra	ALRA	44	44	celltype	barcode_suffix	12000	1000	11	8	label_free_hvg
45	20	10	0.2	15	0.2236337172999594	0.4504582007885677	0.0004682027028831256	0.002542886293110552	-0.03286850452423096	0.39095560321584344	PBMC68k	temp/pbmc68k_data.rds	alra	ALRA	45	45	celltype	barcode_suffix	12000	1000	11	8	label_free_hvg
45	20	10	0.5	24	0.19042051860012743	0.42773708242120284	0.0003565424507690769	0.0035064156838135354	-0.03286850452423096	0.38478455506265163	PBMC68k	temp/pbmc68k_data.rds	alra	ALRA	45	45	celltype	barcode_suffix	12000	1000	11	8	label_free_hvg
45	20	10	1.0	37	0.16059933884910002	0.40245310074971885	0.0002303805318158394	0.005017074791882103	-0.03286850452423096	0.3849540778901428	PBMC68k	temp/pbmc68k_data.rds	alra	ALRA	45	45	celltype	barcode_suffix	12000	1000	11	8	label_free_hvg
45	20	10	1.5	47	0.11677269094833435	0.3893156615120605	0.0001626260892860858	0.005651196711393916	-0.03286850452423096	0.38480875501409173	PBMC68k	temp/pbmc68k_data.rds	alra	ALRA	45	45	celltype	barcode_suffix	12000	1000	11	8	label_free_hvg
45	20	10	2.0	55	0.09671123653087131	0.37808153959823576	0.00016239032487281628	0.006301965968992048	-0.03286850452423096	0.381952190073207	PBMC68k	temp/pbmc68k_data.rds	alra	ALRA	45	45	celltype	barcode_suffix	12000	1000	11	8	label_free_hvg
45	20	15	0.2	13	0.2762773859981515	0.4595459565077308	0.00041201951323880623	0.0022792298055420413	-0.03286850452423096	0.4971016808412969	PBMC68k	temp/pbmc68k_data.rds	alra	ALRA	45	45	celltype	barcode_suffix	12000	1000	11	8	label_free_hvg
45	20	15	0.5	21	0.19208647414383864	0.4304844870112935	0.0003934488714678058	0.003212263515953555	-0.03286850452423096	0.48719324893318117	PBMC68k	temp/pbmc68k_data.rds	alra	ALRA	45	45	celltype	barcode_suffix	12000	1000	11	8	label_free_hvg
45	20	15	1.0	31	0.18008518767088652	0.4156858368589655	0.0001790993145721039	0.003928855112178842	-0.03286850452423096	0.4932371659670025	PBMC68k	temp/pbmc68k_data.rds	alra	ALRA	45	45	celltype	barcode_suffix	12000	1000	11	8	label_free_hvg
45	20	15	1.5	40	0.12038881576563952	0.3946498349973241	0.00020332336809899095	0.0050407083889966444	-0.03286850452423096	0.4854352429974824	PBMC68k	temp/pbmc68k_data.rds	alra	ALRA	45	45	celltype	barcode_suffix	12000	1000	11	8	label_free_hvg
45	20	15	2.0	49	0.10245037066959742	0.38389015598178083	0.00017989676577266932	0.005608652906316805	-0.03286850452423096	0.48449567100033164	PBMC68k	temp/pbmc68k_data.rds	alra	ALRA	45	45	celltype	barcode_suffix	12000	1000	11	8	label_free_hvg
45	20	30	0.2	13	0.2744596862820402	0.46113405860755013	0.00045590505188577204	0.002382487277556777	-0.03286850452423096	0.798649940174073	PBMC68k	temp/pbmc68k_data.rds	alra	ALRA	45	45	celltype	barcode_suffix	12000	1000	11	8	label_free_hvg
45	20	30	0.5	16	0.20295572948058604	0.44886409353150447	0.0005854105892467291	0.0028297209039298025	-0.03286850452423096	0.8123012501746416	PBMC68k	temp/pbmc68k_data.rds	alra	ALRA	45	45	celltype	barcode_suffix	12000	1000	11	8	label_free_hvg
45	20	30	1.0	22	0.18889201078271256	0.42206041797435656	0.0003009940642751339	0.003142401042959452	-0.03286850452423096	0.8052186840213835	PBMC68k	temp/pbmc68k_data.rds	alra	ALRA	45	45	celltype	barcode_suffix	12000	1000	11	8	label_free_hvg
45	20	30	1.5	26	0.18244764233641572	0.4173478475303721	0.00024002440658707404	0.003575983131808066	-0.03286850452423096	0.8121213070116937	PBMC68k	temp/pbmc68k_data.rds	alra	ALRA	45	45	celltype	barcode_suffix	12000	1000	11	8	label_free_hvg
45	20	30	2.0	35	0.14119692142463636	0.39980204703901295	0.00023881207109773152	0.004387734380914364	-0.03286850452423096	0.7997625519055873	PBMC68k	temp/pbmc68k_data.rds	alra	ALRA	45	45	celltype	barcode_suffix	12000	1000	11	8	label_free_hvg
45	50	10	0.2	18	0.24910590859891082	0.44072871958783133	0.0003792783198291813	0.0030401084722482827	-0.031840693205595016	0.382087271893397	PBMC68k	temp/pbmc68k_data.rds	alra	ALRA	45	45	celltype	barcode_suffix	12000	1000	11	8	label_free_hvg
45	50	10	0.5	29	0.16571001525336784	0.4096277334357482	0.00032477131373081716	0.004261643518480956	-0.031840693205595016	0.3779193190857768	PBMC68k	temp/pbmc68k_data.rds	alra	ALRA	45	45	celltype	barcode_suffix	12000	1000	11	8	label_free_hvg
45	50	10	1.0	39	0.1559119445030032	0.4017621018643358	0.00020341538416354725	0.005052025134663204	-0.031840693205595016	0.37819666299037635	PBMC68k	temp/pbmc68k_data.rds	alra	ALRA	45	45	celltype	barcode_suffix	12000	1000	11	8	label_free_hvg
45	50	10	1.5	51	0.10693304083780572	0.3832454963912027	0.00017117399637235297	0.0058589846653268815	-0.031840693205595016	0.3720324619207531	PBMC68k	temp/pbmc68k_data.rds	alra	ALRA	45	45	celltype	barcode_suffix	12000	1000	11	8	label_free_hvg
45	50	10	2.0	62	0.08594260628390557	0.3733895564451921	0.0001467799725645189	0.0069143033006965745	-0.031840693205595016	0.370747874956578	PBMC68k	temp/pbmc68k_data.rds	alra	ALRA	45	45	celltype	barcode_suffix	12000	1000	11	8	label_free_hvg
45	50	15	0.2	17	0.26737621857334437	0.4454096516851309	0.00047632441680384673	0.00302968667100919	-0.031840693205595016	0.48236007895320654	PBMC68k	temp/pbmc68k_data.rds	alra	ALRA	45	45	celltype	barcode_suffix	12000	1000	11	8	label_free_hvg
45	50	15	0.5	25	0.19377458724277033	0.42219194698829676	0.0004458258815922568	0.0037336351548960317	-0.031840693205595016	0.48063203785568476	PBMC68k	temp/pbmc68k_data.rds	alra	ALRA	45	45	celltype	barcode_suffix	12000	1000	11	8	label_free_hvg
45	50	15	1.0	34	0.1675005791288597	0.40482182472811473	0.0002174863063270937	0.004536268401105225	-0.031840693205595016	0.4743232580367476	PBMC68k	temp/pbmc68k_data.rds	alra	ALRA	45	45	celltype	barcode_suffix	12000	1000	11	8	label_free_hvg
45	50	15	1.5	45	0.11816438160839067	0.39058006122178707	0.00014667438428051443	0.0053862540195418005	-0.031840693205595016	0.47153125889599323	PBMC68k	temp/pbmc68k_data.rds	alra	ALRA	45	45	celltype	barcode_suffix	12000	1000	11	8	label_free_hvg
45	50	15	2.0	52	0.09858759154124468	0.38305929730154514	0.00018959104991643196	0.005969777827330047	-0.031840693205595016	0.4738556279335171	PBMC68k	temp/pbmc68k_data.rds	alra	ALRA	45	45	celltype	barcode_suffix	12000	1000	11	8	label_free_hvg
45	50	30	0.2	13	0.2826180519729427	0.4638503033006737	0.0005830486636310604	0.002570287098788631	-0.031840693205595016	0.7884366649668664	PBMC68k	temp/pbmc68k_data.rds	alra	ALRA	45	45	celltype	barcode_suffix	12000	1000	11	8	label_free_hvg
45	50	30	0.5	22	0.1879320500082945	0.42710895743358696	0.0004039392592626167	0.003355154483567425	-0.031840693205595016	0.783710481133312	PBMC68k	temp/pbmc68k_data.rds	alra	ALRA	45	45	celltype	barcode_suffix	12000	1000	11	8	label_free_hvg
45	50	30	1.0	25	0.1806183070936385	0.4176024921786521	0.00032965909410609585	0.0036347983740256684	-0.031840693205595016	0.7876159041188657	PBMC68k	temp/pbmc68k_data.rds	alra	ALRA	45	45	celltype	barcode_suffix	12000	1000	11	8	label_free_hvg
45	50	30	1.5	33	0.17110573635740411	0.4108020599434412	0.0002383963022426615	0.004491947889945239	-0.031840693205595016	0.7887526650447398	PBMC68k	temp/pbmc68k_data.rds	alra	ALRA	45	45	celltype	barcode_suffix	12000	1000	11	8	label_free_hvg
45	50	30	2.0	37	0.1440460577724215	0.3963761536548673	0.00021324318254690243	0.004878110092945153	-0.031840693205595016	0.7843204918317497	PBMC68k	temp/pbmc68k_data.rds	alra	ALRA	45	45	celltype	barcode_suffix	12000	1000	11	8	label_free_hvg
45	100	10	0.2	21	0.21487680224109673	0.4316882688616602	0.00037998581992414263	0.0034229822813720426	-0.031334806233644485	0.37285087909549475	PBMC68k	temp/pbmc68k_data.rds	alra	ALRA	45	45	celltype	barcode_suffix	12000	1000	11	8	label_free_hvg
45	100	10	0.5	31	0.1686135717466982	0.405049463821402	0.0002776187745113929	0.004393853331361924	-0.031334806233644485	0.36883681803010404	PBMC68k	temp/pbmc68k_data.rds	alra	ALRA	45	45	celltype	barcode_suffix	12000	1000	11	8	label_free_hvg
45	100	10	1.0	48	0.1461762519015786	0.3921882111075277	0.000252213645861749	0.00592809972100179	-0.031334806233644485	0.36817700881510973	PBMC68k	temp/pbmc68k_data.rds	alra	ALRA	45	45	celltype	barcode_suffix	12000	1000	11	8	label_free_hvg
45	100	10	1.5	57	0.10049555131379993	0.3787758513560855	0.00018373697952489519	0.006302657531811104	-0.031334806233644485	0.36362159298732877	PBMC68k	temp/pbmc68k_data.rds	alra	ALRA	45	45	celltype	barcode_suffix	12000	1000	11	8	label_free_hvg
45	100	10	2.0	65	0.08463934631578844	0.37077057075068504	0.0001162350961589583	0.0068556642687836586	-0.031334806233644485	0.36205261410214007	PBMC68k	temp/pbmc68k_data.rds	alra	ALRA	45	45	celltype	barcode_suffix	12000	1000	11	8	label_free_hvg
45	100	15	0.2	17	0.2661633786100098	0.4468000302838075	0.0003674093001989251	0.002881877684586737	-0.031334806233644485	0.4749310950282961	PBMC68k	temp/pbmc68k_data.rds	alra	ALRA	45	45	celltype	barcode_suffix	12000	1000	11	8	label_free_hvg
45	100	15	0.5	28	0.17586668587933935	0.41681995198193317	0.00037701151759536865	0.004268068843863221	-0.031334806233644485	0.4723827880807221	PBMC68k	temp/pbmc68k_data.rds	alra	ALRA	45	45	celltype	barcode_suffix	12000	1000	11	8	label_free_hvg
45	100	15	1.0	37	0.16295255552103827	0.40120047513663765	0.00023972058082966604	0.00483257797967521	-0.031334806233644485	0.46720903599634767	PBMC68k	temp/pbmc68k_data.rds	alra	ALRA	45	45	celltype	barcode_suffix	12000	1000	11	8	label_free_hvg
45	100	15	1.5	50	0.13101128811838117	0.38745767098083045	0.00022910936435344178	0.006131466516690938	-0.031334806233644485	0.4680144430603832	PBMC68k	temp/pbmc68k_data.rds	alra	ALRA	45	45	celltype	barcode_suffix	12000	1000	11	8	label_free_hvg
45	100	15	2.0	56	0.09613693989300198	0.37692385831241476	0.00021184874451521095	0.006494511595188602	-0.031334806233644485	0.46865145000629127	PBMC68k	temp/pbmc68k_data.rds	alra	ALRA	45	45	celltype	barcode_suffix	12000	1000	11	8	label_free_hvg
45	100	30	0.2	14	0.2765697139963699	0.4554440677290407	0.00039629626553156817	0.002497889515599186	-0.031334806233644485	0.7659532639663666	PBMC68k	temp/pbmc68k_data.rds	alra	ALRA	45	45	celltype	barcode_suffix	12000	1000	11	8	label_free_hvg
45	100	30	0.5	21	0.19334728593792	0.4298153292973741	0.0004076682032812058	0.003345878077012809	-0.031334806233644485	0.7710691010579467	PBMC68k	temp/pbmc68k_data.rds	alra	ALRA	45	45	celltype	barcode_suffix	12000	1000	11	8	label_free_hvg
45	100	30	1.0	28	0.1781368589104027	0.41283708652537743	0.0002644240083598543	0.00398914314723822	-0.031334806233644485	0.7761158759240061	PBMC68k	temp/pbmc68k_data.rds	alra	ALRA	45	45	celltype	barcode_suffix	12000	1000	11	8	label_free_hvg
45	100	30	1.5	33	0.16602377760017917	0.4050931360234473	0.00027873412478481187	0.004574380583716468	-0.031334806233644485	0.7632199148647487	PBMC68k	temp/pbmc68k_data.rds	alra	ALRA	45	45	celltype	barcode_suffix	12000	1000	11	8	label_free_hvg
45	100	30	2.0	39	0.14013847093875012	0.39448889043210383	0.00026468583525857933	0.005062424081417372	-0.031334806233644485	0.7723874270450324	PBMC68k	temp/pbmc68k_data.rds	alra	ALRA	45	45	celltype	barcode_suffix	12000	1000	11	8	label_free_hvg
46	20	10	0.2	15	0.23027274554225485	0.45187879278127535	0.00044908447671414037	0.0026249546382287547	-0.01981288567185402	0.3883247459307313	PBMC68k	temp/pbmc68k_data.rds	alra	ALRA	46	46	celltype	barcode_suffix	12000	1000	11	8	label_free_hvg
46	20	10	0.5	25	0.19070256029444016	0.42693097935306357	0.00028499483936965847	0.003587703772369521	-0.01981288567185402	0.3836428781505674	PBMC68k	temp/pbmc68k_data.rds	alra	ALRA	46	46	celltype	barcode_suffix	12000	1000	11	8	label_free_hvg
46	20	10	1.0	39	0.15359908523774612	0.4021755238584635	0.0002202662519738106	0.004843645292882027	-0.01981288567185402	0.38510448881424963	PBMC68k	temp/pbmc68k_data.rds	alra	ALRA	46	46	celltype	barcode_suffix	12000	1000	11	8	label_free_hvg
46	20	10	1.5	47	0.11170844546277818	0.38690118381219074	0.00018028631258985357	0.005767230128908248	-0.01981288567185402	0.38343235081993043	PBMC68k	temp/pbmc68k_data.rds	alra	ALRA	46	46	celltype	barcode_suffix	12000	1000	11	8	label_free_hvg
46	20	10	2.0	53	0.09689062422366033	0.3778974700543662	0.00019812875106952897	0.006308149020581002	-0.01981288567185402	0.38110182899981737	PBMC68k	temp/pbmc68k_data.rds	alra	ALRA	46	46	celltype	barcode_suffix	12000	1000	11	8	label_free_hvg
46	20	15	0.2	13	0.2358435520136746	0.45903063980631287	0.000446337878824971	0.0022541404733160673	-0.01981288567185402	0.492172297090292	PBMC68k	temp/pbmc68k_data.rds	alra	ALRA	46	46	celltype	barcode_suffix	12000	1000	11	8	label_free_hvg
46	20	15	0.5	20	0.1887279088979294	0.431280769416299	0.00036329694848283485	0.003118190349154638	-0.01981288567185402	0.4911620819475502	PBMC68k	temp/pbmc68k_data.rds	alra	ALRA	46	46	celltype	barcode_suffix	12000	1000	11	8	label_free_hvg
46	20	15	1.0	31	0.17193707897610214	0.4095276822177642	0.0002515003692958463	0.0039370199124635725	-0.01981288567185402	0.49169514095410705	PBMC68k	temp/pbmc68k_data.rds	alra	ALRA	46	46	celltype	barcode_suffix	12000	1000	11	8	label_free_hvg
46	20	15	1.5	40	0.1276542654967006	0.39468215437133664	0.00025065450108331476	0.005112167205559264	-0.01981288567185402	0.4849316899199039	PBMC68k	temp/pbmc68k_data.rds	alra	ALRA	46	46	celltype	barcode_suffix	12000	1000	11	8	label_free_hvg
46	20	15	2.0	48	0.10928177487318626	0.3862863335252541	0.00014890659551838515	0.005505422625253258	-0.01981288567185402	0.48539544199593365	PBMC68k	temp/pbmc68k_data.rds	alra	ALRA	46	46	celltype	barcode_suffix	12000	1000	11	8	label_free_hvg
46	20	30	0.2	13	0.2729003347980913	0.4613447626091052	0.000497704448323637	0.002494110196861392	-0.01981288567185402	0.8339751160237938	PBMC68k	temp/pbmc68k_data.rds	alra	ALRA	46	46	celltype	barcode_suffix	12000	1000	11	8	label_free_hvg
46	20	30	0.5	17	0.18939340682862935	0.44300752326298715	0.0005761729832179555	0.0028625316633403195	-0.01981288567185402	0.8223946369253099	PBMC68k	temp/pbmc68k_data.rds	alra	ALRA	46	46	celltype	barcode_suffix	12000	1000	11	8	label_free_hvg
46	20	30	1.0	22	0.18477982806567667	0.42121352693477654	0.000307668590457028	0.0031069725150570868	-0.01981288567185402	0.8286200109869242	PBMC68k	temp/pbmc68k_data.rds	alra	ALRA	46	46	celltype	barcode_suffix	12000	1000	11	8	label_free_hvg
46	20	30	1.5	28	0.17237078083780139	0.4140063826813527	0.000225416127914172	0.003667137655013329	-0.01981288567185402	0.822956564836204	PBMC68k	temp/pbmc68k_data.rds	alra	ALRA	46	46	celltype	barcode_suffix	12000	1000	11	8	label_free_hvg
46	20	30	2.0	35	0.14088106085118463	0.3995666429034363	0.00020905278659380964	0.004354594865860277	-0.01981288567185402	0.8092804320622236	PBMC68k	temp/pbmc68k_data.rds	alra	ALRA	46	46	celltype	barcode_suffix	12000	1000	11	8	label_free_hvg
46	50	10	0.2	18	0.2065081218997202	0.43277962486373345	0.0003680311110706552	0.003025969638299396	-0.019245201721787453	0.3817988100927323	PBMC68k	temp/pbmc68k_data.rds	alra	ALRA	46	46	celltype	barcode_suffix	12000	1000	11	8	label_free_hvg
46	50	10	0.5	29	0.1724993027803805	0.4186396604332617	0.00035704717662099917	0.004175296256683946	-0.019245201721787453	0.3748397631570697	PBMC68k	temp/pbmc68k_data.rds	alra	ALRA	46	46	celltype	barcode_suffix	12000	1000	11	8	label_free_hvg
46	50	10	1.0	39	0.15511079488296592	0.4017310654950651	0.0002557201207615351	0.005206059048084056	-0.019245201721787453	0.3727611619979143	PBMC68k	temp/pbmc68k_data.rds	alra	ALRA	46	46	celltype	barcode_suffix	12000	1000	11	8	label_free_hvg
46	50	10	1.5	52	0.10678739501044016	0.38362903334169673	0.00020684918361821327	0.006136437082051273	-0.019245201721787453	0.3761672670952976	PBMC68k	temp/pbmc68k_data.rds	alra	ALRA	46	46	celltype	barcode_suffix	12000	1000	11	8	label_free_hvg
46	50	10	2.0	61	0.08643155950182141	0.3739122294113375	0.00017672343354888502	0.0068048654843620715	-0.019245201721787453	0.3699173810891807	PBMC68k	temp/pbmc68k_data.rds	alra	ALRA	46	46	celltype	barcode_suffix	12000	1000	11	8	label_free_hvg
46	50	15	0.2	17	0.26100448573085344	0.44659132586642775	0.0004908769409707123	0.002971634482597704	-0.019245201721787453	0.48620778298936784	PBMC68k	temp/pbmc68k_data.rds	alra	ALRA	46	46	celltype	barcode_suffix	12000	1000	11	8	label_free_hvg
46	50	15	0.5	25	0.17895889027144415	0.4208740745710789	0.00039461962479564434	0.0036304168841259747	-0.019245201721787453	0.47856416483409703	PBMC68k	temp/pbmc68k_data.rds	alra	ALRA	46	46	celltype	barcode_suffix	12000	1000	11	8	label_free_hvg
46	50	15	1.0	34	0.1703657804944519	0.409899744063131	0.00022946819027656166	0.004469505823489586	-0.019245201721787453	0.478670105105266	PBMC68k	temp/pbmc68k_data.rds	alra	ALRA	46	46	celltype	barcode_suffix	12000	1000	11	8	label_free_hvg
46	50	15	1.5	44	0.12795450942817754	0.39343827340217163	0.00017565187182169803	0.0055118181924815515	-0.019245201721787453	0.47453151596710086	PBMC68k	temp/pbmc68k_data.rds	alra	ALRA	46	46	celltype	barcode_suffix	12000	1000	11	8	label_free_hvg
46	50	15	2.0	55	0.09547526529310034	0.3800228253193178	0.00023119158289415512	0.00672916241998182	-0.019245201721787453	0.47170150885358453	PBMC68k	temp/pbmc68k_data.rds	alra	ALRA	46	46	celltype	barcode_suffix	12000	1000	11	8	label_free_hvg
46	50	30	0.2	13	0.28949756076407845	0.46175916634408937	0.0004850085888961541	0.0025993127910024015	-0.019245201721787453	0.8129432189743966	PBMC68k	temp/pbmc68k_data.rds	alra	ALRA	46	46	celltype	barcode_suffix	12000	1000	11	8	label_free_hvg
46	50	30	0.5	22	0.19172164376875556	0.4260008478976814	0.00039213299972169026	0.003369051707059958	-0.019245201721787453	0.8065730729140341	PBMC68k	temp/pbmc68k_data.rds	alra	ALRA	46	46	celltype	barcode_suffix	12000	1000	11	8	label_free_hvg
46	50	30	1.0	25	0.17642777379788768	0.4143294059491931	0.00031011027080001284	0.0036757740568737016	-0.019245201721787453	0.7971571681555361	PBMC68k	temp/pbmc68k_data.rds	alra	ALRA	46	46	celltype	barcode_suffix	12000	1000	11	8	label_free_hvg
46	50	30	1.5	32	0.15781724953428589	0.4062482233414697	0.0002763416259007547	0.004513165178560957	-0.019245201721787453	0.8036674519535154	PBMC68k	temp/pbmc68k_data.rds	alra	ALRA	46	46	celltype	barcode_suffix	12000	1000	11	8	label_free_hvg
46	50	30	2.0	36	0.14259467845379428	0.39658278434410765	0.0003232226263369711	0.0049845696311625965	-0.019245201721787453	0.7993491229135543	PBMC68k	temp/pbmc68k_data.rds	alra	ALRA	46	46	celltype	barcode_suffix	12000	1000	11	8	label_free_hvg
46	100	10	0.2	21	0.24000204513217724	0.43678960525718363	0.0004278611323491679	0.003616965667002629	-0.018935048952698708	0.3735405430197716	PBMC68k	temp/pbmc68k_data.rds	alra	ALRA	46	46	celltype	barcode_suffix	12000	1000	11	8	label_free_hvg
46	100	10	0.5	35	0.16107055877170862	0.40437256616949335	0.00025273402507749727	0.004676327410039345	-0.018935048952698708	0.36899917107075453	PBMC68k	temp/pbmc68k_data.rds	alra	ALRA	46	46	celltype	barcode_suffix	12000	1000	11	8	label_free_hvg
46	100	10	1.0	47	0.1370227635340051	0.3879552779859556	0.00022573144260646814	0.0056152328891981304	-0.018935048952698708	0.36740881903097034	PBMC68k	temp/pbmc68k_data.rds	alra	ALRA	46	46	celltype	barcode_suffix	12000	1000	11	8	label_free_hvg
46	100	10	1.5	57	0.10165650093222196	0.37801612559212944	0.00012995144474980025	0.006212013558919148	-0.018935048952698708	0.36639292701147497	PBMC68k	temp/pbmc68k_data.rds	alra	ALRA	46	46	celltype	barcode_suffix	12000	1000	11	8	label_free_hvg
46	100	10	2.0	63	0.08896279278615007	0.3710827268835398	0.00014222387482801265	0.006667658011469084	-0.018935048952698708	0.365228442940861	PBMC68k	temp/pbmc68k_data.rds	alra	ALRA	46	46	celltype	barcode_suffix	12000	1000	11	8	label_free_hvg
46	100	15	0.2	17	0.24883518395649332	0.4379859231488334	0.00035873125833139956	0.002719315183953078	-0.018935048952698708	0.472576763946563	PBMC68k	temp/pbmc68k_data.rds	alra	ALRA	46	46	celltype	barcode_suffix	12000	1000	11	8	label_free_hvg
46	100	15	0.5	27	0.17933184149771822	0.41794821518701253	0.0003587434393726082	0.00410470049584463	-0.018935048952698708	0.46355179999955	PBMC68k	temp/pbmc68k_data.rds	alra	ALRA	46	46	celltype	barcode_suffix	12000	1000	11	8	label_free_hvg
46	100	15	1.0	37	0.16432551898237174	0.4024165591836512	0.00021608311699279097	0.004704986766963107	-0.018935048952698708	0.46694307099096477	PBMC68k	temp/pbmc68k_data.rds	alra	ALRA	46	46	celltype	barcode_suffix	12000	1000	11	8	label_free_hvg
46	100	15	1.5	50	0.11272720647466629	0.38518951243044325	0.00015449249727996257	0.005729953278298809	-0.018935048952698708	0.4625349568668753	PBMC68k	temp/pbmc68k_data.rds	alra	ALRA	46	46	celltype	barcode_suffix	12000	1000	11	8	label_free_hvg
46	100	15	2.0	58	0.10106876568139922	0.3786477708852679	0.00017060225172350205	0.006649382661828318	-0.018935048952698708	0.46496767015196383	PBMC68k	temp/pbmc68k_data.rds	alra	ALRA	46	46	celltype	barcode_suffix	12000	1000	11	8	label_free_hvg
46	100	30	0.2	15	0.2810457557765421	0.45310494797003215	0.0003396087171473607	0.002622020354352161	-0.018935048952698708	0.7911144820973277	PBMC68k	temp/pbmc68k_data.rds	alra	ALRA	46	46	celltype	barcode_suffix	12000	1000	11	8	label_free_hvg
46	100	30	0.5	23	0.1980083733121915	0.4266260611866044	0.00038885509517539135	0.003544626222532406	-0.018935048952698708	0.7713950250763446	PBMC68k	temp/pbmc68k_data.rds	alra	ALRA	46	46	celltype	barcode_suffix	12000	1000	11	8	label_free_hvg
46	100	30	1.0	27	0.1748949716995943	0.41224243807592215	0.0003129116413837615	0.003991022708485123	-0.018935048952698708	0.7558977860026062	PBMC68k	temp/pbmc68k_data.rds	alra	ALRA	46	46	celltype	barcode_suffix	12000	1000	11	8	label_free_hvg
46	100	30	1.5	34	0.1635040525088485	0.401278953215793	0.00025909907379072434	0.004599274941751692	-0.018935048952698708	0.7691508061252534	PBMC68k	temp/pbmc68k_data.rds	alra	ALRA	46	46	celltype	barcode_suffix	12000	1000	11	8	label_free_hvg
46	100	30	2.0	41	0.12870368717463151	0.3898557774984815	0.0002865517089126152	0.005295661595719474	-0.018935048952698708	0.7800489270593971	PBMC68k	temp/pbmc68k_data.rds	alra	ALRA	46	46	celltype	barcode_suffix	12000	1000	11	8	label_free_hvg
42	20	10	0.2	22	0.20863231238344093	0.43695884286221476	0.00054821576420675	0.0033548942153402844	-0.038181744515895844	0.4011242361739278	PBMC68k	temp/pbmc68k_data.rds	magic	MAGIC	42	42	celltype	barcode_suffix	12000	1000	11	8	label_free_hvg
42	20	10	0.5	33	0.16964038481170607	0.4088802233982175	0.00045020640703950494	0.004664054085298004	-0.038181744515895844	0.39529284299351275	PBMC68k	temp/pbmc68k_data.rds	magic	MAGIC	42	42	celltype	barcode_suffix	12000	1000	11	8	label_free_hvg
42	20	10	1.0	51	0.09663929709138742	0.3647766487330355	0.00012185133536706869	0.005737451244317351	-0.038181744515895844	0.3941770000383258	PBMC68k	temp/pbmc68k_data.rds	magic	MAGIC	42	42	celltype	barcode_suffix	12000	1000	11	8	label_free_hvg
42	20	10	1.5	60	0.08554587818688389	0.3563526131737932	5.306329381969768e-05	0.006207202756148855	-0.038181744515895844	0.3956847679801285	PBMC68k	temp/pbmc68k_data.rds	magic	MAGIC	42	42	celltype	barcode_suffix	12000	1000	11	8	label_free_hvg
42	20	10	2.0	74	0.07754404470462078	0.34622724572101693	7.219950231047278e-05	0.007558360669524885	-0.038181744515895844	0.3951633048709482	PBMC68k	temp/pbmc68k_data.rds	magic	MAGIC	42	42	celltype	barcode_suffix	12000	1000	11	8	label_free_hvg
42	20	15	0.2	19	0.20877759224881054	0.44071837168161604	0.0005345990389510851	0.0029272410839701404	-0.038181744515895844	0.5053686399478465	PBMC68k	temp/pbmc68k_data.rds	magic	MAGIC	42	42	celltype	barcode_suffix	12000	1000	11	8	label_free_hvg
42	20	15	0.5	28	0.16920866006964408	0.4053530927585189	0.0002969244081156179	0.003843975308051058	-0.038181744515895844	0.49921473395079374	PBMC68k	temp/pbmc68k_data.rds	magic	MAGIC	42	42	celltype	barcode_suffix	12000	1000	11	8	label_free_hvg
42	20	15	1.0	43	0.11395865311228204	0.37396202743699597	0.00012775593350248894	0.005138810942731684	-0.038181744515895844	0.4998786391224712	PBMC68k	temp/pbmc68k_data.rds	magic	MAGIC	42	42	celltype	barcode_suffix	12000	1000	11	8	label_free_hvg
42	20	15	1.5	51	0.09114744191775594	0.3627290338638171	0.00010544536601020705	0.005650970123645837	-0.038181744515895844	0.5021326360292733	PBMC68k	temp/pbmc68k_data.rds	magic	MAGIC	42	42	celltype	barcode_suffix	12000	1000	11	8	label_free_hvg
42	20	15	2.0	59	0.08756762777384168	0.35642793235523806	0.00011198508938309693	0.006600356783204322	-0.038181744515895844	0.5086065111681819	PBMC68k	temp/pbmc68k_data.rds	magic	MAGIC	42	42	celltype	barcode_suffix	12000	1000	11	8	label_free_hvg
42	20	30	0.2	15	0.20509351327737751	0.4517720756997996	0.0005619256079170509	0.0026209183238396824	-0.038181744515895844	0.8110833768732846	PBMC68k	temp/pbmc68k_data.rds	magic	MAGIC	42	42	celltype	barcode_suffix	12000	1000	11	8	label_free_hvg
42	20	30	0.5	20	0.20627934851131982	0.4311143848452519	0.0005265740386498914	0.0030196183378965544	-0.038181744515895844	0.8230539641808718	PBMC68k	temp/pbmc68k_data.rds	magic	MAGIC	42	42	celltype	barcode_suffix	12000	1000	11	8	label_free_hvg
42	20	30	1.0	29	0.15915005949494337	0.3980389072917545	0.00035028933585661535	0.003910408370803299	-0.038181744515895844	0.7935739180538803	PBMC68k	temp/pbmc68k_data.rds	magic	MAGIC	42	42	celltype	barcode_suffix	12000	1000	11	8	label_free_hvg
42	20	30	1.5	40	0.11155242744204287	0.37441700301018227	0.00019495704447581037	0.004864949550861953	-0.038181744515895844	0.7759173479862511	PBMC68k	temp/pbmc68k_data.rds	magic	MAGIC	42	42	celltype	barcode_suffix	12000	1000	11	8	label_free_hvg
42	20	30	2.0	44	0.09768564466717719	0.36860176478375123	0.00016534777285675154	0.0051880102591233	-0.038181744515895844	0.7883044939953834	PBMC68k	temp/pbmc68k_data.rds	magic	MAGIC	42	42	celltype	barcode_suffix	12000	1000	11	8	label_free_hvg
42	50	10	0.2	35	0.18539100144359041	0.38313179341752135	0.00023242136896162323	0.004369359426261516	-0.02911376953125	0.3866797660011798	PBMC68k	temp/pbmc68k_data.rds	magic	MAGIC	42	42	celltype	barcode_suffix	12000	1000	11	8	label_free_hvg
42	50	10	0.5	45	0.14853173682861967	0.36793018846359565	0.00020209511543724048	0.005415786277287701	-0.02911376953125	0.383388384943828	PBMC68k	temp/pbmc68k_data.rds	magic	MAGIC	42	42	celltype	barcode_suffix	12000	1000	11	8	label_free_hvg
42	50	10	1.0	60	0.126517168410739	0.35627925299616287	0.00015724382620688627	0.006463326931390128	-0.02911376953125	0.3842349029146135	PBMC68k	temp/pbmc68k_data.rds	magic	MAGIC	42	42	celltype	barcode_suffix	12000	1000	11	8	label_free_hvg
42	50	10	1.5	72	0.08755176911765206	0.34520856925238236	0.00018894162629336613	0.007963571712364528	-0.02911376953125	0.3858678911346942	PBMC68k	temp/pbmc68k_data.rds	magic	MAGIC	42	42	celltype	barcode_suffix	12000	1000	11	8	label_free_hvg
42	50	10	2.0	80	0.081373070991016	0.3417498701667361	0.00015199205330378163	0.008502565648311715	-0.02911376953125	0.38213528599590063	PBMC68k	temp/pbmc68k_data.rds	magic	MAGIC	42	42	celltype	barcode_suffix	12000	1000	11	8	label_free_hvg
42	50	15	0.2	28	0.18921584863462398	0.38997255085979754	0.000288848550669421	0.003787045524424252	-0.02911376953125	0.4795282881241292	PBMC68k	temp/pbmc68k_data.rds	magic	MAGIC	42	42	celltype	barcode_suffix	12000	1000	11	8	label_free_hvg
42	50	15	0.5	44	0.1431968098743933	0.36388912273669277	0.00019077781773670243	0.005534436398995052	-0.02911376953125	0.4760638528969139	PBMC68k	temp/pbmc68k_data.rds	magic	MAGIC	42	42	celltype	barcode_suffix	12000	1000	11	8	label_free_hvg
42	50	15	1.0	51	0.12543131811798028	0.3570079147480262	0.00014217618861930688	0.006061640369269973	-0.02911376953125	0.4719276539981365	PBMC68k	temp/pbmc68k_data.rds	magic	MAGIC	42	42	celltype	barcode_suffix	12000	1000	11	8	label_free_hvg
42	50	15	1.5	63	0.0938814023995885	0.34826111451011305	0.00012727792505293865	0.007008582364805166	-0.02911376953125	0.4746060580946505	PBMC68k	temp/pbmc68k_data.rds	magic	MAGIC	42	42	celltype	barcode_suffix	12000	1000	11	8	label_free_hvg
42	50	15	2.0	66	0.08551102984317033	0.3450668301380852	0.00018144268236039136	0.0074474728900257555	-0.02911376953125	0.4786450839601457	PBMC68k	temp/pbmc68k_data.rds	magic	MAGIC	42	42	celltype	barcode_suffix	12000	1000	11	8	label_free_hvg
42	50	30	0.2	23	0.24058850973061335	0.4061089054453716	0.0003532052955158655	0.0032025166118019614	-0.02911376953125	0.7487806910648942	PBMC68k	temp/pbmc68k_data.rds	magic	MAGIC	42	42	celltype	barcode_suffix	12000	1000	11	8	label_free_hvg
42	50	30	0.5	33	0.18387697877779915	0.37823381155520713	0.00020914171172848882	0.004210900898948893	-0.02911376953125	0.7358223940245807	PBMC68k	temp/pbmc68k_data.rds	magic	MAGIC	42	42	celltype	barcode_suffix	12000	1000	11	8	label_free_hvg
42	50	30	1.0	45	0.14517322973533223	0.3639565692051957	0.00012618339765561743	0.005241873425186226	-0.02911376953125	0.7497595059685409	PBMC68k	temp/pbmc68k_data.rds	magic	MAGIC	42	42	celltype	barcode_suffix	12000	1000	11	8	label_free_hvg
42	50	30	1.5	50	0.13656177269680445	0.362183306277812	0.00012022473012842775	0.005696987313319461	-0.02911376953125	0.7380827700253576	PBMC68k	temp/pbmc68k_data.rds	magic	MAGIC	42	42	celltype	barcode_suffix	12000	1000	11	8	label_free_hvg
42	50	30	2.0	56	0.09988302571312399	0.3518509701954347	0.00018548910134149403	0.006434850064694888	-0.02911376953125	0.7388498499058187	PBMC68k	temp/pbmc68k_data.rds	magic	MAGIC	42	42	celltype	barcode_suffix	12000	1000	11	8	label_free_hvg
42	100	10	0.2	33	0.18359306941294298	0.3867175745826729	0.00025045864405165137	0.004266981364527723	-0.025413930416107178	0.3964208720717579	PBMC68k	temp/pbmc68k_data.rds	magic	MAGIC	42	42	celltype	barcode_suffix	12000	1000	11	8	label_free_hvg
42	100	10	0.5	45	0.18171900504758345	0.37066721667153707	0.0002070031571958765	0.005517646401395714	-0.025413930416107178	0.3951699919998646	PBMC68k	temp/pbmc68k_data.rds	magic	MAGIC	42	42	celltype	barcode_suffix	12000	1000	11	8	label_free_hvg
42	100	10	1.0	61	0.13223049239987003	0.35432118925405004	0.0002425882189295309	0.006888928654991446	-0.025413930416107178	0.3915721350349486	PBMC68k	temp/pbmc68k_data.rds	magic	MAGIC	42	42	celltype	barcode_suffix	12000	1000	11	8	label_free_hvg
42	100	10	1.5	70	0.11648601111300677	0.3482626669652769	0.0001894373561730277	0.007564865240848262	-0.025413930416107178	0.39523170585744083	PBMC68k	temp/pbmc68k_data.rds	magic	MAGIC	42	42	celltype	barcode_suffix	12000	1000	11	8	label_free_hvg
42	100	10	2.0	77	0.10384504541232971	0.34377720796488886	0.00015403100963779168	0.008240553039463408	-0.025413930416107178	0.39379700110293925	PBMC68k	temp/pbmc68k_data.rds	magic	MAGIC	42	42	celltype	barcode_suffix	12000	1000	11	8	label_free_hvg
42	100	15	0.2	30	0.18713784090263852	0.3885153673054311	0.00017889939567955438	0.0038829094589272945	-0.025413930416107178	0.4819759759120643	PBMC68k	temp/pbmc68k_data.rds	magic	MAGIC	42	42	celltype	barcode_suffix	12000	1000	11	8	label_free_hvg
42	100	15	0.5	41	0.18578616988485613	0.3748725141476092	0.00019616447473146285	0.005140407301972696	-0.025413930416107178	0.4834604759234935	PBMC68k	temp/pbmc68k_data.rds	magic	MAGIC	42	42	celltype	barcode_suffix	12000	1000	11	8	label_free_hvg
42	100	15	1.0	53	0.1364673335253991	0.3588295604607998	0.00019853238258403297	0.0061012714371897646	-0.025413930416107178	0.4889482317958027	PBMC68k	temp/pbmc68k_data.rds	magic	MAGIC	42	42	celltype	barcode_suffix	12000	1000	11	8	label_free_hvg
42	100	15	1.5	63	0.12715301328242826	0.35341923966483985	0.00020330537853867404	0.006733116312226279	-0.025413930416107178	0.48496238188818097	PBMC68k	temp/pbmc68k_data.rds	magic	MAGIC	42	42	celltype	barcode_suffix	12000	1000	11	8	label_free_hvg
42	100	15	2.0	67	0.10673202715360314	0.3476169271469123	0.0001562681435086853	0.007095279612021095	-0.025413930416107178	0.48599475692026317	PBMC68k	temp/pbmc68k_data.rds	magic	MAGIC	42	42	celltype	barcode_suffix	12000	1000	11	8	label_free_hvg
42	100	30	0.2	22	0.24958428338907093	0.41677868776001203	0.00018241842656218347	0.0031129456121278265	-0.025413930416107178	0.7675096851307899	PBMC68k	temp/pbmc68k_data.rds	magic	MAGIC	42	42	celltype	barcode_suffix	12000	1000	11	8	label_free_hvg
42	100	30	0.5	34	0.18495065160501473	0.3793917155697737	0.00019670315529672926	0.004159808680330361	-0.025413930416107178	0.7671279599890113	PBMC68k	temp/pbmc68k_data.rds	magic	MAGIC	42	42	celltype	barcode_suffix	12000	1000	11	8	label_free_hvg
42	100	30	1.0	44	0.1399671220536535	0.3655891487343263	0.00019616553959554217	0.004911364335033841	-0.025413930416107178	0.7525833749677986	PBMC68k	temp/pbmc68k_data.rds	magic	MAGIC	42	42	celltype	barcode_suffix	12000	1000	11	8	label_free_hvg
42	100	30	1.5	51	0.13662360489635406	0.3617810545712857	0.00017869839357177996	0.005708736446839096	-0.025413930416107178	0.7610109769739211	PBMC68k	temp/pbmc68k_data.rds	magic	MAGIC	42	42	celltype	barcode_suffix	12000	1000	11	8	label_free_hvg
42	100	30	2.0	53	0.13431783110075304	0.3581883692026528	0.000204733373305048	0.005909310665049673	-0.025413930416107178	0.7600488450843841	PBMC68k	temp/pbmc68k_data.rds	magic	MAGIC	42	42	celltype	barcode_suffix	12000	1000	11	8	label_free_hvg
43	20	10	0.2	20	0.20379705462821815	0.4422091874391073	0.00043449435736856503	0.0028715338164998637	-0.02884732000529766	0.40131042897701263	PBMC68k	temp/pbmc68k_data.rds	magic	MAGIC	42	43	celltype	barcode_suffix	12000	1000	11	8	label_free_hvg
43	20	10	0.5	32	0.17045003762459165	0.40180973597768777	0.0004129209605771458	0.004447045365450043	-0.02884732000529766	0.3973988979123533	PBMC68k	temp/pbmc68k_data.rds	magic	MAGIC	42	43	celltype	barcode_suffix	12000	1000	11	8	label_free_hvg
43	20	10	1.0	51	0.10276454833938052	0.3652668666288225	0.00011274306162358781	0.006122083659019215	-0.02884732000529766	0.39494143589399755	PBMC68k	temp/pbmc68k_data.rds	magic	MAGIC	42	43	celltype	barcode_suffix	12000	1000	11	8	label_free_hvg
43	20	10	1.5	62	0.0856420653285267	0.355217733721017	5.1637549325943546e-05	0.006538141588960904	-0.02884732000529766	0.39280855492688715	PBMC68k	temp/pbmc68k_data.rds	magic	MAGIC	42	43	celltype	barcode_suffix	12000	1000	11	8	label_free_hvg
43	20	10	2.0	75	0.07757608419975277	0.34692918653074817	6.486207233794182e-05	0.0076009079995475225	-0.02884732000529766	0.39277871302329004	PBMC68k	temp/pbmc68k_data.rds	magic	MAGIC	42	43	celltype	barcode_suffix	12000	1000	11	8	label_free_hvg
43	20	15	0.2	19	0.20008198797326188	0.4379886787932282	0.0005183164871094836	0.0028983651365356105	-0.02884732000529766	0.5099386991932988	PBMC68k	temp/pbmc68k_data.rds	magic	MAGIC	42	43	celltype	barcode_suffix	12000	1000	11	8	label_free_hvg
43	20	15	0.5	27	0.17058592226171945	0.4060499350080324	0.00031205072007726607	0.0038101635980570675	-0.02884732000529766	0.4927584109827876	PBMC68k	temp/pbmc68k_data.rds	magic	MAGIC	42	43	celltype	barcode_suffix	12000	1000	11	8	label_free_hvg
43	20	15	1.0	42	0.1295432811421562	0.37769841000454185	0.00028915403069323226	0.005283529105369723	-0.02884732000529766	0.5005921588744968	PBMC68k	temp/pbmc68k_data.rds	magic	MAGIC	42	43	celltype	barcode_suffix	12000	1000	11	8	label_free_hvg
43	20	15	1.5	51	0.09374659624840974	0.3625961829313069	0.0001228827929712401	0.00564626859341057	-0.02884732000529766	0.49077423196285963	PBMC68k	temp/pbmc68k_data.rds	magic	MAGIC	42	43	celltype	barcode_suffix	12000	1000	11	8	label_free_hvg
43	20	15	2.0	59	0.08753919040094106	0.35655586556005087	8.010363086392202e-05	0.006269299633237229	-0.02884732000529766	0.48804253595881164	PBMC68k	temp/pbmc68k_data.rds	magic	MAGIC	42	43	celltype	barcode_suffix	12000	1000	11	8	label_free_hvg
43	20	30	0.2	15	0.20582577731071566	0.45262042097147437	0.0005792146898442979	0.0026445934280954326	-0.02884732000529766	0.8197594718076289	PBMC68k	temp/pbmc68k_data.rds	magic	MAGIC	42	43	celltype	barcode_suffix	12000	1000	11	8	label_free_hvg
43	20	30	0.5	21	0.18543668786276268	0.4251478360817659	0.0005521890611526277	0.0030920349788994203	-0.02884732000529766	0.8230572580359876	PBMC68k	temp/pbmc68k_data.rds	magic	MAGIC	42	43	celltype	barcode_suffix	12000	1000	11	8	label_free_hvg
43	20	30	1.0	29	0.15958118434358953	0.3982189514137065	0.0003777462608704163	0.003904987765591777	-0.02884732000529766	0.7907250388525426	PBMC68k	temp/pbmc68k_data.rds	magic	MAGIC	42	43	celltype	barcode_suffix	12000	1000	11	8	label_free_hvg
43	20	30	1.5	39	0.11070536168713971	0.3776358904406326	0.00017717135981621095	0.004786923868100992	-0.02884732000529766	0.8017807630822062	PBMC68k	temp/pbmc68k_data.rds	magic	MAGIC	42	43	celltype	barcode_suffix	12000	1000	11	8	label_free_hvg
43	20	30	2.0	45	0.0954974519511336	0.3696024466696872	8.048149423299838e-05	0.005075174656160752	-0.02884732000529766	0.8005322220269591	PBMC68k	temp/pbmc68k_data.rds	magic	MAGIC	42	43	celltype	barcode_suffix	12000	1000	11	8	label_free_hvg
43	50	10	0.2	33	0.1849810776854577	0.38380191540525094	0.00024429314481647275	0.004155157977890562	-0.024138333275914192	0.3952099201269448	PBMC68k	temp/pbmc68k_data.rds	magic	MAGIC	42	43	celltype	barcode_suffix	12000	1000	11	8	label_free_hvg
43	50	10	0.5	45	0.14840854103036094	0.3666049255278528	0.00018041973177218334	0.005279555207476041	-0.024138333275914192	0.38867180491797626	PBMC68k	temp/pbmc68k_data.rds	magic	MAGIC	42	43	celltype	barcode_suffix	12000	1000	11	8	label_free_hvg
43	50	10	1.0	59	0.12627366574607277	0.3570733196037538	0.00010605734692570403	0.006290647654992264	-0.024138333275914192	0.3896358471829444	PBMC68k	temp/pbmc68k_data.rds	magic	MAGIC	42	43	celltype	barcode_suffix	12000	1000	11	8	label_free_hvg
43	50	10	1.5	68	0.10052516722613782	0.3480296386854362	0.0001336595464947864	0.007352327877656179	-0.024138333275914192	0.3871463688556105	PBMC68k	temp/pbmc68k_data.rds	magic	MAGIC	42	43	celltype	barcode_suffix	12000	1000	11	8	label_free_hvg
43	50	10	2.0	77	0.07962656756781072	0.3412600062872549	0.0001338860382215646	0.0081936297586654	-0.024138333275914192	0.38759764190763235	PBMC68k	temp/pbmc68k_data.rds	magic	MAGIC	42	43	celltype	barcode_suffix	12000	1000	11	8	label_free_hvg
43	50	15	0.2	29	0.18380355587427927	0.38847398660863647	0.00022457221147442194	0.003784146447404807	-0.024138333275914192	0.48012506612576544	PBMC68k	temp/pbmc68k_data.rds	magic	MAGIC	42	43	celltype	barcode_suffix	12000	1000	11	8	label_free_hvg
43	50	15	0.5	44	0.14338918960948469	0.36374971441814863	0.00019770245874804385	0.0057086128849494515	-0.024138333275914192	0.4750308271031827	PBMC68k	temp/pbmc68k_data.rds	magic	MAGIC	42	43	celltype	barcode_suffix	12000	1000	11	8	label_free_hvg
43	50	15	1.0	51	0.13368141882590537	0.36112505193110356	0.0001512924504540126	0.006114356398745707	-0.024138333275914192	0.48006240581162274	PBMC68k	temp/pbmc68k_data.rds	magic	MAGIC	42	43	celltype	barcode_suffix	12000	1000	11	8	label_free_hvg
43	50	15	1.5	61	0.0989142707683322	0.349571298645125	0.00017860580023095865	0.006695784351313957	-0.024138333275914192	0.48212244384922087	PBMC68k	temp/pbmc68k_data.rds	magic	MAGIC	42	43	celltype	barcode_suffix	12000	1000	11	8	label_free_hvg
43	50	15	2.0	67	0.08765934523100236	0.3452582686276195	0.00019352034331457144	0.007428312458755597	-0.024138333275914192	0.480993018951267	PBMC68k	temp/pbmc68k_data.rds	magic	MAGIC	42	43	celltype	barcode_suffix	12000	1000	11	8	label_free_hvg
43	50	30	0.2	24	0.18737127998842945	0.4013526727676639	0.0004315194442166079	0.0033386945868659913	-0.024138333275914192	0.7639451150316745	PBMC68k	temp/pbmc68k_data.rds	magic	MAGIC	42	43	celltype	barcode_suffix	12000	1000	11	8	label_free_hvg
43	50	30	0.5	33	0.18385413716126772	0.3774581222723878	0.00020617196938936408	0.00421462205953619	-0.024138333275914192	0.7523606589529663	PBMC68k	temp/pbmc68k_data.rds	magic	MAGIC	42	43	celltype	barcode_suffix	12000	1000	11	8	label_free_hvg
43	50	30	1.0	46	0.14451602307497663	0.3643694297835613	0.00010763013113380314	0.005324155716040006	-0.024138333275914192	0.7577820760197937	PBMC68k	temp/pbmc68k_data.rds	magic	MAGIC	42	43	celltype	barcode_suffix	12000	1000	11	8	label_free_hvg
43	50	30	1.5	49	0.13451475548126368	0.3603244187177693	0.00015412600912555197	0.005635325677725799	-0.024138333275914192	0.7530456038657576	PBMC68k	temp/pbmc68k_data.rds	magic	MAGIC	42	43	celltype	barcode_suffix	12000	1000	11	8	label_free_hvg
43	50	30	2.0	56	0.10093641116403029	0.3525778045563411	0.00017679448926648372	0.006382864551293819	-0.024138333275914192	0.7448145870584995	PBMC68k	temp/pbmc68k_data.rds	magic	MAGIC	42	43	celltype	barcode_suffix	12000	1000	11	8	label_free_hvg
43	100	10	0.2	34	0.24135059856312438	0.3865965340804006	9.460925006027585e-05	0.004305085676869011	-0.022270390763878822	0.39389488683082163	PBMC68k	temp/pbmc68k_data.rds	magic	MAGIC	42	43	celltype	barcode_suffix	12000	1000	11	8	label_free_hvg
43	100	10	0.5	46	0.183348846277827	0.36701292329756274	0.00019215127659245228	0.0060901377679057275	-0.022270390763878822	0.3883330470416695	PBMC68k	temp/pbmc68k_data.rds	magic	MAGIC	42	43	celltype	barcode_suffix	12000	1000	11	8	label_free_hvg
43	100	10	1.0	63	0.13265123774232024	0.35351391884839733	0.0002223918597437713	0.007171785660155615	-0.022270390763878822	0.3918737268541008	PBMC68k	temp/pbmc68k_data.rds	magic	MAGIC	42	43	celltype	barcode_suffix	12000	1000	11	8	label_free_hvg
43	100	10	1.5	72	0.11857406919774577	0.3480937366467394	0.00018830617931650873	0.0077179236479063	-0.022270390763878822	0.3849864839576185	PBMC68k	temp/pbmc68k_data.rds	magic	MAGIC	42	43	celltype	barcode_suffix	12000	1000	11	8	label_free_hvg
43	100	10	2.0	76	0.10013318002331287	0.34267150223578724	0.00014280290570572733	0.00801361250114828	-0.022270390763878822	0.3921508281491697	PBMC68k	temp/pbmc68k_data.rds	magic	MAGIC	42	43	celltype	barcode_suffix	12000	1000	11	8	label_free_hvg
43	100	15	0.2	27	0.24495632826899985	0.39498567716795313	0.00012400089742390313	0.0035704476310147127	-0.022270390763878822	0.47898615803569555	PBMC68k	temp/pbmc68k_data.rds	magic	MAGIC	42	43	celltype	barcode_suffix	12000	1000	11	8	label_free_hvg
43	100	15	0.5	42	0.18297134945148222	0.37462883599537933	0.0002237155667767433	0.005345091714685142	-0.022270390763878822	0.47116586402989924	PBMC68k	temp/pbmc68k_data.rds	magic	MAGIC	42	43	celltype	barcode_suffix	12000	1000	11	8	label_free_hvg
43	100	15	1.0	54	0.13370629576987655	0.35805366457830695	0.00018116481562711925	0.006085673308639509	-0.022270390763878822	0.47166203102096915	PBMC68k	temp/pbmc68k_data.rds	magic	MAGIC	42	43	celltype	barcode_suffix	12000	1000	11	8	label_free_hvg
43	100	15	1.5	62	0.11928153918766123	0.3506551814376426	0.00014303883710850825	0.006483333232735117	-0.022270390763878822	0.47334469202905893	PBMC68k	temp/pbmc68k_data.rds	magic	MAGIC	42	43	celltype	barcode_suffix	12000	1000	11	8	label_free_hvg
43	100	15	2.0	67	0.1109934418750763	0.34762276020508326	0.0001300753127511704	0.007000767484807837	-0.022270390763878822	0.48064211290329695	PBMC68k	temp/pbmc68k_data.rds	magic	MAGIC	42	43	celltype	barcode_suffix	12000	1000	11	8	label_free_hvg
43	100	30	0.2	21	0.2508478184806526	0.41806616045016476	0.00019624131787639442	0.0029830011404370473	-0.022270390763878822	0.7627450618892908	PBMC68k	temp/pbmc68k_data.rds	magic	MAGIC	42	43	celltype	barcode_suffix	12000	1000	11	8	label_free_hvg
43	100	30	0.5	34	0.18415187056163357	0.3775367317806135	0.0001499229085976512	0.004043491004783204	-0.022270390763878822	0.7572312189731747	PBMC68k	temp/pbmc68k_data.rds	magic	MAGIC	42	43	celltype	barcode_suffix	12000	1000	11	8	label_free_hvg
43	100	30	1.0	44	0.14612014718901886	0.36678877371895907	0.00015856702295327538	0.004853035295688437	-0.022270390763878822	0.7604093649424613	PBMC68k	temp/pbmc68k_data.rds	magic	MAGIC	42	43	celltype	barcode_suffix	12000	1000	11	8	label_free_hvg
43	100	30	1.5	51	0.13633609978869585	0.36133059815991847	0.00010998853940617248	0.005664628610964736	-0.022270390763878822	0.755462464177981	PBMC68k	temp/pbmc68k_data.rds	magic	MAGIC	42	43	celltype	barcode_suffix	12000	1000	11	8	label_free_hvg
43	100	30	2.0	53	0.13416877509578107	0.3588088342665911	0.00015134516661312715	0.005885654867171299	-0.022270390763878822	0.7650174028240144	PBMC68k	temp/pbmc68k_data.rds	magic	MAGIC	42	43	celltype	barcode_suffix	12000	1000	11	8	label_free_hvg
44	20	10	0.2	20	0.20685556300652094	0.44254429423727026	0.000533872402379924	0.0029820235351645337	-0.03845050558447838	0.3978367249947041	PBMC68k	temp/pbmc68k_data.rds	magic	MAGIC	42	44	celltype	barcode_suffix	12000	1000	11	8	label_free_hvg
44	20	10	0.5	33	0.1679481708795853	0.4052710957319595	0.0002917425550144195	0.0044608534376211414	-0.03845050558447838	0.3937925270292908	PBMC68k	temp/pbmc68k_data.rds	magic	MAGIC	42	44	celltype	barcode_suffix	12000	1000	11	8	label_free_hvg
44	20	10	1.0	50	0.09893653317445225	0.3663511945932967	0.00011486533756152998	0.00563950067348611	-0.03845050558447838	0.39266740693710744	PBMC68k	temp/pbmc68k_data.rds	magic	MAGIC	42	44	celltype	barcode_suffix	12000	1000	11	8	label_free_hvg
44	20	10	1.5	60	0.09104312388291326	0.3583333864228329	9.155878556874415e-05	0.006356808923500345	-0.03845050558447838	0.39702795702032745	PBMC68k	temp/pbmc68k_data.rds	magic	MAGIC	42	44	celltype	barcode_suffix	12000	1000	11	8	label_free_hvg
44	20	10	2.0	75	0.07546783042353812	0.34618470168437937	7.673994798102147e-05	0.007671464068399039	-0.03845050558447838	0.3941769669763744	PBMC68k	temp/pbmc68k_data.rds	magic	MAGIC	42	44	celltype	barcode_suffix	12000	1000	11	8	label_free_hvg
44	20	15	0.2	19	0.2093189550072543	0.44121908273263444	0.0005056428170834876	0.002883315886719311	-0.03845050558447838	0.5068106029648334	PBMC68k	temp/pbmc68k_data.rds	magic	MAGIC	42	44	celltype	barcode_suffix	12000	1000	11	8	label_free_hvg
44	20	15	0.5	27	0.1689492629378304	0.40836005047421475	0.0003399139847180124	0.003672826476360348	-0.03845050558447838	0.5009092160034925	PBMC68k	temp/pbmc68k_data.rds	magic	MAGIC	42	44	celltype	barcode_suffix	12000	1000	11	8	label_free_hvg
44	20	15	1.0	44	0.11368190388313527	0.3739872805116574	0.00020354862506201374	0.0052439461078025275	-0.03845050558447838	0.4928180130664259	PBMC68k	temp/pbmc68k_data.rds	magic	MAGIC	42	44	celltype	barcode_suffix	12000	1000	11	8	label_free_hvg
44	20	15	1.5	50	0.09967512108233106	0.36461601157402207	0.00010049698037251189	0.005729629712636699	-0.03845050558447838	0.48964710091240704	PBMC68k	temp/pbmc68k_data.rds	magic	MAGIC	42	44	celltype	barcode_suffix	12000	1000	11	8	label_free_hvg
44	20	15	2.0	60	0.08710279872254566	0.35788691003344614	0.00012253145475833797	0.006791102500849284	-0.03845050558447838	0.4914270071312785	PBMC68k	temp/pbmc68k_data.rds	magic	MAGIC	42	44	celltype	barcode_suffix	12000	1000	11	8	label_free_hvg
44	20	30	0.2	16	0.20806373759839508	0.44457263199936004	0.00052097179577071	0.0026420393357980266	-0.03845050558447838	0.8070768308825791	PBMC68k	temp/pbmc68k_data.rds	magic	MAGIC	42	44	celltype	barcode_suffix	12000	1000	11	8	label_free_hvg
44	20	30	0.5	20	0.21028862451779082	0.4344677951509281	0.0004611416178474554	0.0028922645116866946	-0.03845050558447838	0.8102370430715382	PBMC68k	temp/pbmc68k_data.rds	magic	MAGIC	42	44	celltype	barcode_suffix	12000	1000	11	8	label_free_hvg
44	20	30	1.0	29	0.15385925743144035	0.39567180118699813	0.0002011847035597478	0.0037449278397382515	-0.03845050558447838	0.7765578229445964	PBMC68k	temp/pbmc68k_data.rds	magic	MAGIC	42	44	celltype	barcode_suffix	12000	1000	11	8	label_free_hvg
44	20	30	1.5	36	0.12389268891484734	0.384317211809719	0.0001519748806729083	0.004439095919538551	-0.03845050558447838	0.7802158400882035	PBMC68k	temp/pbmc68k_data.rds	magic	MAGIC	42	44	celltype	barcode_suffix	12000	1000	11	8	label_free_hvg
44	20	30	2.0	45	0.094193988741105	0.3660962665127832	7.855464328415665e-05	0.0049623903037899625	-0.03845050558447838	0.7685263368766755	PBMC68k	temp/pbmc68k_data.rds	magic	MAGIC	42	44	celltype	barcode_suffix	12000	1000	11	8	label_free_hvg
44	50	10	0.2	34	0.18486577533207788	0.3866055842883698	0.0002611544588768382	0.004384127426163679	-0.032130174338817596	0.3827500760089606	PBMC68k	temp/pbmc68k_data.rds	magic	MAGIC	42	44	celltype	barcode_suffix	12000	1000	11	8	label_free_hvg
44	50	10	0.5	46	0.14730735355716784	0.36785764564783574	0.00019714793117437193	0.005467172942962573	-0.032130174338817596	0.37930259690620005	PBMC68k	temp/pbmc68k_data.rds	magic	MAGIC	42	44	celltype	barcode_suffix	12000	1000	11	8	label_free_hvg
44	50	10	1.0	58	0.12740316807520502	0.3565103776637977	0.00019601300021517825	0.006484609557397267	-0.032130174338817596	0.3869492879603058	PBMC68k	temp/pbmc68k_data.rds	magic	MAGIC	42	44	celltype	barcode_suffix	12000	1000	11	8	label_free_hvg
44	50	10	1.5	71	0.09031936842308833	0.34586257974841167	0.00020705599294648408	0.00772624182119535	-0.032130174338817596	0.3789198149461299	PBMC68k	temp/pbmc68k_data.rds	magic	MAGIC	42	44	celltype	barcode_suffix	12000	1000	11	8	label_free_hvg
44	50	10	2.0	77	0.0769817258192834	0.3404783922953198	0.0002099382582286791	0.00854372620478557	-0.032130174338817596	0.37931343307718635	PBMC68k	temp/pbmc68k_data.rds	magic	MAGIC	42	44	celltype	barcode_suffix	12000	1000	11	8	label_free_hvg
44	50	15	0.2	29	0.24156986683091325	0.39033972143126117	0.00017907315465318452	0.003815726124244801	-0.032130174338817596	0.4764383281581104	PBMC68k	temp/pbmc68k_data.rds	magic	MAGIC	42	44	celltype	barcode_suffix	12000	1000	11	8	label_free_hvg
44	50	15	0.5	43	0.16997755940654918	0.37007255389494736	0.000174314021023944	0.005449005086957998	-0.032130174338817596	0.4724170509725809	PBMC68k	temp/pbmc68k_data.rds	magic	MAGIC	42	44	celltype	barcode_suffix	12000	1000	11	8	label_free_hvg
44	50	15	1.0	51	0.12845289602713986	0.36017563971012445	0.00014981408243525303	0.0059765646504752684	-0.032130174338817596	0.4741627019830048	PBMC68k	temp/pbmc68k_data.rds	magic	MAGIC	42	44	celltype	barcode_suffix	12000	1000	11	8	label_free_hvg
44	50	15	1.5	61	0.09998311893614543	0.34974518246169284	0.0001585227502462635	0.006756871035141909	-0.032130174338817596	0.4764938079752028	PBMC68k	temp/pbmc68k_data.rds	magic	MAGIC	42	44	celltype	barcode_suffix	12000	1000	11	8	label_free_hvg
44	50	15	2.0	65	0.09094967264597119	0.3466490254711609	0.0001936518496324761	0.007281921429006009	-0.032130174338817596	0.47397100599482656	PBMC68k	temp/pbmc68k_data.rds	magic	MAGIC	42	44	celltype	barcode_suffix	12000	1000	11	8	label_free_hvg
44	50	30	0.2	23	0.2426078446930348	0.40284379235004963	0.000343634247753987	0.0029662620528770047	-0.032130174338817596	0.7865204089321196	PBMC68k	temp/pbmc68k_data.rds	magic	MAGIC	42	44	celltype	barcode_suffix	12000	1000	11	8	label_free_hvg
44	50	30	0.5	33	0.18387708417776483	0.3776685858431565	0.00022200130847292276	0.004275533034747081	-0.032130174338817596	0.792218544986099	PBMC68k	temp/pbmc68k_data.rds	magic	MAGIC	42	44	celltype	barcode_suffix	12000	1000	11	8	label_free_hvg
44	50	30	1.0	46	0.1441691323677279	0.364193077520851	0.00010496590552715277	0.0053050365238605755	-0.032130174338817596	0.7736416480038315	PBMC68k	temp/pbmc68k_data.rds	magic	MAGIC	42	44	celltype	barcode_suffix	12000	1000	11	8	label_free_hvg
44	50	30	1.5	51	0.13037240379484274	0.36042972676471063	0.00013093589692126452	0.0058072941038000495	-0.032130174338817596	0.8036410941276699	PBMC68k	temp/pbmc68k_data.rds	magic	MAGIC	42	44	celltype	barcode_suffix	12000	1000	11	8	label_free_hvg
44	50	30	2.0	55	0.1022307246329776	0.35343268226473357	0.00018489919733430613	0.006315763671547343	-0.032130174338817596	0.7938811799976975	PBMC68k	temp/pbmc68k_data.rds	magic	MAGIC	42	44	celltype	barcode_suffix	12000	1000	11	8	label_free_hvg
44	100	10	0.2	34	0.1851450205401577	0.3854984851327387	0.00013466257111806497	0.004143612045601978	-0.0285640861839056	0.3886888090055436	PBMC68k	temp/pbmc68k_data.rds	magic	MAGIC	42	44	celltype	barcode_suffix	12000	1000	11	8	label_free_hvg
44	100	10	0.5	46	0.18266622263023555	0.36827853551310125	0.00018064879520038	0.0058915889101493	-0.0285640861839056	0.38900720002129674	PBMC68k	temp/pbmc68k_data.rds	magic	MAGIC	42	44	celltype	barcode_suffix	12000	1000	11	8	label_free_hvg
44	100	10	1.0	63	0.13099644585984663	0.3528315019440494	0.0001717084176957635	0.007072658557475439	-0.0285640861839056	0.3842464340850711	PBMC68k	temp/pbmc68k_data.rds	magic	MAGIC	42	44	celltype	barcode_suffix	12000	1000	11	8	label_free_hvg
44	100	10	1.5	72	0.11608379713878673	0.34732574114582027	0.0001702768721650909	0.007799973757668675	-0.0285640861839056	0.3831799728795886	PBMC68k	temp/pbmc68k_data.rds	magic	MAGIC	42	44	celltype	barcode_suffix	12000	1000	11	8	label_free_hvg
44	100	10	2.0	77	0.09836348251467696	0.3429473970553804	0.0001251773400223591	0.008131059656688573	-0.0285640861839056	0.3850419099908322	PBMC68k	temp/pbmc68k_data.rds	magic	MAGIC	42	44	celltype	barcode_suffix	12000	1000	11	8	label_free_hvg
44	100	15	0.2	29	0.18840136023632967	0.38711728072882795	0.0001240330115624275	0.0035443907806930915	-0.0285640861839056	0.4767897471319884	PBMC68k	temp/pbmc68k_data.rds	magic	MAGIC	42	44	celltype	barcode_suffix	12000	1000	11	8	label_free_hvg
44	100	15	0.5	41	0.18249629794700717	0.37523323219455984	0.0001833683676056647	0.005009386726031436	-0.0285640861839056	0.471549078123644	PBMC68k	temp/pbmc68k_data.rds	magic	MAGIC	42	44	celltype	barcode_suffix	12000	1000	11	8	label_free_hvg
44	100	15	1.0	54	0.1344865136913814	0.3568855535404713	0.00018558315276848565	0.006056137345531528	-0.0285640861839056	0.4753158160019666	PBMC68k	temp/pbmc68k_data.rds	magic	MAGIC	42	44	celltype	barcode_suffix	12000	1000	11	8	label_free_hvg
44	100	15	1.5	64	0.12596093915727175	0.3529819060737944	0.00010178745525566904	0.00652445956107508	-0.0285640861839056	0.4696669178083539	PBMC68k	temp/pbmc68k_data.rds	magic	MAGIC	42	44	celltype	barcode_suffix	12000	1000	11	8	label_free_hvg
44	100	15	2.0	68	0.1101415598224393	0.3473254386045731	7.935607927229677e-05	0.006659540749042482	-0.0285640861839056	0.4715357630047947	PBMC68k	temp/pbmc68k_data.rds	magic	MAGIC	42	44	celltype	barcode_suffix	12000	1000	11	8	label_free_hvg
44	100	30	0.2	23	0.2515543715609663	0.4138020957546402	0.00019773283658474752	0.003357662505741606	-0.0285640861839056	0.7415435400325805	PBMC68k	temp/pbmc68k_data.rds	magic	MAGIC	42	44	celltype	barcode_suffix	12000	1000	11	8	label_free_hvg
44	100	30	0.5	34	0.18440794028327157	0.3790788697380204	0.00014727939787478788	0.003920166068056798	-0.0285640861839056	0.7493784849066287	PBMC68k	temp/pbmc68k_data.rds	magic	MAGIC	42	44	celltype	barcode_suffix	12000	1000	11	8	label_free_hvg
44	100	30	1.0	45	0.139002581138717	0.36469894663625585	0.00019310725015418565	0.004969299870472232	-0.0285640861839056	0.7531386879272759	PBMC68k	temp/pbmc68k_data.rds	magic	MAGIC	42	44	celltype	barcode_suffix	12000	1000	11	8	label_free_hvg
44	100	30	1.5	52	0.13475250109380452	0.35984287560589834	0.00015043628088197894	0.005635511284135383	-0.0285640861839056	0.7511473279446363	PBMC68k	temp/pbmc68k_data.rds	magic	MAGIC	42	44	celltype	barcode_suffix	12000	1000	11	8	label_free_hvg
44	100	30	2.0	53	0.13466659592884486	0.3585951647122563	0.00018134202630316757	0.005841837962395835	-0.0285640861839056	0.7696996820159256	PBMC68k	temp/pbmc68k_data.rds	magic	MAGIC	42	44	celltype	barcode_suffix	12000	1000	11	8	label_free_hvg
45	20	10	0.2	22	0.20313057889960198	0.43236946146531324	0.00044537955440004847	0.0031296873492663926	-0.03300958499312401	0.4007146230433136	PBMC68k	temp/pbmc68k_data.rds	magic	MAGIC	42	45	celltype	barcode_suffix	12000	1000	11	8	label_free_hvg
45	20	10	0.5	32	0.1689014666261508	0.40195782322363777	0.0003840571255958679	0.004111489340328118	-0.03300958499312401	0.3980495100840926	PBMC68k	temp/pbmc68k_data.rds	magic	MAGIC	42	45	celltype	barcode_suffix	12000	1000	11	8	label_free_hvg
45	20	10	1.0	49	0.10281907555168948	0.36412163038583256	8.150770702337927e-05	0.0052665151675786925	-0.03300958499312401	0.3945533528458327	PBMC68k	temp/pbmc68k_data.rds	magic	MAGIC	42	45	celltype	barcode_suffix	12000	1000	11	8	label_free_hvg
45	20	10	1.5	60	0.08599625503555008	0.3557684021645942	4.0692474208711045e-05	0.0060823479883330145	-0.03300958499312401	0.39208654896356165	PBMC68k	temp/pbmc68k_data.rds	magic	MAGIC	42	45	celltype	barcode_suffix	12000	1000	11	8	label_free_hvg
45	20	10	2.0	72	0.0769581337490064	0.3479630759864139	3.946293487814049e-05	0.007305316365169372	-0.03300958499312401	0.3889779520686716	PBMC68k	temp/pbmc68k_data.rds	magic	MAGIC	42	45	celltype	barcode_suffix	12000	1000	11	8	label_free_hvg
45	20	15	0.2	19	0.20787830641504998	0.44180534009170846	0.0004773073095930825	0.0029523676995654507	-0.03300958499312401	0.5012067470233887	PBMC68k	temp/pbmc68k_data.rds	magic	MAGIC	42	45	celltype	barcode_suffix	12000	1000	11	8	label_free_hvg
45	20	15	0.5	27	0.17038031283413568	0.4136566533374249	0.00040280610692744733	0.0036064613706268444	-0.03300958499312401	0.4952070568688214	PBMC68k	temp/pbmc68k_data.rds	magic	MAGIC	42	45	celltype	barcode_suffix	12000	1000	11	8	label_free_hvg
45	20	15	1.0	42	0.11644173695392568	0.3740702533022062	0.000134742261465733	0.0046834145092254425	-0.03300958499312401	0.4928343300707638	PBMC68k	temp/pbmc68k_data.rds	magic	MAGIC	42	45	celltype	barcode_suffix	12000	1000	11	8	label_free_hvg
45	20	15	1.5	53	0.09105205594153892	0.3620406265132446	9.085282990380897e-05	0.00599800504010682	-0.03300958499312401	0.49008830403909087	PBMC68k	temp/pbmc68k_data.rds	magic	MAGIC	42	45	celltype	barcode_suffix	12000	1000	11	8	label_free_hvg
45	20	15	2.0	61	0.087048164933266	0.35397319951110773	5.100567210160854e-05	0.006428619557769932	-0.03300958499312401	0.4951762470882386	PBMC68k	temp/pbmc68k_data.rds	magic	MAGIC	42	45	celltype	barcode_suffix	12000	1000	11	8	label_free_hvg
45	20	30	0.2	15	0.20610090831177535	0.45278451940375586	0.0005796073773167357	0.002657338960859684	-0.03300958499312401	0.8265204539056867	PBMC68k	temp/pbmc68k_data.rds	magic	MAGIC	42	45	celltype	barcode_suffix	12000	1000	11	8	label_free_hvg
45	20	30	0.5	21	0.18298404721115044	0.42471449736539946	0.0006396322764864797	0.0033026955535486713	-0.03300958499312401	0.7972487681545317	PBMC68k	temp/pbmc68k_data.rds	magic	MAGIC	42	45	celltype	barcode_suffix	12000	1000	11	8	label_free_hvg
45	20	30	1.0	28	0.16888751370695912	0.4045255630227815	0.0003663404719659994	0.0036449039596648295	-0.03300958499312401	0.8105139681138098	PBMC68k	temp/pbmc68k_data.rds	magic	MAGIC	42	45	celltype	barcode_suffix	12000	1000	11	8	label_free_hvg
45	20	30	1.5	39	0.11025728192160074	0.3735085078385721	0.00019344533199396855	0.004782141015895467	-0.03300958499312401	0.7814110398758203	PBMC68k	temp/pbmc68k_data.rds	magic	MAGIC	42	45	celltype	barcode_suffix	12000	1000	11	8	label_free_hvg
45	20	30	2.0	44	0.09897723328930544	0.3701680417100228	0.00020163240763035383	0.005345932329920119	-0.03300958499312401	0.7774637630209327	PBMC68k	temp/pbmc68k_data.rds	magic	MAGIC	42	45	celltype	barcode_suffix	12000	1000	11	8	label_free_hvg
45	50	10	0.2	35	0.18526063315799793	0.3823972976443531	0.00023263885040474615	0.00424781423934262	-0.025947660207748413	0.39380954415537417	PBMC68k	temp/pbmc68k_data.rds	magic	MAGIC	42	45	celltype	barcode_suffix	12000	1000	11	8	label_free_hvg
45	50	10	0.5	44	0.14857710488530967	0.36685994856934745	0.00020778250289836558	0.005394286121619884	-0.025947660207748413	0.38565360219217837	PBMC68k	temp/pbmc68k_data.rds	magic	MAGIC	42	45	celltype	barcode_suffix	12000	1000	11	8	label_free_hvg
45	50	10	1.0	59	0.12668522253176645	0.35675725457997487	0.00015431126306432208	0.006435539935527564	-0.025947660207748413	0.38780290400609374	PBMC68k	temp/pbmc68k_data.rds	magic	MAGIC	42	45	celltype	barcode_suffix	12000	1000	11	8	label_free_hvg
45	50	10	1.5	73	0.08773990359139268	0.3447531704280753	0.0001220916399577744	0.007913441524492087	-0.025947660207748413	0.3840634261723608	PBMC68k	temp/pbmc68k_data.rds	magic	MAGIC	42	45	celltype	barcode_suffix	12000	1000	11	8	label_free_hvg
45	50	10	2.0	79	0.07704182253506522	0.33989965678204814	0.0001563369085032435	0.008478819271093079	-0.025947660207748413	0.3850926661398262	PBMC68k	temp/pbmc68k_data.rds	magic	MAGIC	42	45	celltype	barcode_suffix	12000	1000	11	8	label_free_hvg
45	50	15	0.2	30	0.1846828094663318	0.385927105816284	0.0002396767606418517	0.003780988940565505	-0.025947660207748413	0.47767169889993966	PBMC68k	temp/pbmc68k_data.rds	magic	MAGIC	42	45	celltype	barcode_suffix	12000	1000	11	8	label_free_hvg
45	50	15	0.5	43	0.16979377848477903	0.3698860812592715	0.00017686897807339165	0.005541118868917726	-0.025947660207748413	0.47945178486406803	PBMC68k	temp/pbmc68k_data.rds	magic	MAGIC	42	45	celltype	barcode_suffix	12000	1000	11	8	label_free_hvg
45	50	15	1.0	51	0.1250920350186488	0.355623750037947	0.00013182874927626065	0.0060313167957802205	-0.025947660207748413	0.4762492061126977	PBMC68k	temp/pbmc68k_data.rds	magic	MAGIC	42	45	celltype	barcode_suffix	12000	1000	11	8	label_free_hvg
45	50	15	1.5	62	0.10190505877858132	0.3503705789332834	0.00014512331050953932	0.006749965653399972	-0.025947660207748413	0.47689683292992413	PBMC68k	temp/pbmc68k_data.rds	magic	MAGIC	42	45	celltype	barcode_suffix	12000	1000	11	8	label_free_hvg
45	50	15	2.0	67	0.0883123610698837	0.34517255153788695	0.00013409396319018454	0.007158111667748951	-0.025947660207748413	0.4750400329940021	PBMC68k	temp/pbmc68k_data.rds	magic	MAGIC	42	45	celltype	barcode_suffix	12000	1000	11	8	label_free_hvg
45	50	30	0.2	24	0.24255529418258415	0.4009290610713719	0.00033887307321535257	0.003263216967961447	-0.025947660207748413	0.7611490129493177	PBMC68k	temp/pbmc68k_data.rds	magic	MAGIC	42	45	celltype	barcode_suffix	12000	1000	11	8	label_free_hvg
45	50	30	0.5	33	0.18407450494736283	0.3782369594338924	0.0002013009230878736	0.004251782565644732	-0.025947660207748413	0.752823568880558	PBMC68k	temp/pbmc68k_data.rds	magic	MAGIC	42	45	celltype	barcode_suffix	12000	1000	11	8	label_free_hvg
45	50	30	1.0	46	0.1442999824498753	0.3639228377581135	9.613612368153172e-05	0.005264113763942921	-0.025947660207748413	0.7638777140527964	PBMC68k	temp/pbmc68k_data.rds	magic	MAGIC	42	45	celltype	barcode_suffix	12000	1000	11	8	label_free_hvg
45	50	30	1.5	50	0.13011756755457785	0.3594297889992789	0.00014633984226444856	0.0057575620440841165	-0.025947660207748413	0.7641634999308735	PBMC68k	temp/pbmc68k_data.rds	magic	MAGIC	42	45	celltype	barcode_suffix	12000	1000	11	8	label_free_hvg
45	50	30	2.0	55	0.1019886467020474	0.35296016371146466	0.00016723053757792587	0.006332255273655473	-0.025947660207748413	0.7667675879783928	PBMC68k	temp/pbmc68k_data.rds	magic	MAGIC	42	45	celltype	barcode_suffix	12000	1000	11	8	label_free_hvg
45	100	10	0.2	34	0.1873409047055736	0.38651395358784185	0.00022051025722664403	0.004418384311845464	-0.023057427257299423	0.3929791240952909	PBMC68k	temp/pbmc68k_data.rds	magic	MAGIC	42	45	celltype	barcode_suffix	12000	1000	11	8	label_free_hvg
45	100	10	0.5	46	0.18300681681645267	0.36941572978903753	0.0001777794882892217	0.0057895739750359965	-0.023057427257299423	0.3881380402017385	PBMC68k	temp/pbmc68k_data.rds	magic	MAGIC	42	45	celltype	barcode_suffix	12000	1000	11	8	label_free_hvg
45	100	10	1.0	64	0.13704055934903991	0.35424531288074956	0.00018383604406548397	0.007184661046544706	-0.023057427257299423	0.387671081116423	PBMC68k	temp/pbmc68k_data.rds	magic	MAGIC	42	45	celltype	barcode_suffix	12000	1000	11	8	label_free_hvg
45	100	10	1.5	72	0.1172954394271293	0.3482241879978109	0.0002131433036844888	0.007894104876517052	-0.023057427257299423	0.3832555999979377	PBMC68k	temp/pbmc68k_data.rds	magic	MAGIC	42	45	celltype	barcode_suffix	12000	1000	11	8	label_free_hvg
45	100	10	2.0	75	0.09546640513324656	0.34284725219406403	0.0002306891570107815	0.008122449561098328	-0.023057427257299423	0.38418941013514996	PBMC68k	temp/pbmc68k_data.rds	magic	MAGIC	42	45	celltype	barcode_suffix	12000	1000	11	8	label_free_hvg
45	100	15	0.2	26	0.24520628615032897	0.39704547492005693	7.615154483837689e-05	0.003323851620546907	-0.023057427257299423	0.476621920010075	PBMC68k	temp/pbmc68k_data.rds	magic	MAGIC	42	45	celltype	barcode_suffix	12000	1000	11	8	label_free_hvg
45	100	15	0.5	42	0.18170767199224158	0.37371433075606186	0.00021385171287526303	0.00534498638521284	-0.023057427257299423	0.474172277841717	PBMC68k	temp/pbmc68k_data.rds	magic	MAGIC	42	45	celltype	barcode_suffix	12000	1000	11	8	label_free_hvg
45	100	15	1.0	56	0.13386505099537502	0.35503427783695707	0.00019031936411627656	0.006222015132258375	-0.023057427257299423	0.47345907101407647	PBMC68k	temp/pbmc68k_data.rds	magic	MAGIC	42	45	celltype	barcode_suffix	12000	1000	11	8	label_free_hvg
45	100	15	1.5	61	0.12921331249781756	0.35254321476932404	0.00018860676356986526	0.006689825411749319	-0.023057427257299423	0.4773985149804503	PBMC68k	temp/pbmc68k_data.rds	magic	MAGIC	42	45	celltype	barcode_suffix	12000	1000	11	8	label_free_hvg
45	100	15	2.0	68	0.11091249119250816	0.3469438366983568	0.0001693465068691793	0.007133431815931877	-0.023057427257299423	0.4789438599254936	PBMC68k	temp/pbmc68k_data.rds	magic	MAGIC	42	45	celltype	barcode_suffix	12000	1000	11	8	label_free_hvg
45	100	30	0.2	22	0.2501621060610909	0.4182390891593278	0.0001950812014587788	0.0032728001405100122	-0.023057427257299423	0.7831796798855066	PBMC68k	temp/pbmc68k_data.rds	magic	MAGIC	42	45	celltype	barcode_suffix	12000	1000	11	8	label_free_hvg
45	100	30	0.5	34	0.18421810229908647	0.3788671186804556	0.00021092881934808714	0.00419059278447048	-0.023057427257299423	0.7608795629348606	PBMC68k	temp/pbmc68k_data.rds	magic	MAGIC	42	45	celltype	barcode_suffix	12000	1000	11	8	label_free_hvg
45	100	30	1.0	44	0.14708790109292746	0.3663399337123004	0.00022443271435731356	0.00516066537290639	-0.023057427257299423	0.7489710350055248	PBMC68k	temp/pbmc68k_data.rds	magic	MAGIC	42	45	celltype	barcode_suffix	12000	1000	11	8	label_free_hvg
45	100	30	1.5	51	0.13671623765003124	0.36139936521889515	0.00022364945657341704	0.005947211697435686	-0.023057427257299423	0.7673204650636762	PBMC68k	temp/pbmc68k_data.rds	magic	MAGIC	42	45	celltype	barcode_suffix	12000	1000	11	8	label_free_hvg
45	100	30	2.0	53	0.13418448297241325	0.3574924624737951	0.00024164403947426073	0.006131696736510144	-0.023057427257299423	0.7643167159985751	PBMC68k	temp/pbmc68k_data.rds	magic	MAGIC	42	45	celltype	barcode_suffix	12000	1000	11	8	label_free_hvg
46	20	10	0.2	22	0.2006547589418211	0.43462206183863467	0.00046386272193090953	0.0032837384519979356	-0.022335942834615707	0.4004887610208243	PBMC68k	temp/pbmc68k_data.rds	magic	MAGIC	42	46	celltype	barcode_suffix	12000	1000	11	8	label_free_hvg
46	20	10	0.5	34	0.16671220920257948	0.4050508576579567	0.0004111423713311513	0.0045454903327371695	-0.022335942834615707	0.3953962838277221	PBMC68k	temp/pbmc68k_data.rds	magic	MAGIC	42	46	celltype	barcode_suffix	12000	1000	11	8	label_free_hvg
46	20	10	1.0	49	0.10782985397575492	0.36734482821557457	0.00015010405705820123	0.0056337046961175575	-0.022335942834615707	0.3913226060103625	PBMC68k	temp/pbmc68k_data.rds	magic	MAGIC	42	46	celltype	barcode_suffix	12000	1000	11	8	label_free_hvg
46	20	10	1.5	60	0.08738178747021626	0.3564200449063659	0.00012643267064632775	0.006765104401816718	-0.022335942834615707	0.39311223407275975	PBMC68k	temp/pbmc68k_data.rds	magic	MAGIC	42	46	celltype	barcode_suffix	12000	1000	11	8	label_free_hvg
46	20	10	2.0	74	0.07530155624643345	0.3456900193097203	3.618014667516322e-05	0.0075201911421806265	-0.022335942834615707	0.39246771880425513	PBMC68k	temp/pbmc68k_data.rds	magic	MAGIC	42	46	celltype	barcode_suffix	12000	1000	11	8	label_free_hvg
46	20	15	0.2	19	0.20941774658849316	0.44013722410185163	0.00047441459494482305	0.0028313936920164604	-0.022335942834615707	0.5027269499842077	PBMC68k	temp/pbmc68k_data.rds	magic	MAGIC	42	46	celltype	barcode_suffix	12000	1000	11	8	label_free_hvg
46	20	15	0.5	28	0.16931779965873606	0.41172401559466704	0.0004051399965618298	0.003718773470304441	-0.022335942834615707	0.4983344068750739	PBMC68k	temp/pbmc68k_data.rds	magic	MAGIC	42	46	celltype	barcode_suffix	12000	1000	11	8	label_free_hvg
46	20	15	1.0	43	0.12096211426067124	0.3741993447095482	0.00020824259329895424	0.005216855829839711	-0.022335942834615707	0.4944100850261748	PBMC68k	temp/pbmc68k_data.rds	magic	MAGIC	42	46	celltype	barcode_suffix	12000	1000	11	8	label_free_hvg
46	20	15	1.5	50	0.09791650111641317	0.36456321131414376	0.00013471039168868256	0.0057034404310376706	-0.022335942834615707	0.49847309687174857	PBMC68k	temp/pbmc68k_data.rds	magic	MAGIC	42	46	celltype	barcode_suffix	12000	1000	11	8	label_free_hvg
46	20	15	2.0	59	0.08721813078887077	0.35650855998081116	0.0001421020291856234	0.006716958585339825	-0.022335942834615707	0.49831457901746035	PBMC68k	temp/pbmc68k_data.rds	magic	MAGIC	42	46	celltype	barcode_suffix	12000	1000	11	8	label_free_hvg
46	20	30	0.2	16	0.20510576410931255	0.44555435340051364	0.0006027791497634595	0.0026576536319156702	-0.022335942834615707	0.8064766770694405	PBMC68k	temp/pbmc68k_data.rds	magic	MAGIC	42	46	celltype	barcode_suffix	12000	1000	11	8	label_free_hvg
46	20	30	0.5	22	0.18097987112309577	0.4207492166883081	0.0005652894124648264	0.003219486735849062	-0.022335942834615707	0.797806030139327	PBMC68k	temp/pbmc68k_data.rds	magic	MAGIC	42	46	celltype	barcode_suffix	12000	1000	11	8	label_free_hvg
46	20	30	1.0	29	0.1594240315281023	0.3965278772514995	0.0002854292563793654	0.0037525130393795446	-0.022335942834615707	0.7969001459423453	PBMC68k	temp/pbmc68k_data.rds	magic	MAGIC	42	46	celltype	barcode_suffix	12000	1000	11	8	label_free_hvg
46	20	30	1.5	39	0.11247436410893867	0.37778281996408913	0.00013845814658008818	0.0047601296771816095	-0.022335942834615707	0.7978502020705491	PBMC68k	temp/pbmc68k_data.rds	magic	MAGIC	42	46	celltype	barcode_suffix	12000	1000	11	8	label_free_hvg
46	20	30	2.0	43	0.09765295189858281	0.3677706582142759	0.00012347617325287482	0.004880808480671589	-0.022335942834615707	0.8083069680724293	PBMC68k	temp/pbmc68k_data.rds	magic	MAGIC	42	46	celltype	barcode_suffix	12000	1000	11	8	label_free_hvg
46	50	10	0.2	35	0.18593489272249428	0.38341221233736567	0.00023273575040268685	0.004454279285464409	-0.02027376927435398	0.3978501970414072	PBMC68k	temp/pbmc68k_data.rds	magic	MAGIC	42	46	celltype	barcode_suffix	12000	1000	11	8	label_free_hvg
46	50	10	0.5	46	0.14759999080347616	0.36778326389582905	0.00024162298214924324	0.0056252549954271735	-0.02027376927435398	0.3922324611339718	PBMC68k	temp/pbmc68k_data.rds	magic	MAGIC	42	46	celltype	barcode_suffix	12000	1000	11	8	label_free_hvg
46	50	10	1.0	58	0.12718758561429144	0.357106746015891	0.00014813899896138266	0.006330778831235555	-0.02027376927435398	0.3951119219418615	PBMC68k	temp/pbmc68k_data.rds	magic	MAGIC	42	46	celltype	barcode_suffix	12000	1000	11	8	label_free_hvg
46	50	10	1.5	68	0.09161927886324533	0.34727797085904427	0.00018868684843446467	0.007154615530477111	-0.02027376927435398	0.3917775300797075	PBMC68k	temp/pbmc68k_data.rds	magic	MAGIC	42	46	celltype	barcode_suffix	12000	1000	11	8	label_free_hvg
46	50	10	2.0	78	0.07990889760278802	0.34143716497194454	0.0001883879981215574	0.008533176567556176	-0.02027376927435398	0.3899068948812783	PBMC68k	temp/pbmc68k_data.rds	magic	MAGIC	42	46	celltype	barcode_suffix	12000	1000	11	8	label_free_hvg
46	50	15	0.2	30	0.1825187014672111	0.38529718478957975	0.0002592604547059929	0.003920182472065768	-0.02027376927435398	0.4750300159212202	PBMC68k	temp/pbmc68k_data.rds	magic	MAGIC	42	46	celltype	barcode_suffix	12000	1000	11	8	label_free_hvg
46	50	15	0.5	44	0.1435865224089526	0.3634291375724212	0.00019803793448144912	0.005642667001540092	-0.02027376927435398	0.47587944590486586	PBMC68k	temp/pbmc68k_data.rds	magic	MAGIC	42	46	celltype	barcode_suffix	12000	1000	11	8	label_free_hvg
46	50	15	1.0	51	0.12950949355372218	0.35909497120637307	0.00015260114448898137	0.006097348237354846	-0.02027376927435398	0.47602230007760227	PBMC68k	temp/pbmc68k_data.rds	magic	MAGIC	42	46	celltype	barcode_suffix	12000	1000	11	8	label_free_hvg
46	50	15	1.5	63	0.0887619226183031	0.34713474928710536	0.00012303249123532843	0.006946229227523811	-0.02027376927435398	0.477495115948841	PBMC68k	temp/pbmc68k_data.rds	magic	MAGIC	42	46	celltype	barcode_suffix	12000	1000	11	8	label_free_hvg
46	50	15	2.0	67	0.08760772347131525	0.34550834561544264	0.00015830794210087482	0.007340355252752774	-0.02027376927435398	0.4757367349229753	PBMC68k	temp/pbmc68k_data.rds	magic	MAGIC	42	46	celltype	barcode_suffix	12000	1000	11	8	label_free_hvg
46	50	30	0.2	25	0.18828244607593622	0.3962353424180628	0.0004240797908334866	0.0033389202824708536	-0.02027376927435398	0.7672473560087383	PBMC68k	temp/pbmc68k_data.rds	magic	MAGIC	42	46	celltype	barcode_suffix	12000	1000	11	8	label_free_hvg
46	50	30	0.5	33	0.1840299295199603	0.37819944015177426	0.00021826620600051678	0.00421310522184169	-0.02027376927435398	0.7978153110016137	PBMC68k	temp/pbmc68k_data.rds	magic	MAGIC	42	46	celltype	barcode_suffix	12000	1000	11	8	label_free_hvg
46	50	30	1.0	46	0.1440032659663644	0.3641720767223823	0.000120606423224802	0.005343852243229711	-0.02027376927435398	0.7629046060610563	PBMC68k	temp/pbmc68k_data.rds	magic	MAGIC	42	46	celltype	barcode_suffix	12000	1000	11	8	label_free_hvg
46	50	30	1.5	51	0.12778941224766002	0.3601140512927409	0.00015180735763053473	0.005810809883687547	-0.02027376927435398	0.7786413368303329	PBMC68k	temp/pbmc68k_data.rds	magic	MAGIC	42	46	celltype	barcode_suffix	12000	1000	11	8	label_free_hvg
46	50	30	2.0	56	0.10098421268154814	0.3526170217257987	0.00016938067939919072	0.0063355237452496545	-0.02027376927435398	0.7753213420510292	PBMC68k	temp/pbmc68k_data.rds	magic	MAGIC	42	46	celltype	barcode_suffix	12000	1000	11	8	label_free_hvg
46	100	10	0.2	34	0.19024220760150934	0.38724054393976476	0.00018409075924150773	0.004427142135326956	-0.018184542655944824	0.3844555290415883	PBMC68k	temp/pbmc68k_data.rds	magic	MAGIC	42	46	celltype	barcode_suffix	12000	1000	11	8	label_free_hvg
46	100	10	0.5	47	0.1811926563381471	0.36844195432630594	0.00019056895571106412	0.006029100983885202	-0.018184542655944824	0.38609619811177254	PBMC68k	temp/pbmc68k_data.rds	magic	MAGIC	42	46	celltype	barcode_suffix	12000	1000	11	8	label_free_hvg
46	100	10	1.0	62	0.1316264721742347	0.3544667441608865	0.0002412163185912497	0.007246015083745427	-0.018184542655944824	0.38185059279203415	PBMC68k	temp/pbmc68k_data.rds	magic	MAGIC	42	46	celltype	barcode_suffix	12000	1000	11	8	label_free_hvg
46	100	10	1.5	71	0.12085710379386527	0.34933694390828235	0.0002518033898469451	0.008000394633022812	-0.018184542655944824	0.3863530259113759	PBMC68k	temp/pbmc68k_data.rds	magic	MAGIC	42	46	celltype	barcode_suffix	12000	1000	11	8	label_free_hvg
46	100	10	2.0	79	0.1030232549212508	0.3443542917917786	0.00012076051921591851	0.008335668178291145	-0.018184542655944824	0.3875220960471779	PBMC68k	temp/pbmc68k_data.rds	magic	MAGIC	42	46	celltype	barcode_suffix	12000	1000	11	8	label_free_hvg
46	100	15	0.2	28	0.18921185269991833	0.39067175135479454	0.00015884767201783888	0.0035846513785154285	-0.018184542655944824	0.4785459309350699	PBMC68k	temp/pbmc68k_data.rds	magic	MAGIC	42	46	celltype	barcode_suffix	12000	1000	11	8	label_free_hvg
46	100	15	0.5	41	0.18416114084855498	0.37482127363335127	0.00023381027281955014	0.005117813802309965	-0.018184542655944824	0.47624672413803637	PBMC68k	temp/pbmc68k_data.rds	magic	MAGIC	42	46	celltype	barcode_suffix	12000	1000	11	8	label_free_hvg
46	100	15	1.0	56	0.13503315070724217	0.3564463478238706	0.00020772714750496226	0.006272756440332304	-0.018184542655944824	0.47633073502220213	PBMC68k	temp/pbmc68k_data.rds	magic	MAGIC	42	46	celltype	barcode_suffix	12000	1000	11	8	label_free_hvg
46	100	15	1.5	62	0.1316384653141367	0.3535978248935648	0.00016213335525959324	0.006556329801944796	-0.018184542655944824	0.4766241190955043	PBMC68k	temp/pbmc68k_data.rds	magic	MAGIC	42	46	celltype	barcode_suffix	12000	1000	11	8	label_free_hvg
46	100	15	2.0	68	0.10579376048142304	0.3470182340671693	0.0001168861631827047	0.00701962217408515	-0.018184542655944824	0.47994600608944893	PBMC68k	temp/pbmc68k_data.rds	magic	MAGIC	42	46	celltype	barcode_suffix	12000	1000	11	8	label_free_hvg
46	100	30	0.2	20	0.2511000112510551	0.42029807219840337	0.00028097424459364473	0.0031255693585625073	-0.018184542655944824	0.7891733311116695	PBMC68k	temp/pbmc68k_data.rds	magic	MAGIC	42	46	celltype	barcode_suffix	12000	1000	11	8	label_free_hvg
46	100	30	0.5	34	0.1849453036370663	0.37969389599376807	0.000209278495680673	0.004143247907600157	-0.018184542655944824	0.7565102209337056	PBMC68k	temp/pbmc68k_data.rds	magic	MAGIC	42	46	celltype	barcode_suffix	12000	1000	11	8	label_free_hvg
46	100	30	1.0	42	0.1485837531382958	0.3687777189786265	0.00021409551769552187	0.004963693333290737	-0.018184542655944824	0.7531497359741479	PBMC68k	temp/pbmc68k_data.rds	magic	MAGIC	42	46	celltype	barcode_suffix	12000	1000	11	8	label_free_hvg
46	100	30	1.5	51	0.13547376427682087	0.36118826485727457	0.0002146362877781135	0.0058400614203243184	-0.018184542655944824	0.7713935680221766	PBMC68k	temp/pbmc68k_data.rds	magic	MAGIC	42	46	celltype	barcode_suffix	12000	1000	11	8	label_free_hvg
46	100	30	2.0	56	0.12967476753702298	0.3560640065327756	0.00017449477352343134	0.006165549567751097	-0.018184542655944824	0.7854935440700501	PBMC68k	temp/pbmc68k_data.rds	magic	MAGIC	42	46	celltype	barcode_suffix	12000	1000	11	8	label_free_hvg
42	20	10	0.2	8	0.22224278528933974	0.4593785234712289	0.000216798539586467	0.0015825870798681	-0.016027798876166344	0.5638191939797252	PBMC68k	temp/pbmc68k_data.rds	maskimpute	MaskImpute	42	42	celltype	barcode_suffix	12000	1000	11	8	label_free_hvg
42	20	10	0.5	9	0.20745393352959168	0.4337450118384632	0.0003665540004551841	0.0017758356480139746	-0.016027798876166344	0.5827625431120396	PBMC68k	temp/pbmc68k_data.rds	maskimpute	MaskImpute	42	42	celltype	barcode_suffix	12000	1000	11	8	label_free_hvg
42	20	10	1.0	17	0.18665693931877264	0.4049780326544483	0.00025071299052657645	0.0024995646336935444	-0.016027798876166344	0.6052256529219449	PBMC68k	temp/pbmc68k_data.rds	maskimpute	MaskImpute	42	42	celltype	barcode_suffix	12000	1000	11	8	label_free_hvg
42	20	10	1.5	25	0.13496975936306627	0.3630044057815447	0.00021376662953664766	0.0033901477204953804	-0.016027798876166344	0.5794149609282613	PBMC68k	temp/pbmc68k_data.rds	maskimpute	MaskImpute	42	42	celltype	barcode_suffix	12000	1000	11	8	label_free_hvg
42	20	10	2.0	34	0.1177959341184492	0.3469025449817836	0.00011972063633283878	0.004122383042973026	-0.016027798876166344	0.5902650109492242	PBMC68k	temp/pbmc68k_data.rds	maskimpute	MaskImpute	42	42	celltype	barcode_suffix	12000	1000	11	8	label_free_hvg
42	20	15	0.2	7	0.21874843087389398	0.4363558809944674	0.0004282871718006731	0.0014169667116918172	-0.016027798876166344	0.8204060669522732	PBMC68k	temp/pbmc68k_data.rds	maskimpute	MaskImpute	42	42	celltype	barcode_suffix	12000	1000	11	8	label_free_hvg
42	20	15	0.5	9	0.19148977184825355	0.407169183695786	0.0003927884727002218	0.0016862510466108104	-0.016027798876166344	0.8707634920720011	PBMC68k	temp/pbmc68k_data.rds	maskimpute	MaskImpute	42	42	celltype	barcode_suffix	12000	1000	11	8	label_free_hvg
42	20	15	1.0	15	0.19584140605662057	0.4008341678122108	0.000360677599262306	0.0023271657088902438	-0.016027798876166344	0.8360519360285252	PBMC68k	temp/pbmc68k_data.rds	maskimpute	MaskImpute	42	42	celltype	barcode_suffix	12000	1000	11	8	label_free_hvg
42	20	15	1.5	21	0.16973187164999148	0.3881182613365961	0.00037728475827998804	0.0031401741775472507	-0.016027798876166344	0.8060741450171918	PBMC68k	temp/pbmc68k_data.rds	maskimpute	MaskImpute	42	42	celltype	barcode_suffix	12000	1000	11	8	label_free_hvg
42	20	15	2.0	25	0.13689974028754287	0.3653959774915004	0.00016172653112652257	0.00287714528004518	-0.016027798876166344	0.7696617979090661	PBMC68k	temp/pbmc68k_data.rds	maskimpute	MaskImpute	42	42	celltype	barcode_suffix	12000	1000	11	8	label_free_hvg
42	20	30	0.2	7	0.21068179339235352	0.4170310965726078	0.00046215077737966936	0.0015168745068373614	-0.016027798876166344	1.1589387259446084	PBMC68k	temp/pbmc68k_data.rds	maskimpute	MaskImpute	42	42	celltype	barcode_suffix	12000	1000	11	8	label_free_hvg
42	20	30	0.5	9	0.1998813128646853	0.42642780428597954	0.0003654718471207683	0.0017789562372477377	-0.016027798876166344	1.3173272681888193	PBMC68k	temp/pbmc68k_data.rds	maskimpute	MaskImpute	42	42	celltype	barcode_suffix	12000	1000	11	8	label_free_hvg
42	20	30	1.0	13	0.20704479252592745	0.4048951698121497	0.0005028347038207335	0.002310717849563622	-0.016027798876166344	1.4660590239800513	PBMC68k	temp/pbmc68k_data.rds	maskimpute	MaskImpute	42	42	celltype	barcode_suffix	12000	1000	11	8	label_free_hvg
42	20	30	1.5	17	0.16421389183939855	0.38818816035065873	0.0006338859732134897	0.002911400136832957	-0.016027798876166344	1.5416279840283096	PBMC68k	temp/pbmc68k_data.rds	maskimpute	MaskImpute	42	42	celltype	barcode_suffix	12000	1000	11	8	label_free_hvg
42	20	30	2.0	20	0.14769192070513382	0.37434905563197723	0.0004300358275486683	0.002930940001689465	-0.016027798876166344	1.519052233081311	PBMC68k	temp/pbmc68k_data.rds	maskimpute	MaskImpute	42	42	celltype	barcode_suffix	12000	1000	11	8	label_free_hvg
42	50	10	0.2	7	0.21219810906095155	0.4246399786313001	0.00042911787084395594	0.0014829687215406233	-0.014773651026189327	0.5724030528217554	PBMC68k	temp/pbmc68k_data.rds	maskimpute	MaskImpute	42	42	celltype	barcode_suffix	12000	1000	11	8	label_free_hvg
42	50	10	0.5	10	0.1930604062033028	0.40613658993046925	0.0003628664025384044	0.0016911669036582268	-0.014773651026189327	0.6182007910683751	PBMC68k	temp/pbmc68k_data.rds	maskimpute	MaskImpute	42	42	celltype	barcode_suffix	12000	1000	11	8	label_free_hvg
42	50	10	1.0	16	0.19014040945765	0.39862027182167553	0.0003998626131936965	0.002569802610864667	-0.014773651026189327	0.6288958189543337	PBMC68k	temp/pbmc68k_data.rds	maskimpute	MaskImpute	42	42	celltype	barcode_suffix	12000	1000	11	8	label_free_hvg
42	50	10	1.5	24	0.1396044833036793	0.37163988709946677	0.00020885090161679274	0.0035883445604153485	-0.014773651026189327	0.6061533261090517	PBMC68k	temp/pbmc68k_data.rds	maskimpute	MaskImpute	42	42	celltype	barcode_suffix	12000	1000	11	8	label_free_hvg
42	50	10	2.0	35	0.12343209198522061	0.34438057945684747	0.00022248146523682087	0.004407923088737491	-0.014773651026189327	0.581605935934931	PBMC68k	temp/pbmc68k_data.rds	maskimpute	MaskImpute	42	42	celltype	barcode_suffix	12000	1000	11	8	label_free_hvg
42	50	15	0.2	7	0.21828694134826174	0.45124800648965163	0.00019749594762181086	0.001355272747245004	-0.014773651026189327	0.8389902089256793	PBMC68k	temp/pbmc68k_data.rds	maskimpute	MaskImpute	42	42	celltype	barcode_suffix	12000	1000	11	8	label_free_hvg
42	50	15	0.5	9	0.1953120176289517	0.4116501826320366	0.0003491946242658257	0.0016414992868968815	-0.014773651026189327	0.8921384951099753	PBMC68k	temp/pbmc68k_data.rds	maskimpute	MaskImpute	42	42	celltype	barcode_suffix	12000	1000	11	8	label_free_hvg
42	50	15	1.0	15	0.18429589994848647	0.4096193121493959	0.0004016678832975321	0.002454159219521467	-0.014773651026189327	0.8443915729876608	PBMC68k	temp/pbmc68k_data.rds	maskimpute	MaskImpute	42	42	celltype	barcode_suffix	12000	1000	11	8	label_free_hvg
42	50	15	1.5	21	0.1561735057272636	0.3894051300793916	0.0002546320861734047	0.0032147357999304264	-0.014773651026189327	0.8488600589334965	PBMC68k	temp/pbmc68k_data.rds	maskimpute	MaskImpute	42	42	celltype	barcode_suffix	12000	1000	11	8	label_free_hvg
42	50	15	2.0	27	0.13404898370501792	0.36195030806212813	0.0001615592942409518	0.003518502107051959	-0.014773651026189327	0.7686930240597576	PBMC68k	temp/pbmc68k_data.rds	maskimpute	MaskImpute	42	42	celltype	barcode_suffix	12000	1000	11	8	label_free_hvg
42	50	30	0.2	7	0.21610373712012876	0.43022533630825205	0.0003669723432409426	0.0014194593150074453	-0.014773651026189327	1.08943373686634	PBMC68k	temp/pbmc68k_data.rds	maskimpute	MaskImpute	42	42	celltype	barcode_suffix	12000	1000	11	8	label_free_hvg
42	50	30	0.5	8	0.21385155198416173	0.4214447643167554	0.000453609874513646	0.0016964293628790696	-0.014773651026189327	1.237330679083243	PBMC68k	temp/pbmc68k_data.rds	maskimpute	MaskImpute	42	42	celltype	barcode_suffix	12000	1000	11	8	label_free_hvg
42	50	30	1.0	13	0.21465314490667695	0.4170213428180153	0.00047350647454978147	0.0023012690291732848	-0.014773651026189327	1.4628608881030232	PBMC68k	temp/pbmc68k_data.rds	maskimpute	MaskImpute	42	42	celltype	barcode_suffix	12000	1000	11	8	label_free_hvg
42	50	30	1.5	17	0.17698479106312026	0.40322132673899885	0.0005150230927284258	0.0027784502637591075	-0.014773651026189327	1.5233245540875942	PBMC68k	temp/pbmc68k_data.rds	maskimpute	MaskImpute	42	42	celltype	barcode_suffix	12000	1000	11	8	label_free_hvg
42	50	30	2.0	20	0.15939841452157896	0.38352467030094717	0.00033950787390003156	0.0028731012549713495	-0.014773651026189327	1.504264741903171	PBMC68k	temp/pbmc68k_data.rds	maskimpute	MaskImpute	42	42	celltype	barcode_suffix	12000	1000	11	8	label_free_hvg
42	100	10	0.2	7	0.22278929254927363	0.45587882854533207	0.000229701945695529	0.0013012881824892293	-0.014304584823548794	0.6072396109811962	PBMC68k	temp/pbmc68k_data.rds	maskimpute	MaskImpute	42	42	celltype	barcode_suffix	12000	1000	11	8	label_free_hvg
42	100	10	0.5	8	0.21724390276787964	0.42488631091330387	0.00033441316399392866	0.0015711583511045398	-0.014304584823548794	0.6402623339090496	PBMC68k	temp/pbmc68k_data.rds	maskimpute	MaskImpute	42	42	celltype	barcode_suffix	12000	1000	11	8	label_free_hvg
42	100	10	1.0	17	0.19644902468400957	0.40545680137816953	0.00021757282197909573	0.00250156863731362	-0.014304584823548794	0.617995954118669	PBMC68k	temp/pbmc68k_data.rds	maskimpute	MaskImpute	42	42	celltype	barcode_suffix	12000	1000	11	8	label_free_hvg
42	100	10	1.5	23	0.13842387410141677	0.3676042447350337	0.00018509543053201946	0.003098309177918086	-0.014304584823548794	0.6055089919827878	PBMC68k	temp/pbmc68k_data.rds	maskimpute	MaskImpute	42	42	celltype	barcode_suffix	12000	1000	11	8	label_free_hvg
42	100	10	2.0	33	0.1183336924444352	0.3463594533067338	0.00016475086345011218	0.004069389939081148	-0.014304584823548794	0.5965554441791028	PBMC68k	temp/pbmc68k_data.rds	maskimpute	MaskImpute	42	42	celltype	barcode_suffix	12000	1000	11	8	label_free_hvg
42	100	15	0.2	7	0.21806916778013066	0.447000211581473	0.00013453203583646883	0.001279624772994392	-0.014304584823548794	0.8299604391213506	PBMC68k	temp/pbmc68k_data.rds	maskimpute	MaskImpute	42	42	celltype	barcode_suffix	12000	1000	11	8	label_free_hvg
42	100	15	0.5	9	0.20787826253272368	0.43149243959697553	0.0003946771893322916	0.0017422031875655895	-0.014304584823548794	0.8804246198851615	PBMC68k	temp/pbmc68k_data.rds	maskimpute	MaskImpute	42	42	celltype	barcode_suffix	12000	1000	11	8	label_free_hvg
42	100	15	1.0	14	0.19688567153920036	0.40871245823061225	0.0004455949021386581	0.002392689572150926	-0.014304584823548794	0.8844895290676504	PBMC68k	temp/pbmc68k_data.rds	maskimpute	MaskImpute	42	42	celltype	barcode_suffix	12000	1000	11	8	label_free_hvg
42	100	15	1.5	21	0.15523587219393906	0.3799754079419565	0.0001454875707615657	0.0030304263015981953	-0.014304584823548794	0.8590856050141156	PBMC68k	temp/pbmc68k_data.rds	maskimpute	MaskImpute	42	42	celltype	barcode_suffix	12000	1000	11	8	label_free_hvg
42	100	15	2.0	29	0.13792854699691376	0.35697746885000314	0.0003977639594821786	0.003912772589173371	-0.014304584823548794	0.8121780250221491	PBMC68k	temp/pbmc68k_data.rds	maskimpute	MaskImpute	42	42	celltype	barcode_suffix	12000	1000	11	8	label_free_hvg
42	100	30	0.2	7	0.21578852784405328	0.4276386348455033	0.00043491867485877993	0.0015208478200685294	-0.014304584823548794	1.1142244539223611	PBMC68k	temp/pbmc68k_data.rds	maskimpute	MaskImpute	42	42	celltype	barcode_suffix	12000	1000	11	8	label_free_hvg
42	100	30	0.5	8	0.21704100376364804	0.4226175871708599	0.00037005623866173123	0.0015990201902000348	-0.014304584823548794	1.2484638928435743	PBMC68k	temp/pbmc68k_data.rds	maskimpute	MaskImpute	42	42	celltype	barcode_suffix	12000	1000	11	8	label_free_hvg
42	100	30	1.0	13	0.21154413224555324	0.41204810738986497	0.000500926984011188	0.0022826531991257245	-0.014304584823548794	1.4229340970050544	PBMC68k	temp/pbmc68k_data.rds	maskimpute	MaskImpute	42	42	celltype	barcode_suffix	12000	1000	11	8	label_free_hvg
42	100	30	1.5	16	0.17646743136131593	0.4060096533738959	0.0004431692297762791	0.002487841691194638	-0.014304584823548794	1.4702398099470884	PBMC68k	temp/pbmc68k_data.rds	maskimpute	MaskImpute	42	42	celltype	barcode_suffix	12000	1000	11	8	label_free_hvg
42	100	30	2.0	22	0.15309266063321456	0.37677792184645387	0.00026211855755496675	0.00284083702887479	-0.014304584823548794	1.4816044319886714	PBMC68k	temp/pbmc68k_data.rds	maskimpute	MaskImpute	42	42	celltype	barcode_suffix	12000	1000	11	8	label_free_hvg
43	20	10	0.2	8	0.22800806076923888	0.4445504095604389	0.00027995834772094337	0.0015157276341501704	-0.01430050190538168	0.586223694961518	PBMC68k	temp/pbmc68k_data.rds	maskimpute	MaskImpute	43	43	celltype	barcode_suffix	12000	1000	11	8	label_free_hvg
43	20	10	0.5	10	0.21181142477005804	0.41592859198937	0.0002963596253920719	0.0017344172700211739	-0.01430050190538168	0.5995113791432232	PBMC68k	temp/pbmc68k_data.rds	maskimpute	MaskImpute	43	43	celltype	barcode_suffix	12000	1000	11	8	label_free_hvg
43	20	10	1.0	17	0.19473028350946398	0.3946198944279972	0.00019070316285433084	0.0023436729976502846	-0.01430050190538168	0.5975308010820299	PBMC68k	temp/pbmc68k_data.rds	maskimpute	MaskImpute	43	43	celltype	barcode_suffix	12000	1000	11	8	label_free_hvg
43	20	10	1.5	24	0.14857135292030343	0.3644632931613269	6.736687712287149e-05	0.002617733386835977	-0.01430050190538168	0.5989119620062411	PBMC68k	temp/pbmc68k_data.rds	maskimpute	MaskImpute	43	43	celltype	barcode_suffix	12000	1000	11	8	label_free_hvg
43	20	10	2.0	32	0.12110979280969345	0.3460994198096735	4.992119348748208e-05	0.0034703763310460537	-0.01430050190538168	0.5895074929576367	PBMC68k	temp/pbmc68k_data.rds	maskimpute	MaskImpute	43	43	celltype	barcode_suffix	12000	1000	11	8	label_free_hvg
43	20	15	0.2	8	0.22852183313389138	0.44272347587563654	0.00024975428408161433	0.0015396790241828892	-0.01430050190538168	0.8916728207841516	PBMC68k	temp/pbmc68k_data.rds	maskimpute	MaskImpute	43	43	celltype	barcode_suffix	12000	1000	11	8	label_free_hvg
43	20	15	0.5	10	0.2384792609058889	0.4041639881470884	0.00018916128643270598	0.0016160805111798023	-0.01430050190538168	0.9125204829033464	PBMC68k	temp/pbmc68k_data.rds	maskimpute	MaskImpute	43	43	celltype	barcode_suffix	12000	1000	11	8	label_free_hvg
43	20	15	1.0	16	0.20198181191959205	0.402228237145734	0.00017998201683773978	0.002082900389133998	-0.01430050190538168	0.8742011077702045	PBMC68k	temp/pbmc68k_data.rds	maskimpute	MaskImpute	43	43	celltype	barcode_suffix	12000	1000	11	8	label_free_hvg
43	20	15	1.5	21	0.15653385404187845	0.3753996837068248	0.00011361338863401249	0.002595092032207995	-0.01430050190538168	0.8170822018291801	PBMC68k	temp/pbmc68k_data.rds	maskimpute	MaskImpute	43	43	celltype	barcode_suffix	12000	1000	11	8	label_free_hvg
43	20	15	2.0	24	0.14486785485326525	0.3661223240707848	2.336784135723374e-05	0.0027198212312920123	-0.01430050190538168	0.784570736810565	PBMC68k	temp/pbmc68k_data.rds	maskimpute	MaskImpute	43	43	celltype	barcode_suffix	12000	1000	11	8	label_free_hvg
43	20	30	0.2	7	0.2168870943024013	0.41118075465904813	0.00032234684897937773	0.0014279619727496154	-0.01430050190538168	1.196072437101975	PBMC68k	temp/pbmc68k_data.rds	maskimpute	MaskImpute	43	43	celltype	barcode_suffix	12000	1000	11	8	label_free_hvg
43	20	30	0.5	9	0.20032365912863292	0.40115115794347167	0.00029252706517617696	0.0015212124788743968	-0.01430050190538168	1.2230181430932134	PBMC68k	temp/pbmc68k_data.rds	maskimpute	MaskImpute	43	43	celltype	barcode_suffix	12000	1000	11	8	label_free_hvg
43	20	30	1.0	13	0.20451800920282917	0.411969221825598	0.00020749465884891793	0.001964593097997347	-0.01430050190538168	1.3246428270358592	PBMC68k	temp/pbmc68k_data.rds	maskimpute	MaskImpute	43	43	celltype	barcode_suffix	12000	1000	11	8	label_free_hvg
43	20	30	1.5	17	0.20012383007157095	0.40304664852238076	0.00018742702776363787	0.0022620812537643177	-0.01430050190538168	1.390946856001392	PBMC68k	temp/pbmc68k_data.rds	maskimpute	MaskImpute	43	43	celltype	barcode_suffix	12000	1000	11	8	label_free_hvg
43	20	30	2.0	21	0.14455707722595226	0.36694082132462197	0.00015583953655285709	0.002703522972897754	-0.01430050190538168	1.386717767920345	PBMC68k	temp/pbmc68k_data.rds	maskimpute	MaskImpute	43	43	celltype	barcode_suffix	12000	1000	11	8	label_free_hvg
43	50	10	0.2	8	0.23210350747090355	0.450081138637034	0.0001633953981005114	0.0014724687282993872	-0.012572704814374447	0.6241554929874837	PBMC68k	temp/pbmc68k_data.rds	maskimpute	MaskImpute	43	43	celltype	barcode_suffix	12000	1000	11	8	label_free_hvg
43	50	10	0.5	10	0.2079140135590281	0.41488339886120035	0.00027145651004660033	0.0016520293613043213	-0.012572704814374447	0.6450146699789912	PBMC68k	temp/pbmc68k_data.rds	maskimpute	MaskImpute	43	43	celltype	barcode_suffix	12000	1000	11	8	label_free_hvg
43	50	10	1.0	19	0.2155482626362714	0.4062456570454577	0.0003427691454903099	0.0028584172200267284	-0.012572704814374447	0.6342195910401642	PBMC68k	temp/pbmc68k_data.rds	maskimpute	MaskImpute	43	43	celltype	barcode_suffix	12000	1000	11	8	label_free_hvg
43	50	10	1.5	24	0.15145803667707544	0.3678777792003514	0.00021328570036037702	0.002886467802195467	-0.012572704814374447	0.6214354939293116	PBMC68k	temp/pbmc68k_data.rds	maskimpute	MaskImpute	43	43	celltype	barcode_suffix	12000	1000	11	8	label_free_hvg
43	50	10	2.0	36	0.12068962144321256	0.3458930513700411	0.00011360895865511762	0.0038528646411218597	-0.012572704814374447	0.6017105889040977	PBMC68k	temp/pbmc68k_data.rds	maskimpute	MaskImpute	43	43	celltype	barcode_suffix	12000	1000	11	8	label_free_hvg
43	50	15	0.2	8	0.23244246581650296	0.44038052271979916	0.00022561314494452694	0.0014388421359743278	-0.012572704814374447	0.8699987679719925	PBMC68k	temp/pbmc68k_data.rds	maskimpute	MaskImpute	43	43	celltype	barcode_suffix	12000	1000	11	8	label_free_hvg
43	50	15	0.5	10	0.21276723994940192	0.40808821509799936	0.00025142264340735545	0.0016246191194515109	-0.012572704814374447	0.9002049411647022	PBMC68k	temp/pbmc68k_data.rds	maskimpute	MaskImpute	43	43	celltype	barcode_suffix	12000	1000	11	8	label_free_hvg
43	50	15	1.0	15	0.21145539230614072	0.4158117346639047	0.000243973566538524	0.00219905418416448	-0.012572704814374447	0.8956397019792348	PBMC68k	temp/pbmc68k_data.rds	maskimpute	MaskImpute	43	43	celltype	barcode_suffix	12000	1000	11	8	label_free_hvg
43	50	15	1.5	19	0.17258248081019306	0.39265204152428956	0.00019689224237548527	0.002490846343285559	-0.012572704814374447	0.8452252638526261	PBMC68k	temp/pbmc68k_data.rds	maskimpute	MaskImpute	43	43	celltype	barcode_suffix	12000	1000	11	8	label_free_hvg
43	50	15	2.0	27	0.14322730275597373	0.3636451569962204	7.358008224898827e-05	0.0028929970698117393	-0.012572704814374447	0.8400217611342669	PBMC68k	temp/pbmc68k_data.rds	maskimpute	MaskImpute	43	43	celltype	barcode_suffix	12000	1000	11	8	label_free_hvg
43	50	30	0.2	8	0.21338117984575	0.41272559612369536	0.00024311560860760262	0.0015356893150287319	-0.012572704814374447	1.2156724999658763	PBMC68k	temp/pbmc68k_data.rds	maskimpute	MaskImpute	43	43	celltype	barcode_suffix	12000	1000	11	8	label_free_hvg
43	50	30	0.5	9	0.2045462103923783	0.4202649153569243	0.00026731895421479085	0.0015822555783744992	-0.012572704814374447	1.2728578688111156	PBMC68k	temp/pbmc68k_data.rds	maskimpute	MaskImpute	43	43	celltype	barcode_suffix	12000	1000	11	8	label_free_hvg
43	50	30	1.0	14	0.21294803399751144	0.4202391959536211	0.00024170828235879442	0.0020383589909164857	-0.012572704814374447	1.3704202400986105	PBMC68k	temp/pbmc68k_data.rds	maskimpute	MaskImpute	43	43	celltype	barcode_suffix	12000	1000	11	8	label_free_hvg
43	50	30	1.5	17	0.209089405082038	0.41093407859925857	0.00021434538109614548	0.002424142172277461	-0.012572704814374447	1.4524927351158112	PBMC68k	temp/pbmc68k_data.rds	maskimpute	MaskImpute	43	43	celltype	barcode_suffix	12000	1000	11	8	label_free_hvg
43	50	30	2.0	19	0.17247709848395135	0.3884482831230905	4.703385360258076e-05	0.0023856830611577668	-0.012572704814374447	1.4238761118613183	PBMC68k	temp/pbmc68k_data.rds	maskimpute	MaskImpute	43	43	celltype	barcode_suffix	12000	1000	11	8	label_free_hvg
43	100	10	0.2	7	0.23406457800319533	0.4627022685205426	0.0002408013754166774	0.0013721385232220618	-0.012054945342242718	0.5979845558758825	PBMC68k	temp/pbmc68k_data.rds	maskimpute	MaskImpute	43	43	celltype	barcode_suffix	12000	1000	11	8	label_free_hvg
43	100	10	0.5	10	0.21328187240925134	0.4165115267605036	0.00025875923383676224	0.0016713886189349343	-0.012054945342242718	0.6235230730380863	PBMC68k	temp/pbmc68k_data.rds	maskimpute	MaskImpute	43	43	celltype	barcode_suffix	12000	1000	11	8	label_free_hvg
43	100	10	1.0	15	0.22617516464458418	0.42073248050261985	0.00033350064138455574	0.002467959573202297	-0.012054945342242718	0.6301696100272238	PBMC68k	temp/pbmc68k_data.rds	maskimpute	MaskImpute	43	43	celltype	barcode_suffix	12000	1000	11	8	label_free_hvg
43	100	10	1.5	23	0.15545431142361252	0.3758578269207717	0.0003496176451749475	0.003328073733518752	-0.012054945342242718	0.6106839959975332	PBMC68k	temp/pbmc68k_data.rds	maskimpute	MaskImpute	43	43	celltype	barcode_suffix	12000	1000	11	8	label_free_hvg
43	100	10	2.0	34	0.12379664350302752	0.3493273740868196	0.0002528856127871792	0.004006229317422239	-0.012054945342242718	0.6012256981339306	PBMC68k	temp/pbmc68k_data.rds	maskimpute	MaskImpute	43	43	celltype	barcode_suffix	12000	1000	11	8	label_free_hvg
43	100	15	0.2	7	0.23725894755845398	0.4558264312966692	0.000251081711567904	0.0013340108082145622	-0.012054945342242718	0.9280505578499287	PBMC68k	temp/pbmc68k_data.rds	maskimpute	MaskImpute	43	43	celltype	barcode_suffix	12000	1000	11	8	label_free_hvg
43	100	15	0.5	10	0.2105631167500601	0.4117305561028607	0.0002931940708758841	0.0016543915845662245	-0.012054945342242718	0.9561813191976398	PBMC68k	temp/pbmc68k_data.rds	maskimpute	MaskImpute	43	43	celltype	barcode_suffix	12000	1000	11	8	label_free_hvg
43	100	15	1.0	15	0.21007178385997985	0.4136837410144083	0.00027285150590877695	0.002151535603869308	-0.012054945342242718	0.9143167880829424	PBMC68k	temp/pbmc68k_data.rds	maskimpute	MaskImpute	43	43	celltype	barcode_suffix	12000	1000	11	8	label_free_hvg
43	100	15	1.5	21	0.16847534998321587	0.38034851982487355	0.00016177105775459395	0.002716191146805577	-0.012054945342242718	0.8807271660771221	PBMC68k	temp/pbmc68k_data.rds	maskimpute	MaskImpute	43	43	celltype	barcode_suffix	12000	1000	11	8	label_free_hvg
43	100	15	2.0	29	0.13444265806491332	0.35630715237027316	0.00025355125918122447	0.0037811280045468867	-0.012054945342242718	0.8449174389243126	PBMC68k	temp/pbmc68k_data.rds	maskimpute	MaskImpute	43	43	celltype	barcode_suffix	12000	1000	11	8	label_free_hvg
43	100	30	0.2	7	0.2395113106467273	0.45381945525867645	0.00025715801255429626	0.0013296881686486327	-0.012054945342242718	1.3762238200288266	PBMC68k	temp/pbmc68k_data.rds	maskimpute	MaskImpute	43	43	celltype	barcode_suffix	12000	1000	11	8	label_free_hvg
43	100	30	0.5	10	0.20417434545848204	0.40726262991037293	0.00025092670907434216	0.001610531688084999	-0.012054945342242718	1.3422819839324802	PBMC68k	temp/pbmc68k_data.rds	maskimpute	MaskImpute	43	43	celltype	barcode_suffix	12000	1000	11	8	label_free_hvg
43	100	30	1.0	13	0.23245487357219244	0.42987113892305473	0.00022369786633243068	0.0020573464669486987	-0.012054945342242718	1.4608417639974505	PBMC68k	temp/pbmc68k_data.rds	maskimpute	MaskImpute	43	43	celltype	barcode_suffix	12000	1000	11	8	label_free_hvg
43	100	30	1.5	16	0.18662117871230466	0.4031813650883914	0.00021152324438811416	0.0022998087247769325	-0.012054945342242718	1.546036351006478	PBMC68k	temp/pbmc68k_data.rds	maskimpute	MaskImpute	43	43	celltype	barcode_suffix	12000	1000	11	8	label_free_hvg
43	100	30	2.0	21	0.15827472847231144	0.3851731966842396	0.0002044780247424497	0.002634190749273869	-0.012054945342242718	1.442225709790364	PBMC68k	temp/pbmc68k_data.rds	maskimpute	MaskImpute	43	43	celltype	barcode_suffix	12000	1000	11	8	label_free_hvg
44	20	10	0.2	7	0.21268003463260465	0.4088396328730924	0.00022741641255308456	0.0016448080077196407	-0.016473324969410896	0.6177839140873402	PBMC68k	temp/pbmc68k_data.rds	maskimpute	MaskImpute	44	44	celltype	barcode_suffix	12000	1000	11	8	label_free_hvg
44	20	10	0.5	11	0.2539811570853339	0.4307855994556089	0.0004262385988376678	0.0020922199094301837	-0.016473324969410896	0.6222097529098392	PBMC68k	temp/pbmc68k_data.rds	maskimpute	MaskImpute	44	44	celltype	barcode_suffix	12000	1000	11	8	label_free_hvg
44	20	10	1.0	16	0.17571678580645986	0.3965591601431466	0.00015132747497802925	0.0023518273710036197	-0.016473324969410896	0.6132072128821164	PBMC68k	temp/pbmc68k_data.rds	maskimpute	MaskImpute	44	44	celltype	barcode_suffix	12000	1000	11	8	label_free_hvg
44	20	10	1.5	24	0.13661358324016412	0.36231233379865097	0.0001391927088663223	0.002884833053568872	-0.016473324969410896	0.5825994410552084	PBMC68k	temp/pbmc68k_data.rds	maskimpute	MaskImpute	44	44	celltype	barcode_suffix	12000	1000	11	8	label_free_hvg
44	20	10	2.0	31	0.11730514884038543	0.343332723459295	6.434743663304992e-05	0.003348456252906046	-0.016473324969410896	0.5882281160447747	PBMC68k	temp/pbmc68k_data.rds	maskimpute	MaskImpute	44	44	celltype	barcode_suffix	12000	1000	11	8	label_free_hvg
44	20	15	0.2	7	0.22430530822965986	0.42337044685903313	9.562186445681892e-05	0.0014178334335900626	-0.016473324969410896	0.8422819699626416	PBMC68k	temp/pbmc68k_data.rds	maskimpute	MaskImpute	44	44	celltype	barcode_suffix	12000	1000	11	8	label_free_hvg
44	20	15	0.5	10	0.19183716224806974	0.4233115510105492	0.00018537318131416734	0.001626739767648908	-0.016473324969410896	0.8627878041006625	PBMC68k	temp/pbmc68k_data.rds	maskimpute	MaskImpute	44	44	celltype	barcode_suffix	12000	1000	11	8	label_free_hvg
44	20	15	1.0	15	0.2028499988159441	0.4114922197714382	0.0002882196800137366	0.002292164957449826	-0.016473324969410896	0.8193867411464453	PBMC68k	temp/pbmc68k_data.rds	maskimpute	MaskImpute	44	44	celltype	barcode_suffix	12000	1000	11	8	label_free_hvg
44	20	15	1.5	21	0.1558846329894429	0.3769186156994838	0.00019485181030904505	0.0025817717697874144	-0.016473324969410896	0.8025011029094458	PBMC68k	temp/pbmc68k_data.rds	maskimpute	MaskImpute	44	44	celltype	barcode_suffix	12000	1000	11	8	label_free_hvg
44	20	15	2.0	29	0.11993201644208533	0.3538169101748434	0.0001402424233669143	0.0032048959915190176	-0.016473324969410896	0.7686490900814533	PBMC68k	temp/pbmc68k_data.rds	maskimpute	MaskImpute	44	44	celltype	barcode_suffix	12000	1000	11	8	label_free_hvg
44	20	30	0.2	7	0.2236712617227943	0.42787170562673515	0.00017513645257746633	0.0013596121480509398	-0.016473324969410896	1.173201448051259	PBMC68k	temp/pbmc68k_data.rds	maskimpute	MaskImpute	44	44	celltype	barcode_suffix	12000	1000	11	8	label_free_hvg
44	20	30	0.5	7	0.2239156407768543	0.4249867768047026	0.0003411124301130962	0.0015369544561689376	-0.016473324969410896	1.23611496319063	PBMC68k	temp/pbmc68k_data.rds	maskimpute	MaskImpute	44	44	celltype	barcode_suffix	12000	1000	11	8	label_free_hvg
44	20	30	1.0	13	0.16934978499167297	0.4077021394404219	0.00022426333316243223	0.002051967296106508	-0.016473324969410896	1.3739293341059238	PBMC68k	temp/pbmc68k_data.rds	maskimpute	MaskImpute	44	44	celltype	barcode_suffix	12000	1000	11	8	label_free_hvg
44	20	30	1.5	16	0.1895974169727588	0.39561586159241924	0.0002422902668227019	0.002422960921663114	-0.016473324969410896	1.331533265998587	PBMC68k	temp/pbmc68k_data.rds	maskimpute	MaskImpute	44	44	celltype	barcode_suffix	12000	1000	11	8	label_free_hvg
44	20	30	2.0	22	0.1514250275301999	0.37352654447239864	0.0004076849476147202	0.0032071230586834584	-0.016473324969410896	1.403813320910558	PBMC68k	temp/pbmc68k_data.rds	maskimpute	MaskImpute	44	44	celltype	barcode_suffix	12000	1000	11	8	label_free_hvg
44	50	10	0.2	7	0.23171076466767032	0.4603076916734846	3.432007295394093e-05	0.0014879635499216218	-0.015225494280457497	0.6375563768669963	PBMC68k	temp/pbmc68k_data.rds	maskimpute	MaskImpute	44	44	celltype	barcode_suffix	12000	1000	11	8	label_free_hvg
44	50	10	0.5	10	0.19945517894651554	0.42090610941667406	0.00013605654141719053	0.00196628057495889	-0.015225494280457497	0.66660818294622	PBMC68k	temp/pbmc68k_data.rds	maskimpute	MaskImpute	44	44	celltype	barcode_suffix	12000	1000	11	8	label_free_hvg
44	50	10	1.0	16	0.2095429946565689	0.4142434379561517	0.00021244870580417447	0.0024852348908800466	-0.015225494280457497	0.6415377878583968	PBMC68k	temp/pbmc68k_data.rds	maskimpute	MaskImpute	44	44	celltype	barcode_suffix	12000	1000	11	8	label_free_hvg
44	50	10	1.5	24	0.1443503483433729	0.37100310259220676	7.801503596370978e-05	0.0030084265455182124	-0.015225494280457497	0.5995936410035938	PBMC68k	temp/pbmc68k_data.rds	maskimpute	MaskImpute	44	44	celltype	barcode_suffix	12000	1000	11	8	label_free_hvg
44	50	10	2.0	34	0.11984184242570922	0.34870105956106184	0.0001284864524416716	0.0038057259946329765	-0.015225494280457497	0.5936991840135306	PBMC68k	temp/pbmc68k_data.rds	maskimpute	MaskImpute	44	44	celltype	barcode_suffix	12000	1000	11	8	label_free_hvg
44	50	15	0.2	8	0.22524477323200673	0.4283489779585151	0.0001699533488422991	0.0017564813280927256	-0.015225494280457497	0.829684279859066	PBMC68k	temp/pbmc68k_data.rds	maskimpute	MaskImpute	44	44	celltype	barcode_suffix	12000	1000	11	8	label_free_hvg
44	50	15	0.5	10	0.219526993892762	0.4339014401249884	0.00037690178491439353	0.001901363580030829	-0.015225494280457497	0.8631967771798372	PBMC68k	temp/pbmc68k_data.rds	maskimpute	MaskImpute	44	44	celltype	barcode_suffix	12000	1000	11	8	label_free_hvg
44	50	15	1.0	15	0.19297481058193233	0.4100172149856785	0.00026648553601800126	0.0023694276923237026	-0.015225494280457497	0.8634650630410761	PBMC68k	temp/pbmc68k_data.rds	maskimpute	MaskImpute	44	44	celltype	barcode_suffix	12000	1000	11	8	label_free_hvg
44	50	15	1.5	20	0.16174095651737863	0.3837920000256337	0.00013833850343890485	0.002472303424376287	-0.015225494280457497	0.8240766569506377	PBMC68k	temp/pbmc68k_data.rds	maskimpute	MaskImpute	44	44	celltype	barcode_suffix	12000	1000	11	8	label_free_hvg
44	50	15	2.0	26	0.13380038477941963	0.36132333159575564	0.00015148677207634892	0.003032517480911737	-0.015225494280457497	0.8049427820369601	PBMC68k	temp/pbmc68k_data.rds	maskimpute	MaskImpute	44	44	celltype	barcode_suffix	12000	1000	11	8	label_free_hvg
44	50	30	0.2	8	0.2205343565403345	0.4231834056098749	0.0003107652838216537	0.0018619606540199842	-0.015225494280457497	1.2124177089426666	PBMC68k	temp/pbmc68k_data.rds	maskimpute	MaskImpute	44	44	celltype	barcode_suffix	12000	1000	11	8	label_free_hvg
44	50	30	0.5	8	0.23067407085702726	0.43031020067957965	0.00019931299689656575	0.0015082826886003036	-0.015225494280457497	1.3150106489192694	PBMC68k	temp/pbmc68k_data.rds	maskimpute	MaskImpute	44	44	celltype	barcode_suffix	12000	1000	11	8	label_free_hvg
44	50	30	1.0	14	0.19358899306363733	0.41185290408968056	0.0004897396590580216	0.00252893246955155	-0.015225494280457497	1.3884261678904295	PBMC68k	temp/pbmc68k_data.rds	maskimpute	MaskImpute	44	44	celltype	barcode_suffix	12000	1000	11	8	label_free_hvg
44	50	30	1.5	17	0.19690681978348815	0.40320786223908245	0.0003688441627701791	0.0027229754254111524	-0.015225494280457497	1.4643041349481791	PBMC68k	temp/pbmc68k_data.rds	maskimpute	MaskImpute	44	44	celltype	barcode_suffix	12000	1000	11	8	label_free_hvg
44	50	30	2.0	23	0.14643742987072664	0.3735004411846195	0.000195392504402371	0.0028022969339734903	-0.015225494280457497	1.4068919920828193	PBMC68k	temp/pbmc68k_data.rds	maskimpute	MaskImpute	44	44	celltype	barcode_suffix	12000	1000	11	8	label_free_hvg
44	100	10	0.2	6	0.23234997588902653	0.4851155459257046	8.045279110588548e-05	0.001269874275270696	-0.014571801759302616	0.6315826729405671	PBMC68k	temp/pbmc68k_data.rds	maskimpute	MaskImpute	44	44	celltype	barcode_suffix	12000	1000	11	8	label_free_hvg
44	100	10	0.5	9	0.21004605273905677	0.41529161461597613	0.00024398815296122119	0.001587151408746982	-0.014571801759302616	0.6529768158216029	PBMC68k	temp/pbmc68k_data.rds	maskimpute	MaskImpute	44	44	celltype	barcode_suffix	12000	1000	11	8	label_free_hvg
44	100	10	1.0	16	0.2042969656161834	0.4107682010334599	0.000233214780756517	0.00238648544780766	-0.014571801759302616	0.6317140189930797	PBMC68k	temp/pbmc68k_data.rds	maskimpute	MaskImpute	44	44	celltype	barcode_suffix	12000	1000	11	8	label_free_hvg
44	100	10	1.5	23	0.1428505577767552	0.3695086479459031	0.00026470512967285715	0.002963740716927873	-0.014571801759302616	0.6128055329900235	PBMC68k	temp/pbmc68k_data.rds	maskimpute	MaskImpute	44	44	celltype	barcode_suffix	12000	1000	11	8	label_free_hvg
44	100	10	2.0	32	0.11539181551964438	0.34599333608136434	0.00022190894144400044	0.0038677179898758116	-0.014571801759302616	0.6137714078649879	PBMC68k	temp/pbmc68k_data.rds	maskimpute	MaskImpute	44	44	celltype	barcode_suffix	12000	1000	11	8	label_free_hvg
44	100	15	0.2	7	0.22204257010317616	0.4328872055857532	0.0002501450195818914	0.0016915227769110498	-0.014571801759302616	0.8236833780538291	PBMC68k	temp/pbmc68k_data.rds	maskimpute	MaskImpute	44	44	celltype	barcode_suffix	12000	1000	11	8	label_free_hvg
44	100	15	0.5	9	0.22862558370110925	0.4390261079830491	0.0003890028484020434	0.0018027511066978905	-0.014571801759302616	0.9152755220420659	PBMC68k	temp/pbmc68k_data.rds	maskimpute	MaskImpute	44	44	celltype	barcode_suffix	12000	1000	11	8	label_free_hvg
44	100	15	1.0	14	0.22814259689344007	0.42691640121204083	0.00042220334789155417	0.002590869867916332	-0.014571801759302616	0.8853258299641311	PBMC68k	temp/pbmc68k_data.rds	maskimpute	MaskImpute	44	44	celltype	barcode_suffix	12000	1000	11	8	label_free_hvg
44	100	15	1.5	19	0.17731715094836908	0.38933548016790315	0.0002851989059527876	0.002673561018859397	-0.014571801759302616	0.8008153240662068	PBMC68k	temp/pbmc68k_data.rds	maskimpute	MaskImpute	44	44	celltype	barcode_suffix	12000	1000	11	8	label_free_hvg
44	100	15	2.0	26	0.13734246387808577	0.36342129813197077	0.00014123096412149353	0.002988816138769704	-0.014571801759302616	0.7918581499252468	PBMC68k	temp/pbmc68k_data.rds	maskimpute	MaskImpute	44	44	celltype	barcode_suffix	12000	1000	11	8	label_free_hvg
44	100	30	0.2	7	0.22425892658921656	0.43049861337516543	0.00022125745471564568	0.0015393684940808096	-0.014571801759302616	1.24684386420995	PBMC68k	temp/pbmc68k_data.rds	maskimpute	MaskImpute	44	44	celltype	barcode_suffix	12000	1000	11	8	label_free_hvg
44	100	30	0.5	8	0.23164241915707723	0.43056749941024863	0.00013489384264511257	0.0014467167822470527	-0.014571801759302616	1.2207704368047416	PBMC68k	temp/pbmc68k_data.rds	maskimpute	MaskImpute	44	44	celltype	barcode_suffix	12000	1000	11	8	label_free_hvg
44	100	30	1.0	14	0.19072739496862806	0.41429788403202705	0.0005136304952536916	0.0026541132621570925	-0.014571801759302616	1.29756711400114	PBMC68k	temp/pbmc68k_data.rds	maskimpute	MaskImpute	44	44	celltype	barcode_suffix	12000	1000	11	8	label_free_hvg
44	100	30	1.5	16	0.18874532993061957	0.40414816813124316	0.0003003951249708462	0.002573025137468361	-0.014571801759302616	1.3899708651006222	PBMC68k	temp/pbmc68k_data.rds	maskimpute	MaskImpute	44	44	celltype	barcode_suffix	12000	1000	11	8	label_free_hvg
44	100	30	2.0	20	0.1616792497821148	0.38319210932987696	0.0002860456352201762	0.002850658197634041	-0.014571801759302616	1.4249181090854108	PBMC68k	temp/pbmc68k_data.rds	maskimpute	MaskImpute	44	44	celltype	barcode_suffix	12000	1000	11	8	label_free_hvg
45	20	10	0.2	7	0.2079578570709959	0.4274300507244832	0.00022734885979271605	0.001507957526557708	-0.015970679000020027	0.5970962371211499	PBMC68k	temp/pbmc68k_data.rds	maskimpute	MaskImpute	45	45	celltype	barcode_suffix	12000	1000	11	8	label_free_hvg
45	20	10	0.5	9	0.1876090122298815	0.3890860573699732	0.00023686067540148762	0.001694004900288995	-0.015970679000020027	0.625901814782992	PBMC68k	temp/pbmc68k_data.rds	maskimpute	MaskImpute	45	45	celltype	barcode_suffix	12000	1000	11	8	label_free_hvg
45	20	10	1.0	17	0.19002163655588694	0.3997833693670716	8.78127833339439e-05	0.002411984305993875	-0.015970679000020027	0.598874436924234	PBMC68k	temp/pbmc68k_data.rds	maskimpute	MaskImpute	45	45	celltype	barcode_suffix	12000	1000	11	8	label_free_hvg
45	20	10	1.5	24	0.13043690799173593	0.36515470811013784	0.00014961121628121957	0.0030924960256377503	-0.015970679000020027	0.606751989107579	PBMC68k	temp/pbmc68k_data.rds	maskimpute	MaskImpute	45	45	celltype	barcode_suffix	12000	1000	11	8	label_free_hvg
45	20	10	2.0	32	0.12066735799913228	0.3468212811163937	6.610341183760447e-05	0.003791071603857685	-0.015970679000020027	0.5847818821202964	PBMC68k	temp/pbmc68k_data.rds	maskimpute	MaskImpute	45	45	celltype	barcode_suffix	12000	1000	11	8	label_free_hvg
45	20	15	0.2	7	0.20730260585576898	0.4276164623894544	0.00021329592239397013	0.0012876225284902353	-0.015970679000020027	0.8223541220650077	PBMC68k	temp/pbmc68k_data.rds	maskimpute	MaskImpute	45	45	celltype	barcode_suffix	12000	1000	11	8	label_free_hvg
45	20	15	0.5	9	0.20061520329491941	0.4294829564898573	7.846618134796958e-05	0.0014011880218786348	-0.015970679000020027	0.8833283809944987	PBMC68k	temp/pbmc68k_data.rds	maskimpute	MaskImpute	45	45	celltype	barcode_suffix	12000	1000	11	8	label_free_hvg
45	20	15	1.0	15	0.19618082667863146	0.41322926712045605	0.0002721122664132229	0.0024045867600590025	-0.015970679000020027	0.8409762070514262	PBMC68k	temp/pbmc68k_data.rds	maskimpute	MaskImpute	45	45	celltype	barcode_suffix	12000	1000	11	8	label_free_hvg
45	20	15	1.5	22	0.14017188310455359	0.3766293444931633	0.0001785529063161701	0.0028189974314567494	-0.015970679000020027	0.8194144889712334	PBMC68k	temp/pbmc68k_data.rds	maskimpute	MaskImpute	45	45	celltype	barcode_suffix	12000	1000	11	8	label_free_hvg
45	20	15	2.0	28	0.12192829217866362	0.3550133862263473	0.00011979615724081419	0.003258218308687234	-0.015970679000020027	0.7761867910157889	PBMC68k	temp/pbmc68k_data.rds	maskimpute	MaskImpute	45	45	celltype	barcode_suffix	12000	1000	11	8	label_free_hvg
45	20	30	0.2	7	0.20669310529446727	0.41492242871779744	0.00010846613527244926	0.0011967793882056875	-0.015970679000020027	1.1490855738520622	PBMC68k	temp/pbmc68k_data.rds	maskimpute	MaskImpute	45	45	celltype	barcode_suffix	12000	1000	11	8	label_free_hvg
45	20	30	0.5	7	0.20559021551534107	0.41476501905860713	6.893650172934474e-05	0.0011542387092288297	-0.015970679000020027	1.2013044599443674	PBMC68k	temp/pbmc68k_data.rds	maskimpute	MaskImpute	45	45	celltype	barcode_suffix	12000	1000	11	8	label_free_hvg
45	20	30	1.0	13	0.20058099587928221	0.4205677702165414	0.0001830227034033897	0.001991789220376366	-0.015970679000020027	1.3179954029619694	PBMC68k	temp/pbmc68k_data.rds	maskimpute	MaskImpute	45	45	celltype	barcode_suffix	12000	1000	11	8	label_free_hvg
45	20	30	1.5	17	0.16507290660236829	0.3952809833979703	0.00020814045486325586	0.0026712358834282465	-0.015970679000020027	1.3426456528250128	PBMC68k	temp/pbmc68k_data.rds	maskimpute	MaskImpute	45	45	celltype	barcode_suffix	12000	1000	11	8	label_free_hvg
45	20	30	2.0	20	0.14480851210024243	0.37844391171786557	8.514603245680413e-05	0.0026575619953517035	-0.015970679000020027	1.3963804398663342	PBMC68k	temp/pbmc68k_data.rds	maskimpute	MaskImpute	45	45	celltype	barcode_suffix	12000	1000	11	8	label_free_hvg
45	50	10	0.2	8	0.1994507504078934	0.4118665277261052	5.418865049008399e-05	0.0012521847154443565	-0.014479812234640121	0.6027737879194319	PBMC68k	temp/pbmc68k_data.rds	maskimpute	MaskImpute	45	45	celltype	barcode_suffix	12000	1000	11	8	label_free_hvg
45	50	10	0.5	11	0.19845700436322508	0.422834664132255	0.0001849746068796121	0.001953148963829135	-0.014479812234640121	0.6198670829180628	PBMC68k	temp/pbmc68k_data.rds	maskimpute	MaskImpute	45	45	celltype	barcode_suffix	12000	1000	11	8	label_free_hvg
45	50	10	1.0	16	0.18988468476168766	0.4002948467461129	0.00023373782658942942	0.0025094356061044166	-0.014479812234640121	0.5974545730277896	PBMC68k	temp/pbmc68k_data.rds	maskimpute	MaskImpute	45	45	celltype	barcode_suffix	12000	1000	11	8	label_free_hvg
45	50	10	1.5	24	0.15071694034167674	0.3682380090166317	6.397385439507927e-05	0.0032459328795523368	-0.014479812234640121	0.60832967213355	PBMC68k	temp/pbmc68k_data.rds	maskimpute	MaskImpute	45	45	celltype	barcode_suffix	12000	1000	11	8	label_free_hvg
45	50	10	2.0	36	0.1264346831308617	0.3488515027455786	0.000225521059202029	0.004633307675056098	-0.014479812234640121	0.5911438099574298	PBMC68k	temp/pbmc68k_data.rds	maskimpute	MaskImpute	45	45	celltype	barcode_suffix	12000	1000	11	8	label_free_hvg
45	50	15	0.2	8	0.2074521939852138	0.41955058127906114	0.0001419386533059896	0.0013826261271892434	-0.014479812234640121	0.9082670521456748	PBMC68k	temp/pbmc68k_data.rds	maskimpute	MaskImpute	45	45	celltype	barcode_suffix	12000	1000	11	8	label_free_hvg
45	50	15	0.5	10	0.19539464786416483	0.4276282287799995	9.994465721422985e-05	0.0016045097392883617	-0.014479812234640121	0.9304442908614874	PBMC68k	temp/pbmc68k_data.rds	maskimpute	MaskImpute	45	45	celltype	barcode_suffix	12000	1000	11	8	label_free_hvg
45	50	15	1.0	15	0.1982340019339838	0.4141355912991493	0.0002602250474662904	0.0022601750165369464	-0.014479812234640121	0.864818599075079	PBMC68k	temp/pbmc68k_data.rds	maskimpute	MaskImpute	45	45	celltype	barcode_suffix	12000	1000	11	8	label_free_hvg
45	50	15	1.5	21	0.14925540165418644	0.37896849559071455	0.0002481690595121402	0.0029680267387410535	-0.014479812234640121	0.8583604679442942	PBMC68k	temp/pbmc68k_data.rds	maskimpute	MaskImpute	45	45	celltype	barcode_suffix	12000	1000	11	8	label_free_hvg
45	50	15	2.0	28	0.12480016635215135	0.3557220961095028	8.593794579532497e-05	0.0033051849676965597	-0.014479812234640121	0.8283456419594586	PBMC68k	temp/pbmc68k_data.rds	maskimpute	MaskImpute	45	45	celltype	barcode_suffix	12000	1000	11	8	label_free_hvg
45	50	30	0.2	8	0.20691259659738298	0.41617491950382646	0.00010354111417285752	0.0014025197284683933	-0.014479812234640121	1.251062650931999	PBMC68k	temp/pbmc68k_data.rds	maskimpute	MaskImpute	45	45	celltype	barcode_suffix	12000	1000	11	8	label_free_hvg
45	50	30	0.5	9	0.2079960442717476	0.4199514453066902	7.350272443698404e-05	0.0015139072514523937	-0.014479812234640121	1.353656442137435	PBMC68k	temp/pbmc68k_data.rds	maskimpute	MaskImpute	45	45	celltype	barcode_suffix	12000	1000	11	8	label_free_hvg
45	50	30	1.0	13	0.2069925888902737	0.42331341377074655	0.00023859805329328165	0.002184531930894741	-0.014479812234640121	1.2727678259834647	PBMC68k	temp/pbmc68k_data.rds	maskimpute	MaskImpute	45	45	celltype	barcode_suffix	12000	1000	11	8	label_free_hvg
45	50	30	1.5	17	0.1832345914207908	0.40040427448310967	0.00023192224800934816	0.002704571968811068	-0.014479812234640121	1.3116141429636627	PBMC68k	temp/pbmc68k_data.rds	maskimpute	MaskImpute	45	45	celltype	barcode_suffix	12000	1000	11	8	label_free_hvg
45	50	30	2.0	22	0.13823855854012743	0.371474926401398	0.0003426365603481432	0.003306586282046694	-0.014479812234640121	1.391088186064735	PBMC68k	temp/pbmc68k_data.rds	maskimpute	MaskImpute	45	45	celltype	barcode_suffix	12000	1000	11	8	label_free_hvg
45	100	10	0.2	8	0.20383502857661542	0.41708947637837496	0.00011649567012937817	0.0013267578847674742	-0.014001959003508091	0.6322577130049467	PBMC68k	temp/pbmc68k_data.rds	maskimpute	MaskImpute	45	45	celltype	barcode_suffix	12000	1000	11	8	label_free_hvg
45	100	10	0.5	11	0.20069854166467563	0.3972520430004632	0.00016641049457455346	0.0018819008885272853	-0.014001959003508091	0.6462772020604461	PBMC68k	temp/pbmc68k_data.rds	maskimpute	MaskImpute	45	45	celltype	barcode_suffix	12000	1000	11	8	label_free_hvg
45	100	10	1.0	15	0.1891457938003828	0.40799342246313125	0.00012791313195127795	0.0021817480255478527	-0.014001959003508091	0.6003549420274794	PBMC68k	temp/pbmc68k_data.rds	maskimpute	MaskImpute	45	45	celltype	barcode_suffix	12000	1000	11	8	label_free_hvg
45	100	10	1.5	26	0.14566258855695122	0.3682063974587287	0.000209098259464963	0.0035429981141062083	-0.014001959003508091	0.6061295990366489	PBMC68k	temp/pbmc68k_data.rds	maskimpute	MaskImpute	45	45	celltype	barcode_suffix	12000	1000	11	8	label_free_hvg
45	100	10	2.0	33	0.12482335573386061	0.35131261456625296	0.00024354750570044914	0.004523814274491817	-0.014001959003508091	0.6000643221195787	PBMC68k	temp/pbmc68k_data.rds	maskimpute	MaskImpute	45	45	celltype	barcode_suffix	12000	1000	11	8	label_free_hvg
45	100	15	0.2	8	0.20596835486403506	0.4192702903618378	2.324849681351165e-05	0.0012242961552474292	-0.014001959003508091	0.8804449019953609	PBMC68k	temp/pbmc68k_data.rds	maskimpute	MaskImpute	45	45	celltype	barcode_suffix	12000	1000	11	8	label_free_hvg
45	100	15	0.5	10	0.20635637696337483	0.4101182693372383	0.00011649206637854683	0.0015092028957452686	-0.014001959003508091	0.9124671320896596	PBMC68k	temp/pbmc68k_data.rds	maskimpute	MaskImpute	45	45	celltype	barcode_suffix	12000	1000	11	8	label_free_hvg
45	100	15	1.0	15	0.19744665196027464	0.40751666992342495	0.0002549360171264595	0.0024236832201282683	-0.014001959003508091	0.9299498870968819	PBMC68k	temp/pbmc68k_data.rds	maskimpute	MaskImpute	45	45	celltype	barcode_suffix	12000	1000	11	8	label_free_hvg
45	100	15	1.5	22	0.13860931673309104	0.3707237035930902	0.00010320648102548981	0.002684144432099369	-0.014001959003508091	0.9061764050275087	PBMC68k	temp/pbmc68k_data.rds	maskimpute	MaskImpute	45	45	celltype	barcode_suffix	12000	1000	11	8	label_free_hvg
45	100	15	2.0	27	0.13180928431703742	0.3607243270470567	0.00017640960474896308	0.0037718468100032096	-0.014001959003508091	0.8675227540079504	PBMC68k	temp/pbmc68k_data.rds	maskimpute	MaskImpute	45	45	celltype	barcode_suffix	12000	1000	11	8	label_free_hvg
45	100	30	0.2	8	0.21420107477148023	0.428996823925659	0.00013130204617373242	0.0012949275652939954	-0.014001959003508091	1.244745230069384	PBMC68k	temp/pbmc68k_data.rds	maskimpute	MaskImpute	45	45	celltype	barcode_suffix	12000	1000	11	8	label_free_hvg
45	100	30	0.5	9	0.21311168846565268	0.42530740583076887	0.0001586570522883387	0.001565284702592395	-0.014001959003508091	1.2640234518330544	PBMC68k	temp/pbmc68k_data.rds	maskimpute	MaskImpute	45	45	celltype	barcode_suffix	12000	1000	11	8	label_free_hvg
45	100	30	1.0	13	0.21094975895376308	0.42649613557959226	0.00011165658803112469	0.0018858445753140054	-0.014001959003508091	1.4262994460295886	PBMC68k	temp/pbmc68k_data.rds	maskimpute	MaskImpute	45	45	celltype	barcode_suffix	12000	1000	11	8	label_free_hvg
45	100	30	1.5	15	0.18383470506818306	0.3974754789128123	0.00012464740115019854	0.002247845656708458	-0.014001959003508091	1.4766136268153787	PBMC68k	temp/pbmc68k_data.rds	maskimpute	MaskImpute	45	45	celltype	barcode_suffix	12000	1000	11	8	label_free_hvg
45	100	30	2.0	21	0.15076972034079386	0.37282678352694143	0.00010269791204621616	0.002672739618904827	-0.014001959003508091	1.5188207919709384	PBMC68k	temp/pbmc68k_data.rds	maskimpute	MaskImpute	45	45	celltype	barcode_suffix	12000	1000	11	8	label_free_hvg
46	20	10	0.2	7	0.22125426938211432	0.44793181343784616	0.00023724602883718482	0.001496475352362446	-0.01668367348611355	0.5961684898938984	PBMC68k	temp/pbmc68k_data.rds	maskimpute	MaskImpute	46	46	celltype	barcode_suffix	12000	1000	11	8	label_free_hvg
46	20	10	0.5	11	0.24313021929155554	0.4173087473985483	0.000290168127863064	0.0019108820591563457	-0.01668367348611355	0.6662773420102894	PBMC68k	temp/pbmc68k_data.rds	maskimpute	MaskImpute	46	46	celltype	barcode_suffix	12000	1000	11	8	label_free_hvg
46	20	10	1.0	18	0.16878721527291268	0.3923878879761019	0.00013853359547457114	0.00245717706424344	-0.01668367348611355	0.5936983390711248	PBMC68k	temp/pbmc68k_data.rds	maskimpute	MaskImpute	46	46	celltype	barcode_suffix	12000	1000	11	8	label_free_hvg
46	20	10	1.5	26	0.1345420257940025	0.35943243657262475	8.834061011724688e-05	0.003107034877536501	-0.01668367348611355	0.6035848031751812	PBMC68k	temp/pbmc68k_data.rds	maskimpute	MaskImpute	46	46	celltype	barcode_suffix	12000	1000	11	8	label_free_hvg
46	20	10	2.0	34	0.11626413665264831	0.33904412514926396	-3.462899410683927e-06	0.0036312818753168625	-0.01668367348611355	0.582055008970201	PBMC68k	temp/pbmc68k_data.rds	maskimpute	MaskImpute	46	46	celltype	barcode_suffix	12000	1000	11	8	label_free_hvg
46	20	15	0.2	8	0.21575260217908995	0.43610714935094663	0.0002285643709522814	0.0015904004157484906	-0.01668367348611355	0.8028344500344247	PBMC68k	temp/pbmc68k_data.rds	maskimpute	MaskImpute	46	46	celltype	barcode_suffix	12000	1000	11	8	label_free_hvg
46	20	15	0.5	10	0.23675745139978777	0.4153376494774593	0.00040284446726228395	0.0017893499716801718	-0.01668367348611355	0.8594860548619181	PBMC68k	temp/pbmc68k_data.rds	maskimpute	MaskImpute	46	46	celltype	barcode_suffix	12000	1000	11	8	label_free_hvg
46	20	15	1.0	15	0.20563648923744213	0.40840530892897997	0.0002911656686270948	0.0023417940097063598	-0.01668367348611355	0.8592966659925878	PBMC68k	temp/pbmc68k_data.rds	maskimpute	MaskImpute	46	46	celltype	barcode_suffix	12000	1000	11	8	label_free_hvg
46	20	15	1.5	20	0.1537195579708996	0.380744015043429	7.37721448547073e-05	0.0024803390147399005	-0.01668367348611355	0.8305223220959306	PBMC68k	temp/pbmc68k_data.rds	maskimpute	MaskImpute	46	46	celltype	barcode_suffix	12000	1000	11	8	label_free_hvg
46	20	15	2.0	31	0.12601577427018903	0.34875210777656834	0.00018272660798581675	0.0037688375975735463	-0.01668367348611355	0.8001922350376844	PBMC68k	temp/pbmc68k_data.rds	maskimpute	MaskImpute	46	46	celltype	barcode_suffix	12000	1000	11	8	label_free_hvg
46	20	30	0.2	7	0.2180682751751189	0.4232398783808736	0.00043127432735996167	0.0014328522263880733	-0.01668367348611355	1.1384124520700425	PBMC68k	temp/pbmc68k_data.rds	maskimpute	MaskImpute	46	46	celltype	barcode_suffix	12000	1000	11	8	label_free_hvg
46	20	30	0.5	8	0.2648749663969515	0.43421725698920516	0.00026298170147047483	0.0014171563365034338	-0.01668367348611355	1.24617286818102	PBMC68k	temp/pbmc68k_data.rds	maskimpute	MaskImpute	46	46	celltype	barcode_suffix	12000	1000	11	8	label_free_hvg
46	20	30	1.0	13	0.2149993137092228	0.4078766623072499	0.00024558722611356707	0.0020563641581576343	-0.01668367348611355	1.28350585908629	PBMC68k	temp/pbmc68k_data.rds	maskimpute	MaskImpute	46	46	celltype	barcode_suffix	12000	1000	11	8	label_free_hvg
46	20	30	1.5	16	0.16437273412543635	0.39102759744710003	0.00022395001082923087	0.002197764465313616	-0.01668367348611355	1.353359333006665	PBMC68k	temp/pbmc68k_data.rds	maskimpute	MaskImpute	46	46	celltype	barcode_suffix	12000	1000	11	8	label_free_hvg
46	20	30	2.0	19	0.15040127839448397	0.3764555198290322	0.00012998450139417093	0.0023152468938650007	-0.01668367348611355	1.4257953909691423	PBMC68k	temp/pbmc68k_data.rds	maskimpute	MaskImpute	46	46	celltype	barcode_suffix	12000	1000	11	8	label_free_hvg
46	50	10	0.2	7	0.21152436397052082	0.4206632595971065	0.0003384144524387762	0.001405310708812768	-0.015607936307787895	0.5936230989173055	PBMC68k	temp/pbmc68k_data.rds	maskimpute	MaskImpute	46	46	celltype	barcode_suffix	12000	1000	11	8	label_free_hvg
46	50	10	0.5	11	0.24199201005834367	0.41910335201239496	0.00039942020282932635	0.0019630466443073366	-0.015607936307787895	0.6575840031728148	PBMC68k	temp/pbmc68k_data.rds	maskimpute	MaskImpute	46	46	celltype	barcode_suffix	12000	1000	11	8	label_free_hvg
46	50	10	1.0	17	0.19930422467249537	0.4098966487305197	0.0003172108288452074	0.0027030398594377536	-0.015607936307787895	0.6349555009510368	PBMC68k	temp/pbmc68k_data.rds	maskimpute	MaskImpute	46	46	celltype	barcode_suffix	12000	1000	11	8	label_free_hvg
46	50	10	1.5	27	0.13483350588439608	0.36510702629940694	0.00031707124702434893	0.0035811500385050554	-0.015607936307787895	0.6173414830118418	PBMC68k	temp/pbmc68k_data.rds	maskimpute	MaskImpute	46	46	celltype	barcode_suffix	12000	1000	11	8	label_free_hvg
46	50	10	2.0	34	0.12082081816304598	0.35026788555851923	0.00012843035308520906	0.003896151707108135	-0.015607936307787895	0.597558873007074	PBMC68k	temp/pbmc68k_data.rds	maskimpute	MaskImpute	46	46	celltype	barcode_suffix	12000	1000	11	8	label_free_hvg
46	50	15	0.2	7	0.2232097582222929	0.4532774059676578	0.00032495269763431744	0.0015710743784762987	-0.015607936307787895	0.8432053360156715	PBMC68k	temp/pbmc68k_data.rds	maskimpute	MaskImpute	46	46	celltype	barcode_suffix	12000	1000	11	8	label_free_hvg
46	50	15	0.5	9	0.25969481160151264	0.431580141764597	0.0003105496523710039	0.0016716516175933325	-0.015607936307787895	0.8803253248333931	PBMC68k	temp/pbmc68k_data.rds	maskimpute	MaskImpute	46	46	celltype	barcode_suffix	12000	1000	11	8	label_free_hvg
46	50	15	1.0	15	0.19893362480284812	0.41192374005864874	0.00018730108327531353	0.0021681318794391506	-0.015607936307787895	0.9549201640766114	PBMC68k	temp/pbmc68k_data.rds	maskimpute	MaskImpute	46	46	celltype	barcode_suffix	12000	1000	11	8	label_free_hvg
46	50	15	1.5	21	0.14446170849580706	0.3752326696475122	0.0002479751963300552	0.0028211179848395764	-0.015607936307787895	0.8317359529901296	PBMC68k	temp/pbmc68k_data.rds	maskimpute	MaskImpute	46	46	celltype	barcode_suffix	12000	1000	11	8	label_free_hvg
46	50	15	2.0	32	0.1183093047814374	0.34975432511085325	0.00022326924528134442	0.004281786691831629	-0.015607936307787895	0.8030730730388314	PBMC68k	temp/pbmc68k_data.rds	maskimpute	MaskImpute	46	46	celltype	barcode_suffix	12000	1000	11	8	label_free_hvg
46	50	30	0.2	7	0.20914706469377706	0.4179009058571083	0.000494593988958683	0.0016299821074241435	-0.015607936307787895	1.143705494934693	PBMC68k	temp/pbmc68k_data.rds	maskimpute	MaskImpute	46	46	celltype	barcode_suffix	12000	1000	11	8	label_free_hvg
46	50	30	0.5	9	0.19391311395909838	0.41470907600835644	0.0003383797789946653	0.001696600165328241	-0.015607936307787895	1.2149117700755596	PBMC68k	temp/pbmc68k_data.rds	maskimpute	MaskImpute	46	46	celltype	barcode_suffix	12000	1000	11	8	label_free_hvg
46	50	30	1.0	13	0.22420094178666772	0.41498417257397274	0.0002650879959811024	0.0019447780082789848	-0.015607936307787895	1.4173281469848007	PBMC68k	temp/pbmc68k_data.rds	maskimpute	MaskImpute	46	46	celltype	barcode_suffix	12000	1000	11	8	label_free_hvg
46	50	30	1.5	16	0.1866572117124521	0.40820068095782747	0.00033321889312345955	0.0023912245923378935	-0.015607936307787895	1.4370214049704373	PBMC68k	temp/pbmc68k_data.rds	maskimpute	MaskImpute	46	46	celltype	barcode_suffix	12000	1000	11	8	label_free_hvg
46	50	30	2.0	21	0.15446713870407094	0.37717336910335636	0.00020950540709125168	0.0026607276164059743	-0.015607936307787895	1.5007105679251254	PBMC68k	temp/pbmc68k_data.rds	maskimpute	MaskImpute	46	46	celltype	barcode_suffix	12000	1000	11	8	label_free_hvg
46	100	10	0.2	7	0.21739979052129776	0.44134920216923706	0.00028008306904498233	0.0015118171886665554	-0.01494713593274355	0.5995714291930199	PBMC68k	temp/pbmc68k_data.rds	maskimpute	MaskImpute	46	46	celltype	barcode_suffix	12000	1000	11	8	label_free_hvg
46	100	10	0.5	10	0.25385856251816885	0.4367461243745629	0.0004043845445618607	0.001992874371683906	-0.01494713593274355	0.654402949148789	PBMC68k	temp/pbmc68k_data.rds	maskimpute	MaskImpute	46	46	celltype	barcode_suffix	12000	1000	11	8	label_free_hvg
46	100	10	1.0	16	0.19626385862757645	0.4089530485810456	0.00013635118020242167	0.002234454079365435	-0.01494713593274355	0.6491704450454563	PBMC68k	temp/pbmc68k_data.rds	maskimpute	MaskImpute	46	46	celltype	barcode_suffix	12000	1000	11	8	label_free_hvg
46	100	10	1.5	29	0.12621748215183246	0.35514288688676376	0.00014762376790699222	0.00361990176543952	-0.01494713593274355	0.6050027399323881	PBMC68k	temp/pbmc68k_data.rds	maskimpute	MaskImpute	46	46	celltype	barcode_suffix	12000	1000	11	8	label_free_hvg
46	100	10	2.0	36	0.11493426905794006	0.3446076951432439	0.00011444533793958775	0.00405835361945727	-0.01494713593274355	0.614853038918227	PBMC68k	temp/pbmc68k_data.rds	maskimpute	MaskImpute	46	46	celltype	barcode_suffix	12000	1000	11	8	label_free_hvg
46	100	15	0.2	7	0.22964253110529542	0.4601563228317348	0.00034540301377129204	0.001572680551194421	-0.01494713593274355	0.8084389280993491	PBMC68k	temp/pbmc68k_data.rds	maskimpute	MaskImpute	46	46	celltype	barcode_suffix	12000	1000	11	8	label_free_hvg
46	100	15	0.5	9	0.2594007632725828	0.43250647097661926	0.0002778770247119727	0.0016564028211497673	-0.01494713593274355	0.8504182249307632	PBMC68k	temp/pbmc68k_data.rds	maskimpute	MaskImpute	46	46	celltype	barcode_suffix	12000	1000	11	8	label_free_hvg
46	100	15	1.0	15	0.21789467708498708	0.4225175632804059	0.00018978180434525772	0.002156660975196954	-0.01494713593274355	0.8887130292132497	PBMC68k	temp/pbmc68k_data.rds	maskimpute	MaskImpute	46	46	celltype	barcode_suffix	12000	1000	11	8	label_free_hvg
46	100	15	1.5	21	0.15464489120355795	0.3770804522904932	0.0001781745196315946	0.002686861644766138	-0.01494713593274355	0.8771826769225299	PBMC68k	temp/pbmc68k_data.rds	maskimpute	MaskImpute	46	46	celltype	barcode_suffix	12000	1000	11	8	label_free_hvg
46	100	15	2.0	31	0.1227860785902114	0.351410185243405	8.871901973342707e-05	0.0038606709011849132	-0.01494713593274355	0.8283168119378388	PBMC68k	temp/pbmc68k_data.rds	maskimpute	MaskImpute	46	46	celltype	barcode_suffix	12000	1000	11	8	label_free_hvg
46	100	30	0.2	7	0.2248497466935448	0.44321134186890854	0.00044606143856602273	0.001665319359458283	-0.01494713593274355	1.1543751498684287	PBMC68k	temp/pbmc68k_data.rds	maskimpute	MaskImpute	46	46	celltype	barcode_suffix	12000	1000	11	8	label_free_hvg
46	100	30	0.5	9	0.26461282804316255	0.4331406741012466	0.00023279984002678918	0.0016386508567116317	-0.01494713593274355	1.2113801259547472	PBMC68k	temp/pbmc68k_data.rds	maskimpute	MaskImpute	46	46	celltype	barcode_suffix	12000	1000	11	8	label_free_hvg
46	100	30	1.0	13	0.215956822078041	0.4261777637074493	0.00025844590678709495	0.0020787753108302996	-0.01494713593274355	1.295933121116832	PBMC68k	temp/pbmc68k_data.rds	maskimpute	MaskImpute	46	46	celltype	barcode_suffix	12000	1000	11	8	label_free_hvg
46	100	30	1.5	16	0.17577415126522636	0.4027442118399665	0.0002775696557420608	0.0023057316291881787	-0.01494713593274355	1.4004544110503048	PBMC68k	temp/pbmc68k_data.rds	maskimpute	MaskImpute	46	46	celltype	barcode_suffix	12000	1000	11	8	label_free_hvg
46	100	30	2.0	20	0.1528675687503869	0.37868362562980823	7.082045472110967e-05	0.0025156262662567857	-0.01494713593274355	1.420577511191368	PBMC68k	temp/pbmc68k_data.rds	maskimpute	MaskImpute	46	46	celltype	barcode_suffix	12000	1000	11	8	label_free_hvg
