dataset	mse	mse_std	mse_dropout	mse_dropout_std	mse_biozero	mse_biozero_std	mse_non_zero	mse_non_zero_std	runtime_sec	runtime_sec_std	n_repeats	n_total	n_dropout	n_biozero	n_non_zero	error
dataset_2_types_equal	0.4211273729801178	0.0014264599296163185	0.524476808309555	0.0036450660343386307	1.057088351249695	0.019524889899318356	0.0	0.0	261.2715294991038	4.273052455491094	10	16395000	8201495	2462320	5731185	
dataset_3_types_unequal	0.41838900148868563	0.0020103027289306804	0.5029044330120087	0.002339759804811506	1.1701960444450379	0.014307967840278206	0.0	0.0	261.8789543594932	1.090184399329911	10	16410000	7929271	2459502	6021227	
dataset_4_types_rare	0.4477610170841217	0.0027006793525747134	0.5507297515869141	0.0037814786749369445	1.1410022616386413	0.013953657301574864	0.0	0.0	262.2077661559917	1.8216406913742904	10	16425000	8207482	2484106	5733412	
dataset_multibatch_dropout	0.5799122631549836	0.0022102505868148957	0.854666793346405	0.004851784184900065	1.1390422701835632	0.025849882916175085	0.0	0.0	260.8682898260129	1.9652343342752252	10	16410000	7861476	2455940	6092584	
