dataset	ASW	ASW_std	ARI	ARI_std	NMI	NMI_std	PS	PS_std	runtime_sec	runtime_sec_std	n_repeats	n_cells	n_genes	label_source	error
blakeley_top1000hvg	0.30212000000000006	0.005915826231389824	0.91328	0.11874625046712	0.9116799999999999	0.12093714069714068	0.9333199999999999	0.09130535033611116	0.6567332744598389	1.0013899168057476	5	30	1000	cell_type1	
darmanis_top1000hvg	0.26403999999999994	0.010219491181071592	0.66232	0.07422470612942836	0.7841400000000001	0.019990822894518374	0.8737999999999999	0.018726184875729517	2.6545238494873047	0.06634281052305786	5	420	1000	cell_type1	
deng_top1000hvg	0.35864	0.01670697459146927	0.51428	0.06752212230076898	0.76502	0.05210582501026157	0.8335800000000001	0.035732366280446605	1.6795523166656494	0.055201805194522446	5	268	1000	cell_type1	
pollen_top1000hvg	0.51722	0.018349850135627836	0.9283000000000001	0.04584937295100121	0.9357	0.01557144823065598	0.94382	0.02247402945624124	1.8826357841491699	0.09021584336541877	5	299	1000	cell_type1	
usoskin_top1000hvg	0.23456000000000002	0.00221427188935776	0.78942	0.022449877505233726	0.74792	0.01563320184735039	0.8835999999999998	0.012475375745844307	3.851351261138916	0.18854425742130865	5	622	1000	cell_type1	
