dataset	ARI	ARI_std	NMI	NMI_std	PS	PS_std	runtime_sec	runtime_sec_std	n_repeats	n_cells	n_genes	label_source	error
blakeley_top1000hvg	0.3117	0.25275588024811607	0.37672000000000005	0.21116782898917158	0.69334	0.1382614299072594	1.0141509532928468	1.1109367015290925	5	30	1000	cell_type1	
darmanis_top1000hvg	0.61762	0.022745812801480608	0.7796199999999999	0.01023752899873794	0.8638	0.010578043297321123	4.7378369808197025	0.16401935703473702	5	420	1000	cell_type1	
deng_top1000hvg	0.6201000000000001	0.11290372004500115	0.6923	0.033708381746978	0.78882	0.05825441614161112	3.306547021865845	0.10958214381763971	5	268	1000	cell_type1	
pollen_top1000hvg	0.69966	0.03977207563102534	0.8147599999999999	0.012758056278289414	0.74716	0.020441697581169708	4.845979499816894	0.5219184030427105	5	299	1000	cell_type1	
usoskin_top1000hvg	0.8878	0.025901254795858843	0.86392	0.021924689279440197	0.9327799999999999	0.016615414529887594	5.879195213317871	0.3501666473434634	5	622	1000	cell_type1	
